downloads,date,package
86,2023-10-27,great-tables
19,2023-10-28,great-tables
10,2023-10-29,great-tables
2,2023-10-30,great-tables
4,2023-10-31,great-tables
3,2023-11-01,great-tables
1,2023-11-02,great-tables
1,2023-11-03,great-tables
5,2023-11-04,great-tables
1,2023-11-05,great-tables
1,2023-11-06,great-tables
1,2023-11-07,great-tables
1,2023-11-09,great-tables
46,2023-11-10,great-tables
12,2023-11-11,great-tables
2,2023-11-12,great-tables
2,2023-11-13,great-tables
4,2023-11-14,great-tables
1,2023-11-15,great-tables
4,2023-11-16,great-tables
4,2023-11-18,great-tables
2,2023-11-19,great-tables
2,2023-11-20,great-tables
4,2023-11-21,great-tables
3,2023-11-23,great-tables
6,2023-11-25,great-tables
6,2023-11-26,great-tables
2,2023-11-27,great-tables
3,2023-11-28,great-tables
2,2023-11-29,great-tables
2,2023-12-02,great-tables
60,2023-12-04,great-tables
70,2023-12-05,great-tables
89,2023-12-06,great-tables
111,2023-12-07,great-tables
40,2023-12-08,great-tables
31,2023-12-09,great-tables
5,2023-12-10,great-tables
27,2023-12-11,great-tables
73,2023-12-12,great-tables
50,2023-12-13,great-tables
29,2023-12-14,great-tables
19,2023-12-15,great-tables
18,2023-12-16,great-tables
11,2023-12-17,great-tables
16,2023-12-18,great-tables
114,2023-12-19,great-tables
24,2023-12-20,great-tables
41,2023-12-21,great-tables
12,2023-12-22,great-tables
11,2023-12-23,great-tables
2,2023-12-24,great-tables
3,2023-12-25,great-tables
7,2023-12-26,great-tables
6,2023-12-27,great-tables
14,2023-12-28,great-tables
7,2023-12-29,great-tables
4,2023-12-30,great-tables
9,2023-12-31,great-tables
5,2024-01-01,great-tables
20,2024-01-02,great-tables
28,2024-01-03,great-tables
34,2024-01-04,great-tables
92,2024-01-05,great-tables
31,2024-01-06,great-tables
20,2024-01-07,great-tables
34,2024-01-08,great-tables
58,2024-01-09,great-tables
23,2024-01-10,great-tables
36,2024-01-11,great-tables
253,2024-01-12,great-tables
141,2024-01-13,great-tables
119,2024-01-14,great-tables
121,2024-01-15,great-tables
208,2024-01-16,great-tables
198,2024-01-17,great-tables
47,2024-01-18,great-tables
91,2024-01-19,great-tables
6,2024-01-20,great-tables
15,2024-01-21,great-tables
61,2024-01-22,great-tables
63,2024-01-23,great-tables
177,2024-01-24,great-tables
145,2024-01-25,great-tables
45,2024-01-26,great-tables
21,2024-01-27,great-tables
36,2024-01-28,great-tables
88,2024-01-29,great-tables
35,2024-01-30,great-tables
156,2024-01-31,great-tables
735,2024-02-01,great-tables
104,2024-02-02,great-tables
117,2024-02-03,great-tables
67,2024-02-04,great-tables
71,2024-02-05,great-tables
40,2024-02-06,great-tables
61,2024-02-07,great-tables
57,2024-02-08,great-tables
50,2024-02-09,great-tables
7,2024-02-10,great-tables
10,2024-02-11,great-tables
92,2024-02-12,great-tables
176,2024-02-13,great-tables
159,2024-02-14,great-tables
351,2024-02-15,great-tables
1142,2024-02-16,great-tables
40,2024-02-17,great-tables
32,2024-02-18,great-tables
139,2024-02-19,great-tables
423,2024-02-20,great-tables
600,2024-02-21,great-tables
940,2024-02-22,great-tables
585,2024-02-23,great-tables
202,2024-02-24,great-tables
195,2024-02-25,great-tables
608,2024-02-26,great-tables
644,2024-02-27,great-tables
580,2024-02-28,great-tables
367,2024-02-29,great-tables
374,2024-03-01,great-tables
43,2024-03-02,great-tables
36,2024-03-03,great-tables
398,2024-03-04,great-tables
442,2024-03-05,great-tables
339,2024-03-06,great-tables
378,2024-03-07,great-tables
143,2024-03-08,great-tables
109,2024-03-09,great-tables
153,2024-03-10,great-tables
235,2024-03-11,great-tables
267,2024-03-12,great-tables
347,2024-03-13,great-tables
186,2024-03-14,great-tables
930,2024-03-15,great-tables
321,2024-03-16,great-tables
79,2024-03-17,great-tables
699,2024-03-18,great-tables
210,2024-03-19,great-tables
620,2024-03-20,great-tables
339,2024-03-21,great-tables
402,2024-03-22,great-tables
28,2024-03-23,great-tables
27,2024-03-24,great-tables
170,2024-03-25,great-tables
202,2024-03-26,great-tables
436,2024-03-27,great-tables
679,2024-03-28,great-tables
193,2024-03-29,great-tables
43,2024-03-30,great-tables
61,2024-03-31,great-tables
574,2024-04-01,great-tables
545,2024-04-02,great-tables
501,2024-04-03,great-tables
227,2024-04-04,great-tables
316,2024-04-05,great-tables
179,2024-04-06,great-tables
142,2024-04-07,great-tables
505,2024-04-08,great-tables
710,2024-04-09,great-tables
1143,2024-04-10,great-tables
1259,2024-04-11,great-tables
1042,2024-04-12,great-tables
295,2024-04-13,great-tables
147,2024-04-14,great-tables
658,2024-04-15,great-tables
469,2024-04-16,great-tables
456,2024-04-17,great-tables
580,2024-04-18,great-tables
577,2024-04-19,great-tables
254,2024-04-20,great-tables
305,2024-04-21,great-tables
1326,2024-04-22,great-tables
685,2024-04-23,great-tables
517,2024-04-24,great-tables
600,2024-04-25,great-tables
313,2024-04-26,great-tables
36,2024-04-27,great-tables
119,2024-04-28,great-tables
1101,2024-04-29,great-tables
1017,2024-04-30,great-tables
2276,2024-05-01,great-tables
1469,2024-05-02,great-tables
1707,2024-05-03,great-tables
129,2024-05-04,great-tables
139,2024-05-05,great-tables
1351,2024-05-06,great-tables
1396,2024-05-07,great-tables
1754,2024-05-08,great-tables
1275,2024-05-09,great-tables
1065,2024-05-10,great-tables
154,2024-05-11,great-tables
204,2024-05-12,great-tables
1917,2024-05-13,great-tables
1692,2024-05-14,great-tables
2990,2024-05-15,great-tables
1577,2024-05-16,great-tables
1131,2024-05-17,great-tables
637,2024-05-18,great-tables
538,2024-05-19,great-tables
1650,2024-05-20,great-tables
2312,2024-05-21,great-tables
2437,2024-05-22,great-tables
1718,2024-05-23,great-tables
1451,2024-05-24,great-tables
393,2024-05-25,great-tables
365,2024-05-26,great-tables
1197,2024-05-27,great-tables
1805,2024-05-28,great-tables
2396,2024-05-29,great-tables
2583,2024-05-30,great-tables
2148,2024-05-31,great-tables
414,2024-06-01,great-tables
570,2024-06-02,great-tables
3331,2024-06-03,great-tables
4484,2024-06-04,great-tables
4058,2024-06-05,great-tables
4730,2024-06-06,great-tables
4899,2024-06-07,great-tables
1680,2024-06-08,great-tables
430,2024-06-09,great-tables
1612,2024-06-10,great-tables
3859,2024-06-11,great-tables
4339,2024-06-12,great-tables
6521,2024-06-13,great-tables
6766,2024-06-14,great-tables
612,2024-06-15,great-tables
824,2024-06-16,great-tables
6730,2024-06-17,great-tables
5703,2024-06-18,great-tables
5844,2024-06-19,great-tables
5975,2024-06-20,great-tables
3856,2024-06-21,great-tables
4224,2024-06-22,great-tables
624,2024-06-23,great-tables
4119,2024-06-24,great-tables
4345,2024-06-25,great-tables
4129,2024-06-26,great-tables
6056,2024-06-27,great-tables
5036,2024-06-28,great-tables
688,2024-06-29,great-tables
473,2024-06-30,great-tables
5746,2024-07-01,great-tables
5795,2024-07-02,great-tables
10096,2024-07-03,great-tables
1951,2024-07-04,great-tables
5952,2024-07-05,great-tables
953,2024-07-06,great-tables
619,2024-07-07,great-tables
7957,2024-07-08,great-tables
4380,2024-07-09,great-tables
3425,2024-07-10,great-tables
3770,2024-07-11,great-tables
3045,2024-07-12,great-tables
1291,2024-07-13,great-tables
1171,2024-07-14,great-tables
5948,2024-07-15,great-tables
5132,2024-07-16,great-tables
5328,2024-07-17,great-tables
5211,2024-07-18,great-tables
3285,2024-07-19,great-tables
580,2024-07-20,great-tables
586,2024-07-21,great-tables
4321,2024-07-22,great-tables
5826,2024-07-23,great-tables
5853,2024-07-24,great-tables
7112,2024-07-25,great-tables
5862,2024-07-26,great-tables
756,2024-07-27,great-tables
461,2024-07-28,great-tables
5667,2024-07-29,great-tables
5097,2024-07-30,great-tables
4846,2024-07-31,great-tables
4970,2024-08-01,great-tables
4024,2024-08-02,great-tables
1172,2024-08-03,great-tables
1199,2024-08-04,great-tables
4545,2024-08-05,great-tables
4341,2024-08-06,great-tables
2849,2024-08-07,great-tables
2113,2024-08-08,great-tables
2805,2024-08-09,great-tables
1046,2024-08-10,great-tables
925,2024-08-11,great-tables
2659,2024-08-12,great-tables
2630,2024-08-13,great-tables
2706,2024-08-14,great-tables
2916,2024-08-15,great-tables
5432,2024-08-16,great-tables
1529,2024-08-17,great-tables
1684,2024-08-18,great-tables
3377,2024-08-19,great-tables
4700,2024-08-20,great-tables
5567,2024-08-21,great-tables
7921,2024-08-22,great-tables
5425,2024-08-23,great-tables
1891,2024-08-24,great-tables
1651,2024-08-25,great-tables
4438,2024-08-26,great-tables
9530,2024-08-27,great-tables
10808,2024-08-28,great-tables
7484,2024-08-29,great-tables
4771,2024-08-30,great-tables
1772,2024-08-31,great-tables
1481,2024-09-01,great-tables
3005,2024-09-02,great-tables
5894,2024-09-03,great-tables
4557,2024-09-04,great-tables
6697,2024-09-05,great-tables
4987,2024-09-06,great-tables
1469,2024-09-07,great-tables
2273,2024-09-08,great-tables
5503,2024-09-09,great-tables
6613,2024-09-10,great-tables
10988,2024-09-11,great-tables
11572,2024-09-12,great-tables
8082,2024-09-13,great-tables
2309,2024-09-14,great-tables
1687,2024-09-15,great-tables
6349,2024-09-16,great-tables
7816,2024-09-17,great-tables
8204,2024-09-18,great-tables
9368,2024-09-19,great-tables
7124,2024-09-20,great-tables
2882,2024-09-21,great-tables
1989,2024-09-22,great-tables
7563,2024-09-23,great-tables
9192,2024-09-24,great-tables
7503,2024-09-25,great-tables
8856,2024-09-26,great-tables
9827,2024-09-27,great-tables
2295,2024-09-28,great-tables
2284,2024-09-29,great-tables
7123,2024-09-30,great-tables
10778,2024-10-01,great-tables
8751,2024-10-02,great-tables
9412,2024-10-03,great-tables
8087,2024-10-04,great-tables
3091,2024-10-05,great-tables
2788,2024-10-06,great-tables
10178,2024-10-07,great-tables
9316,2024-10-08,great-tables
8504,2024-10-09,great-tables
10088,2024-10-10,great-tables
9077,2024-10-11,great-tables
2123,2024-10-12,great-tables
1695,2024-10-13,great-tables
4981,2024-10-14,great-tables
12134,2024-10-15,great-tables
13771,2024-10-16,great-tables
10388,2024-10-17,great-tables
9120,2024-10-18,great-tables
2177,2024-10-19,great-tables
1308,2024-10-20,great-tables
9432,2024-10-21,great-tables
12258,2024-10-22,great-tables
13890,2024-10-23,great-tables
14233,2024-10-24,great-tables
10734,2024-10-25,great-tables
1391,2024-10-26,great-tables
2351,2024-10-27,great-tables
7712,2024-10-28,great-tables
10364,2024-10-29,great-tables
8822,2024-10-30,great-tables
7485,2024-10-31,great-tables
9106,2024-11-01,great-tables
1786,2024-11-02,great-tables
1572,2024-11-03,great-tables
8326,2024-11-04,great-tables
8361,2024-11-05,great-tables
9525,2024-11-06,great-tables
11664,2024-11-07,great-tables
10017,2024-11-08,great-tables
2989,2024-11-09,great-tables
1417,2024-11-10,great-tables
6844,2024-11-11,great-tables
11676,2024-11-12,great-tables
13228,2024-11-13,great-tables
11718,2024-11-14,great-tables
10263,2024-11-15,great-tables
5073,2024-11-16,great-tables
5545,2024-11-17,great-tables
13818,2024-11-18,great-tables
11655,2024-11-19,great-tables
14127,2024-11-20,great-tables
10103,2024-11-21,great-tables
8763,2024-11-22,great-tables
1653,2024-11-23,great-tables
1419,2024-11-24,great-tables
7764,2024-11-25,great-tables
9171,2024-11-26,great-tables
10038,2024-11-27,great-tables
6086,2024-11-28,great-tables
4779,2024-11-29,great-tables
2458,2024-11-30,great-tables
2653,2024-12-01,great-tables
7891,2024-12-02,great-tables
9942,2024-12-03,great-tables
13837,2024-12-04,great-tables
14995,2024-12-05,great-tables
12689,2024-12-06,great-tables
4335,2024-12-07,great-tables
2168,2024-12-08,great-tables
9963,2024-12-09,great-tables
13022,2024-12-10,great-tables
16694,2024-12-11,great-tables
11120,2024-12-12,great-tables
9031,2024-12-13,great-tables
5816,2024-12-14,great-tables
5148,2024-12-15,great-tables
7242,2024-12-16,great-tables
13547,2024-12-17,great-tables
11743,2024-12-18,great-tables
7074,2024-12-19,great-tables
16356,2024-12-20,great-tables
4836,2024-12-21,great-tables
1144,2024-12-22,great-tables
6534,2024-12-23,great-tables
3824,2024-12-24,great-tables
1782,2024-12-25,great-tables
1940,2024-12-26,great-tables
3758,2024-12-27,great-tables
1094,2024-12-28,great-tables
1181,2024-12-29,great-tables
1844,2024-12-30,great-tables
3780,2024-12-31,great-tables
2010,2025-01-01,great-tables
6745,2025-01-02,great-tables
5249,2025-01-03,great-tables
5929,2025-01-04,great-tables
1948,2025-01-05,great-tables
7257,2025-01-06,great-tables
7989,2025-01-07,great-tables
8083,2025-01-08,great-tables
9560,2025-01-09,great-tables
9376,2025-01-10,great-tables
2153,2025-01-11,great-tables
1204,2025-01-12,great-tables
8646,2025-01-13,great-tables
9359,2025-01-14,great-tables
8175,2025-01-15,great-tables
6773,2025-01-16,great-tables
6609,2025-01-17,great-tables
5111,2025-01-18,great-tables
1044,2025-01-19,great-tables
5487,2025-01-20,great-tables
6521,2025-01-21,great-tables
7799,2025-01-22,great-tables
8344,2025-01-23,great-tables
8253,2025-01-24,great-tables
2166,2025-01-25,great-tables
1253,2025-01-26,great-tables
7421,2025-01-27,great-tables
8756,2025-01-28,great-tables
11383,2025-01-29,great-tables
9240,2025-01-30,great-tables
6560,2025-01-31,great-tables
2605,2025-02-01,great-tables
1569,2025-02-02,great-tables
4299,2025-02-03,great-tables
4127,2025-02-04,great-tables
4655,2025-02-05,great-tables
3047,2025-02-06,great-tables
3460,2025-02-07,great-tables
1428,2025-02-08,great-tables
1051,2025-02-09,great-tables
3936,2025-02-10,great-tables
5375,2025-02-11,great-tables
7881,2025-02-12,great-tables
8395,2025-02-13,great-tables
7737,2025-02-14,great-tables
4296,2025-02-15,great-tables
1346,2025-02-16,great-tables
2869,2025-02-17,great-tables
8694,2025-02-18,great-tables
10477,2025-02-19,great-tables
7567,2025-02-20,great-tables
7931,2025-02-21,great-tables
5083,2025-02-22,great-tables
1298,2025-02-23,great-tables
10456,2025-02-24,great-tables
8017,2025-02-25,great-tables
9173,2025-02-26,great-tables
12859,2025-02-27,great-tables
9164,2025-02-28,great-tables
5365,2025-03-01,great-tables
1414,2025-03-02,great-tables
10054,2025-03-03,great-tables
9801,2025-03-04,great-tables
11935,2025-03-05,great-tables
10513,2025-03-06,great-tables
11460,2025-03-07,great-tables
5864,2025-03-08,great-tables
983,2025-03-09,great-tables
8449,2025-03-10,great-tables
13223,2025-03-11,great-tables
12970,2025-03-12,great-tables
9838,2025-03-13,great-tables
13126,2025-03-14,great-tables
3174,2025-03-15,great-tables
1307,2025-03-16,great-tables
9653,2025-03-17,great-tables
9929,2025-03-18,great-tables
14213,2025-03-19,great-tables
13528,2025-03-20,great-tables
8106,2025-03-21,great-tables
4255,2025-03-22,great-tables
1403,2025-03-23,great-tables
9258,2025-03-24,great-tables
11407,2025-03-25,great-tables
10408,2025-03-26,great-tables
13562,2025-03-27,great-tables
13807,2025-03-28,great-tables
6059,2025-03-29,great-tables
1441,2025-03-30,great-tables
7888,2025-03-31,great-tables
11302,2025-04-01,great-tables
13097,2025-04-02,great-tables
13592,2025-04-03,great-tables
9887,2025-04-04,great-tables
4818,2025-04-05,great-tables
1131,2025-04-06,great-tables
6144,2025-04-07,great-tables
16804,2025-04-08,great-tables
9326,2025-04-09,great-tables
13524,2025-04-10,great-tables
11559,2025-04-11,great-tables
3806,2025-04-12,great-tables
1420,2025-04-13,great-tables
8256,2025-04-14,great-tables
11970,2025-04-15,great-tables
11833,2025-04-16,great-tables
5340,2025-04-17,great-tables
3733,2025-04-18,great-tables
2322,2025-04-19,great-tables
1823,2025-04-20,great-tables
8758,2025-04-21,great-tables
10717,2025-04-22,great-tables
11577,2025-04-23,great-tables
11757,2025-04-24,great-tables
13158,2025-04-25,great-tables
4615,2025-04-26,great-tables
1501,2025-04-27,great-tables
10127,2025-04-28,great-tables
14833,2025-04-29,great-tables
13135,2025-04-30,great-tables
13567,2025-05-01,great-tables
13002,2025-05-02,great-tables
4549,2025-05-03,great-tables
1757,2025-05-04,great-tables
7863,2025-05-05,great-tables
9772,2025-05-06,great-tables
11758,2025-05-07,great-tables
9103,2025-05-08,great-tables
15101,2025-05-09,great-tables
5075,2025-05-10,great-tables
2042,2025-05-11,great-tables
10501,2025-05-12,great-tables
11772,2025-05-13,great-tables
11248,2025-05-14,great-tables
11438,2025-05-15,great-tables
13161,2025-05-16,great-tables
3964,2025-05-17,great-tables
2637,2025-05-18,great-tables
12055,2025-05-19,great-tables
12501,2025-05-20,great-tables
9873,2025-05-21,great-tables
11066,2025-05-22,great-tables
17373,2025-05-23,great-tables
4341,2025-05-24,great-tables
1878,2025-05-25,great-tables
8951,2025-05-26,great-tables
11476,2025-05-27,great-tables
8467,2025-05-28,great-tables
11156,2025-05-29,great-tables
6840,2025-05-30,great-tables
7044,2025-05-31,great-tables
1979,2025-06-01,great-tables
9928,2025-06-02,great-tables
9290,2025-06-03,great-tables
14930,2025-06-04,great-tables
11334,2025-06-05,great-tables
5619,2025-06-06,great-tables
7616,2025-06-07,great-tables
1857,2025-06-08,great-tables
7767,2025-06-09,great-tables
14484,2025-06-10,great-tables
12651,2025-06-11,great-tables
12673,2025-06-12,great-tables
9788,2025-06-13,great-tables
6268,2025-06-14,great-tables
2392,2025-06-15,great-tables
9953,2025-06-16,great-tables
12411,2025-06-17,great-tables
8574,2025-06-18,great-tables
10586,2025-06-19,great-tables
13131,2025-06-20,great-tables
3810,2025-06-21,great-tables
1974,2025-06-22,great-tables
8627,2025-06-23,great-tables
9943,2025-06-24,great-tables
12767,2025-06-25,great-tables
13951,2025-06-26,great-tables
19878,2025-06-27,great-tables
4586,2025-06-28,great-tables
1697,2025-06-29,great-tables
7596,2025-06-30,great-tables
8561,2025-07-01,great-tables
17896,2025-07-02,great-tables
13504,2025-07-03,great-tables
8528,2025-07-04,great-tables
3011,2025-07-05,great-tables
2407,2025-07-06,great-tables
7198,2025-07-07,great-tables
12622,2025-07-08,great-tables
11387,2025-07-09,great-tables
27313,2025-07-10,great-tables
18824,2025-07-11,great-tables
6851,2025-07-12,great-tables
2430,2025-07-13,great-tables
12360,2025-07-14,great-tables
13427,2025-07-15,great-tables
14085,2025-07-16,great-tables
21788,2025-07-17,great-tables
10731,2025-07-18,great-tables
7905,2025-07-19,great-tables
2192,2025-07-20,great-tables
11244,2025-07-21,great-tables
14221,2025-07-22,great-tables
22653,2025-07-23,great-tables
19573,2025-07-24,great-tables
14217,2025-07-25,great-tables
14812,2025-07-26,great-tables
3152,2025-07-27,great-tables
12355,2025-07-28,great-tables
16652,2025-07-29,great-tables
12080,2025-07-30,great-tables
14831,2025-07-31,great-tables
16985,2025-08-01,great-tables
5263,2025-08-02,great-tables
2573,2025-08-03,great-tables
14278,2025-08-04,great-tables
11462,2025-08-05,great-tables
19321,2025-08-06,great-tables
17433,2025-08-07,great-tables
13797,2025-08-08,great-tables
4154,2025-08-09,great-tables
2332,2025-08-10,great-tables
13741,2025-08-11,great-tables
8759,2025-08-12,great-tables
20338,2025-08-13,great-tables
15964,2025-08-14,great-tables
14989,2025-08-15,great-tables
9480,2025-08-16,great-tables
4165,2025-08-17,great-tables
8863,2025-08-18,great-tables
9826,2025-08-19,great-tables
11008,2025-08-20,great-tables
13214,2025-08-21,great-tables
10062,2025-08-22,great-tables
6424,2025-08-23,great-tables
4881,2025-08-24,great-tables
10092,2025-08-25,great-tables
10581,2025-08-26,great-tables
11110,2025-08-27,great-tables
10580,2025-08-28,great-tables
10622,2025-08-29,great-tables
4726,2025-08-30,great-tables
4744,2025-08-31,great-tables
9780,2025-09-01,great-tables
11646,2025-09-02,great-tables
10856,2025-09-03,great-tables
11002,2025-09-04,great-tables
10752,2025-09-05,great-tables
4582,2025-09-06,great-tables
4198,2025-09-07,great-tables
9224,2025-09-08,great-tables
10043,2025-09-09,great-tables
9884,2025-09-10,great-tables
11772,2025-09-11,great-tables
10396,2025-09-12,great-tables
4215,2025-09-13,great-tables
4541,2025-09-14,great-tables
10779,2025-09-15,great-tables
11272,2025-09-16,great-tables
9841,2025-09-17,great-tables
9504,2025-09-18,great-tables
9819,2025-09-19,great-tables
3895,2025-09-20,great-tables
4935,2025-09-21,great-tables
11744,2025-09-22,great-tables
10781,2025-09-23,great-tables
12519,2025-09-24,great-tables
14065,2025-09-25,great-tables
14352,2025-09-26,great-tables
5017,2025-09-27,great-tables
5117,2025-09-28,great-tables
14171,2025-09-29,great-tables
15601,2025-09-30,great-tables
14113,2025-10-01,great-tables
13137,2025-10-02,great-tables
12597,2025-10-03,great-tables
4479,2025-10-04,great-tables
4646,2025-10-05,great-tables
12660,2025-10-06,great-tables
16644,2025-10-07,great-tables
13582,2025-10-08,great-tables
13343,2025-10-09,great-tables
13169,2025-10-10,great-tables
2560,2025-10-11,great-tables
3501,2025-10-12,great-tables
9460,2025-10-13,great-tables
14103,2025-10-14,great-tables
14072,2025-10-15,great-tables
14162,2025-10-16,great-tables
14326,2025-10-17,great-tables
3162,2025-10-18,great-tables
3215,2025-10-19,great-tables
12046,2025-10-20,great-tables
11582,2025-10-21,great-tables
10263,2025-10-22,great-tables
15980,2025-10-23,great-tables
11613,2025-10-24,great-tables
3237,2025-10-25,great-tables
3361,2025-10-26,great-tables
13552,2025-10-27,great-tables
12331,2025-10-28,great-tables
10624,2025-10-29,great-tables
13474,2025-10-30,great-tables
14517,2025-10-31,great-tables
5370,2025-11-01,great-tables
3502,2025-11-02,great-tables
14402,2025-11-03,great-tables
15007,2025-11-04,great-tables
15447,2025-11-05,great-tables
15209,2025-11-06,great-tables
11598,2025-11-07,great-tables
3299,2025-11-08,great-tables
4068,2025-11-09,great-tables
12620,2025-11-10,great-tables
16404,2025-11-11,great-tables
16748,2025-11-12,great-tables
16768,2025-11-13,great-tables
14396,2025-11-14,great-tables
4839,2025-11-15,great-tables
4299,2025-11-16,great-tables
14362,2025-11-17,great-tables
13719,2025-11-18,great-tables
18454,2025-11-19,great-tables
14015,2025-11-20,great-tables
14900,2025-11-21,great-tables
3825,2025-11-22,great-tables
4215,2025-11-23,great-tables
11317,2025-11-24,great-tables
15366,2025-11-25,great-tables
14265,2025-11-26,great-tables
9806,2025-11-27,great-tables
11948,2025-11-28,great-tables
4178,2025-11-29,great-tables
2980,2025-11-30,great-tables
18862,2025-12-01,great-tables
13238,2025-12-02,great-tables
18637,2025-12-03,great-tables
16997,2025-12-04,great-tables
13667,2025-12-05,great-tables
5016,2025-12-06,great-tables
3620,2025-12-07,great-tables
13172,2025-12-08,great-tables
13602,2025-12-09,great-tables
17973,2025-12-10,great-tables
14635,2025-12-11,great-tables
14207,2025-12-12,great-tables
5475,2025-12-13,great-tables
2718,2025-12-14,great-tables
12361,2025-12-15,great-tables
11234,2025-12-16,great-tables
19715,2025-12-17,great-tables
14597,2025-12-18,great-tables
14376,2025-12-19,great-tables
2660,2025-12-20,great-tables
2298,2025-12-21,great-tables
10610,2025-12-22,great-tables
6801,2025-12-23,great-tables
4930,2025-12-24,great-tables
2721,2025-12-25,great-tables
2481,2025-12-26,great-tables
2420,2025-12-27,great-tables
2449,2025-12-28,great-tables
9349,2025-12-29,great-tables
7339,2025-12-30,great-tables
7486,2025-12-31,great-tables
5434,2026-01-01,great-tables
16381,2026-01-02,great-tables
3202,2026-01-03,great-tables
3717,2026-01-04,great-tables
12526,2026-01-05,great-tables
16222,2026-01-06,great-tables
14893,2026-01-07,great-tables
17398,2026-01-08,great-tables
12809,2026-01-09,great-tables
5920,2026-01-10,great-tables
5029,2026-01-11,great-tables
10847,2026-01-12,great-tables
15888,2026-01-13,great-tables
13539,2026-01-14,great-tables
15960,2026-01-15,great-tables
16885,2026-01-16,great-tables
3187,2026-01-17,great-tables
3150,2026-01-18,great-tables
9094,2026-01-19,great-tables
11686,2026-01-20,great-tables
16105,2026-01-21,great-tables
15365,2026-01-22,great-tables
13760,2026-01-23,great-tables
7328,2026-01-24,great-tables
3037,2026-01-25,great-tables
12542,2026-01-26,great-tables
15708,2026-01-27,great-tables
15852,2026-01-28,great-tables
14708,2026-01-29,great-tables
14331,2026-01-30,great-tables
9110,2026-01-31,great-tables
4349,2026-02-01,great-tables
14700,2026-02-02,great-tables
16114,2026-02-03,great-tables
17052,2026-02-04,great-tables
21054,2026-02-05,great-tables
14189,2026-02-06,great-tables
7252,2026-02-07,great-tables
3816,2026-02-08,great-tables
14655,2026-02-09,great-tables
18672,2026-02-10,great-tables
13136,2026-02-11,great-tables
24786,2026-02-12,great-tables
18264,2026-02-13,great-tables
5885,2026-02-14,great-tables
6363,2026-02-15,great-tables
13788,2026-02-16,great-tables
19275,2026-02-17,great-tables
18915,2026-02-18,great-tables
22113,2026-02-19,great-tables
18740,2026-02-20,great-tables
7260,2026-02-21,great-tables
4921,2026-02-22,great-tables
16251,2026-02-23,great-tables
19186,2026-02-24,great-tables
18388,2026-02-25,great-tables
19951,2026-02-26,great-tables
16303,2026-02-27,great-tables
8976,2026-02-28,great-tables
6976,2026-03-01,great-tables
18161,2026-03-02,great-tables
21175,2026-03-03,great-tables
22208,2026-03-04,great-tables
28319,2026-03-05,great-tables
22326,2026-03-06,great-tables
7446,2026-03-07,great-tables
5882,2026-03-08,great-tables
18982,2026-03-09,great-tables
21731,2026-03-10,great-tables
20798,2026-03-11,great-tables
20838,2026-03-12,great-tables
20517,2026-03-13,great-tables
6810,2026-03-14,great-tables
5169,2026-03-15,great-tables
18303,2026-03-16,great-tables
21355,2026-03-17,great-tables
19565,2026-03-18,great-tables
19210,2026-03-19,great-tables
18239,2026-03-20,great-tables
5716,2026-03-21,great-tables
5980,2026-03-22,great-tables
14986,2026-03-23,great-tables
16216,2026-03-24,great-tables
17147,2026-03-25,great-tables
15792,2026-03-26,great-tables
15578,2026-03-27,great-tables
5922,2026-03-28,great-tables
5311,2026-03-29,great-tables
17929,2026-03-30,great-tables
21826,2026-03-31,great-tables
21440,2026-04-01,great-tables
19932,2026-04-02,great-tables
15255,2026-04-03,great-tables
6159,2026-04-04,great-tables
5395,2026-04-05,great-tables
13109,2026-04-06,great-tables
22147,2026-04-07,great-tables
29513,2026-04-08,great-tables
23295,2026-04-09,great-tables
20463,2026-04-10,great-tables
8757,2026-04-11,great-tables
5658,2026-04-12,great-tables
22244,2026-04-13,great-tables
22422,2026-04-14,great-tables
26036,2026-04-15,great-tables
28338,2026-04-16,great-tables
22203,2026-04-17,great-tables
10044,2026-04-18,great-tables
7809,2026-04-19,great-tables
22075,2026-04-20,great-tables
24790,2026-04-21,great-tables
25805,2026-04-22,great-tables
24673,2026-04-23,great-tables
21245,2026-04-24,great-tables
7512,2026-04-25,great-tables
7078,2026-04-26,great-tables
22042,2026-04-27,great-tables
31911,2026-04-28,great-tables
35542,2026-04-29,great-tables
25560,2026-04-30,great-tables
24925,2026-05-01,great-tables
7475,2026-05-02,great-tables
6966,2026-05-03,great-tables
19548,2026-05-04,great-tables
23517,2026-05-05,great-tables
25398,2026-05-06,great-tables
19670,2026-05-07,great-tables
22190,2026-05-08,great-tables
7259,2026-05-09,great-tables
5684,2026-05-10,great-tables
22852,2026-05-11,great-tables
20422,2026-05-12,great-tables
29057,2026-05-13,great-tables
21345,2026-05-14,great-tables
21988,2026-05-15,great-tables
8574,2026-05-16,great-tables
6673,2026-05-17,great-tables
23052,2026-05-18,great-tables
24330,2026-05-19,great-tables
29204,2026-05-20,great-tables
35807,2026-05-21,great-tables
25402,2026-05-22,great-tables
6582,2026-05-23,great-tables
7129,2026-05-24,great-tables
12241,2026-05-25,great-tables
17667,2026-05-26,great-tables
19775,2026-05-27,great-tables
24166,2026-05-28,great-tables
17815,2026-05-29,great-tables
7176,2026-05-30,great-tables
7312,2026-05-31,great-tables
17670,2026-06-01,great-tables
16244,2026-06-02,great-tables
20426,2026-06-03,great-tables
17539,2026-06-04,great-tables
16122,2026-06-05,great-tables
7290,2026-06-06,great-tables
6006,2026-06-07,great-tables
20192,2026-06-08,great-tables
19618,2026-06-09,great-tables
22431,2026-06-10,great-tables
18321,2026-06-11,great-tables
18122,2026-06-12,great-tables
7916,2026-06-13,great-tables
7311,2026-06-14,great-tables
19330,2026-06-15,great-tables
18634,2026-06-16,great-tables
19294,2026-06-17,great-tables
17947,2026-06-18,great-tables
12904,2026-06-19,great-tables
7951,2026-06-20,great-tables
7991,2026-06-21,great-tables
17617,2026-06-22,great-tables
18536,2026-06-23,great-tables
20494,2026-06-24,great-tables
19430,2026-06-25,great-tables
16998,2026-06-26,great-tables
9767,2026-06-27,great-tables
8199,2026-06-28,great-tables
1809,2023-10-25,pins
1754,2023-10-26,pins
1640,2023-10-27,pins
839,2023-10-28,pins
394,2023-10-29,pins
1668,2023-10-30,pins
1622,2023-10-31,pins
1759,2023-11-01,pins
1445,2023-11-02,pins
1051,2023-11-03,pins
980,2023-11-04,pins
1505,2023-11-05,pins
1851,2023-11-06,pins
1921,2023-11-07,pins
2064,2023-11-08,pins
2929,2023-11-09,pins
1655,2023-11-10,pins
1114,2023-11-11,pins
677,2023-11-12,pins
1952,2023-11-13,pins
1972,2023-11-14,pins
1781,2023-11-15,pins
2101,2023-11-16,pins
2151,2023-11-17,pins
1477,2023-11-18,pins
1084,2023-11-19,pins
2346,2023-11-20,pins
1860,2023-11-21,pins
1437,2023-11-22,pins
1251,2023-11-23,pins
1130,2023-11-24,pins
1101,2023-11-25,pins
2260,2023-11-26,pins
2002,2023-11-27,pins
2180,2023-11-28,pins
2680,2023-11-29,pins
1752,2023-11-30,pins
1062,2023-12-01,pins
968,2023-12-02,pins
432,2023-12-03,pins
1709,2023-12-04,pins
2767,2023-12-05,pins
2926,2023-12-06,pins
2829,2023-12-07,pins
2662,2023-12-08,pins
1039,2023-12-09,pins
907,2023-12-10,pins
2465,2023-12-11,pins
2604,2023-12-12,pins
2771,2023-12-13,pins
2699,2023-12-14,pins
2079,2023-12-15,pins
1048,2023-12-16,pins
1179,2023-12-17,pins
3137,2023-12-18,pins
3219,2023-12-19,pins
2881,2023-12-20,pins
1985,2023-12-21,pins
1691,2023-12-22,pins
1073,2023-12-23,pins
984,2023-12-24,pins
950,2023-12-25,pins
1482,2023-12-26,pins
1590,2023-12-27,pins
1693,2023-12-28,pins
1537,2023-12-29,pins
1069,2023-12-30,pins
1027,2023-12-31,pins
1137,2024-01-01,pins
2109,2024-01-02,pins
2460,2024-01-03,pins
2086,2024-01-04,pins
2250,2024-01-05,pins
660,2024-01-06,pins
1020,2024-01-07,pins
2472,2024-01-08,pins
2101,2024-01-09,pins
1761,2024-01-10,pins
1941,2024-01-11,pins
2451,2024-01-12,pins
1271,2024-01-13,pins
1049,2024-01-14,pins
1546,2024-01-15,pins
2058,2024-01-16,pins
2386,2024-01-17,pins
3129,2024-01-18,pins
2653,2024-01-19,pins
1582,2024-01-20,pins
827,2024-01-21,pins
2636,2024-01-22,pins
3459,2024-01-23,pins
3807,2024-01-24,pins
4182,2024-01-25,pins
3172,2024-01-26,pins
1495,2024-01-27,pins
1055,2024-01-28,pins
3351,2024-01-29,pins
3819,2024-01-30,pins
3837,2024-01-31,pins
3936,2024-02-01,pins
3824,2024-02-02,pins
1109,2024-02-03,pins
923,2024-02-04,pins
3551,2024-02-05,pins
3294,2024-02-06,pins
2921,2024-02-07,pins
2396,2024-02-08,pins
2513,2024-02-09,pins
1109,2024-02-10,pins
557,2024-02-11,pins
2056,2024-02-12,pins
2118,2024-02-13,pins
2044,2024-02-14,pins
2102,2024-02-15,pins
1452,2024-02-16,pins
669,2024-02-17,pins
651,2024-02-18,pins
1054,2024-02-19,pins
1672,2024-02-20,pins
1844,2024-02-21,pins
1391,2024-02-22,pins
1302,2024-02-23,pins
484,2024-02-24,pins
520,2024-02-25,pins
1725,2024-02-26,pins
1872,2024-02-27,pins
1337,2024-02-28,pins
1674,2024-02-29,pins
1360,2024-03-01,pins
562,2024-03-02,pins
508,2024-03-03,pins
1208,2024-03-04,pins
1443,2024-03-05,pins
1267,2024-03-06,pins
1447,2024-03-07,pins
1150,2024-03-08,pins
464,2024-03-09,pins
864,2024-03-10,pins
1230,2024-03-11,pins
1371,2024-03-12,pins
1298,2024-03-13,pins
1110,2024-03-14,pins
1126,2024-03-15,pins
570,2024-03-16,pins
509,2024-03-17,pins
1105,2024-03-18,pins
1105,2024-03-19,pins
1237,2024-03-20,pins
1281,2024-03-21,pins
958,2024-03-22,pins
518,2024-03-23,pins
310,2024-03-24,pins
1335,2024-03-25,pins
1190,2024-03-26,pins
1460,2024-03-27,pins
1635,2024-03-28,pins
765,2024-03-29,pins
479,2024-03-30,pins
307,2024-03-31,pins
1121,2024-04-01,pins
1136,2024-04-02,pins
1104,2024-04-03,pins
1047,2024-04-04,pins
965,2024-04-05,pins
527,2024-04-06,pins
426,2024-04-07,pins
729,2024-04-08,pins
831,2024-04-09,pins
927,2024-04-10,pins
981,2024-04-11,pins
849,2024-04-12,pins
616,2024-04-13,pins
474,2024-04-14,pins
1177,2024-04-15,pins
1042,2024-04-16,pins
1422,2024-04-17,pins
1431,2024-04-18,pins
1021,2024-04-19,pins
638,2024-04-20,pins
445,2024-04-21,pins
1011,2024-04-22,pins
1306,2024-04-23,pins
1451,2024-04-24,pins
1245,2024-04-25,pins
1020,2024-04-26,pins
489,2024-04-27,pins
465,2024-04-28,pins
1045,2024-04-29,pins
1289,2024-04-30,pins
1191,2024-05-01,pins
1238,2024-05-02,pins
730,2024-05-03,pins
463,2024-05-04,pins
950,2024-05-05,pins
1064,2024-05-06,pins
1312,2024-05-07,pins
1114,2024-05-08,pins
860,2024-05-09,pins
810,2024-05-10,pins
626,2024-05-11,pins
468,2024-05-12,pins
874,2024-05-13,pins
957,2024-05-14,pins
900,2024-05-15,pins
797,2024-05-16,pins
800,2024-05-17,pins
479,2024-05-18,pins
381,2024-05-19,pins
837,2024-05-20,pins
1063,2024-05-21,pins
1091,2024-05-22,pins
1356,2024-05-23,pins
1090,2024-05-24,pins
664,2024-05-25,pins
515,2024-05-26,pins
531,2024-05-27,pins
1214,2024-05-28,pins
1130,2024-05-29,pins
1070,2024-05-30,pins
1331,2024-05-31,pins
558,2024-06-01,pins
496,2024-06-02,pins
1426,2024-06-03,pins
1615,2024-06-04,pins
1812,2024-06-05,pins
1531,2024-06-06,pins
2072,2024-06-07,pins
616,2024-06-08,pins
517,2024-06-09,pins
2169,2024-06-10,pins
1717,2024-06-11,pins
1457,2024-06-12,pins
1449,2024-06-13,pins
1335,2024-06-14,pins
683,2024-06-15,pins
571,2024-06-16,pins
1200,2024-06-17,pins
1592,2024-06-18,pins
1247,2024-06-19,pins
1539,2024-06-20,pins
1347,2024-06-21,pins
711,2024-06-22,pins
476,2024-06-23,pins
1458,2024-06-24,pins
1668,2024-06-25,pins
1629,2024-06-26,pins
1661,2024-06-27,pins
1085,2024-06-28,pins
768,2024-06-29,pins
850,2024-06-30,pins
1778,2024-07-01,pins
1863,2024-07-02,pins
1632,2024-07-03,pins
1287,2024-07-04,pins
1237,2024-07-05,pins
606,2024-07-06,pins
631,2024-07-07,pins
1983,2024-07-08,pins
1614,2024-07-09,pins
1850,2024-07-10,pins
1364,2024-07-11,pins
1044,2024-07-12,pins
1048,2024-07-13,pins
901,2024-07-14,pins
1430,2024-07-15,pins
1770,2024-07-16,pins
1189,2024-07-17,pins
1011,2024-07-18,pins
938,2024-07-19,pins
991,2024-07-20,pins
880,2024-07-21,pins
2215,2024-07-22,pins
2523,2024-07-23,pins
2461,2024-07-24,pins
1535,2024-07-25,pins
2036,2024-07-26,pins
787,2024-07-27,pins
788,2024-07-28,pins
1489,2024-07-29,pins
1592,2024-07-30,pins
1869,2024-07-31,pins
3844,2024-08-01,pins
2854,2024-08-02,pins
952,2024-08-03,pins
1258,2024-08-04,pins
1515,2024-08-05,pins
1511,2024-08-06,pins
1714,2024-08-07,pins
1477,2024-08-08,pins
1042,2024-08-09,pins
724,2024-08-10,pins
876,2024-08-11,pins
1350,2024-08-12,pins
1609,2024-08-13,pins
1734,2024-08-14,pins
1108,2024-08-15,pins
1582,2024-08-16,pins
598,2024-08-17,pins
697,2024-08-18,pins
1808,2024-08-19,pins
1702,2024-08-20,pins
2146,2024-08-21,pins
1805,2024-08-22,pins
1289,2024-08-23,pins
918,2024-08-24,pins
846,2024-08-25,pins
1531,2024-08-26,pins
1962,2024-08-27,pins
1470,2024-08-28,pins
1509,2024-08-29,pins
1235,2024-08-30,pins
561,2024-08-31,pins
757,2024-09-01,pins
1028,2024-09-02,pins
1349,2024-09-03,pins
1272,2024-09-04,pins
1340,2024-09-05,pins
1391,2024-09-06,pins
1060,2024-09-07,pins
986,2024-09-08,pins
1951,2024-09-09,pins
2381,2024-09-10,pins
2525,2024-09-11,pins
2495,2024-09-12,pins
2605,2024-09-13,pins
1747,2024-09-14,pins
1649,2024-09-15,pins
1936,2024-09-16,pins
2271,2024-09-17,pins
3311,2024-09-18,pins
2451,2024-09-19,pins
2784,2024-09-20,pins
1424,2024-09-21,pins
1084,2024-09-22,pins
3045,2024-09-23,pins
3220,2024-09-24,pins
3109,2024-09-25,pins
2521,2024-09-26,pins
2338,2024-09-27,pins
1299,2024-09-28,pins
1348,2024-09-29,pins
1664,2024-09-30,pins
3693,2024-10-01,pins
1527,2024-10-02,pins
1219,2024-10-03,pins
1981,2024-10-04,pins
1373,2024-10-05,pins
2286,2024-10-06,pins
3532,2024-10-07,pins
3196,2024-10-08,pins
3075,2024-10-09,pins
6367,2024-10-10,pins
2259,2024-10-11,pins
822,2024-10-12,pins
815,2024-10-13,pins
2479,2024-10-14,pins
2879,2024-10-15,pins
2457,2024-10-16,pins
3533,2024-10-17,pins
4113,2024-10-18,pins
1238,2024-10-19,pins
1542,2024-10-20,pins
4103,2024-10-21,pins
5553,2024-10-22,pins
3627,2024-10-23,pins
3408,2024-10-24,pins
1388,2024-10-25,pins
1531,2024-10-26,pins
793,2024-10-27,pins
2362,2024-10-28,pins
2672,2024-10-29,pins
2826,2024-10-30,pins
3803,2024-10-31,pins
1991,2024-11-01,pins
1531,2024-11-02,pins
1357,2024-11-03,pins
3614,2024-11-04,pins
2486,2024-11-05,pins
2188,2024-11-06,pins
1796,2024-11-07,pins
1857,2024-11-08,pins
1702,2024-11-09,pins
4293,2024-11-10,pins
3354,2024-11-11,pins
4618,2024-11-12,pins
2874,2024-11-13,pins
3242,2024-11-14,pins
2079,2024-11-15,pins
1866,2024-11-16,pins
956,2024-11-17,pins
2104,2024-11-18,pins
2681,2024-11-19,pins
2138,2024-11-20,pins
3062,2024-11-21,pins
2251,2024-11-22,pins
3032,2024-11-23,pins
1580,2024-11-24,pins
2657,2024-11-25,pins
2187,2024-11-26,pins
3134,2024-11-27,pins
2323,2024-11-28,pins
1396,2024-11-29,pins
1538,2024-11-30,pins
1314,2024-12-01,pins
2429,2024-12-02,pins
3041,2024-12-03,pins
2757,2024-12-04,pins
2901,2024-12-05,pins
2521,2024-12-06,pins
2031,2024-12-07,pins
1253,2024-12-08,pins
2322,2024-12-09,pins
2122,2024-12-10,pins
2570,2024-12-11,pins
2250,2024-12-12,pins
2613,2024-12-13,pins
1411,2024-12-14,pins
1489,2024-12-15,pins
5846,2024-12-16,pins
4331,2024-12-17,pins
3002,2024-12-18,pins
2121,2024-12-19,pins
2693,2024-12-20,pins
2455,2024-12-21,pins
1162,2024-12-22,pins
1625,2024-12-23,pins
1423,2024-12-24,pins
1014,2024-12-25,pins
2529,2024-12-26,pins
1878,2024-12-27,pins
1318,2024-12-28,pins
1158,2024-12-29,pins
2158,2024-12-30,pins
2584,2024-12-31,pins
1773,2025-01-01,pins
1891,2025-01-02,pins
1617,2025-01-03,pins
807,2025-01-04,pins
1302,2025-01-05,pins
1509,2025-01-06,pins
2374,2025-01-07,pins
2550,2025-01-08,pins
1971,2025-01-09,pins
1938,2025-01-10,pins
1255,2025-01-11,pins
1234,2025-01-12,pins
2364,2025-01-13,pins
2973,2025-01-14,pins
3197,2025-01-15,pins
2358,2025-01-16,pins
3122,2025-01-17,pins
1479,2025-01-18,pins
1577,2025-01-19,pins
1733,2025-01-20,pins
3469,2025-01-21,pins
2844,2025-01-22,pins
2401,2025-01-23,pins
2381,2025-01-24,pins
1422,2025-01-25,pins
2237,2025-01-26,pins
2913,2025-01-27,pins
3160,2025-01-28,pins
3619,2025-01-29,pins
2157,2025-01-30,pins
2131,2025-01-31,pins
2221,2025-02-01,pins
1986,2025-02-02,pins
2192,2025-02-03,pins
2905,2025-02-04,pins
3954,2025-02-05,pins
2509,2025-02-06,pins
2690,2025-02-07,pins
1501,2025-02-08,pins
1301,2025-02-09,pins
2588,2025-02-10,pins
2161,2025-02-11,pins
2989,2025-02-12,pins
2923,2025-02-13,pins
2612,2025-02-14,pins
1460,2025-02-15,pins
1239,2025-02-16,pins
1682,2025-02-17,pins
2914,2025-02-18,pins
2893,2025-02-19,pins
3754,2025-02-20,pins
2459,2025-02-21,pins
2422,2025-02-22,pins
1190,2025-02-23,pins
2181,2025-02-24,pins
3004,2025-02-25,pins
2818,2025-02-26,pins
2339,2025-02-27,pins
4888,2025-02-28,pins
1495,2025-03-01,pins
1312,2025-03-02,pins
2910,2025-03-03,pins
2321,2025-03-04,pins
1615,2025-03-05,pins
3597,2025-03-06,pins
3483,2025-03-07,pins
1563,2025-03-08,pins
1609,2025-03-09,pins
4109,2025-03-10,pins
4414,2025-03-11,pins
2792,2025-03-12,pins
2611,2025-03-13,pins
2193,2025-03-14,pins
865,2025-03-15,pins
1053,2025-03-16,pins
2093,2025-03-17,pins
2566,2025-03-18,pins
2192,2025-03-19,pins
2682,2025-03-20,pins
2227,2025-03-21,pins
1262,2025-03-22,pins
1858,2025-03-23,pins
2455,2025-03-24,pins
2511,2025-03-25,pins
2476,2025-03-26,pins
2971,2025-03-27,pins
2044,2025-03-28,pins
1581,2025-03-29,pins
2031,2025-03-30,pins
2477,2025-03-31,pins
2248,2025-04-01,pins
2575,2025-04-02,pins
2927,2025-04-03,pins
3379,2025-04-04,pins
1701,2025-04-05,pins
1984,2025-04-06,pins
3233,2025-04-07,pins
2803,2025-04-08,pins
2084,2025-04-09,pins
3519,2025-04-10,pins
3000,2025-04-11,pins
1532,2025-04-12,pins
2284,2025-04-13,pins
3328,2025-04-14,pins
2950,2025-04-15,pins
2815,2025-04-16,pins
3086,2025-04-17,pins
1973,2025-04-18,pins
1331,2025-04-19,pins
1445,2025-04-20,pins
1784,2025-04-21,pins
2716,2025-04-22,pins
3525,2025-04-23,pins
2723,2025-04-24,pins
2232,2025-04-25,pins
1028,2025-04-26,pins
892,2025-04-27,pins
3124,2025-04-28,pins
2652,2025-04-29,pins
1992,2025-04-30,pins
2109,2025-05-01,pins
3368,2025-05-02,pins
1801,2025-05-03,pins
2278,2025-05-04,pins
2118,2025-05-05,pins
2223,2025-05-06,pins
2683,2025-05-07,pins
2898,2025-05-08,pins
2205,2025-05-09,pins
1177,2025-05-10,pins
2177,2025-05-11,pins
1948,2025-05-12,pins
2513,2025-05-13,pins
3507,2025-05-14,pins
1997,2025-05-15,pins
2395,2025-05-16,pins
1745,2025-05-17,pins
1494,2025-05-18,pins
4597,2025-05-19,pins
4279,2025-05-20,pins
2669,2025-05-21,pins
2576,2025-05-22,pins
2929,2025-05-23,pins
1725,2025-05-24,pins
1445,2025-05-25,pins
1804,2025-05-26,pins
2348,2025-05-27,pins
2638,2025-05-28,pins
1592,2025-05-29,pins
2298,2025-05-30,pins
1262,2025-05-31,pins
1041,2025-06-01,pins
2769,2025-06-02,pins
2560,2025-06-03,pins
2661,2025-06-04,pins
2022,2025-06-05,pins
2289,2025-06-06,pins
1686,2025-06-07,pins
839,2025-06-08,pins
2062,2025-06-09,pins
2997,2025-06-10,pins
2784,2025-06-11,pins
2529,2025-06-12,pins
2389,2025-06-13,pins
2365,2025-06-14,pins
2387,2025-06-15,pins
2626,2025-06-16,pins
2776,2025-06-17,pins
3855,2025-06-18,pins
2532,2025-06-19,pins
3246,2025-06-20,pins
3432,2025-06-21,pins
2158,2025-06-22,pins
5983,2025-06-23,pins
4248,2025-06-24,pins
2128,2025-06-25,pins
2336,2025-06-26,pins
2637,2025-06-27,pins
944,2025-06-28,pins
1138,2025-06-29,pins
2314,2025-06-30,pins
2560,2025-07-01,pins
1675,2025-07-02,pins
2277,2025-07-03,pins
1367,2025-07-04,pins
1828,2025-07-05,pins
1400,2025-07-06,pins
2155,2025-07-07,pins
2590,2025-07-08,pins
1449,2025-07-09,pins
1202,2025-07-10,pins
2048,2025-07-11,pins
2203,2025-07-12,pins
1424,2025-07-13,pins
1835,2025-07-14,pins
1497,2025-07-15,pins
2970,2025-07-16,pins
2638,2025-07-17,pins
2024,2025-07-18,pins
783,2025-07-19,pins
1619,2025-07-20,pins
1549,2025-07-21,pins
2052,2025-07-22,pins
2178,2025-07-23,pins
1409,2025-07-24,pins
2031,2025-07-25,pins
1334,2025-07-26,pins
1418,2025-07-27,pins
2960,2025-07-28,pins
1825,2025-07-29,pins
2798,2025-07-30,pins
1981,2025-07-31,pins
2206,2025-08-01,pins
1583,2025-08-02,pins
1297,2025-08-03,pins
2471,2025-08-04,pins
1656,2025-08-05,pins
2183,2025-08-06,pins
2054,2025-08-07,pins
2223,2025-08-08,pins
1185,2025-08-09,pins
646,2025-08-10,pins
1207,2025-08-11,pins
2506,2025-08-12,pins
2199,2025-08-13,pins
1616,2025-08-14,pins
2312,2025-08-15,pins
664,2025-08-16,pins
1667,2025-08-17,pins
3059,2025-08-18,pins
2436,2025-08-19,pins
2041,2025-08-20,pins
2376,2025-08-21,pins
2234,2025-08-22,pins
780,2025-08-23,pins
1008,2025-08-24,pins
1750,2025-08-25,pins
1584,2025-08-26,pins
1368,2025-08-27,pins
1680,2025-08-28,pins
1662,2025-08-29,pins
1092,2025-08-30,pins
1226,2025-08-31,pins
1140,2025-09-01,pins
1540,2025-09-02,pins
1839,2025-09-03,pins
1693,2025-09-04,pins
1599,2025-09-05,pins
821,2025-09-06,pins
924,2025-09-07,pins
1243,2025-09-08,pins
1290,2025-09-09,pins
1460,2025-09-10,pins
1793,2025-09-11,pins
1494,2025-09-12,pins
951,2025-09-13,pins
1044,2025-09-14,pins
1441,2025-09-15,pins
2310,2025-09-16,pins
3219,2025-09-17,pins
2334,2025-09-18,pins
1902,2025-09-19,pins
2345,2025-09-20,pins
1646,2025-09-21,pins
2213,2025-09-22,pins
2114,2025-09-23,pins
2694,2025-09-24,pins
1535,2025-09-25,pins
1620,2025-09-26,pins
1508,2025-09-27,pins
982,2025-09-28,pins
2184,2025-09-29,pins
2424,2025-09-30,pins
2402,2025-10-01,pins
2760,2025-10-02,pins
2172,2025-10-03,pins
1240,2025-10-04,pins
1199,2025-10-05,pins
3556,2025-10-06,pins
3400,2025-10-07,pins
2206,2025-10-08,pins
3234,2025-10-09,pins
3586,2025-10-10,pins
992,2025-10-11,pins
1271,2025-10-12,pins
3410,2025-10-13,pins
2880,2025-10-14,pins
2772,2025-10-15,pins
3041,2025-10-16,pins
3584,2025-10-17,pins
1191,2025-10-18,pins
1967,2025-10-19,pins
2228,2025-10-20,pins
2560,2025-10-21,pins
2048,2025-10-22,pins
2107,2025-10-23,pins
3705,2025-10-24,pins
1011,2025-10-25,pins
1018,2025-10-26,pins
3098,2025-10-27,pins
2633,2025-10-28,pins
2166,2025-10-29,pins
2853,2025-10-30,pins
2218,2025-10-31,pins
1672,2025-11-01,pins
1756,2025-11-02,pins
1993,2025-11-03,pins
2524,2025-11-04,pins
2530,2025-11-05,pins
2222,2025-11-06,pins
2227,2025-11-07,pins
1188,2025-11-08,pins
1225,2025-11-09,pins
3276,2025-11-10,pins
2924,2025-11-11,pins
1664,2025-11-12,pins
2494,2025-11-13,pins
2195,2025-11-14,pins
3779,2025-11-15,pins
4181,2025-11-16,pins
4292,2025-11-17,pins
2226,2025-11-18,pins
2925,2025-11-19,pins
4759,2025-11-20,pins
3549,2025-11-21,pins
2191,2025-11-22,pins
1304,2025-11-23,pins
2147,2025-11-24,pins
2695,2025-11-25,pins
3003,2025-11-26,pins
1946,2025-11-27,pins
1411,2025-11-28,pins
1735,2025-11-29,pins
1097,2025-11-30,pins
3212,2025-12-01,pins
2962,2025-12-02,pins
2693,2025-12-03,pins
1929,2025-12-04,pins
1863,2025-12-05,pins
899,2025-12-06,pins
764,2025-12-07,pins
1931,2025-12-08,pins
1955,2025-12-09,pins
1788,2025-12-10,pins
1600,2025-12-11,pins
1497,2025-12-12,pins
879,2025-12-13,pins
1043,2025-12-14,pins
1766,2025-12-15,pins
1832,2025-12-16,pins
1593,2025-12-17,pins
1989,2025-12-18,pins
2127,2025-12-19,pins
1304,2025-12-20,pins
796,2025-12-21,pins
3122,2025-12-22,pins
2066,2025-12-23,pins
1134,2025-12-24,pins
859,2025-12-25,pins
708,2025-12-26,pins
640,2025-12-27,pins
1490,2025-12-28,pins
1212,2025-12-29,pins
966,2025-12-30,pins
1200,2025-12-31,pins
1003,2026-01-01,pins
1178,2026-01-02,pins
888,2026-01-03,pins
833,2026-01-04,pins
2521,2026-01-05,pins
1556,2026-01-06,pins
2057,2026-01-07,pins
3060,2026-01-08,pins
1935,2026-01-09,pins
1674,2026-01-10,pins
802,2026-01-11,pins
1740,2026-01-12,pins
1830,2026-01-13,pins
2086,2026-01-14,pins
2265,2026-01-15,pins
1786,2026-01-16,pins
1154,2026-01-17,pins
1009,2026-01-18,pins
1655,2026-01-19,pins
2827,2026-01-20,pins
2734,2026-01-21,pins
1982,2026-01-22,pins
2774,2026-01-23,pins
1726,2026-01-24,pins
1642,2026-01-25,pins
3341,2026-01-26,pins
3153,2026-01-27,pins
2635,2026-01-28,pins
1796,2026-01-29,pins
2383,2026-01-30,pins
1157,2026-01-31,pins
2253,2026-02-01,pins
2617,2026-02-02,pins
3056,2026-02-03,pins
2672,2026-02-04,pins
2998,2026-02-05,pins
1819,2026-02-06,pins
1631,2026-02-07,pins
927,2026-02-08,pins
2141,2026-02-09,pins
2178,2026-02-10,pins
1808,2026-02-11,pins
2752,2026-02-12,pins
2541,2026-02-13,pins
1162,2026-02-14,pins
1205,2026-02-15,pins
2559,2026-02-16,pins
2850,2026-02-17,pins
3268,2026-02-18,pins
2628,2026-02-19,pins
1927,2026-02-20,pins
1780,2026-02-21,pins
1415,2026-02-22,pins
3774,2026-02-23,pins
2740,2026-02-24,pins
3269,2026-02-25,pins
4161,2026-02-26,pins
3399,2026-02-27,pins
1846,2026-02-28,pins
1347,2026-03-01,pins
2457,2026-03-02,pins
3041,2026-03-03,pins
3068,2026-03-04,pins
2785,2026-03-05,pins
2598,2026-03-06,pins
1740,2026-03-07,pins
1416,2026-03-08,pins
2664,2026-03-09,pins
2458,2026-03-10,pins
2082,2026-03-11,pins
2028,2026-03-12,pins
1996,2026-03-13,pins
924,2026-03-14,pins
1559,2026-03-15,pins
2076,2026-03-16,pins
2302,2026-03-17,pins
2398,2026-03-18,pins
2119,2026-03-19,pins
2041,2026-03-20,pins
1540,2026-03-21,pins
1276,2026-03-22,pins
2053,2026-03-23,pins
2437,2026-03-24,pins
2269,2026-03-25,pins
2203,2026-03-26,pins
2075,2026-03-27,pins
1663,2026-03-28,pins
2200,2026-03-29,pins
2707,2026-03-30,pins
2811,2026-03-31,pins
2835,2026-04-01,pins
2893,2026-04-02,pins
2173,2026-04-03,pins
1705,2026-04-04,pins
1957,2026-04-05,pins
2725,2026-04-06,pins
3852,2026-04-07,pins
3051,2026-04-08,pins
2790,2026-04-09,pins
2811,2026-04-10,pins
2463,2026-04-11,pins
2077,2026-04-12,pins
2627,2026-04-13,pins
2597,2026-04-14,pins
2147,2026-04-15,pins
2032,2026-04-16,pins
2101,2026-04-17,pins
1611,2026-04-18,pins
1726,2026-04-19,pins
2585,2026-04-20,pins
3199,2026-04-21,pins
2518,2026-04-22,pins
3455,2026-04-23,pins
2137,2026-04-24,pins
1455,2026-04-25,pins
1465,2026-04-26,pins
1970,2026-04-27,pins
2890,2026-04-28,pins
2536,2026-04-29,pins
2841,2026-04-30,pins
2391,2026-05-01,pins
1408,2026-05-02,pins
1660,2026-05-03,pins
2346,2026-05-04,pins
2822,2026-05-05,pins
2249,2026-05-06,pins
2322,2026-05-07,pins
2003,2026-05-08,pins
1950,2026-05-09,pins
1659,2026-05-10,pins
2640,2026-05-11,pins
3594,2026-05-12,pins
3523,2026-05-13,pins
3002,2026-05-14,pins
2969,2026-05-15,pins
1991,2026-05-16,pins
2383,2026-05-17,pins
2869,2026-05-18,pins
3144,2026-05-19,pins
2980,2026-05-20,pins
2916,2026-05-21,pins
3060,2026-05-22,pins
1981,2026-05-23,pins
2416,2026-05-24,pins
3270,2026-05-25,pins
5502,2026-05-26,pins
2967,2026-05-27,pins
2607,2026-05-28,pins
2732,2026-05-29,pins
1933,2026-05-30,pins
2315,2026-05-31,pins
4046,2026-06-01,pins
3305,2026-06-02,pins
2998,2026-06-03,pins
2895,2026-06-04,pins
2848,2026-06-05,pins
1904,2026-06-06,pins
1867,2026-06-07,pins
2483,2026-06-08,pins
3318,2026-06-09,pins
2902,2026-06-10,pins
3739,2026-06-11,pins
3876,2026-06-12,pins
1965,2026-06-13,pins
2140,2026-06-14,pins
3317,2026-06-15,pins
3893,2026-06-16,pins
2775,2026-06-17,pins
2466,2026-06-18,pins
3722,2026-06-19,pins
2141,2026-06-20,pins
2231,2026-06-21,pins
3999,2026-06-22,pins
3460,2026-06-23,pins
3803,2026-06-24,pins
2982,2026-06-25,pins
2682,2026-06-26,pins
2196,2026-06-27,pins
2181,2026-06-28,pins
61075,2023-10-25,plotnine
54031,2023-10-26,plotnine
52295,2023-10-27,plotnine
41484,2023-10-28,plotnine
39161,2023-10-29,plotnine
48607,2023-10-30,plotnine
55088,2023-10-31,plotnine
74240,2023-11-01,plotnine
55481,2023-11-02,plotnine
52933,2023-11-03,plotnine
38047,2023-11-04,plotnine
34399,2023-11-05,plotnine
44904,2023-11-06,plotnine
67089,2023-11-07,plotnine
53119,2023-11-08,plotnine
54313,2023-11-09,plotnine
50476,2023-11-10,plotnine
53208,2023-11-11,plotnine
51213,2023-11-12,plotnine
57880,2023-11-13,plotnine
60010,2023-11-14,plotnine
63480,2023-11-15,plotnine
59299,2023-11-16,plotnine
67225,2023-11-17,plotnine
60655,2023-11-18,plotnine
61844,2023-11-19,plotnine
65969,2023-11-20,plotnine
65612,2023-11-21,plotnine
69187,2023-11-22,plotnine
62928,2023-11-23,plotnine
68589,2023-11-24,plotnine
59684,2023-11-25,plotnine
59227,2023-11-26,plotnine
72347,2023-11-27,plotnine
72373,2023-11-28,plotnine
74015,2023-11-29,plotnine
74381,2023-11-30,plotnine
72324,2023-12-01,plotnine
53366,2023-12-02,plotnine
50311,2023-12-03,plotnine
63079,2023-12-04,plotnine
66769,2023-12-05,plotnine
66118,2023-12-06,plotnine
72149,2023-12-07,plotnine
66214,2023-12-08,plotnine
57466,2023-12-09,plotnine
53568,2023-12-10,plotnine
69367,2023-12-11,plotnine
76503,2023-12-12,plotnine
77275,2023-12-13,plotnine
69125,2023-12-14,plotnine
81436,2023-12-15,plotnine
68869,2023-12-16,plotnine
61633,2023-12-17,plotnine
69566,2023-12-18,plotnine
79823,2023-12-19,plotnine
83397,2023-12-20,plotnine
77060,2023-12-21,plotnine
70451,2023-12-22,plotnine
59203,2023-12-23,plotnine
55069,2023-12-24,plotnine
54275,2023-12-25,plotnine
62686,2023-12-26,plotnine
64137,2023-12-27,plotnine
66476,2023-12-28,plotnine
63969,2023-12-29,plotnine
57133,2023-12-30,plotnine
54959,2023-12-31,plotnine
54945,2024-01-01,plotnine
77274,2024-01-02,plotnine
77595,2024-01-03,plotnine
97505,2024-01-04,plotnine
87529,2024-01-05,plotnine
56569,2024-01-06,plotnine
76416,2024-01-07,plotnine
71183,2024-01-08,plotnine
83410,2024-01-09,plotnine
90806,2024-01-10,plotnine
88982,2024-01-11,plotnine
76821,2024-01-12,plotnine
66350,2024-01-13,plotnine
61188,2024-01-14,plotnine
66995,2024-01-15,plotnine
82434,2024-01-16,plotnine
84036,2024-01-17,plotnine
90150,2024-01-18,plotnine
84622,2024-01-19,plotnine
65122,2024-01-20,plotnine
64818,2024-01-21,plotnine
83576,2024-01-22,plotnine
83667,2024-01-23,plotnine
78558,2024-01-24,plotnine
87143,2024-01-25,plotnine
84008,2024-01-26,plotnine
71143,2024-01-27,plotnine
75507,2024-01-28,plotnine
86333,2024-01-29,plotnine
92648,2024-01-30,plotnine
87698,2024-01-31,plotnine
103472,2024-02-01,plotnine
78447,2024-02-02,plotnine
55058,2024-02-03,plotnine
52407,2024-02-04,plotnine
67725,2024-02-05,plotnine
65643,2024-02-06,plotnine
88208,2024-02-07,plotnine
119334,2024-02-08,plotnine
99973,2024-02-09,plotnine
77864,2024-02-10,plotnine
77056,2024-02-11,plotnine
88941,2024-02-12,plotnine
88228,2024-02-13,plotnine
97207,2024-02-14,plotnine
87349,2024-02-15,plotnine
91702,2024-02-16,plotnine
80521,2024-02-17,plotnine
76857,2024-02-18,plotnine
80226,2024-02-19,plotnine
89140,2024-02-20,plotnine
91114,2024-02-21,plotnine
93761,2024-02-22,plotnine
95007,2024-02-23,plotnine
76761,2024-02-24,plotnine
72825,2024-02-25,plotnine
95054,2024-02-26,plotnine
94283,2024-02-27,plotnine
109776,2024-02-28,plotnine
90728,2024-02-29,plotnine
89574,2024-03-01,plotnine
88125,2024-03-02,plotnine
78939,2024-03-03,plotnine
102936,2024-03-04,plotnine
96208,2024-03-05,plotnine
104348,2024-03-06,plotnine
97768,2024-03-07,plotnine
95049,2024-03-08,plotnine
84407,2024-03-09,plotnine
79677,2024-03-10,plotnine
99043,2024-03-11,plotnine
105546,2024-03-12,plotnine
107130,2024-03-13,plotnine
97855,2024-03-14,plotnine
106296,2024-03-15,plotnine
81598,2024-03-16,plotnine
81172,2024-03-17,plotnine
99522,2024-03-18,plotnine
107554,2024-03-19,plotnine
112169,2024-03-20,plotnine
108006,2024-03-21,plotnine
100170,2024-03-22,plotnine
84556,2024-03-23,plotnine
85940,2024-03-24,plotnine
108481,2024-03-25,plotnine
112853,2024-03-26,plotnine
118279,2024-03-27,plotnine
107650,2024-03-28,plotnine
100219,2024-03-29,plotnine
81214,2024-03-30,plotnine
81674,2024-03-31,plotnine
99933,2024-04-01,plotnine
104167,2024-04-02,plotnine
101888,2024-04-03,plotnine
101986,2024-04-04,plotnine
95553,2024-04-05,plotnine
84175,2024-04-06,plotnine
79823,2024-04-07,plotnine
100389,2024-04-08,plotnine
104695,2024-04-09,plotnine
98023,2024-04-10,plotnine
106286,2024-04-11,plotnine
106830,2024-04-12,plotnine
86539,2024-04-13,plotnine
85841,2024-04-14,plotnine
115029,2024-04-15,plotnine
101418,2024-04-16,plotnine
108451,2024-04-17,plotnine
105907,2024-04-18,plotnine
104265,2024-04-19,plotnine
91680,2024-04-20,plotnine
75029,2024-04-21,plotnine
101290,2024-04-22,plotnine
134297,2024-04-23,plotnine
123737,2024-04-24,plotnine
101515,2024-04-25,plotnine
107299,2024-04-26,plotnine
80229,2024-04-27,plotnine
83663,2024-04-28,plotnine
101955,2024-04-29,plotnine
115579,2024-04-30,plotnine
105518,2024-05-01,plotnine
104604,2024-05-02,plotnine
102983,2024-05-03,plotnine
83665,2024-05-04,plotnine
82997,2024-05-05,plotnine
101618,2024-05-06,plotnine
108171,2024-05-07,plotnine
112738,2024-05-08,plotnine
106226,2024-05-09,plotnine
110887,2024-05-10,plotnine
88948,2024-05-11,plotnine
89066,2024-05-12,plotnine
111324,2024-05-13,plotnine
116445,2024-05-14,plotnine
126504,2024-05-15,plotnine
121642,2024-05-16,plotnine
116117,2024-05-17,plotnine
108239,2024-05-18,plotnine
89551,2024-05-19,plotnine
112838,2024-05-20,plotnine
120487,2024-05-21,plotnine
122242,2024-05-22,plotnine
126007,2024-05-23,plotnine
118477,2024-05-24,plotnine
98008,2024-05-25,plotnine
95335,2024-05-26,plotnine
101512,2024-05-27,plotnine
115204,2024-05-28,plotnine
121215,2024-05-29,plotnine
121345,2024-05-30,plotnine
118896,2024-05-31,plotnine
102168,2024-06-01,plotnine
85611,2024-06-02,plotnine
124798,2024-06-03,plotnine
125641,2024-06-04,plotnine
124111,2024-06-05,plotnine
119089,2024-06-06,plotnine
119132,2024-06-07,plotnine
97554,2024-06-08,plotnine
98678,2024-06-09,plotnine
121842,2024-06-10,plotnine
123241,2024-06-11,plotnine
104399,2024-06-12,plotnine
113574,2024-06-13,plotnine
113415,2024-06-14,plotnine
103133,2024-06-15,plotnine
81785,2024-06-16,plotnine
112302,2024-06-17,plotnine
130742,2024-06-18,plotnine
119897,2024-06-19,plotnine
118043,2024-06-20,plotnine
114023,2024-06-21,plotnine
97801,2024-06-22,plotnine
100712,2024-06-23,plotnine
117153,2024-06-24,plotnine
118766,2024-06-25,plotnine
119444,2024-06-26,plotnine
115400,2024-06-27,plotnine
113039,2024-06-28,plotnine
100326,2024-06-29,plotnine
100483,2024-06-30,plotnine
122860,2024-07-01,plotnine
123778,2024-07-02,plotnine
121824,2024-07-03,plotnine
110496,2024-07-04,plotnine
112322,2024-07-05,plotnine
93710,2024-07-06,plotnine
98473,2024-07-07,plotnine
122017,2024-07-08,plotnine
100251,2024-07-09,plotnine
98690,2024-07-10,plotnine
95821,2024-07-11,plotnine
97129,2024-07-12,plotnine
73442,2024-07-13,plotnine
75207,2024-07-14,plotnine
93669,2024-07-15,plotnine
103857,2024-07-16,plotnine
100592,2024-07-17,plotnine
101002,2024-07-18,plotnine
91495,2024-07-19,plotnine
74098,2024-07-20,plotnine
75889,2024-07-21,plotnine
96965,2024-07-22,plotnine
97219,2024-07-23,plotnine
100303,2024-07-24,plotnine
103107,2024-07-25,plotnine
96019,2024-07-26,plotnine
73469,2024-07-27,plotnine
76890,2024-07-28,plotnine
98681,2024-07-29,plotnine
94602,2024-07-30,plotnine
97971,2024-07-31,plotnine
99958,2024-08-01,plotnine
94669,2024-08-02,plotnine
67170,2024-08-03,plotnine
81342,2024-08-04,plotnine
102658,2024-08-05,plotnine
102375,2024-08-06,plotnine
88067,2024-08-07,plotnine
95770,2024-08-08,plotnine
96916,2024-08-09,plotnine
79402,2024-08-10,plotnine
80453,2024-08-11,plotnine
94430,2024-08-12,plotnine
94601,2024-08-13,plotnine
94346,2024-08-14,plotnine
86009,2024-08-15,plotnine
103152,2024-08-16,plotnine
76881,2024-08-17,plotnine
74290,2024-08-18,plotnine
99017,2024-08-19,plotnine
108227,2024-08-20,plotnine
92981,2024-08-21,plotnine
101145,2024-08-22,plotnine
101058,2024-08-23,plotnine
80612,2024-08-24,plotnine
72345,2024-08-25,plotnine
95076,2024-08-26,plotnine
100195,2024-08-27,plotnine
107499,2024-08-28,plotnine
102215,2024-08-29,plotnine
93060,2024-08-30,plotnine
74837,2024-08-31,plotnine
77681,2024-09-01,plotnine
89345,2024-09-02,plotnine
99770,2024-09-03,plotnine
94953,2024-09-04,plotnine
102403,2024-09-05,plotnine
95932,2024-09-06,plotnine
80807,2024-09-07,plotnine
78970,2024-09-08,plotnine
93581,2024-09-09,plotnine
106110,2024-09-10,plotnine
111314,2024-09-11,plotnine
96123,2024-09-12,plotnine
100837,2024-09-13,plotnine
89433,2024-09-14,plotnine
82241,2024-09-15,plotnine
115546,2024-09-16,plotnine
125093,2024-09-17,plotnine
110215,2024-09-18,plotnine
111325,2024-09-19,plotnine
107811,2024-09-20,plotnine
84107,2024-09-21,plotnine
85321,2024-09-22,plotnine
101679,2024-09-23,plotnine
120875,2024-09-24,plotnine
107125,2024-09-25,plotnine
117057,2024-09-26,plotnine
113883,2024-09-27,plotnine
91393,2024-09-28,plotnine
87632,2024-09-29,plotnine
108118,2024-09-30,plotnine
118306,2024-10-01,plotnine
107112,2024-10-02,plotnine
104866,2024-10-03,plotnine
110151,2024-10-04,plotnine
81464,2024-10-05,plotnine
76660,2024-10-06,plotnine
108722,2024-10-07,plotnine
107617,2024-10-08,plotnine
99661,2024-10-09,plotnine
102550,2024-10-10,plotnine
117636,2024-10-11,plotnine
77854,2024-10-12,plotnine
73156,2024-10-13,plotnine
92568,2024-10-14,plotnine
99467,2024-10-15,plotnine
93295,2024-10-16,plotnine
98780,2024-10-17,plotnine
93861,2024-10-18,plotnine
84606,2024-10-19,plotnine
75517,2024-10-20,plotnine
94823,2024-10-21,plotnine
107002,2024-10-22,plotnine
103435,2024-10-23,plotnine
96897,2024-10-24,plotnine
100428,2024-10-25,plotnine
80284,2024-10-26,plotnine
81271,2024-10-27,plotnine
100922,2024-10-28,plotnine
105482,2024-10-29,plotnine
99752,2024-10-30,plotnine
98704,2024-10-31,plotnine
96267,2024-11-01,plotnine
82329,2024-11-02,plotnine
87043,2024-11-03,plotnine
105752,2024-11-04,plotnine
106722,2024-11-05,plotnine
106337,2024-11-06,plotnine
104252,2024-11-07,plotnine
106301,2024-11-08,plotnine
102216,2024-11-09,plotnine
100539,2024-11-10,plotnine
117671,2024-11-11,plotnine
113451,2024-11-12,plotnine
113758,2024-11-13,plotnine
117752,2024-11-14,plotnine
115532,2024-11-15,plotnine
99512,2024-11-16,plotnine
94008,2024-11-17,plotnine
129615,2024-11-18,plotnine
149594,2024-11-19,plotnine
117621,2024-11-20,plotnine
116088,2024-11-21,plotnine
121569,2024-11-22,plotnine
98292,2024-11-23,plotnine
103555,2024-11-24,plotnine
117850,2024-11-25,plotnine
125549,2024-11-26,plotnine
123541,2024-11-27,plotnine
123574,2024-11-28,plotnine
114591,2024-11-29,plotnine
96165,2024-11-30,plotnine
107248,2024-12-01,plotnine
126877,2024-12-02,plotnine
122249,2024-12-03,plotnine
121593,2024-12-04,plotnine
113893,2024-12-05,plotnine
107398,2024-12-06,plotnine
83941,2024-12-07,plotnine
85926,2024-12-08,plotnine
106258,2024-12-09,plotnine
107739,2024-12-10,plotnine
105327,2024-12-11,plotnine
109230,2024-12-12,plotnine
111202,2024-12-13,plotnine
79026,2024-12-14,plotnine
90238,2024-12-15,plotnine
122750,2024-12-16,plotnine
129759,2024-12-17,plotnine
124108,2024-12-18,plotnine
115711,2024-12-19,plotnine
110691,2024-12-20,plotnine
89995,2024-12-21,plotnine
87996,2024-12-22,plotnine
112943,2024-12-23,plotnine
100067,2024-12-24,plotnine
94397,2024-12-25,plotnine
98608,2024-12-26,plotnine
99577,2024-12-27,plotnine
87256,2024-12-28,plotnine
91160,2024-12-29,plotnine
105157,2024-12-30,plotnine
101507,2024-12-31,plotnine
93604,2025-01-01,plotnine
102848,2025-01-02,plotnine
101374,2025-01-03,plotnine
89717,2025-01-04,plotnine
92965,2025-01-05,plotnine
109081,2025-01-06,plotnine
108384,2025-01-07,plotnine
116768,2025-01-08,plotnine
121040,2025-01-09,plotnine
118610,2025-01-10,plotnine
86474,2025-01-11,plotnine
91824,2025-01-12,plotnine
110330,2025-01-13,plotnine
111535,2025-01-14,plotnine
108470,2025-01-15,plotnine
109776,2025-01-16,plotnine
116757,2025-01-17,plotnine
92271,2025-01-18,plotnine
90830,2025-01-19,plotnine
100561,2025-01-20,plotnine
106661,2025-01-21,plotnine
113947,2025-01-22,plotnine
104295,2025-01-23,plotnine
76500,2025-01-24,plotnine
57741,2025-01-25,plotnine
59900,2025-01-26,plotnine
89092,2025-01-27,plotnine
104365,2025-01-28,plotnine
115215,2025-01-29,plotnine
110098,2025-01-30,plotnine
108941,2025-01-31,plotnine
89743,2025-02-01,plotnine
91819,2025-02-02,plotnine
103140,2025-02-03,plotnine
110148,2025-02-04,plotnine
105497,2025-02-05,plotnine
115424,2025-02-06,plotnine
108767,2025-02-07,plotnine
84558,2025-02-08,plotnine
84533,2025-02-09,plotnine
108654,2025-02-10,plotnine
125333,2025-02-11,plotnine
124029,2025-02-12,plotnine
119286,2025-02-13,plotnine
103401,2025-02-14,plotnine
66053,2025-02-15,plotnine
68079,2025-02-16,plotnine
91711,2025-02-17,plotnine
94470,2025-02-18,plotnine
90626,2025-02-19,plotnine
100232,2025-02-20,plotnine
96481,2025-02-21,plotnine
72543,2025-02-22,plotnine
62802,2025-02-23,plotnine
85844,2025-02-24,plotnine
97233,2025-02-25,plotnine
92779,2025-02-26,plotnine
90200,2025-02-27,plotnine
85918,2025-02-28,plotnine
69725,2025-03-01,plotnine
63223,2025-03-02,plotnine
82442,2025-03-03,plotnine
99918,2025-03-04,plotnine
135870,2025-03-05,plotnine
114025,2025-03-06,plotnine
97418,2025-03-07,plotnine
78305,2025-03-08,plotnine
83164,2025-03-09,plotnine
108640,2025-03-10,plotnine
141856,2025-03-11,plotnine
136303,2025-03-12,plotnine
122941,2025-03-13,plotnine
85056,2025-03-14,plotnine
71739,2025-03-15,plotnine
75944,2025-03-16,plotnine
97886,2025-03-17,plotnine
90048,2025-03-18,plotnine
89747,2025-03-19,plotnine
86988,2025-03-20,plotnine
81681,2025-03-21,plotnine
62490,2025-03-22,plotnine
66079,2025-03-23,plotnine
85339,2025-03-24,plotnine
89547,2025-03-25,plotnine
83100,2025-03-26,plotnine
88938,2025-03-27,plotnine
79611,2025-03-28,plotnine
64361,2025-03-29,plotnine
67758,2025-03-30,plotnine
81030,2025-03-31,plotnine
81654,2025-04-01,plotnine
82228,2025-04-02,plotnine
102024,2025-04-03,plotnine
97528,2025-04-04,plotnine
59458,2025-04-05,plotnine
59308,2025-04-06,plotnine
78885,2025-04-07,plotnine
81442,2025-04-08,plotnine
84055,2025-04-09,plotnine
87765,2025-04-10,plotnine
79134,2025-04-11,plotnine
64269,2025-04-12,plotnine
57653,2025-04-13,plotnine
82199,2025-04-14,plotnine
73466,2025-04-15,plotnine
82841,2025-04-16,plotnine
86649,2025-04-17,plotnine
90370,2025-04-18,plotnine
69923,2025-04-19,plotnine
57510,2025-04-20,plotnine
83534,2025-04-21,plotnine
99036,2025-04-22,plotnine
102229,2025-04-23,plotnine
94619,2025-04-24,plotnine
108349,2025-04-25,plotnine
54562,2025-04-26,plotnine
54693,2025-04-27,plotnine
74958,2025-04-28,plotnine
128432,2025-04-29,plotnine
124907,2025-04-30,plotnine
73995,2025-05-01,plotnine
128406,2025-05-02,plotnine
57442,2025-05-03,plotnine
59969,2025-05-04,plotnine
80614,2025-05-05,plotnine
116642,2025-05-06,plotnine
78053,2025-05-07,plotnine
103358,2025-05-08,plotnine
105724,2025-05-09,plotnine
60989,2025-05-10,plotnine
63978,2025-05-11,plotnine
81443,2025-05-12,plotnine
72005,2025-05-13,plotnine
82591,2025-05-14,plotnine
78110,2025-05-15,plotnine
78505,2025-05-16,plotnine
54612,2025-05-17,plotnine
54949,2025-05-18,plotnine
74711,2025-05-19,plotnine
81616,2025-05-20,plotnine
74822,2025-05-21,plotnine
70675,2025-05-22,plotnine
58095,2025-05-23,plotnine
45671,2025-05-24,plotnine
46662,2025-05-25,plotnine
54475,2025-05-26,plotnine
63959,2025-05-27,plotnine
67675,2025-05-28,plotnine
65059,2025-05-29,plotnine
67401,2025-05-30,plotnine
49126,2025-05-31,plotnine
49349,2025-06-01,plotnine
120154,2025-06-02,plotnine
131141,2025-06-03,plotnine
177616,2025-06-04,plotnine
77103,2025-06-05,plotnine
65174,2025-06-06,plotnine
50674,2025-06-07,plotnine
45525,2025-06-08,plotnine
90100,2025-06-09,plotnine
81499,2025-06-10,plotnine
85169,2025-06-11,plotnine
72964,2025-06-12,plotnine
71086,2025-06-13,plotnine
52769,2025-06-14,plotnine
54346,2025-06-15,plotnine
77545,2025-06-16,plotnine
74480,2025-06-17,plotnine
78751,2025-06-18,plotnine
71225,2025-06-19,plotnine
67541,2025-06-20,plotnine
61650,2025-06-21,plotnine
56410,2025-06-22,plotnine
74630,2025-06-23,plotnine
76045,2025-06-24,plotnine
81188,2025-06-25,plotnine
87812,2025-06-26,plotnine
86817,2025-06-27,plotnine
52960,2025-06-28,plotnine
63669,2025-06-29,plotnine
64983,2025-06-30,plotnine
73139,2025-07-01,plotnine
72267,2025-07-02,plotnine
65210,2025-07-03,plotnine
56010,2025-07-04,plotnine
50500,2025-07-05,plotnine
49674,2025-07-06,plotnine
87663,2025-07-07,plotnine
77060,2025-07-08,plotnine
71299,2025-07-09,plotnine
69308,2025-07-10,plotnine
67864,2025-07-11,plotnine
55710,2025-07-12,plotnine
54117,2025-07-13,plotnine
75080,2025-07-14,plotnine
75825,2025-07-15,plotnine
74751,2025-07-16,plotnine
89633,2025-07-17,plotnine
76016,2025-07-18,plotnine
56075,2025-07-19,plotnine
53222,2025-07-20,plotnine
79372,2025-07-21,plotnine
86460,2025-07-22,plotnine
83335,2025-07-23,plotnine
74785,2025-07-24,plotnine
74806,2025-07-25,plotnine
56474,2025-07-26,plotnine
58413,2025-07-27,plotnine
78934,2025-07-28,plotnine
92696,2025-07-29,plotnine
77301,2025-07-30,plotnine
76572,2025-07-31,plotnine
78603,2025-08-01,plotnine
62899,2025-08-02,plotnine
55325,2025-08-03,plotnine
78377,2025-08-04,plotnine
81663,2025-08-05,plotnine
79617,2025-08-06,plotnine
83904,2025-08-07,plotnine
78927,2025-08-08,plotnine
55540,2025-08-09,plotnine
58353,2025-08-10,plotnine
75164,2025-08-11,plotnine
79077,2025-08-12,plotnine
76511,2025-08-13,plotnine
83126,2025-08-14,plotnine
78982,2025-08-15,plotnine
56625,2025-08-16,plotnine
54126,2025-08-17,plotnine
78318,2025-08-18,plotnine
81862,2025-08-19,plotnine
86736,2025-08-20,plotnine
81195,2025-08-21,plotnine
74868,2025-08-22,plotnine
55240,2025-08-23,plotnine
51832,2025-08-24,plotnine
73062,2025-08-25,plotnine
71862,2025-08-26,plotnine
71370,2025-08-27,plotnine
75237,2025-08-28,plotnine
73051,2025-08-29,plotnine
53652,2025-08-30,plotnine
51546,2025-08-31,plotnine
58841,2025-09-01,plotnine
72859,2025-09-02,plotnine
79364,2025-09-03,plotnine
74250,2025-09-04,plotnine
71955,2025-09-05,plotnine
61853,2025-09-06,plotnine
65204,2025-09-07,plotnine
74447,2025-09-08,plotnine
86865,2025-09-09,plotnine
88780,2025-09-10,plotnine
79356,2025-09-11,plotnine
75465,2025-09-12,plotnine
54244,2025-09-13,plotnine
53868,2025-09-14,plotnine
77816,2025-09-15,plotnine
86736,2025-09-16,plotnine
97312,2025-09-17,plotnine
78047,2025-09-18,plotnine
77905,2025-09-19,plotnine
69250,2025-09-20,plotnine
64707,2025-09-21,plotnine
85182,2025-09-22,plotnine
87458,2025-09-23,plotnine
85559,2025-09-24,plotnine
78520,2025-09-25,plotnine
74592,2025-09-26,plotnine
59455,2025-09-27,plotnine
58591,2025-09-28,plotnine
75398,2025-09-29,plotnine
86273,2025-09-30,plotnine
75909,2025-10-01,plotnine
72197,2025-10-02,plotnine
78303,2025-10-03,plotnine
58287,2025-10-04,plotnine
53750,2025-10-05,plotnine
78880,2025-10-06,plotnine
82337,2025-10-07,plotnine
85173,2025-10-08,plotnine
83802,2025-10-09,plotnine
77861,2025-10-10,plotnine
62161,2025-10-11,plotnine
53484,2025-10-12,plotnine
71248,2025-10-13,plotnine
73277,2025-10-14,plotnine
78312,2025-10-15,plotnine
100781,2025-10-16,plotnine
103628,2025-10-17,plotnine
59273,2025-10-18,plotnine
60424,2025-10-19,plotnine
49210,2025-10-20,plotnine
87793,2025-10-21,plotnine
92179,2025-10-22,plotnine
76096,2025-10-23,plotnine
75975,2025-10-24,plotnine
58235,2025-10-25,plotnine
59181,2025-10-26,plotnine
83309,2025-10-27,plotnine
74127,2025-10-28,plotnine
94529,2025-10-29,plotnine
94432,2025-10-30,plotnine
82411,2025-10-31,plotnine
65670,2025-11-01,plotnine
65556,2025-11-02,plotnine
89731,2025-11-03,plotnine
82564,2025-11-04,plotnine
96521,2025-11-05,plotnine
90765,2025-11-06,plotnine
113722,2025-11-07,plotnine
101651,2025-11-08,plotnine
94021,2025-11-09,plotnine
123208,2025-11-10,plotnine
114756,2025-11-11,plotnine
108959,2025-11-12,plotnine
110763,2025-11-13,plotnine
99071,2025-11-14,plotnine
104669,2025-11-15,plotnine
97901,2025-11-16,plotnine
122225,2025-11-17,plotnine
120413,2025-11-18,plotnine
118762,2025-11-19,plotnine
116645,2025-11-20,plotnine
119324,2025-11-21,plotnine
89266,2025-11-22,plotnine
85575,2025-11-23,plotnine
109583,2025-11-24,plotnine
106966,2025-11-25,plotnine
105238,2025-11-26,plotnine
90359,2025-11-27,plotnine
90950,2025-11-28,plotnine
78563,2025-11-29,plotnine
80518,2025-11-30,plotnine
100904,2025-12-01,plotnine
122642,2025-12-02,plotnine
113664,2025-12-03,plotnine
111011,2025-12-04,plotnine
102728,2025-12-05,plotnine
83761,2025-12-06,plotnine
82131,2025-12-07,plotnine
103482,2025-12-08,plotnine
106080,2025-12-09,plotnine
102601,2025-12-10,plotnine
101025,2025-12-11,plotnine
96318,2025-12-12,plotnine
83010,2025-12-13,plotnine
79195,2025-12-14,plotnine
99524,2025-12-15,plotnine
104728,2025-12-16,plotnine
106878,2025-12-17,plotnine
106338,2025-12-18,plotnine
110286,2025-12-19,plotnine
81606,2025-12-20,plotnine
80841,2025-12-21,plotnine
92960,2025-12-22,plotnine
94675,2025-12-23,plotnine
88343,2025-12-24,plotnine
71949,2025-12-25,plotnine
78967,2025-12-26,plotnine
76500,2025-12-27,plotnine
77416,2025-12-28,plotnine
86019,2025-12-29,plotnine
85932,2025-12-30,plotnine
83146,2025-12-31,plotnine
75362,2026-01-01,plotnine
81875,2026-01-02,plotnine
73034,2026-01-03,plotnine
73430,2026-01-04,plotnine
90779,2026-01-05,plotnine
103670,2026-01-06,plotnine
102079,2026-01-07,plotnine
99671,2026-01-08,plotnine
90768,2026-01-09,plotnine
77505,2026-01-10,plotnine
75945,2026-01-11,plotnine
93779,2026-01-12,plotnine
95963,2026-01-13,plotnine
95163,2026-01-14,plotnine
96166,2026-01-15,plotnine
92811,2026-01-16,plotnine
73847,2026-01-17,plotnine
75166,2026-01-18,plotnine
80091,2026-01-19,plotnine
90399,2026-01-20,plotnine
98832,2026-01-21,plotnine
107024,2026-01-22,plotnine
98599,2026-01-23,plotnine
81719,2026-01-24,plotnine
72429,2026-01-25,plotnine
101627,2026-01-26,plotnine
105788,2026-01-27,plotnine
119367,2026-01-28,plotnine
108709,2026-01-29,plotnine
110805,2026-01-30,plotnine
82904,2026-01-31,plotnine
83615,2026-02-01,plotnine
99558,2026-02-02,plotnine
102694,2026-02-03,plotnine
104730,2026-02-04,plotnine
111933,2026-02-05,plotnine
101042,2026-02-06,plotnine
96408,2026-02-07,plotnine
90410,2026-02-08,plotnine
101431,2026-02-09,plotnine
104198,2026-02-10,plotnine
98708,2026-02-11,plotnine
98415,2026-02-12,plotnine
100359,2026-02-13,plotnine
80178,2026-02-14,plotnine
81784,2026-02-15,plotnine
113360,2026-02-16,plotnine
99585,2026-02-17,plotnine
103504,2026-02-18,plotnine
93584,2026-02-19,plotnine
93380,2026-02-20,plotnine
72616,2026-02-21,plotnine
76845,2026-02-22,plotnine
102719,2026-02-23,plotnine
98851,2026-02-24,plotnine
100637,2026-02-25,plotnine
102227,2026-02-26,plotnine
98001,2026-02-27,plotnine
78160,2026-02-28,plotnine
76122,2026-03-01,plotnine
96896,2026-03-02,plotnine
123788,2026-03-03,plotnine
130880,2026-03-04,plotnine
126676,2026-03-05,plotnine
123872,2026-03-06,plotnine
102021,2026-03-07,plotnine
90791,2026-03-08,plotnine
114340,2026-03-09,plotnine
122834,2026-03-10,plotnine
116989,2026-03-11,plotnine
92698,2026-03-12,plotnine
104770,2026-03-13,plotnine
79070,2026-03-14,plotnine
77673,2026-03-15,plotnine
110892,2026-03-16,plotnine
111944,2026-03-17,plotnine
100425,2026-03-18,plotnine
92968,2026-03-19,plotnine
96830,2026-03-20,plotnine
74704,2026-03-21,plotnine
75464,2026-03-22,plotnine
99157,2026-03-23,plotnine
107530,2026-03-24,plotnine
108661,2026-03-25,plotnine
110854,2026-03-26,plotnine
100800,2026-03-27,plotnine
87415,2026-03-28,plotnine
88776,2026-03-29,plotnine
108256,2026-03-30,plotnine
115193,2026-03-31,plotnine
118561,2026-04-01,plotnine
116065,2026-04-02,plotnine
137082,2026-04-03,plotnine
106383,2026-04-04,plotnine
104270,2026-04-05,plotnine
126707,2026-04-06,plotnine
135931,2026-04-07,plotnine
152337,2026-04-08,plotnine
139810,2026-04-09,plotnine
138256,2026-04-10,plotnine
102953,2026-04-11,plotnine
102066,2026-04-12,plotnine
138584,2026-04-13,plotnine
137156,2026-04-14,plotnine
122224,2026-04-15,plotnine
104538,2026-04-16,plotnine
102858,2026-04-17,plotnine
81872,2026-04-18,plotnine
81968,2026-04-19,plotnine
105461,2026-04-20,plotnine
177335,2026-04-21,plotnine
160977,2026-04-22,plotnine
125213,2026-04-23,plotnine
131351,2026-04-24,plotnine
98889,2026-04-25,plotnine
101549,2026-04-26,plotnine
128164,2026-04-27,plotnine
133939,2026-04-28,plotnine
127959,2026-04-29,plotnine
111303,2026-04-30,plotnine
103481,2026-05-01,plotnine
98915,2026-05-02,plotnine
94992,2026-05-03,plotnine
110688,2026-05-04,plotnine
114532,2026-05-05,plotnine
123598,2026-05-06,plotnine
115754,2026-05-07,plotnine
106559,2026-05-08,plotnine
95895,2026-05-09,plotnine
88654,2026-05-10,plotnine
111123,2026-05-11,plotnine
120258,2026-05-12,plotnine
118422,2026-05-13,plotnine
115841,2026-05-14,plotnine
115158,2026-05-15,plotnine
96561,2026-05-16,plotnine
99384,2026-05-17,plotnine
116887,2026-05-18,plotnine
108495,2026-05-19,plotnine
114031,2026-05-20,plotnine
118612,2026-05-21,plotnine
113353,2026-05-22,plotnine
97442,2026-05-23,plotnine
92957,2026-05-24,plotnine
94708,2026-05-25,plotnine
109868,2026-05-26,plotnine
104723,2026-05-27,plotnine
113797,2026-05-28,plotnine
109365,2026-05-29,plotnine
91285,2026-05-30,plotnine
91798,2026-05-31,plotnine
114961,2026-06-01,plotnine
109662,2026-06-02,plotnine
110684,2026-06-03,plotnine
108779,2026-06-04,plotnine
106377,2026-06-05,plotnine
89640,2026-06-06,plotnine
86503,2026-06-07,plotnine
104269,2026-06-08,plotnine
109858,2026-06-09,plotnine
109964,2026-06-10,plotnine
114357,2026-06-11,plotnine
103982,2026-06-12,plotnine
91793,2026-06-13,plotnine
89247,2026-06-14,plotnine
116054,2026-06-15,plotnine
112777,2026-06-16,plotnine
118085,2026-06-17,plotnine
115519,2026-06-18,plotnine
101385,2026-06-19,plotnine
87781,2026-06-20,plotnine
81951,2026-06-21,plotnine
101975,2026-06-22,plotnine
102974,2026-06-23,plotnine
103828,2026-06-24,plotnine
107279,2026-06-25,plotnine
98916,2026-06-26,plotnine
80401,2026-06-27,plotnine
84311,2026-06-28,plotnine
552,2023-10-25,shiny
622,2023-10-26,shiny
576,2023-10-27,shiny
394,2023-10-28,shiny
281,2023-10-29,shiny
778,2023-10-30,shiny
993,2023-10-31,shiny
452,2023-11-01,shiny
654,2023-11-02,shiny
632,2023-11-03,shiny
195,2023-11-04,shiny
227,2023-11-05,shiny
745,2023-11-06,shiny
543,2023-11-07,shiny
678,2023-11-08,shiny
637,2023-11-09,shiny
502,2023-11-10,shiny
300,2023-11-11,shiny
240,2023-11-12,shiny
658,2023-11-13,shiny
620,2023-11-14,shiny
660,2023-11-15,shiny
677,2023-11-16,shiny
646,2023-11-17,shiny
320,2023-11-18,shiny
249,2023-11-19,shiny
556,2023-11-20,shiny
596,2023-11-21,shiny
753,2023-11-22,shiny
398,2023-11-23,shiny
360,2023-11-24,shiny
332,2023-11-25,shiny
256,2023-11-26,shiny
664,2023-11-27,shiny
725,2023-11-28,shiny
655,2023-11-29,shiny
778,2023-11-30,shiny
737,2023-12-01,shiny
281,2023-12-02,shiny
288,2023-12-03,shiny
808,2023-12-04,shiny
926,2023-12-05,shiny
861,2023-12-06,shiny
883,2023-12-07,shiny
938,2023-12-08,shiny
528,2023-12-09,shiny
515,2023-12-10,shiny
749,2023-12-11,shiny
999,2023-12-12,shiny
884,2023-12-13,shiny
735,2023-12-14,shiny
778,2023-12-15,shiny
352,2023-12-16,shiny
226,2023-12-17,shiny
649,2023-12-18,shiny
918,2023-12-19,shiny
1039,2023-12-20,shiny
670,2023-12-21,shiny
839,2023-12-22,shiny
343,2023-12-23,shiny
318,2023-12-24,shiny
206,2023-12-25,shiny
297,2023-12-26,shiny
405,2023-12-27,shiny
433,2023-12-28,shiny
329,2023-12-29,shiny
280,2023-12-30,shiny
192,2023-12-31,shiny
223,2024-01-01,shiny
588,2024-01-02,shiny
826,2024-01-03,shiny
862,2024-01-04,shiny
751,2024-01-05,shiny
510,2024-01-06,shiny
428,2024-01-07,shiny
1133,2024-01-08,shiny
1112,2024-01-09,shiny
1041,2024-01-10,shiny
1304,2024-01-11,shiny
1115,2024-01-12,shiny
404,2024-01-13,shiny
256,2024-01-14,shiny
668,2024-01-15,shiny
786,2024-01-16,shiny
849,2024-01-17,shiny
820,2024-01-18,shiny
877,2024-01-19,shiny
405,2024-01-20,shiny
259,2024-01-21,shiny
1342,2024-01-22,shiny
1507,2024-01-23,shiny
1201,2024-01-24,shiny
2003,2024-01-25,shiny
2478,2024-01-26,shiny
487,2024-01-27,shiny
353,2024-01-28,shiny
1427,2024-01-29,shiny
1437,2024-01-30,shiny
1218,2024-01-31,shiny
2520,2024-02-01,shiny
1900,2024-02-02,shiny
591,2024-02-03,shiny
493,2024-02-04,shiny
1518,2024-02-05,shiny
1117,2024-02-06,shiny
995,2024-02-07,shiny
983,2024-02-08,shiny
903,2024-02-09,shiny
463,2024-02-10,shiny
436,2024-02-11,shiny
1135,2024-02-12,shiny
2158,2024-02-13,shiny
1903,2024-02-14,shiny
2202,2024-02-15,shiny
1727,2024-02-16,shiny
437,2024-02-17,shiny
365,2024-02-18,shiny
806,2024-02-19,shiny
1691,2024-02-20,shiny
1630,2024-02-21,shiny
1825,2024-02-22,shiny
2320,2024-02-23,shiny
478,2024-02-24,shiny
438,2024-02-25,shiny
1260,2024-02-26,shiny
1694,2024-02-27,shiny
1576,2024-02-28,shiny
1100,2024-02-29,shiny
2300,2024-03-01,shiny
734,2024-03-02,shiny
518,2024-03-03,shiny
1469,2024-03-04,shiny
1154,2024-03-05,shiny
1349,2024-03-06,shiny
1797,2024-03-07,shiny
1672,2024-03-08,shiny
577,2024-03-09,shiny
451,2024-03-10,shiny
924,2024-03-11,shiny
1119,2024-03-12,shiny
1616,2024-03-13,shiny
1118,2024-03-14,shiny
1155,2024-03-15,shiny
840,2024-03-16,shiny
460,2024-03-17,shiny
1208,2024-03-18,shiny
1042,2024-03-19,shiny
1123,2024-03-20,shiny
1295,2024-03-21,shiny
927,2024-03-22,shiny
445,2024-03-23,shiny
552,2024-03-24,shiny
923,2024-03-25,shiny
1729,2024-03-26,shiny
1127,2024-03-27,shiny
1129,2024-03-28,shiny
666,2024-03-29,shiny
501,2024-03-30,shiny
441,2024-03-31,shiny
1132,2024-04-01,shiny
1377,2024-04-02,shiny
1376,2024-04-03,shiny
1335,2024-04-04,shiny
1584,2024-04-05,shiny
424,2024-04-06,shiny
459,2024-04-07,shiny
1132,2024-04-08,shiny
1054,2024-04-09,shiny
1191,2024-04-10,shiny
1119,2024-04-11,shiny
1096,2024-04-12,shiny
534,2024-04-13,shiny
516,2024-04-14,shiny
923,2024-04-15,shiny
1687,2024-04-16,shiny
1564,2024-04-17,shiny
1372,2024-04-18,shiny
1204,2024-04-19,shiny
769,2024-04-20,shiny
710,2024-04-21,shiny
1820,2024-04-22,shiny
1669,2024-04-23,shiny
1811,2024-04-24,shiny
1939,2024-04-25,shiny
1288,2024-04-26,shiny
669,2024-04-27,shiny
1354,2024-04-28,shiny
1383,2024-04-29,shiny
1788,2024-04-30,shiny
1390,2024-05-01,shiny
1682,2024-05-02,shiny
1070,2024-05-03,shiny
629,2024-05-04,shiny
723,2024-05-05,shiny
1394,2024-05-06,shiny
1683,2024-05-07,shiny
1490,2024-05-08,shiny
1343,2024-05-09,shiny
1206,2024-05-10,shiny
535,2024-05-11,shiny
660,2024-05-12,shiny
2817,2024-05-13,shiny
2563,2024-05-14,shiny
1637,2024-05-15,shiny
1537,2024-05-16,shiny
1619,2024-05-17,shiny
586,2024-05-18,shiny
389,2024-05-19,shiny
1422,2024-05-20,shiny
1630,2024-05-21,shiny
2138,2024-05-22,shiny
2367,2024-05-23,shiny
1984,2024-05-24,shiny
655,2024-05-25,shiny
2031,2024-05-26,shiny
1453,2024-05-27,shiny
2296,2024-05-28,shiny
2085,2024-05-29,shiny
2898,2024-05-30,shiny
1485,2024-05-31,shiny
485,2024-06-01,shiny
702,2024-06-02,shiny
1595,2024-06-03,shiny
1706,2024-06-04,shiny
2379,2024-06-05,shiny
3355,2024-06-06,shiny
2146,2024-06-07,shiny
778,2024-06-08,shiny
450,2024-06-09,shiny
2452,2024-06-10,shiny
4569,2024-06-11,shiny
6515,2024-06-12,shiny
2366,2024-06-13,shiny
2680,2024-06-14,shiny
793,2024-06-15,shiny
595,2024-06-16,shiny
2449,2024-06-17,shiny
2257,2024-06-18,shiny
2470,2024-06-19,shiny
2722,2024-06-20,shiny
2362,2024-06-21,shiny
996,2024-06-22,shiny
828,2024-06-23,shiny
2372,2024-06-24,shiny
2271,2024-06-25,shiny
2634,2024-06-26,shiny
3811,2024-06-27,shiny
1924,2024-06-28,shiny
901,2024-06-29,shiny
891,2024-06-30,shiny
1840,2024-07-01,shiny
1907,2024-07-02,shiny
2339,2024-07-03,shiny
1386,2024-07-04,shiny
1329,2024-07-05,shiny
787,2024-07-06,shiny
793,2024-07-07,shiny
1970,2024-07-08,shiny
1816,2024-07-09,shiny
1850,2024-07-10,shiny
2226,2024-07-11,shiny
1570,2024-07-12,shiny
757,2024-07-13,shiny
739,2024-07-14,shiny
2023,2024-07-15,shiny
1945,2024-07-16,shiny
1954,2024-07-17,shiny
2325,2024-07-18,shiny
2040,2024-07-19,shiny
695,2024-07-20,shiny
715,2024-07-21,shiny
1758,2024-07-22,shiny
1909,2024-07-23,shiny
2777,2024-07-24,shiny
2999,2024-07-25,shiny
2118,2024-07-26,shiny
877,2024-07-27,shiny
786,2024-07-28,shiny
2093,2024-07-29,shiny
1928,2024-07-30,shiny
2872,2024-07-31,shiny
4555,2024-08-01,shiny
2074,2024-08-02,shiny
892,2024-08-03,shiny
863,2024-08-04,shiny
1960,2024-08-05,shiny
1931,2024-08-06,shiny
1693,2024-08-07,shiny
1787,2024-08-08,shiny
1692,2024-08-09,shiny
943,2024-08-10,shiny
643,2024-08-11,shiny
2058,2024-08-12,shiny
1835,2024-08-13,shiny
2057,2024-08-14,shiny
1764,2024-08-15,shiny
1749,2024-08-16,shiny
1128,2024-08-17,shiny
926,2024-08-18,shiny
1748,2024-08-19,shiny
1570,2024-08-20,shiny
2273,2024-08-21,shiny
2519,2024-08-22,shiny
1727,2024-08-23,shiny
706,2024-08-24,shiny
783,2024-08-25,shiny
1717,2024-08-26,shiny
2174,2024-08-27,shiny
2341,2024-08-28,shiny
2136,2024-08-29,shiny
1974,2024-08-30,shiny
779,2024-08-31,shiny
868,2024-09-01,shiny
1153,2024-09-02,shiny
3039,2024-09-03,shiny
2493,2024-09-04,shiny
2597,2024-09-05,shiny
2225,2024-09-06,shiny
1907,2024-09-07,shiny
1048,2024-09-08,shiny
2227,2024-09-09,shiny
2666,2024-09-10,shiny
2220,2024-09-11,shiny
2465,2024-09-12,shiny
2240,2024-09-13,shiny
661,2024-09-14,shiny
1256,2024-09-15,shiny
2097,2024-09-16,shiny
2716,2024-09-17,shiny
2431,2024-09-18,shiny
2311,2024-09-19,shiny
3485,2024-09-20,shiny
1718,2024-09-21,shiny
8722,2024-09-22,shiny
4877,2024-09-23,shiny
3031,2024-09-24,shiny
2432,2024-09-25,shiny
3874,2024-09-26,shiny
3128,2024-09-27,shiny
1940,2024-09-28,shiny
2014,2024-09-29,shiny
3096,2024-09-30,shiny
2310,2024-10-01,shiny
3405,2024-10-02,shiny
2583,2024-10-03,shiny
2184,2024-10-04,shiny
1493,2024-10-05,shiny
1035,2024-10-06,shiny
2997,2024-10-07,shiny
3679,2024-10-08,shiny
3356,2024-10-09,shiny
2850,2024-10-10,shiny
2315,2024-10-11,shiny
1041,2024-10-12,shiny
745,2024-10-13,shiny
2836,2024-10-14,shiny
2108,2024-10-15,shiny
3301,2024-10-16,shiny
3434,2024-10-17,shiny
2391,2024-10-18,shiny
1452,2024-10-19,shiny
959,2024-10-20,shiny
3077,2024-10-21,shiny
3132,2024-10-22,shiny
2843,2024-10-23,shiny
2332,2024-10-24,shiny
2530,2024-10-25,shiny
2332,2024-10-26,shiny
802,2024-10-27,shiny
2528,2024-10-28,shiny
2403,2024-10-29,shiny
4031,2024-10-30,shiny
6736,2024-10-31,shiny
3102,2024-11-01,shiny
2348,2024-11-02,shiny
3390,2024-11-03,shiny
4160,2024-11-04,shiny
3779,2024-11-05,shiny
5639,2024-11-06,shiny
4788,2024-11-07,shiny
7429,2024-11-08,shiny
1371,2024-11-09,shiny
2728,2024-11-10,shiny
5114,2024-11-11,shiny
11791,2024-11-12,shiny
11563,2024-11-13,shiny
13668,2024-11-14,shiny
7320,2024-11-15,shiny
3885,2024-11-16,shiny
2833,2024-11-17,shiny
7484,2024-11-18,shiny
6103,2024-11-19,shiny
4867,2024-11-20,shiny
4764,2024-11-21,shiny
5171,2024-11-22,shiny
1464,2024-11-23,shiny
1084,2024-11-24,shiny
5801,2024-11-25,shiny
7614,2024-11-26,shiny
7328,2024-11-27,shiny
3806,2024-11-28,shiny
3733,2024-11-29,shiny
1130,2024-11-30,shiny
2872,2024-12-01,shiny
8649,2024-12-02,shiny
10863,2024-12-03,shiny
9088,2024-12-04,shiny
13913,2024-12-05,shiny
7160,2024-12-06,shiny
2845,2024-12-07,shiny
977,2024-12-08,shiny
5510,2024-12-09,shiny
4918,2024-12-10,shiny
6906,2024-12-11,shiny
10482,2024-12-12,shiny
14515,2024-12-13,shiny
3109,2024-12-14,shiny
3090,2024-12-15,shiny
12092,2024-12-16,shiny
18965,2024-12-17,shiny
5656,2024-12-18,shiny
3218,2024-12-19,shiny
3342,2024-12-20,shiny
937,2024-12-21,shiny
705,2024-12-22,shiny
2297,2024-12-23,shiny
1020,2024-12-24,shiny
1097,2024-12-25,shiny
1820,2024-12-26,shiny
1300,2024-12-27,shiny
818,2024-12-28,shiny
603,2024-12-29,shiny
1351,2024-12-30,shiny
1571,2024-12-31,shiny
565,2025-01-01,shiny
2358,2025-01-02,shiny
3646,2025-01-03,shiny
777,2025-01-04,shiny
667,2025-01-05,shiny
2866,2025-01-06,shiny
3478,2025-01-07,shiny
3891,2025-01-08,shiny
3586,2025-01-09,shiny
5634,2025-01-10,shiny
1536,2025-01-11,shiny
1056,2025-01-12,shiny
3217,2025-01-13,shiny
5369,2025-01-14,shiny
5761,2025-01-15,shiny
6307,2025-01-16,shiny
7306,2025-01-17,shiny
2403,2025-01-18,shiny
1270,2025-01-19,shiny
5483,2025-01-20,shiny
4679,2025-01-21,shiny
3706,2025-01-22,shiny
4650,2025-01-23,shiny
3841,2025-01-24,shiny
1446,2025-01-25,shiny
897,2025-01-26,shiny
5245,2025-01-27,shiny
5198,2025-01-28,shiny
4003,2025-01-29,shiny
3687,2025-01-30,shiny
4588,2025-01-31,shiny
1649,2025-02-01,shiny
1010,2025-02-02,shiny
3910,2025-02-03,shiny
3127,2025-02-04,shiny
2414,2025-02-05,shiny
3837,2025-02-06,shiny
3350,2025-02-07,shiny
1550,2025-02-08,shiny
710,2025-02-09,shiny
3353,2025-02-10,shiny
5634,2025-02-11,shiny
4258,2025-02-12,shiny
3815,2025-02-13,shiny
3651,2025-02-14,shiny
1131,2025-02-15,shiny
1207,2025-02-16,shiny
3182,2025-02-17,shiny
5177,2025-02-18,shiny
5680,2025-02-19,shiny
5597,2025-02-20,shiny
5526,2025-02-21,shiny
1732,2025-02-22,shiny
3185,2025-02-23,shiny
4304,2025-02-24,shiny
4765,2025-02-25,shiny
3574,2025-02-26,shiny
3388,2025-02-27,shiny
4420,2025-02-28,shiny
2540,2025-03-01,shiny
1163,2025-03-02,shiny
4882,2025-03-03,shiny
3856,2025-03-04,shiny
4819,2025-03-05,shiny
6287,2025-03-06,shiny
4428,2025-03-07,shiny
1783,2025-03-08,shiny
791,2025-03-09,shiny
4372,2025-03-10,shiny
3556,2025-03-11,shiny
3716,2025-03-12,shiny
4946,2025-03-13,shiny
4533,2025-03-14,shiny
1510,2025-03-15,shiny
1496,2025-03-16,shiny
4761,2025-03-17,shiny
4498,2025-03-18,shiny
6164,2025-03-19,shiny
3589,2025-03-20,shiny
4363,2025-03-21,shiny
1399,2025-03-22,shiny
1660,2025-03-23,shiny
4551,2025-03-24,shiny
6342,2025-03-25,shiny
4449,2025-03-26,shiny
4379,2025-03-27,shiny
4962,2025-03-28,shiny
1727,2025-03-29,shiny
3355,2025-03-30,shiny
5889,2025-03-31,shiny
6850,2025-04-01,shiny
5740,2025-04-02,shiny
5707,2025-04-03,shiny
6150,2025-04-04,shiny
4342,2025-04-05,shiny
2923,2025-04-06,shiny
6438,2025-04-07,shiny
5952,2025-04-08,shiny
6386,2025-04-09,shiny
5649,2025-04-10,shiny
5449,2025-04-11,shiny
2641,2025-04-12,shiny
2415,2025-04-13,shiny
5997,2025-04-14,shiny
5736,2025-04-15,shiny
5790,2025-04-16,shiny
5200,2025-04-17,shiny
5296,2025-04-18,shiny
3240,2025-04-19,shiny
3060,2025-04-20,shiny
4138,2025-04-21,shiny
5635,2025-04-22,shiny
5695,2025-04-23,shiny
4655,2025-04-24,shiny
4665,2025-04-25,shiny
3002,2025-04-26,shiny
3144,2025-04-27,shiny
7991,2025-04-28,shiny
7802,2025-04-29,shiny
4989,2025-04-30,shiny
5933,2025-05-01,shiny
5962,2025-05-02,shiny
2984,2025-05-03,shiny
2846,2025-05-04,shiny
5652,2025-05-05,shiny
6716,2025-05-06,shiny
6708,2025-05-07,shiny
5537,2025-05-08,shiny
5903,2025-05-09,shiny
3291,2025-05-10,shiny
3261,2025-05-11,shiny
5926,2025-05-12,shiny
7173,2025-05-13,shiny
6494,2025-05-14,shiny
5859,2025-05-15,shiny
5644,2025-05-16,shiny
3214,2025-05-17,shiny
3253,2025-05-18,shiny
6294,2025-05-19,shiny
5255,2025-05-20,shiny
4864,2025-05-21,shiny
5292,2025-05-22,shiny
4747,2025-05-23,shiny
3110,2025-05-24,shiny
2888,2025-05-25,shiny
3841,2025-05-26,shiny
5327,2025-05-27,shiny
5736,2025-05-28,shiny
5334,2025-05-29,shiny
5246,2025-05-30,shiny
4889,2025-05-31,shiny
3202,2025-06-01,shiny
6323,2025-06-02,shiny
6237,2025-06-03,shiny
5745,2025-06-04,shiny
7681,2025-06-05,shiny
8157,2025-06-06,shiny
3409,2025-06-07,shiny
3068,2025-06-08,shiny
6137,2025-06-09,shiny
8441,2025-06-10,shiny
7375,2025-06-11,shiny
8091,2025-06-12,shiny
7138,2025-06-13,shiny
3834,2025-06-14,shiny
4216,2025-06-15,shiny
8462,2025-06-16,shiny
8674,2025-06-17,shiny
10603,2025-06-18,shiny
6276,2025-06-19,shiny
8618,2025-06-20,shiny
6435,2025-06-21,shiny
5011,2025-06-22,shiny
10919,2025-06-23,shiny
8819,2025-06-24,shiny
7588,2025-06-25,shiny
6298,2025-06-26,shiny
6919,2025-06-27,shiny
3196,2025-06-28,shiny
2899,2025-06-29,shiny
7487,2025-06-30,shiny
7945,2025-07-01,shiny
7829,2025-07-02,shiny
6854,2025-07-03,shiny
4481,2025-07-04,shiny
3047,2025-07-05,shiny
3326,2025-07-06,shiny
6610,2025-07-07,shiny
7655,2025-07-08,shiny
7855,2025-07-09,shiny
6979,2025-07-10,shiny
5148,2025-07-11,shiny
2785,2025-07-12,shiny
2822,2025-07-13,shiny
5522,2025-07-14,shiny
6615,2025-07-15,shiny
7427,2025-07-16,shiny
6285,2025-07-17,shiny
6828,2025-07-18,shiny
3722,2025-07-19,shiny
3661,2025-07-20,shiny
7332,2025-07-21,shiny
8375,2025-07-22,shiny
7779,2025-07-23,shiny
7763,2025-07-24,shiny
8120,2025-07-25,shiny
3277,2025-07-26,shiny
2716,2025-07-27,shiny
6880,2025-07-28,shiny
8725,2025-07-29,shiny
8918,2025-07-30,shiny
7589,2025-07-31,shiny
9476,2025-08-01,shiny
7374,2025-08-02,shiny
2993,2025-08-03,shiny
8328,2025-08-04,shiny
8836,2025-08-05,shiny
9004,2025-08-06,shiny
8721,2025-08-07,shiny
8231,2025-08-08,shiny
4026,2025-08-09,shiny
3970,2025-08-10,shiny
8384,2025-08-11,shiny
9638,2025-08-12,shiny
8164,2025-08-13,shiny
9469,2025-08-14,shiny
9305,2025-08-15,shiny
5493,2025-08-16,shiny
5315,2025-08-17,shiny
9423,2025-08-18,shiny
10107,2025-08-19,shiny
10094,2025-08-20,shiny
9203,2025-08-21,shiny
7975,2025-08-22,shiny
4772,2025-08-23,shiny
4502,2025-08-24,shiny
8652,2025-08-25,shiny
9569,2025-08-26,shiny
8767,2025-08-27,shiny
9683,2025-08-28,shiny
7501,2025-08-29,shiny
4017,2025-08-30,shiny
4229,2025-08-31,shiny
5188,2025-09-01,shiny
8347,2025-09-02,shiny
8973,2025-09-03,shiny
8354,2025-09-04,shiny
7407,2025-09-05,shiny
4282,2025-09-06,shiny
4328,2025-09-07,shiny
8615,2025-09-08,shiny
8554,2025-09-09,shiny
8739,2025-09-10,shiny
8182,2025-09-11,shiny
8739,2025-09-12,shiny
4304,2025-09-13,shiny
4136,2025-09-14,shiny
8360,2025-09-15,shiny
9748,2025-09-16,shiny
10262,2025-09-17,shiny
9473,2025-09-18,shiny
9067,2025-09-19,shiny
5232,2025-09-20,shiny
5214,2025-09-21,shiny
8223,2025-09-22,shiny
9124,2025-09-23,shiny
8449,2025-09-24,shiny
8662,2025-09-25,shiny
10299,2025-09-26,shiny
5647,2025-09-27,shiny
5254,2025-09-28,shiny
10101,2025-09-29,shiny
11537,2025-09-30,shiny
9677,2025-10-01,shiny
10056,2025-10-02,shiny
10248,2025-10-03,shiny
5960,2025-10-04,shiny
5264,2025-10-05,shiny
11599,2025-10-06,shiny
11606,2025-10-07,shiny
14467,2025-10-08,shiny
14148,2025-10-09,shiny
9608,2025-10-10,shiny
4527,2025-10-11,shiny
4564,2025-10-12,shiny
8758,2025-10-13,shiny
9700,2025-10-14,shiny
8201,2025-10-15,shiny
8643,2025-10-16,shiny
8950,2025-10-17,shiny
3312,2025-10-18,shiny
3419,2025-10-19,shiny
6734,2025-10-20,shiny
8591,2025-10-21,shiny
8262,2025-10-22,shiny
8772,2025-10-23,shiny
8296,2025-10-24,shiny
2906,2025-10-25,shiny
2282,2025-10-26,shiny
7858,2025-10-27,shiny
8652,2025-10-28,shiny
9923,2025-10-29,shiny
9816,2025-10-30,shiny
8730,2025-10-31,shiny
3515,2025-11-01,shiny
3815,2025-11-02,shiny
9875,2025-11-03,shiny
10180,2025-11-04,shiny
11582,2025-11-05,shiny
9343,2025-11-06,shiny
9731,2025-11-07,shiny
4761,2025-11-08,shiny
4580,2025-11-09,shiny
8430,2025-11-10,shiny
9232,2025-11-11,shiny
11978,2025-11-12,shiny
8777,2025-11-13,shiny
9752,2025-11-14,shiny
6968,2025-11-15,shiny
8038,2025-11-16,shiny
9861,2025-11-17,shiny
9845,2025-11-18,shiny
10920,2025-11-19,shiny
11507,2025-11-20,shiny
9398,2025-11-21,shiny
5366,2025-11-22,shiny
5030,2025-11-23,shiny
9307,2025-11-24,shiny
11500,2025-11-25,shiny
9973,2025-11-26,shiny
7908,2025-11-27,shiny
7366,2025-11-28,shiny
5798,2025-11-29,shiny
6001,2025-11-30,shiny
11562,2025-12-01,shiny
12302,2025-12-02,shiny
12222,2025-12-03,shiny
11393,2025-12-04,shiny
11892,2025-12-05,shiny
6762,2025-12-06,shiny
5637,2025-12-07,shiny
10876,2025-12-08,shiny
11426,2025-12-09,shiny
10112,2025-12-10,shiny
10445,2025-12-11,shiny
11984,2025-12-12,shiny
6386,2025-12-13,shiny
5743,2025-12-14,shiny
10218,2025-12-15,shiny
12204,2025-12-16,shiny
9524,2025-12-17,shiny
10754,2025-12-18,shiny
11177,2025-12-19,shiny
6110,2025-12-20,shiny
5787,2025-12-21,shiny
11187,2025-12-22,shiny
7392,2025-12-23,shiny
5871,2025-12-24,shiny
5659,2025-12-25,shiny
5110,2025-12-26,shiny
4927,2025-12-27,shiny
4682,2025-12-28,shiny
8126,2025-12-29,shiny
9346,2025-12-30,shiny
8392,2025-12-31,shiny
6151,2026-01-01,shiny
9457,2026-01-02,shiny
5752,2026-01-03,shiny
5055,2026-01-04,shiny
9190,2026-01-05,shiny
13413,2026-01-06,shiny
9975,2026-01-07,shiny
11105,2026-01-08,shiny
10526,2026-01-09,shiny
5766,2026-01-10,shiny
5378,2026-01-11,shiny
9555,2026-01-12,shiny
12764,2026-01-13,shiny
16296,2026-01-14,shiny
15267,2026-01-15,shiny
14075,2026-01-16,shiny
5629,2026-01-17,shiny
5045,2026-01-18,shiny
8609,2026-01-19,shiny
11075,2026-01-20,shiny
11899,2026-01-21,shiny
13211,2026-01-22,shiny
13290,2026-01-23,shiny
6174,2026-01-24,shiny
4911,2026-01-25,shiny
11140,2026-01-26,shiny
12989,2026-01-27,shiny
11775,2026-01-28,shiny
13056,2026-01-29,shiny
12705,2026-01-30,shiny
5644,2026-01-31,shiny
3416,2026-02-01,shiny
6456,2026-02-02,shiny
9002,2026-02-03,shiny
8191,2026-02-04,shiny
8258,2026-02-05,shiny
7909,2026-02-06,shiny
3648,2026-02-07,shiny
3963,2026-02-08,shiny
6344,2026-02-09,shiny
9488,2026-02-10,shiny
7371,2026-02-11,shiny
9174,2026-02-12,shiny
9262,2026-02-13,shiny
4861,2026-02-14,shiny
5150,2026-02-15,shiny
8740,2026-02-16,shiny
12091,2026-02-17,shiny
13527,2026-02-18,shiny
11600,2026-02-19,shiny
12082,2026-02-20,shiny
6266,2026-02-21,shiny
5742,2026-02-22,shiny
11756,2026-02-23,shiny
11949,2026-02-24,shiny
10829,2026-02-25,shiny
10977,2026-02-26,shiny
10523,2026-02-27,shiny
5802,2026-02-28,shiny
5090,2026-03-01,shiny
11680,2026-03-02,shiny
11299,2026-03-03,shiny
10796,2026-03-04,shiny
10472,2026-03-05,shiny
11551,2026-03-06,shiny
5997,2026-03-07,shiny
6597,2026-03-08,shiny
11673,2026-03-09,shiny
13056,2026-03-10,shiny
11459,2026-03-11,shiny
13240,2026-03-12,shiny
13356,2026-03-13,shiny
6649,2026-03-14,shiny
4893,2026-03-15,shiny
13070,2026-03-16,shiny
13214,2026-03-17,shiny
14613,2026-03-18,shiny
16640,2026-03-19,shiny
13123,2026-03-20,shiny
6673,2026-03-21,shiny
8988,2026-03-22,shiny
13762,2026-03-23,shiny
11824,2026-03-24,shiny
13978,2026-03-25,shiny
15799,2026-03-26,shiny
11531,2026-03-27,shiny
6187,2026-03-28,shiny
5527,2026-03-29,shiny
11827,2026-03-30,shiny
16554,2026-03-31,shiny
14251,2026-04-01,shiny
13572,2026-04-02,shiny
11671,2026-04-03,shiny
6145,2026-04-04,shiny
5910,2026-04-05,shiny
10123,2026-04-06,shiny
12524,2026-04-07,shiny
13485,2026-04-08,shiny
13851,2026-04-09,shiny
15613,2026-04-10,shiny
6605,2026-04-11,shiny
6981,2026-04-12,shiny
13742,2026-04-13,shiny
12171,2026-04-14,shiny
13060,2026-04-15,shiny
13183,2026-04-16,shiny
11952,2026-04-17,shiny
5624,2026-04-18,shiny
4508,2026-04-19,shiny
8439,2026-04-20,shiny
10645,2026-04-21,shiny
12750,2026-04-22,shiny
10741,2026-04-23,shiny
9946,2026-04-24,shiny
3345,2026-04-25,shiny
3399,2026-04-26,shiny
9311,2026-04-27,shiny
12974,2026-04-28,shiny
11011,2026-04-29,shiny
10687,2026-04-30,shiny
8751,2026-05-01,shiny
3183,2026-05-02,shiny
2774,2026-05-03,shiny
7317,2026-05-04,shiny
9616,2026-05-05,shiny
10084,2026-05-06,shiny
9509,2026-05-07,shiny
10087,2026-05-08,shiny
2329,2026-05-09,shiny
2312,2026-05-10,shiny
9910,2026-05-11,shiny
12230,2026-05-12,shiny
9853,2026-05-13,shiny
9279,2026-05-14,shiny
10035,2026-05-15,shiny
4650,2026-05-16,shiny
2847,2026-05-17,shiny
8476,2026-05-18,shiny
8706,2026-05-19,shiny
10080,2026-05-20,shiny
11736,2026-05-21,shiny
10540,2026-05-22,shiny
3150,2026-05-23,shiny
2677,2026-05-24,shiny
3602,2026-05-25,shiny
8163,2026-05-26,shiny
8308,2026-05-27,shiny
9364,2026-05-28,shiny
9473,2026-05-29,shiny
2286,2026-05-30,shiny
2609,2026-05-31,shiny
10027,2026-06-01,shiny
10973,2026-06-02,shiny
9118,2026-06-03,shiny
8852,2026-06-04,shiny
7881,2026-06-05,shiny
3543,2026-06-06,shiny
3964,2026-06-07,shiny
8727,2026-06-08,shiny
11890,2026-06-09,shiny
12789,2026-06-10,shiny
11598,2026-06-11,shiny
11421,2026-06-12,shiny
4208,2026-06-13,shiny
2741,2026-06-14,shiny
8358,2026-06-15,shiny
11306,2026-06-16,shiny
10473,2026-06-17,shiny
10061,2026-06-18,shiny
6423,2026-06-19,shiny
2829,2026-06-20,shiny
2694,2026-06-21,shiny
9677,2026-06-22,shiny
10583,2026-06-23,shiny
10787,2026-06-24,shiny
9885,2026-06-25,shiny
9656,2026-06-26,shiny
2867,2026-06-27,shiny
3589,2026-06-28,shiny
996,2023-10-25,siuba
1240,2023-10-26,siuba
990,2023-10-27,siuba
326,2023-10-28,siuba
344,2023-10-29,siuba
784,2023-10-30,siuba
865,2023-10-31,siuba
1213,2023-11-01,siuba
680,2023-11-02,siuba
699,2023-11-03,siuba
307,2023-11-04,siuba
375,2023-11-05,siuba
945,2023-11-06,siuba
960,2023-11-07,siuba
748,2023-11-08,siuba
737,2023-11-09,siuba
830,2023-11-10,siuba
261,2023-11-11,siuba
332,2023-11-12,siuba
849,2023-11-13,siuba
735,2023-11-14,siuba
915,2023-11-15,siuba
774,2023-11-16,siuba
1000,2023-11-17,siuba
291,2023-11-18,siuba
313,2023-11-19,siuba
830,2023-11-20,siuba
571,2023-11-21,siuba
776,2023-11-22,siuba
540,2023-11-23,siuba
376,2023-11-24,siuba
343,2023-11-25,siuba
381,2023-11-26,siuba
875,2023-11-27,siuba
790,2023-11-28,siuba
1090,2023-11-29,siuba
854,2023-11-30,siuba
857,2023-12-01,siuba
349,2023-12-02,siuba
396,2023-12-03,siuba
791,2023-12-04,siuba
865,2023-12-05,siuba
1080,2023-12-06,siuba
1140,2023-12-07,siuba
994,2023-12-08,siuba
311,2023-12-09,siuba
514,2023-12-10,siuba
712,2023-12-11,siuba
844,2023-12-12,siuba
812,2023-12-13,siuba
834,2023-12-14,siuba
718,2023-12-15,siuba
344,2023-12-16,siuba
416,2023-12-17,siuba
615,2023-12-18,siuba
780,2023-12-19,siuba
999,2023-12-20,siuba
578,2023-12-21,siuba
634,2023-12-22,siuba
320,2023-12-23,siuba
390,2023-12-24,siuba
331,2023-12-25,siuba
541,2023-12-26,siuba
608,2023-12-27,siuba
563,2023-12-28,siuba
646,2023-12-29,siuba
312,2023-12-30,siuba
410,2023-12-31,siuba
409,2024-01-01,siuba
880,2024-01-02,siuba
840,2024-01-03,siuba
654,2024-01-04,siuba
606,2024-01-05,siuba
312,2024-01-06,siuba
426,2024-01-07,siuba
465,2024-01-08,siuba
738,2024-01-09,siuba
840,2024-01-10,siuba
956,2024-01-11,siuba
959,2024-01-12,siuba
354,2024-01-13,siuba
463,2024-01-14,siuba
959,2024-01-15,siuba
790,2024-01-16,siuba
790,2024-01-17,siuba
1186,2024-01-18,siuba
1465,2024-01-19,siuba
825,2024-01-20,siuba
791,2024-01-21,siuba
1370,2024-01-22,siuba
962,2024-01-23,siuba
1034,2024-01-24,siuba
845,2024-01-25,siuba
824,2024-01-26,siuba
229,2024-01-27,siuba
378,2024-01-28,siuba
834,2024-01-29,siuba
1055,2024-01-30,siuba
1117,2024-01-31,siuba
831,2024-02-01,siuba
789,2024-02-02,siuba
436,2024-02-03,siuba
394,2024-02-04,siuba
806,2024-02-05,siuba
812,2024-02-06,siuba
861,2024-02-07,siuba
1034,2024-02-08,siuba
672,2024-02-09,siuba
423,2024-02-10,siuba
475,2024-02-11,siuba
1077,2024-02-12,siuba
1161,2024-02-13,siuba
910,2024-02-14,siuba
1438,2024-02-15,siuba
1613,2024-02-16,siuba
336,2024-02-17,siuba
365,2024-02-18,siuba
989,2024-02-19,siuba
1467,2024-02-20,siuba
953,2024-02-21,siuba
1184,2024-02-22,siuba
1933,2024-02-23,siuba
363,2024-02-24,siuba
353,2024-02-25,siuba
936,2024-02-26,siuba
1590,2024-02-27,siuba
1075,2024-02-28,siuba
911,2024-02-29,siuba
1097,2024-03-01,siuba
374,2024-03-02,siuba
394,2024-03-03,siuba
1254,2024-03-04,siuba
1298,2024-03-05,siuba
1538,2024-03-06,siuba
1171,2024-03-07,siuba
1109,2024-03-08,siuba
318,2024-03-09,siuba
389,2024-03-10,siuba
749,2024-03-11,siuba
1150,2024-03-12,siuba
1234,2024-03-13,siuba
1099,2024-03-14,siuba
1371,2024-03-15,siuba
453,2024-03-16,siuba
623,2024-03-17,siuba
1515,2024-03-18,siuba
907,2024-03-19,siuba
1419,2024-03-20,siuba
2997,2024-03-21,siuba
2518,2024-03-22,siuba
587,2024-03-23,siuba
587,2024-03-24,siuba
2447,2024-03-25,siuba
3620,2024-03-26,siuba
3271,2024-03-27,siuba
2682,2024-03-28,siuba
2237,2024-03-29,siuba
497,2024-03-30,siuba
430,2024-03-31,siuba
3064,2024-04-01,siuba
3638,2024-04-02,siuba
2657,2024-04-03,siuba
2843,2024-04-04,siuba
2345,2024-04-05,siuba
625,2024-04-06,siuba
397,2024-04-07,siuba
1887,2024-04-08,siuba
2548,2024-04-09,siuba
2767,2024-04-10,siuba
4050,2024-04-11,siuba
3432,2024-04-12,siuba
756,2024-04-13,siuba
529,2024-04-14,siuba
2522,2024-04-15,siuba
2234,2024-04-16,siuba
2548,2024-04-17,siuba
2471,2024-04-18,siuba
2400,2024-04-19,siuba
410,2024-04-20,siuba
335,2024-04-21,siuba
2939,2024-04-22,siuba
3192,2024-04-23,siuba
2758,2024-04-24,siuba
3227,2024-04-25,siuba
2357,2024-04-26,siuba
419,2024-04-27,siuba
306,2024-04-28,siuba
3048,2024-04-29,siuba
3484,2024-04-30,siuba
3203,2024-05-01,siuba
2214,2024-05-02,siuba
2811,2024-05-03,siuba
562,2024-05-04,siuba
492,2024-05-05,siuba
3015,2024-05-06,siuba
4186,2024-05-07,siuba
2735,2024-05-08,siuba
3444,2024-05-09,siuba
2684,2024-05-10,siuba
355,2024-05-11,siuba
436,2024-05-12,siuba
2658,2024-05-13,siuba
2600,2024-05-14,siuba
2889,2024-05-15,siuba
2771,2024-05-16,siuba
3647,2024-05-17,siuba
479,2024-05-18,siuba
470,2024-05-19,siuba
2536,2024-05-20,siuba
2709,2024-05-21,siuba
2718,2024-05-22,siuba
2681,2024-05-23,siuba
2669,2024-05-24,siuba
390,2024-05-25,siuba
401,2024-05-26,siuba
762,2024-05-27,siuba
2081,2024-05-28,siuba
2158,2024-05-29,siuba
1837,2024-05-30,siuba
2339,2024-05-31,siuba
590,2024-06-01,siuba
434,2024-06-02,siuba
2884,2024-06-03,siuba
2699,2024-06-04,siuba
3199,2024-06-05,siuba
2391,2024-06-06,siuba
1893,2024-06-07,siuba
820,2024-06-08,siuba
477,2024-06-09,siuba
1962,2024-06-10,siuba
2343,2024-06-11,siuba
2964,2024-06-12,siuba
2876,2024-06-13,siuba
1026,2024-06-14,siuba
324,2024-06-15,siuba
385,2024-06-16,siuba
780,2024-06-17,siuba
999,2024-06-18,siuba
1163,2024-06-19,siuba
1087,2024-06-20,siuba
915,2024-06-21,siuba
309,2024-06-22,siuba
401,2024-06-23,siuba
1159,2024-06-24,siuba
1039,2024-06-25,siuba
1119,2024-06-26,siuba
1249,2024-06-27,siuba
904,2024-06-28,siuba
435,2024-06-29,siuba
355,2024-06-30,siuba
1156,2024-07-01,siuba
1511,2024-07-02,siuba
1261,2024-07-03,siuba
907,2024-07-04,siuba
1076,2024-07-05,siuba
331,2024-07-06,siuba
290,2024-07-07,siuba
1170,2024-07-08,siuba
978,2024-07-09,siuba
878,2024-07-10,siuba
1099,2024-07-11,siuba
969,2024-07-12,siuba
392,2024-07-13,siuba
452,2024-07-14,siuba
943,2024-07-15,siuba
1042,2024-07-16,siuba
1027,2024-07-17,siuba
1548,2024-07-18,siuba
1166,2024-07-19,siuba
407,2024-07-20,siuba
375,2024-07-21,siuba
1396,2024-07-22,siuba
1002,2024-07-23,siuba
994,2024-07-24,siuba
1059,2024-07-25,siuba
1027,2024-07-26,siuba
388,2024-07-27,siuba
479,2024-07-28,siuba
940,2024-07-29,siuba
1083,2024-07-30,siuba
1174,2024-07-31,siuba
1541,2024-08-01,siuba
1275,2024-08-02,siuba
429,2024-08-03,siuba
373,2024-08-04,siuba
785,2024-08-05,siuba
1177,2024-08-06,siuba
1244,2024-08-07,siuba
1016,2024-08-08,siuba
848,2024-08-09,siuba
404,2024-08-10,siuba
376,2024-08-11,siuba
994,2024-08-12,siuba
1021,2024-08-13,siuba
1111,2024-08-14,siuba
985,2024-08-15,siuba
1162,2024-08-16,siuba
407,2024-08-17,siuba
466,2024-08-18,siuba
699,2024-08-19,siuba
944,2024-08-20,siuba
1034,2024-08-21,siuba
1026,2024-08-22,siuba
1217,2024-08-23,siuba
395,2024-08-24,siuba
486,2024-08-25,siuba
950,2024-08-26,siuba
1266,2024-08-27,siuba
1318,2024-08-28,siuba
1035,2024-08-29,siuba
1223,2024-08-30,siuba
421,2024-08-31,siuba
554,2024-09-01,siuba
962,2024-09-02,siuba
990,2024-09-03,siuba
968,2024-09-04,siuba
1019,2024-09-05,siuba
830,2024-09-06,siuba
559,2024-09-07,siuba
475,2024-09-08,siuba
1032,2024-09-09,siuba
1221,2024-09-10,siuba
1139,2024-09-11,siuba
1105,2024-09-12,siuba
1071,2024-09-13,siuba
527,2024-09-14,siuba
571,2024-09-15,siuba
874,2024-09-16,siuba
851,2024-09-17,siuba
983,2024-09-18,siuba
812,2024-09-19,siuba
831,2024-09-20,siuba
372,2024-09-21,siuba
490,2024-09-22,siuba
999,2024-09-23,siuba
1030,2024-09-24,siuba
1018,2024-09-25,siuba
1058,2024-09-26,siuba
855,2024-09-27,siuba
435,2024-09-28,siuba
557,2024-09-29,siuba
1042,2024-09-30,siuba
994,2024-10-01,siuba
966,2024-10-02,siuba
1153,2024-10-03,siuba
1075,2024-10-04,siuba
371,2024-10-05,siuba
508,2024-10-06,siuba
1107,2024-10-07,siuba
1215,2024-10-08,siuba
1311,2024-10-09,siuba
1178,2024-10-10,siuba
1482,2024-10-11,siuba
352,2024-10-12,siuba
474,2024-10-13,siuba
1368,2024-10-14,siuba
1592,2024-10-15,siuba
1108,2024-10-16,siuba
1150,2024-10-17,siuba
1021,2024-10-18,siuba
635,2024-10-19,siuba
578,2024-10-20,siuba
1194,2024-10-21,siuba
1443,2024-10-22,siuba
1326,2024-10-23,siuba
946,2024-10-24,siuba
1151,2024-10-25,siuba
361,2024-10-26,siuba
466,2024-10-27,siuba
693,2024-10-28,siuba
825,2024-10-29,siuba
1243,2024-10-30,siuba
1067,2024-10-31,siuba
1059,2024-11-01,siuba
485,2024-11-02,siuba
550,2024-11-03,siuba
1275,2024-11-04,siuba
850,2024-11-05,siuba
1121,2024-11-06,siuba
927,2024-11-07,siuba
731,2024-11-08,siuba
482,2024-11-09,siuba
474,2024-11-10,siuba
1136,2024-11-11,siuba
1076,2024-11-12,siuba
952,2024-11-13,siuba
1032,2024-11-14,siuba
805,2024-11-15,siuba
458,2024-11-16,siuba
470,2024-11-17,siuba
1000,2024-11-18,siuba
1070,2024-11-19,siuba
997,2024-11-20,siuba
863,2024-11-21,siuba
923,2024-11-22,siuba
401,2024-11-23,siuba
478,2024-11-24,siuba
1191,2024-11-25,siuba
1079,2024-11-26,siuba
840,2024-11-27,siuba
773,2024-11-28,siuba
843,2024-11-29,siuba
323,2024-11-30,siuba
435,2024-12-01,siuba
846,2024-12-02,siuba
978,2024-12-03,siuba
1066,2024-12-04,siuba
1013,2024-12-05,siuba
899,2024-12-06,siuba
345,2024-12-07,siuba
536,2024-12-08,siuba
971,2024-12-09,siuba
1156,2024-12-10,siuba
1152,2024-12-11,siuba
1226,2024-12-12,siuba
947,2024-12-13,siuba
489,2024-12-14,siuba
488,2024-12-15,siuba
965,2024-12-16,siuba
1203,2024-12-17,siuba
1292,2024-12-18,siuba
1002,2024-12-19,siuba
827,2024-12-20,siuba
408,2024-12-21,siuba
364,2024-12-22,siuba
878,2024-12-23,siuba
442,2024-12-24,siuba
374,2024-12-25,siuba
580,2024-12-26,siuba
609,2024-12-27,siuba
352,2024-12-28,siuba
435,2024-12-29,siuba
873,2024-12-30,siuba
1008,2024-12-31,siuba
475,2025-01-01,siuba
921,2025-01-02,siuba
1015,2025-01-03,siuba
316,2025-01-04,siuba
522,2025-01-05,siuba
1228,2025-01-06,siuba
1195,2025-01-07,siuba
1277,2025-01-08,siuba
1274,2025-01-09,siuba
1102,2025-01-10,siuba
478,2025-01-11,siuba
596,2025-01-12,siuba
1305,2025-01-13,siuba
1148,2025-01-14,siuba
1467,2025-01-15,siuba
1130,2025-01-16,siuba
1178,2025-01-17,siuba
409,2025-01-18,siuba
431,2025-01-19,siuba
1199,2025-01-20,siuba
1163,2025-01-21,siuba
1020,2025-01-22,siuba
1183,2025-01-23,siuba
976,2025-01-24,siuba
329,2025-01-25,siuba
425,2025-01-26,siuba
935,2025-01-27,siuba
1088,2025-01-28,siuba
1105,2025-01-29,siuba
1532,2025-01-30,siuba
922,2025-01-31,siuba
357,2025-02-01,siuba
462,2025-02-02,siuba
941,2025-02-03,siuba
931,2025-02-04,siuba
1150,2025-02-05,siuba
927,2025-02-06,siuba
782,2025-02-07,siuba
456,2025-02-08,siuba
457,2025-02-09,siuba
1005,2025-02-10,siuba
1228,2025-02-11,siuba
1537,2025-02-12,siuba
1545,2025-02-13,siuba
1115,2025-02-14,siuba
340,2025-02-15,siuba
453,2025-02-16,siuba
1161,2025-02-17,siuba
1636,2025-02-18,siuba
1187,2025-02-19,siuba
1242,2025-02-20,siuba
1175,2025-02-21,siuba
383,2025-02-22,siuba
479,2025-02-23,siuba
1114,2025-02-24,siuba
2088,2025-02-25,siuba
1333,2025-02-26,siuba
1276,2025-02-27,siuba
1210,2025-02-28,siuba
460,2025-03-01,siuba
693,2025-03-02,siuba
1286,2025-03-03,siuba
1044,2025-03-04,siuba
1628,2025-03-05,siuba
1026,2025-03-06,siuba
1023,2025-03-07,siuba
385,2025-03-08,siuba
583,2025-03-09,siuba
954,2025-03-10,siuba
851,2025-03-11,siuba
1035,2025-03-12,siuba
987,2025-03-13,siuba
687,2025-03-14,siuba
260,2025-03-15,siuba
375,2025-03-16,siuba
934,2025-03-17,siuba
770,2025-03-18,siuba
981,2025-03-19,siuba
668,2025-03-20,siuba
619,2025-03-21,siuba
197,2025-03-22,siuba
175,2025-03-23,siuba
531,2025-03-24,siuba
678,2025-03-25,siuba
558,2025-03-26,siuba
610,2025-03-27,siuba
570,2025-03-28,siuba
198,2025-03-29,siuba
242,2025-03-30,siuba
596,2025-03-31,siuba
726,2025-04-01,siuba
658,2025-04-02,siuba
650,2025-04-03,siuba
638,2025-04-04,siuba
221,2025-04-05,siuba
248,2025-04-06,siuba
475,2025-04-07,siuba
508,2025-04-08,siuba
544,2025-04-09,siuba
772,2025-04-10,siuba
611,2025-04-11,siuba
249,2025-04-12,siuba
236,2025-04-13,siuba
483,2025-04-14,siuba
667,2025-04-15,siuba
565,2025-04-16,siuba
590,2025-04-17,siuba
302,2025-04-18,siuba
148,2025-04-19,siuba
263,2025-04-20,siuba
240,2025-04-21,siuba
605,2025-04-22,siuba
717,2025-04-23,siuba
737,2025-04-24,siuba
515,2025-04-25,siuba
281,2025-04-26,siuba
222,2025-04-27,siuba
564,2025-04-28,siuba
695,2025-04-29,siuba
513,2025-04-30,siuba
682,2025-05-01,siuba
527,2025-05-02,siuba
227,2025-05-03,siuba
166,2025-05-04,siuba
374,2025-05-05,siuba
590,2025-05-06,siuba
561,2025-05-07,siuba
467,2025-05-08,siuba
547,2025-05-09,siuba
168,2025-05-10,siuba
146,2025-05-11,siuba
446,2025-05-12,siuba
466,2025-05-13,siuba
505,2025-05-14,siuba
546,2025-05-15,siuba
504,2025-05-16,siuba
174,2025-05-17,siuba
151,2025-05-18,siuba
468,2025-05-19,siuba
589,2025-05-20,siuba
460,2025-05-21,siuba
629,2025-05-22,siuba
568,2025-05-23,siuba
186,2025-05-24,siuba
163,2025-05-25,siuba
395,2025-05-26,siuba
548,2025-05-27,siuba
495,2025-05-28,siuba
551,2025-05-29,siuba
596,2025-05-30,siuba
179,2025-05-31,siuba
161,2025-06-01,siuba
324,2025-06-02,siuba
588,2025-06-03,siuba
661,2025-06-04,siuba
555,2025-06-05,siuba
518,2025-06-06,siuba
155,2025-06-07,siuba
176,2025-06-08,siuba
573,2025-06-09,siuba
702,2025-06-10,siuba
826,2025-06-11,siuba
598,2025-06-12,siuba
649,2025-06-13,siuba
186,2025-06-14,siuba
151,2025-06-15,siuba
586,2025-06-16,siuba
735,2025-06-17,siuba
631,2025-06-18,siuba
535,2025-06-19,siuba
645,2025-06-20,siuba
176,2025-06-21,siuba
170,2025-06-22,siuba
831,2025-06-23,siuba
710,2025-06-24,siuba
715,2025-06-25,siuba
707,2025-06-26,siuba
668,2025-06-27,siuba
188,2025-06-28,siuba
165,2025-06-29,siuba
581,2025-06-30,siuba
617,2025-07-01,siuba
588,2025-07-02,siuba
665,2025-07-03,siuba
382,2025-07-04,siuba
143,2025-07-05,siuba
174,2025-07-06,siuba
645,2025-07-07,siuba
612,2025-07-08,siuba
778,2025-07-09,siuba
757,2025-07-10,siuba
529,2025-07-11,siuba
186,2025-07-12,siuba
168,2025-07-13,siuba
602,2025-07-14,siuba
596,2025-07-15,siuba
673,2025-07-16,siuba
604,2025-07-17,siuba
575,2025-07-18,siuba
161,2025-07-19,siuba
179,2025-07-20,siuba
708,2025-07-21,siuba
680,2025-07-22,siuba
617,2025-07-23,siuba
451,2025-07-24,siuba
392,2025-07-25,siuba
155,2025-07-26,siuba
149,2025-07-27,siuba
430,2025-07-28,siuba
490,2025-07-29,siuba
457,2025-07-30,siuba
438,2025-07-31,siuba
550,2025-08-01,siuba
148,2025-08-02,siuba
138,2025-08-03,siuba
349,2025-08-04,siuba
507,2025-08-05,siuba
435,2025-08-06,siuba
486,2025-08-07,siuba
397,2025-08-08,siuba
168,2025-08-09,siuba
140,2025-08-10,siuba
432,2025-08-11,siuba
554,2025-08-12,siuba
342,2025-08-13,siuba
558,2025-08-14,siuba
388,2025-08-15,siuba
134,2025-08-16,siuba
168,2025-08-17,siuba
511,2025-08-18,siuba
449,2025-08-19,siuba
519,2025-08-20,siuba
466,2025-08-21,siuba
480,2025-08-22,siuba
149,2025-08-23,siuba
195,2025-08-24,siuba
394,2025-08-25,siuba
605,2025-08-26,siuba
476,2025-08-27,siuba
608,2025-08-28,siuba
479,2025-08-29,siuba
139,2025-08-30,siuba
152,2025-08-31,siuba
446,2025-09-01,siuba
606,2025-09-02,siuba
502,2025-09-03,siuba
485,2025-09-04,siuba
416,2025-09-05,siuba
184,2025-09-06,siuba
200,2025-09-07,siuba
510,2025-09-08,siuba
522,2025-09-09,siuba
547,2025-09-10,siuba
470,2025-09-11,siuba
479,2025-09-12,siuba
141,2025-09-13,siuba
153,2025-09-14,siuba
499,2025-09-15,siuba
740,2025-09-16,siuba
617,2025-09-17,siuba
549,2025-09-18,siuba
546,2025-09-19,siuba
230,2025-09-20,siuba
311,2025-09-21,siuba
688,2025-09-22,siuba
765,2025-09-23,siuba
921,2025-09-24,siuba
643,2025-09-25,siuba
486,2025-09-26,siuba
218,2025-09-27,siuba
232,2025-09-28,siuba
623,2025-09-29,siuba
655,2025-09-30,siuba
528,2025-10-01,siuba
575,2025-10-02,siuba
667,2025-10-03,siuba
233,2025-10-04,siuba
240,2025-10-05,siuba
655,2025-10-06,siuba
578,2025-10-07,siuba
567,2025-10-08,siuba
469,2025-10-09,siuba
529,2025-10-10,siuba
173,2025-10-11,siuba
145,2025-10-12,siuba
557,2025-10-13,siuba
642,2025-10-14,siuba
504,2025-10-15,siuba
510,2025-10-16,siuba
643,2025-10-17,siuba
179,2025-10-18,siuba
263,2025-10-19,siuba
436,2025-10-20,siuba
527,2025-10-21,siuba
602,2025-10-22,siuba
620,2025-10-23,siuba
459,2025-10-24,siuba
150,2025-10-25,siuba
192,2025-10-26,siuba
417,2025-10-27,siuba
576,2025-10-28,siuba
570,2025-10-29,siuba
581,2025-10-30,siuba
496,2025-10-31,siuba
336,2025-11-01,siuba
254,2025-11-02,siuba
589,2025-11-03,siuba
670,2025-11-04,siuba
626,2025-11-05,siuba
556,2025-11-06,siuba
588,2025-11-07,siuba
326,2025-11-08,siuba
305,2025-11-09,siuba
573,2025-11-10,siuba
573,2025-11-11,siuba
670,2025-11-12,siuba
667,2025-11-13,siuba
480,2025-11-14,siuba
406,2025-11-15,siuba
546,2025-11-16,siuba
721,2025-11-17,siuba
491,2025-11-18,siuba
546,2025-11-19,siuba
643,2025-11-20,siuba
554,2025-11-21,siuba
223,2025-11-22,siuba
201,2025-11-23,siuba
648,2025-11-24,siuba
563,2025-11-25,siuba
590,2025-11-26,siuba
435,2025-11-27,siuba
401,2025-11-28,siuba
163,2025-11-29,siuba
164,2025-11-30,siuba
533,2025-12-01,siuba
489,2025-12-02,siuba
672,2025-12-03,siuba
629,2025-12-04,siuba
587,2025-12-05,siuba
217,2025-12-06,siuba
368,2025-12-07,siuba
545,2025-12-08,siuba
588,2025-12-09,siuba
686,2025-12-10,siuba
678,2025-12-11,siuba
473,2025-12-12,siuba
171,2025-12-13,siuba
214,2025-12-14,siuba
555,2025-12-15,siuba
540,2025-12-16,siuba
665,2025-12-17,siuba
512,2025-12-18,siuba
520,2025-12-19,siuba
135,2025-12-20,siuba
137,2025-12-21,siuba
353,2025-12-22,siuba
353,2025-12-23,siuba
198,2025-12-24,siuba
226,2025-12-25,siuba
205,2025-12-26,siuba
120,2025-12-27,siuba
145,2025-12-28,siuba
250,2025-12-29,siuba
282,2025-12-30,siuba
230,2025-12-31,siuba
219,2026-01-01,siuba
289,2026-01-02,siuba
157,2026-01-03,siuba
142,2026-01-04,siuba
499,2026-01-05,siuba
655,2026-01-06,siuba
510,2026-01-07,siuba
593,2026-01-08,siuba
555,2026-01-09,siuba
258,2026-01-10,siuba
144,2026-01-11,siuba
519,2026-01-12,siuba
593,2026-01-13,siuba
535,2026-01-14,siuba
571,2026-01-15,siuba
443,2026-01-16,siuba
248,2026-01-17,siuba
214,2026-01-18,siuba
454,2026-01-19,siuba
620,2026-01-20,siuba
573,2026-01-21,siuba
663,2026-01-22,siuba
526,2026-01-23,siuba
171,2026-01-24,siuba
170,2026-01-25,siuba
542,2026-01-26,siuba
680,2026-01-27,siuba
580,2026-01-28,siuba
696,2026-01-29,siuba
495,2026-01-30,siuba
232,2026-01-31,siuba
182,2026-02-01,siuba
463,2026-02-02,siuba
712,2026-02-03,siuba
651,2026-02-04,siuba
605,2026-02-05,siuba
612,2026-02-06,siuba
180,2026-02-07,siuba
196,2026-02-08,siuba
689,2026-02-09,siuba
752,2026-02-10,siuba
715,2026-02-11,siuba
637,2026-02-12,siuba
627,2026-02-13,siuba
191,2026-02-14,siuba
300,2026-02-15,siuba
614,2026-02-16,siuba
623,2026-02-17,siuba
813,2026-02-18,siuba
804,2026-02-19,siuba
650,2026-02-20,siuba
217,2026-02-21,siuba
183,2026-02-22,siuba
860,2026-02-23,siuba
746,2026-02-24,siuba
720,2026-02-25,siuba
815,2026-02-26,siuba
630,2026-02-27,siuba
226,2026-02-28,siuba
356,2026-03-01,siuba
672,2026-03-02,siuba
801,2026-03-03,siuba
792,2026-03-04,siuba
923,2026-03-05,siuba
863,2026-03-06,siuba
374,2026-03-07,siuba
278,2026-03-08,siuba
807,2026-03-09,siuba
895,2026-03-10,siuba
873,2026-03-11,siuba
870,2026-03-12,siuba
823,2026-03-13,siuba
286,2026-03-14,siuba
236,2026-03-15,siuba
890,2026-03-16,siuba
743,2026-03-17,siuba
843,2026-03-18,siuba
890,2026-03-19,siuba
755,2026-03-20,siuba
284,2026-03-21,siuba
314,2026-03-22,siuba
775,2026-03-23,siuba
765,2026-03-24,siuba
881,2026-03-25,siuba
945,2026-03-26,siuba
894,2026-03-27,siuba
182,2026-03-28,siuba
297,2026-03-29,siuba
796,2026-03-30,siuba
930,2026-03-31,siuba
988,2026-04-01,siuba
815,2026-04-02,siuba
439,2026-04-03,siuba
173,2026-04-04,siuba
186,2026-04-05,siuba
492,2026-04-06,siuba
652,2026-04-07,siuba
827,2026-04-08,siuba
683,2026-04-09,siuba
834,2026-04-10,siuba
250,2026-04-11,siuba
251,2026-04-12,siuba
686,2026-04-13,siuba
798,2026-04-14,siuba
662,2026-04-15,siuba
697,2026-04-16,siuba
427,2026-04-17,siuba
247,2026-04-18,siuba
265,2026-04-19,siuba
377,2026-04-20,siuba
436,2026-04-21,siuba
581,2026-04-22,siuba
490,2026-04-23,siuba
421,2026-04-24,siuba
345,2026-04-25,siuba
245,2026-04-26,siuba
391,2026-04-27,siuba
789,2026-04-28,siuba
408,2026-04-29,siuba
651,2026-04-30,siuba
458,2026-05-01,siuba
182,2026-05-02,siuba
249,2026-05-03,siuba
340,2026-05-04,siuba
379,2026-05-05,siuba
518,2026-05-06,siuba
450,2026-05-07,siuba
432,2026-05-08,siuba
220,2026-05-09,siuba
216,2026-05-10,siuba
436,2026-05-11,siuba
1044,2026-05-12,siuba
544,2026-05-13,siuba
544,2026-05-14,siuba
444,2026-05-15,siuba
314,2026-05-16,siuba
264,2026-05-17,siuba
345,2026-05-18,siuba
491,2026-05-19,siuba
514,2026-05-20,siuba
577,2026-05-21,siuba
473,2026-05-22,siuba
389,2026-05-23,siuba
291,2026-05-24,siuba
385,2026-05-25,siuba
402,2026-05-26,siuba
448,2026-05-27,siuba
455,2026-05-28,siuba
498,2026-05-29,siuba
176,2026-05-30,siuba
220,2026-05-31,siuba
435,2026-06-01,siuba
432,2026-06-02,siuba
410,2026-06-03,siuba
494,2026-06-04,siuba
434,2026-06-05,siuba
229,2026-06-06,siuba
216,2026-06-07,siuba
375,2026-06-08,siuba
430,2026-06-09,siuba
522,2026-06-10,siuba
485,2026-06-11,siuba
531,2026-06-12,siuba
327,2026-06-13,siuba
271,2026-06-14,siuba
395,2026-06-15,siuba
449,2026-06-16,siuba
451,2026-06-17,siuba
479,2026-06-18,siuba
392,2026-06-19,siuba
240,2026-06-20,siuba
240,2026-06-21,siuba
396,2026-06-22,siuba
409,2026-06-23,siuba
445,2026-06-24,siuba
398,2026-06-25,siuba
387,2026-06-26,siuba
222,2026-06-27,siuba
231,2026-06-28,siuba
10,2023-10-25,vetiver
31,2023-10-26,vetiver
169,2023-10-27,vetiver
1,2023-10-29,vetiver
17,2023-10-30,vetiver
5,2023-10-31,vetiver
7,2023-11-01,vetiver
8,2023-11-02,vetiver
6,2023-11-03,vetiver
1,2023-11-04,vetiver
3,2023-11-05,vetiver
12,2023-11-06,vetiver
27,2023-11-07,vetiver
5,2023-11-08,vetiver
6,2023-11-09,vetiver
16,2023-11-10,vetiver
2,2023-11-12,vetiver
33,2023-11-13,vetiver
11,2023-11-14,vetiver
32,2023-11-15,vetiver
13,2023-11-16,vetiver
2,2023-11-17,vetiver
8,2023-11-18,vetiver
10,2023-11-20,vetiver
67,2023-11-21,vetiver
14,2023-11-22,vetiver
4,2023-11-23,vetiver
12,2023-11-24,vetiver
7,2023-11-25,vetiver
4,2023-11-26,vetiver
24,2023-11-27,vetiver
4,2023-11-28,vetiver
7,2023-11-29,vetiver
111,2023-11-30,vetiver
60,2023-12-01,vetiver
46,2023-12-04,vetiver
33,2023-12-05,vetiver
47,2023-12-06,vetiver
34,2023-12-07,vetiver
21,2023-12-08,vetiver
4,2023-12-09,vetiver
4,2023-12-10,vetiver
21,2023-12-11,vetiver
44,2023-12-12,vetiver
20,2023-12-13,vetiver
41,2023-12-14,vetiver
28,2023-12-15,vetiver
20,2023-12-16,vetiver
12,2023-12-17,vetiver
33,2023-12-18,vetiver
55,2023-12-19,vetiver
47,2023-12-20,vetiver
24,2023-12-21,vetiver
12,2023-12-22,vetiver
16,2023-12-23,vetiver
15,2023-12-24,vetiver
26,2023-12-25,vetiver
29,2023-12-26,vetiver
14,2023-12-27,vetiver
10,2023-12-28,vetiver
11,2023-12-29,vetiver
4,2023-12-30,vetiver
5,2023-12-31,vetiver
15,2024-01-01,vetiver
27,2024-01-02,vetiver
41,2024-01-03,vetiver
15,2024-01-04,vetiver
24,2024-01-05,vetiver
6,2024-01-06,vetiver
11,2024-01-07,vetiver
183,2024-01-08,vetiver
36,2024-01-09,vetiver
26,2024-01-10,vetiver
41,2024-01-11,vetiver
33,2024-01-12,vetiver
18,2024-01-13,vetiver
8,2024-01-14,vetiver
29,2024-01-15,vetiver
55,2024-01-16,vetiver
40,2024-01-17,vetiver
23,2024-01-18,vetiver
29,2024-01-19,vetiver
4,2024-01-20,vetiver
9,2024-01-21,vetiver
33,2024-01-22,vetiver
33,2024-01-23,vetiver
17,2024-01-24,vetiver
181,2024-01-25,vetiver
48,2024-01-26,vetiver
7,2024-01-27,vetiver
16,2024-01-28,vetiver
103,2024-01-29,vetiver
44,2024-01-30,vetiver
31,2024-01-31,vetiver
33,2024-02-01,vetiver
23,2024-02-02,vetiver
13,2024-02-03,vetiver
5,2024-02-04,vetiver
50,2024-02-05,vetiver
46,2024-02-06,vetiver
25,2024-02-07,vetiver
47,2024-02-08,vetiver
17,2024-02-09,vetiver
4,2024-02-10,vetiver
30,2024-02-11,vetiver
24,2024-02-12,vetiver
48,2024-02-13,vetiver
14,2024-02-14,vetiver
75,2024-02-15,vetiver
61,2024-02-16,vetiver
26,2024-02-17,vetiver
11,2024-02-18,vetiver
8,2024-02-19,vetiver
37,2024-02-20,vetiver
33,2024-02-21,vetiver
51,2024-02-22,vetiver
30,2024-02-23,vetiver
10,2024-02-24,vetiver
6,2024-02-25,vetiver
44,2024-02-26,vetiver
41,2024-02-27,vetiver
24,2024-02-28,vetiver
36,2024-02-29,vetiver
30,2024-03-01,vetiver
10,2024-03-02,vetiver
13,2024-03-03,vetiver
19,2024-03-04,vetiver
15,2024-03-05,vetiver
37,2024-03-06,vetiver
34,2024-03-07,vetiver
55,2024-03-08,vetiver
30,2024-03-09,vetiver
84,2024-03-10,vetiver
23,2024-03-11,vetiver
28,2024-03-12,vetiver
17,2024-03-13,vetiver
12,2024-03-14,vetiver
27,2024-03-15,vetiver
4,2024-03-16,vetiver
5,2024-03-17,vetiver
9,2024-03-18,vetiver
25,2024-03-19,vetiver
90,2024-03-20,vetiver
117,2024-03-21,vetiver
8,2024-03-22,vetiver
4,2024-03-23,vetiver
6,2024-03-24,vetiver
94,2024-03-25,vetiver
136,2024-03-26,vetiver
99,2024-03-27,vetiver
46,2024-03-28,vetiver
23,2024-03-29,vetiver
7,2024-03-30,vetiver
6,2024-03-31,vetiver
26,2024-04-01,vetiver
34,2024-04-02,vetiver
67,2024-04-03,vetiver
75,2024-04-04,vetiver
96,2024-04-05,vetiver
16,2024-04-06,vetiver
8,2024-04-07,vetiver
26,2024-04-08,vetiver
28,2024-04-09,vetiver
15,2024-04-10,vetiver
6,2024-04-11,vetiver
69,2024-04-12,vetiver
47,2024-04-13,vetiver
8,2024-04-14,vetiver
53,2024-04-15,vetiver
32,2024-04-16,vetiver
78,2024-04-17,vetiver
226,2024-04-18,vetiver
58,2024-04-19,vetiver
27,2024-04-20,vetiver
76,2024-04-21,vetiver
71,2024-04-22,vetiver
162,2024-04-23,vetiver
178,2024-04-24,vetiver
94,2024-04-25,vetiver
16,2024-04-26,vetiver
8,2024-04-27,vetiver
7,2024-04-28,vetiver
16,2024-04-29,vetiver
12,2024-04-30,vetiver
52,2024-05-01,vetiver
16,2024-05-02,vetiver
10,2024-05-03,vetiver
7,2024-05-04,vetiver
7,2024-05-05,vetiver
31,2024-05-06,vetiver
21,2024-05-07,vetiver
13,2024-05-08,vetiver
10,2024-05-09,vetiver
24,2024-05-10,vetiver
6,2024-05-11,vetiver
8,2024-05-12,vetiver
67,2024-05-13,vetiver
31,2024-05-14,vetiver
19,2024-05-15,vetiver
13,2024-05-16,vetiver
14,2024-05-17,vetiver
7,2024-05-18,vetiver
6,2024-05-19,vetiver
22,2024-05-20,vetiver
17,2024-05-21,vetiver
21,2024-05-22,vetiver
38,2024-05-23,vetiver
21,2024-05-24,vetiver
25,2024-05-25,vetiver
43,2024-05-26,vetiver
22,2024-05-27,vetiver
40,2024-05-28,vetiver
9,2024-05-29,vetiver
23,2024-05-30,vetiver
17,2024-05-31,vetiver
7,2024-06-01,vetiver
7,2024-06-02,vetiver
77,2024-06-03,vetiver
24,2024-06-04,vetiver
23,2024-06-05,vetiver
13,2024-06-06,vetiver
18,2024-06-07,vetiver
8,2024-06-08,vetiver
7,2024-06-09,vetiver
19,2024-06-10,vetiver
15,2024-06-11,vetiver
14,2024-06-12,vetiver
27,2024-06-13,vetiver
18,2024-06-14,vetiver
7,2024-06-15,vetiver
7,2024-06-16,vetiver
10,2024-06-17,vetiver
16,2024-06-18,vetiver
24,2024-06-19,vetiver
20,2024-06-20,vetiver
13,2024-06-21,vetiver
12,2024-06-22,vetiver
9,2024-06-23,vetiver
21,2024-06-24,vetiver
15,2024-06-25,vetiver
20,2024-06-26,vetiver
41,2024-06-27,vetiver
42,2024-06-28,vetiver
21,2024-06-29,vetiver
7,2024-06-30,vetiver
32,2024-07-01,vetiver
22,2024-07-02,vetiver
24,2024-07-03,vetiver
15,2024-07-04,vetiver
28,2024-07-05,vetiver
14,2024-07-06,vetiver
129,2024-07-07,vetiver
15,2024-07-08,vetiver
17,2024-07-09,vetiver
12,2024-07-10,vetiver
15,2024-07-11,vetiver
9,2024-07-12,vetiver
13,2024-07-13,vetiver
7,2024-07-14,vetiver
25,2024-07-15,vetiver
32,2024-07-16,vetiver
27,2024-07-17,vetiver
21,2024-07-18,vetiver
21,2024-07-19,vetiver
29,2024-07-20,vetiver
13,2024-07-21,vetiver
33,2024-07-22,vetiver
29,2024-07-23,vetiver
68,2024-07-24,vetiver
18,2024-07-25,vetiver
18,2024-07-26,vetiver
11,2024-07-27,vetiver
7,2024-07-28,vetiver
21,2024-07-29,vetiver
25,2024-07-30,vetiver
34,2024-07-31,vetiver
30,2024-08-01,vetiver
14,2024-08-02,vetiver
11,2024-08-03,vetiver
9,2024-08-04,vetiver
19,2024-08-05,vetiver
24,2024-08-06,vetiver
78,2024-08-07,vetiver
43,2024-08-08,vetiver
31,2024-08-09,vetiver
25,2024-08-10,vetiver
21,2024-08-11,vetiver
48,2024-08-12,vetiver
8,2024-08-13,vetiver
25,2024-08-14,vetiver
17,2024-08-15,vetiver
15,2024-08-16,vetiver
40,2024-08-17,vetiver
10,2024-08-18,vetiver
7,2024-08-19,vetiver
6,2024-08-20,vetiver
36,2024-08-21,vetiver
12,2024-08-22,vetiver
19,2024-08-23,vetiver
10,2024-08-24,vetiver
26,2024-08-25,vetiver
32,2024-08-26,vetiver
80,2024-08-27,vetiver
29,2024-08-28,vetiver
21,2024-08-29,vetiver
27,2024-08-30,vetiver
24,2024-08-31,vetiver
7,2024-09-01,vetiver
15,2024-09-02,vetiver
21,2024-09-03,vetiver
23,2024-09-04,vetiver
15,2024-09-05,vetiver
98,2024-09-06,vetiver
43,2024-09-07,vetiver
40,2024-09-08,vetiver
112,2024-09-09,vetiver
124,2024-09-10,vetiver
119,2024-09-11,vetiver
134,2024-09-12,vetiver
137,2024-09-13,vetiver
22,2024-09-14,vetiver
21,2024-09-15,vetiver
98,2024-09-16,vetiver
89,2024-09-17,vetiver
98,2024-09-18,vetiver
119,2024-09-19,vetiver
115,2024-09-20,vetiver
12,2024-09-21,vetiver
9,2024-09-22,vetiver
93,2024-09-23,vetiver
77,2024-09-24,vetiver
124,2024-09-25,vetiver
195,2024-09-26,vetiver
152,2024-09-27,vetiver
21,2024-09-28,vetiver
11,2024-09-29,vetiver
182,2024-09-30,vetiver
230,2024-10-01,vetiver
106,2024-10-02,vetiver
55,2024-10-03,vetiver
168,2024-10-04,vetiver
12,2024-10-05,vetiver
53,2024-10-06,vetiver
276,2024-10-07,vetiver
246,2024-10-08,vetiver
198,2024-10-09,vetiver
224,2024-10-10,vetiver
223,2024-10-11,vetiver
24,2024-10-12,vetiver
20,2024-10-13,vetiver
112,2024-10-14,vetiver
73,2024-10-15,vetiver
85,2024-10-16,vetiver
99,2024-10-17,vetiver
90,2024-10-18,vetiver
44,2024-10-19,vetiver
69,2024-10-20,vetiver
183,2024-10-21,vetiver
232,2024-10-22,vetiver
216,2024-10-23,vetiver
259,2024-10-24,vetiver
111,2024-10-25,vetiver
8,2024-10-26,vetiver
7,2024-10-27,vetiver
68,2024-10-28,vetiver
146,2024-10-29,vetiver
128,2024-10-30,vetiver
168,2024-10-31,vetiver
125,2024-11-01,vetiver
50,2024-11-02,vetiver
42,2024-11-03,vetiver
70,2024-11-04,vetiver
124,2024-11-05,vetiver
99,2024-11-06,vetiver
208,2024-11-07,vetiver
260,2024-11-08,vetiver
81,2024-11-09,vetiver
65,2024-11-10,vetiver
165,2024-11-11,vetiver
303,2024-11-12,vetiver
178,2024-11-13,vetiver
236,2024-11-14,vetiver
163,2024-11-15,vetiver
12,2024-11-16,vetiver
7,2024-11-17,vetiver
202,2024-11-18,vetiver
273,2024-11-19,vetiver
197,2024-11-20,vetiver
140,2024-11-21,vetiver
191,2024-11-22,vetiver
59,2024-11-23,vetiver
8,2024-11-24,vetiver
150,2024-11-25,vetiver
180,2024-11-26,vetiver
154,2024-11-27,vetiver
85,2024-11-28,vetiver
28,2024-11-29,vetiver
11,2024-11-30,vetiver
6,2024-12-01,vetiver
62,2024-12-02,vetiver
117,2024-12-03,vetiver
159,2024-12-04,vetiver
126,2024-12-05,vetiver
98,2024-12-06,vetiver
33,2024-12-07,vetiver
59,2024-12-08,vetiver
277,2024-12-09,vetiver
197,2024-12-10,vetiver
157,2024-12-11,vetiver
153,2024-12-12,vetiver
141,2024-12-13,vetiver
67,2024-12-14,vetiver
6,2024-12-15,vetiver
120,2024-12-16,vetiver
251,2024-12-17,vetiver
214,2024-12-18,vetiver
158,2024-12-19,vetiver
155,2024-12-20,vetiver
20,2024-12-21,vetiver
7,2024-12-22,vetiver
26,2024-12-23,vetiver
27,2024-12-24,vetiver
18,2024-12-25,vetiver
20,2024-12-26,vetiver
22,2024-12-27,vetiver
12,2024-12-28,vetiver
18,2024-12-29,vetiver
36,2024-12-30,vetiver
59,2024-12-31,vetiver
18,2025-01-01,vetiver
75,2025-01-02,vetiver
77,2025-01-03,vetiver
11,2025-01-04,vetiver
10,2025-01-05,vetiver
120,2025-01-06,vetiver
128,2025-01-07,vetiver
142,2025-01-08,vetiver
193,2025-01-09,vetiver
242,2025-01-10,vetiver
90,2025-01-11,vetiver
120,2025-01-12,vetiver
121,2025-01-13,vetiver
135,2025-01-14,vetiver
233,2025-01-15,vetiver
122,2025-01-16,vetiver
172,2025-01-17,vetiver
43,2025-01-18,vetiver
22,2025-01-19,vetiver
23,2025-01-20,vetiver
126,2025-01-21,vetiver
147,2025-01-22,vetiver
239,2025-01-23,vetiver
139,2025-01-24,vetiver
20,2025-01-25,vetiver
15,2025-01-26,vetiver
159,2025-01-27,vetiver
141,2025-01-28,vetiver
105,2025-01-29,vetiver
129,2025-01-30,vetiver
236,2025-01-31,vetiver
32,2025-02-01,vetiver
8,2025-02-02,vetiver
21,2025-02-03,vetiver
35,2025-02-04,vetiver
55,2025-02-05,vetiver
54,2025-02-06,vetiver
69,2025-02-07,vetiver
34,2025-02-08,vetiver
26,2025-02-09,vetiver
97,2025-02-10,vetiver
145,2025-02-11,vetiver
124,2025-02-12,vetiver
148,2025-02-13,vetiver
138,2025-02-14,vetiver
31,2025-02-15,vetiver
39,2025-02-16,vetiver
45,2025-02-17,vetiver
152,2025-02-18,vetiver
225,2025-02-19,vetiver
141,2025-02-20,vetiver
213,2025-02-21,vetiver
71,2025-02-22,vetiver
24,2025-02-23,vetiver
138,2025-02-24,vetiver
206,2025-02-25,vetiver
230,2025-02-26,vetiver
272,2025-02-27,vetiver
221,2025-02-28,vetiver
72,2025-03-01,vetiver
12,2025-03-02,vetiver
86,2025-03-03,vetiver
187,2025-03-04,vetiver
201,2025-03-05,vetiver
151,2025-03-06,vetiver
168,2025-03-07,vetiver
37,2025-03-08,vetiver
29,2025-03-09,vetiver
162,2025-03-10,vetiver
166,2025-03-11,vetiver
192,2025-03-12,vetiver
170,2025-03-13,vetiver
153,2025-03-14,vetiver
61,2025-03-15,vetiver
20,2025-03-16,vetiver
139,2025-03-17,vetiver
249,2025-03-18,vetiver
263,2025-03-19,vetiver
226,2025-03-20,vetiver
254,2025-03-21,vetiver
67,2025-03-22,vetiver
45,2025-03-23,vetiver
207,2025-03-24,vetiver
258,2025-03-25,vetiver
179,2025-03-26,vetiver
208,2025-03-27,vetiver
129,2025-03-28,vetiver
52,2025-03-29,vetiver
55,2025-03-30,vetiver
80,2025-03-31,vetiver
159,2025-04-01,vetiver
208,2025-04-02,vetiver
142,2025-04-03,vetiver
222,2025-04-04,vetiver
17,2025-04-05,vetiver
36,2025-04-06,vetiver
199,2025-04-07,vetiver
144,2025-04-08,vetiver
98,2025-04-09,vetiver
105,2025-04-10,vetiver
156,2025-04-11,vetiver
44,2025-04-12,vetiver
40,2025-04-13,vetiver
139,2025-04-14,vetiver
95,2025-04-15,vetiver
89,2025-04-16,vetiver
117,2025-04-17,vetiver
124,2025-04-18,vetiver
21,2025-04-19,vetiver
41,2025-04-20,vetiver
51,2025-04-21,vetiver
106,2025-04-22,vetiver
52,2025-04-23,vetiver
65,2025-04-24,vetiver
213,2025-04-25,vetiver
74,2025-04-26,vetiver
30,2025-04-27,vetiver
168,2025-04-28,vetiver
224,2025-04-29,vetiver
172,2025-04-30,vetiver
199,2025-05-01,vetiver
193,2025-05-02,vetiver
27,2025-05-03,vetiver
24,2025-05-04,vetiver
104,2025-05-05,vetiver
79,2025-05-06,vetiver
38,2025-05-07,vetiver
120,2025-05-08,vetiver
78,2025-05-09,vetiver
21,2025-05-10,vetiver
24,2025-05-11,vetiver
108,2025-05-12,vetiver
207,2025-05-13,vetiver
170,2025-05-14,vetiver
247,2025-05-15,vetiver
152,2025-05-16,vetiver
36,2025-05-17,vetiver
18,2025-05-18,vetiver
137,2025-05-19,vetiver
197,2025-05-20,vetiver
231,2025-05-21,vetiver
242,2025-05-22,vetiver
182,2025-05-23,vetiver
29,2025-05-24,vetiver
11,2025-05-25,vetiver
58,2025-05-26,vetiver
176,2025-05-27,vetiver
192,2025-05-28,vetiver
176,2025-05-29,vetiver
168,2025-05-30,vetiver
15,2025-05-31,vetiver
12,2025-06-01,vetiver
143,2025-06-02,vetiver
226,2025-06-03,vetiver
138,2025-06-04,vetiver
190,2025-06-05,vetiver
189,2025-06-06,vetiver
41,2025-06-07,vetiver
15,2025-06-08,vetiver
162,2025-06-09,vetiver
158,2025-06-10,vetiver
178,2025-06-11,vetiver
189,2025-06-12,vetiver
237,2025-06-13,vetiver
36,2025-06-14,vetiver
19,2025-06-15,vetiver
200,2025-06-16,vetiver
235,2025-06-17,vetiver
216,2025-06-18,vetiver
40,2025-06-19,vetiver
245,2025-06-20,vetiver
48,2025-06-21,vetiver
13,2025-06-22,vetiver
139,2025-06-23,vetiver
181,2025-06-24,vetiver
236,2025-06-25,vetiver
164,2025-06-26,vetiver
134,2025-06-27,vetiver
29,2025-06-28,vetiver
18,2025-06-29,vetiver
119,2025-06-30,vetiver
137,2025-07-01,vetiver
74,2025-07-02,vetiver
78,2025-07-03,vetiver
36,2025-07-04,vetiver
26,2025-07-05,vetiver
22,2025-07-06,vetiver
103,2025-07-07,vetiver
137,2025-07-08,vetiver
188,2025-07-09,vetiver
138,2025-07-10,vetiver
81,2025-07-11,vetiver
27,2025-07-12,vetiver
28,2025-07-13,vetiver
76,2025-07-14,vetiver
108,2025-07-15,vetiver
217,2025-07-16,vetiver
166,2025-07-17,vetiver
149,2025-07-18,vetiver
42,2025-07-19,vetiver
27,2025-07-20,vetiver
125,2025-07-21,vetiver
170,2025-07-22,vetiver
182,2025-07-23,vetiver
128,2025-07-24,vetiver
135,2025-07-25,vetiver
26,2025-07-26,vetiver
24,2025-07-27,vetiver
99,2025-07-28,vetiver
193,2025-07-29,vetiver
276,2025-07-30,vetiver
185,2025-07-31,vetiver
193,2025-08-01,vetiver
71,2025-08-02,vetiver
66,2025-08-03,vetiver
208,2025-08-04,vetiver
143,2025-08-05,vetiver
181,2025-08-06,vetiver
143,2025-08-07,vetiver
52,2025-08-08,vetiver
19,2025-08-09,vetiver
23,2025-08-10,vetiver
70,2025-08-11,vetiver
121,2025-08-12,vetiver
96,2025-08-13,vetiver
96,2025-08-14,vetiver
86,2025-08-15,vetiver
23,2025-08-16,vetiver
69,2025-08-17,vetiver
76,2025-08-18,vetiver
108,2025-08-19,vetiver
73,2025-08-20,vetiver
54,2025-08-21,vetiver
64,2025-08-22,vetiver
39,2025-08-23,vetiver
23,2025-08-24,vetiver
57,2025-08-25,vetiver
64,2025-08-26,vetiver
67,2025-08-27,vetiver
62,2025-08-28,vetiver
60,2025-08-29,vetiver
49,2025-08-30,vetiver
27,2025-08-31,vetiver
59,2025-09-01,vetiver
102,2025-09-02,vetiver
49,2025-09-03,vetiver
70,2025-09-04,vetiver
85,2025-09-05,vetiver
27,2025-09-06,vetiver
27,2025-09-07,vetiver
87,2025-09-08,vetiver
88,2025-09-09,vetiver
89,2025-09-10,vetiver
59,2025-09-11,vetiver
69,2025-09-12,vetiver
25,2025-09-13,vetiver
33,2025-09-14,vetiver
65,2025-09-15,vetiver
51,2025-09-16,vetiver
61,2025-09-17,vetiver
59,2025-09-18,vetiver
48,2025-09-19,vetiver
39,2025-09-20,vetiver
48,2025-09-21,vetiver
70,2025-09-22,vetiver
83,2025-09-23,vetiver
71,2025-09-24,vetiver
83,2025-09-25,vetiver
58,2025-09-26,vetiver
21,2025-09-27,vetiver
34,2025-09-28,vetiver
68,2025-09-29,vetiver
90,2025-09-30,vetiver
110,2025-10-01,vetiver
52,2025-10-02,vetiver
61,2025-10-03,vetiver
27,2025-10-04,vetiver
21,2025-10-05,vetiver
42,2025-10-06,vetiver
48,2025-10-07,vetiver
59,2025-10-08,vetiver
105,2025-10-09,vetiver
94,2025-10-10,vetiver
14,2025-10-11,vetiver
23,2025-10-12,vetiver
26,2025-10-13,vetiver
66,2025-10-14,vetiver
66,2025-10-15,vetiver
53,2025-10-16,vetiver
56,2025-10-17,vetiver
16,2025-10-18,vetiver
23,2025-10-19,vetiver
50,2025-10-20,vetiver
127,2025-10-21,vetiver
68,2025-10-22,vetiver
124,2025-10-23,vetiver
62,2025-10-24,vetiver
36,2025-10-25,vetiver
25,2025-10-26,vetiver
63,2025-10-27,vetiver
135,2025-10-28,vetiver
135,2025-10-29,vetiver
174,2025-10-30,vetiver
75,2025-10-31,vetiver
23,2025-11-01,vetiver
22,2025-11-02,vetiver
128,2025-11-03,vetiver
61,2025-11-04,vetiver
97,2025-11-05,vetiver
163,2025-11-06,vetiver
102,2025-11-07,vetiver
32,2025-11-08,vetiver
26,2025-11-09,vetiver
61,2025-11-10,vetiver
55,2025-11-11,vetiver
68,2025-11-12,vetiver
81,2025-11-13,vetiver
64,2025-11-14,vetiver
71,2025-11-15,vetiver
77,2025-11-16,vetiver
109,2025-11-17,vetiver
80,2025-11-18,vetiver
80,2025-11-19,vetiver
69,2025-11-20,vetiver
87,2025-11-21,vetiver
48,2025-11-22,vetiver
32,2025-11-23,vetiver
78,2025-11-24,vetiver
108,2025-11-25,vetiver
66,2025-11-26,vetiver
49,2025-11-27,vetiver
36,2025-11-28,vetiver
25,2025-11-29,vetiver
30,2025-11-30,vetiver
113,2025-12-01,vetiver
89,2025-12-02,vetiver
53,2025-12-03,vetiver
89,2025-12-04,vetiver
130,2025-12-05,vetiver
50,2025-12-06,vetiver
46,2025-12-07,vetiver
175,2025-12-08,vetiver
111,2025-12-09,vetiver
84,2025-12-10,vetiver
70,2025-12-11,vetiver
87,2025-12-12,vetiver
44,2025-12-13,vetiver
24,2025-12-14,vetiver
77,2025-12-15,vetiver
84,2025-12-16,vetiver
104,2025-12-17,vetiver
145,2025-12-18,vetiver
65,2025-12-19,vetiver
52,2025-12-20,vetiver
51,2025-12-21,vetiver
73,2025-12-22,vetiver
62,2025-12-23,vetiver
46,2025-12-24,vetiver
29,2025-12-25,vetiver
30,2025-12-26,vetiver
17,2025-12-27,vetiver
34,2025-12-28,vetiver
27,2025-12-29,vetiver
24,2025-12-30,vetiver
21,2025-12-31,vetiver
21,2026-01-01,vetiver
26,2026-01-02,vetiver
25,2026-01-03,vetiver
26,2026-01-04,vetiver
50,2026-01-05,vetiver
84,2026-01-06,vetiver
67,2026-01-07,vetiver
55,2026-01-08,vetiver
53,2026-01-09,vetiver
62,2026-01-10,vetiver
30,2026-01-11,vetiver
32,2026-01-12,vetiver
50,2026-01-13,vetiver
52,2026-01-14,vetiver
68,2026-01-15,vetiver
45,2026-01-16,vetiver
24,2026-01-17,vetiver
31,2026-01-18,vetiver
35,2026-01-19,vetiver
33,2026-01-20,vetiver
57,2026-01-21,vetiver
76,2026-01-22,vetiver
159,2026-01-23,vetiver
28,2026-01-24,vetiver
45,2026-01-25,vetiver
191,2026-01-26,vetiver
219,2026-01-27,vetiver
148,2026-01-28,vetiver
135,2026-01-29,vetiver
175,2026-01-30,vetiver
38,2026-01-31,vetiver
82,2026-02-01,vetiver
120,2026-02-02,vetiver
168,2026-02-03,vetiver
138,2026-02-04,vetiver
137,2026-02-05,vetiver
107,2026-02-06,vetiver
44,2026-02-07,vetiver
38,2026-02-08,vetiver
108,2026-02-09,vetiver
208,2026-02-10,vetiver
154,2026-02-11,vetiver
174,2026-02-12,vetiver
135,2026-02-13,vetiver
33,2026-02-14,vetiver
45,2026-02-15,vetiver
79,2026-02-16,vetiver
148,2026-02-17,vetiver
138,2026-02-18,vetiver
132,2026-02-19,vetiver
137,2026-02-20,vetiver
56,2026-02-21,vetiver
43,2026-02-22,vetiver
126,2026-02-23,vetiver
234,2026-02-24,vetiver
193,2026-02-25,vetiver
107,2026-02-26,vetiver
101,2026-02-27,vetiver
37,2026-02-28,vetiver
37,2026-03-01,vetiver
82,2026-03-02,vetiver
151,2026-03-03,vetiver
111,2026-03-04,vetiver
155,2026-03-05,vetiver
159,2026-03-06,vetiver
52,2026-03-07,vetiver
31,2026-03-08,vetiver
120,2026-03-09,vetiver
128,2026-03-10,vetiver
152,2026-03-11,vetiver
166,2026-03-12,vetiver
182,2026-03-13,vetiver
34,2026-03-14,vetiver
87,2026-03-15,vetiver
127,2026-03-16,vetiver
218,2026-03-17,vetiver
160,2026-03-18,vetiver
117,2026-03-19,vetiver
141,2026-03-20,vetiver
34,2026-03-21,vetiver
35,2026-03-22,vetiver
92,2026-03-23,vetiver
93,2026-03-24,vetiver
109,2026-03-25,vetiver
128,2026-03-26,vetiver
100,2026-03-27,vetiver
87,2026-03-28,vetiver
95,2026-03-29,vetiver
150,2026-03-30,vetiver
167,2026-03-31,vetiver
124,2026-04-01,vetiver
132,2026-04-02,vetiver
112,2026-04-03,vetiver
26,2026-04-04,vetiver
36,2026-04-05,vetiver
110,2026-04-06,vetiver
119,2026-04-07,vetiver
122,2026-04-08,vetiver
126,2026-04-09,vetiver
171,2026-04-10,vetiver
31,2026-04-11,vetiver
44,2026-04-12,vetiver
145,2026-04-13,vetiver
130,2026-04-14,vetiver
109,2026-04-15,vetiver
138,2026-04-16,vetiver
140,2026-04-17,vetiver
17,2026-04-18,vetiver
45,2026-04-19,vetiver
44,2026-04-20,vetiver
150,2026-04-21,vetiver
147,2026-04-22,vetiver
104,2026-04-23,vetiver
158,2026-04-24,vetiver
84,2026-04-25,vetiver
54,2026-04-26,vetiver
119,2026-04-27,vetiver
211,2026-04-28,vetiver
270,2026-04-29,vetiver
152,2026-04-30,vetiver
125,2026-05-01,vetiver
34,2026-05-02,vetiver
42,2026-05-03,vetiver
150,2026-05-04,vetiver
184,2026-05-05,vetiver
235,2026-05-06,vetiver
191,2026-05-07,vetiver
206,2026-05-08,vetiver
34,2026-05-09,vetiver
40,2026-05-10,vetiver
143,2026-05-11,vetiver
184,2026-05-12,vetiver
191,2026-05-13,vetiver
161,2026-05-14,vetiver
173,2026-05-15,vetiver
37,2026-05-16,vetiver
61,2026-05-17,vetiver
175,2026-05-18,vetiver
215,2026-05-19,vetiver
269,2026-05-20,vetiver
248,2026-05-21,vetiver
171,2026-05-22,vetiver
66,2026-05-23,vetiver
38,2026-05-24,vetiver
82,2026-05-25,vetiver
203,2026-05-26,vetiver
139,2026-05-27,vetiver
176,2026-05-28,vetiver
183,2026-05-29,vetiver
36,2026-05-30,vetiver
58,2026-05-31,vetiver
221,2026-06-01,vetiver
228,2026-06-02,vetiver
248,2026-06-03,vetiver
141,2026-06-04,vetiver
178,2026-06-05,vetiver
55,2026-06-06,vetiver
39,2026-06-07,vetiver
118,2026-06-08,vetiver
230,2026-06-09,vetiver
212,2026-06-10,vetiver
188,2026-06-11,vetiver
169,2026-06-12,vetiver
31,2026-06-13,vetiver
51,2026-06-14,vetiver
231,2026-06-15,vetiver
191,2026-06-16,vetiver
211,2026-06-17,vetiver
137,2026-06-18,vetiver
77,2026-06-19,vetiver
27,2026-06-20,vetiver
68,2026-06-21,vetiver
223,2026-06-22,vetiver
167,2026-06-23,vetiver
225,2026-06-24,vetiver
201,2026-06-25,vetiver
231,2026-06-26,vetiver
32,2026-06-27,vetiver
54,2026-06-28,vetiver
