created,name,download_count
"2026-06-24T12:27:17Z","changelog.md",970
"2026-06-24T12:27:17Z","quarto-1.10.13-checksums.txt",1003
"2026-06-24T12:27:17Z","quarto-1.10.13-linux-aarch64.rpm",963
"2026-06-24T12:27:17Z","quarto-1.10.13-linux-amd64.deb",1515
"2026-06-24T12:27:17Z","quarto-1.10.13-linux-amd64.tar.gz",1119
"2026-06-24T12:27:17Z","quarto-1.10.13-linux-arm64.deb",975
"2026-06-24T12:27:17Z","quarto-1.10.13-linux-arm64.tar.gz",961
"2026-06-24T12:27:17Z","quarto-1.10.13-linux-x86_64.rpm",959
"2026-06-24T12:27:17Z","quarto-1.10.13-macos.pkg",1027
"2026-06-24T12:27:17Z","quarto-1.10.13-macos.tar.gz",972
"2026-06-24T12:27:17Z","quarto-1.10.13-win.msi",1016
"2026-06-24T12:27:17Z","quarto-1.10.13-win.zip",978
"2026-06-24T12:27:17Z","quarto-1.10.13.tar.gz",958
"2026-06-22T16:51:34Z","changelog.md",281
"2026-06-22T16:51:34Z","quarto-1.10.12-checksums.txt",294
"2026-06-22T16:51:34Z","quarto-1.10.12-linux-aarch64.rpm",276
"2026-06-22T16:51:34Z","quarto-1.10.12-linux-amd64.deb",517
"2026-06-22T16:51:34Z","quarto-1.10.12-linux-amd64.tar.gz",297
"2026-06-22T16:51:34Z","quarto-1.10.12-linux-arm64.deb",277
"2026-06-22T16:51:34Z","quarto-1.10.12-linux-arm64.tar.gz",277
"2026-06-22T16:51:34Z","quarto-1.10.12-linux-x86_64.rpm",274
"2026-06-22T16:51:34Z","quarto-1.10.12-macos.pkg",297
"2026-06-22T16:51:34Z","quarto-1.10.12-macos.tar.gz",275
"2026-06-22T16:51:34Z","quarto-1.10.12-win.msi",291
"2026-06-22T16:51:34Z","quarto-1.10.12-win.zip",286
"2026-06-22T16:51:34Z","quarto-1.10.12.tar.gz",273
"2026-06-10T18:35:36Z","changelog.md",1767
"2026-06-10T18:35:36Z","quarto-1.10.11-checksums.txt",1795
"2026-06-10T18:35:36Z","quarto-1.10.11-linux-aarch64.rpm",1717
"2026-06-10T18:35:36Z","quarto-1.10.11-linux-amd64.deb",3423
"2026-06-10T18:35:36Z","quarto-1.10.11-linux-amd64.tar.gz",1889
"2026-06-10T18:35:36Z","quarto-1.10.11-linux-arm64.deb",1733
"2026-06-10T18:35:36Z","quarto-1.10.11-linux-arm64.tar.gz",1716
"2026-06-10T18:35:36Z","quarto-1.10.11-linux-x86_64.rpm",1717
"2026-06-10T18:35:36Z","quarto-1.10.11-macos.pkg",1791
"2026-06-10T18:35:36Z","quarto-1.10.11-macos.tar.gz",1709
"2026-06-10T18:35:36Z","quarto-1.10.11-win.msi",1777
"2026-06-10T18:35:36Z","quarto-1.10.11-win.zip",1748
"2026-06-10T18:35:36Z","quarto-1.10.11.tar.gz",1708
"2026-06-10T11:58:55Z","changelog.md",44
"2026-06-10T11:58:55Z","quarto-1.10.10-checksums.txt",39
"2026-06-10T11:58:55Z","quarto-1.10.10-linux-aarch64.rpm",37
"2026-06-10T11:58:55Z","quarto-1.10.10-linux-amd64.deb",56
"2026-06-10T11:58:55Z","quarto-1.10.10-linux-amd64.tar.gz",43
"2026-06-10T11:58:55Z","quarto-1.10.10-linux-arm64.deb",37
"2026-06-10T11:58:55Z","quarto-1.10.10-linux-arm64.tar.gz",38
"2026-06-10T11:58:55Z","quarto-1.10.10-linux-x86_64.rpm",37
"2026-06-10T11:58:55Z","quarto-1.10.10-macos.pkg",37
"2026-06-10T11:58:55Z","quarto-1.10.10-macos.tar.gz",37
"2026-06-10T11:58:55Z","quarto-1.10.10-win.msi",38
"2026-06-10T11:58:55Z","quarto-1.10.10-win.zip",40
"2026-06-10T11:58:55Z","quarto-1.10.10.tar.gz",37
"2026-06-08T10:40:42Z","changelog.md",310
"2026-06-08T10:40:42Z","quarto-1.10.9-checksums.txt",314
"2026-06-08T10:40:42Z","quarto-1.10.9-linux-aarch64.rpm",294
"2026-06-08T10:40:42Z","quarto-1.10.9-linux-amd64.deb",455
"2026-06-08T10:40:42Z","quarto-1.10.9-linux-amd64.tar.gz",328
"2026-06-08T10:40:42Z","quarto-1.10.9-linux-arm64.deb",294
"2026-06-08T10:40:42Z","quarto-1.10.9-linux-arm64.tar.gz",295
"2026-06-08T10:40:42Z","quarto-1.10.9-linux-x86_64.rpm",295
"2026-06-08T10:40:42Z","quarto-1.10.9-macos.pkg",302
"2026-06-08T10:40:42Z","quarto-1.10.9-macos.tar.gz",294
"2026-06-08T10:40:42Z","quarto-1.10.9-win.msi",303
"2026-06-08T10:40:42Z","quarto-1.10.9-win.zip",300
"2026-06-08T10:40:42Z","quarto-1.10.9.tar.gz",294
"2026-06-03T19:50:59Z","changelog.md",808
"2026-06-03T19:50:59Z","quarto-1.10.8-checksums.txt",814
"2026-06-03T19:50:59Z","quarto-1.10.8-linux-aarch64.rpm",778
"2026-06-03T19:50:59Z","quarto-1.10.8-linux-amd64.deb",1414
"2026-06-03T19:50:59Z","quarto-1.10.8-linux-amd64.tar.gz",816
"2026-06-03T19:50:59Z","quarto-1.10.8-linux-arm64.deb",781
"2026-06-03T19:50:59Z","quarto-1.10.8-linux-arm64.tar.gz",778
"2026-06-03T19:50:59Z","quarto-1.10.8-linux-x86_64.rpm",780
"2026-06-03T19:50:59Z","quarto-1.10.8-macos.pkg",826
"2026-06-03T19:50:59Z","quarto-1.10.8-macos.tar.gz",784
"2026-06-03T19:50:59Z","quarto-1.10.8-win.msi",801
"2026-06-03T19:50:59Z","quarto-1.10.8-win.zip",798
"2026-06-03T19:50:59Z","quarto-1.10.8.tar.gz",778
"2026-06-01T10:40:12Z","changelog.md",267
"2026-06-01T10:40:12Z","quarto-1.10.7-checksums.txt",276
"2026-06-01T10:40:12Z","quarto-1.10.7-linux-aarch64.rpm",255
"2026-06-01T10:40:12Z","quarto-1.10.7-linux-amd64.deb",584
"2026-06-01T10:40:12Z","quarto-1.10.7-linux-amd64.tar.gz",279
"2026-06-01T10:40:12Z","quarto-1.10.7-linux-arm64.deb",256
"2026-06-01T10:40:12Z","quarto-1.10.7-linux-arm64.tar.gz",257
"2026-06-01T10:40:12Z","quarto-1.10.7-linux-x86_64.rpm",256
"2026-06-01T10:40:12Z","quarto-1.10.7-macos.pkg",287
"2026-06-01T10:40:12Z","quarto-1.10.7-macos.tar.gz",261
"2026-06-01T10:40:12Z","quarto-1.10.7-win.msi",279
"2026-06-01T10:40:12Z","quarto-1.10.7-win.zip",265
"2026-06-01T10:40:12Z","quarto-1.10.7.tar.gz",256
"2026-05-29T16:07:36Z","changelog.md",553
"2026-05-29T16:07:36Z","quarto-1.10.6-checksums.txt",566
"2026-05-29T16:07:36Z","quarto-1.10.6-linux-aarch64.rpm",542
"2026-05-29T16:07:36Z","quarto-1.10.6-linux-amd64.deb",857
"2026-05-29T16:07:36Z","quarto-1.10.6-linux-amd64.tar.gz",609
"2026-05-29T16:07:36Z","quarto-1.10.6-linux-arm64.deb",544
"2026-05-29T16:07:36Z","quarto-1.10.6-linux-arm64.tar.gz",544
"2026-05-29T16:07:36Z","quarto-1.10.6-linux-x86_64.rpm",543
"2026-05-29T16:07:36Z","quarto-1.10.6-macos.pkg",562
"2026-05-29T16:07:36Z","quarto-1.10.6-macos.tar.gz",548
"2026-05-29T16:07:36Z","quarto-1.10.6-win.msi",558
"2026-05-29T16:07:36Z","quarto-1.10.6-win.zip",557
"2026-05-29T16:07:36Z","quarto-1.10.6.tar.gz",541
"2026-05-25T09:44:40Z","changelog.md",5594
"2026-05-25T09:44:40Z","quarto-1.9.38-checksums.txt",5985
"2026-05-25T09:44:40Z","quarto-1.9.38-linux-aarch64.rpm",5497
"2026-05-25T09:44:40Z","quarto-1.9.38-linux-amd64.deb",178652
"2026-05-25T09:44:40Z","quarto-1.9.38-linux-amd64.tar.gz",35464
"2026-05-25T09:44:40Z","quarto-1.9.38-linux-arm64.deb",6708
"2026-05-25T09:44:40Z","quarto-1.9.38-linux-arm64.tar.gz",7934
"2026-05-25T09:44:40Z","quarto-1.9.38-linux-x86_64.rpm",5591
"2026-05-25T09:44:40Z","quarto-1.9.38-macos.pkg",38724
"2026-05-25T09:44:40Z","quarto-1.9.38-macos.tar.gz",7702
"2026-05-25T09:44:40Z","quarto-1.9.38-win.msi",22403
"2026-05-25T09:44:40Z","quarto-1.9.38-win.zip",22870
"2026-05-25T09:44:40Z","quarto-1.9.38.tar.gz",5492
"2026-05-22T11:10:43Z","changelog.md",1254
"2026-05-22T11:10:43Z","quarto-1.10.5-checksums.txt",1284
"2026-05-22T11:10:43Z","quarto-1.10.5-linux-aarch64.rpm",1238
"2026-05-22T11:10:43Z","quarto-1.10.5-linux-amd64.deb",1972
"2026-05-22T11:10:43Z","quarto-1.10.5-linux-amd64.tar.gz",1285
"2026-05-22T11:10:43Z","quarto-1.10.5-linux-arm64.deb",1241
"2026-05-22T11:10:43Z","quarto-1.10.5-linux-arm64.tar.gz",1238
"2026-05-22T11:10:43Z","quarto-1.10.5-linux-x86_64.rpm",1235
"2026-05-22T11:10:43Z","quarto-1.10.5-macos.pkg",1282
"2026-05-22T11:10:43Z","quarto-1.10.5-macos.tar.gz",1239
"2026-05-22T11:10:43Z","quarto-1.10.5-win.msi",1273
"2026-05-22T11:10:43Z","quarto-1.10.5-win.zip",1258
"2026-05-22T11:10:43Z","quarto-1.10.5.tar.gz",1233
"2026-05-22T09:03:26Z","changelog.md",18
"2026-05-22T09:03:26Z","quarto-1.10.4-checksums.txt",14
"2026-05-22T09:03:26Z","quarto-1.10.4-linux-aarch64.rpm",12
"2026-05-22T09:03:26Z","quarto-1.10.4-linux-amd64.deb",23
"2026-05-22T09:03:26Z","quarto-1.10.4-linux-amd64.tar.gz",16
"2026-05-22T09:03:26Z","quarto-1.10.4-linux-arm64.deb",12
"2026-05-22T09:03:26Z","quarto-1.10.4-linux-arm64.tar.gz",13
"2026-05-22T09:03:26Z","quarto-1.10.4-linux-x86_64.rpm",12
"2026-05-22T09:03:26Z","quarto-1.10.4-macos.pkg",12
"2026-05-22T09:03:26Z","quarto-1.10.4-macos.tar.gz",12
"2026-05-22T09:03:26Z","quarto-1.10.4-win.msi",12
"2026-05-22T09:03:26Z","quarto-1.10.4-win.zip",12
"2026-05-22T09:03:26Z","quarto-1.10.4.tar.gz",12
"2026-04-10T09:13:33Z","changelog.md",8713
"2026-04-10T09:13:33Z","quarto-1.10.3-checksums.txt",8859
"2026-04-10T09:13:33Z","quarto-1.10.3-linux-aarch64.rpm",8599
"2026-04-10T09:13:33Z","quarto-1.10.3-linux-amd64.deb",15033
"2026-04-10T09:13:33Z","quarto-1.10.3-linux-amd64.tar.gz",8995
"2026-04-10T09:13:33Z","quarto-1.10.3-linux-arm64.deb",8910
"2026-04-10T09:13:33Z","quarto-1.10.3-linux-arm64.tar.gz",8606
"2026-04-10T09:13:33Z","quarto-1.10.3-linux-x86_64.rpm",8689
"2026-04-10T09:13:33Z","quarto-1.10.3-macos.pkg",8839
"2026-04-10T09:13:33Z","quarto-1.10.3-macos.tar.gz",8604
"2026-04-10T09:13:33Z","quarto-1.10.3-win.msi",8746
"2026-04-10T09:13:33Z","quarto-1.10.3-win.zip",8747
"2026-04-10T09:13:33Z","quarto-1.10.3.tar.gz",8564
"2026-04-09T11:02:06Z","changelog.md",209
"2026-04-09T11:02:06Z","quarto-1.10.2-checksums.txt",201
"2026-04-09T11:02:06Z","quarto-1.10.2-linux-aarch64.rpm",191
"2026-04-09T11:02:06Z","quarto-1.10.2-linux-amd64.deb",384
"2026-04-09T11:02:06Z","quarto-1.10.2-linux-amd64.tar.gz",213
"2026-04-09T11:02:06Z","quarto-1.10.2-linux-arm64.deb",193
"2026-04-09T11:02:06Z","quarto-1.10.2-linux-arm64.tar.gz",193
"2026-04-09T11:02:06Z","quarto-1.10.2-linux-x86_64.rpm",193
"2026-04-09T11:02:06Z","quarto-1.10.2-macos.pkg",208
"2026-04-09T11:02:06Z","quarto-1.10.2-macos.tar.gz",194
"2026-04-09T11:02:06Z","quarto-1.10.2-win.msi",203
"2026-04-09T11:02:06Z","quarto-1.10.2-win.zip",198
"2026-04-09T11:02:06Z","quarto-1.10.2.tar.gz",193
"2026-04-09T09:56:05Z","changelog.md",9686
"2026-04-09T09:56:05Z","quarto-1.9.37-checksums.txt",10196
"2026-04-09T09:56:05Z","quarto-1.9.37-linux-aarch64.rpm",9533
"2026-04-09T09:56:05Z","quarto-1.9.37-linux-amd64.deb",238559
"2026-04-09T09:56:05Z","quarto-1.9.37-linux-amd64.tar.gz",41381
"2026-04-09T09:56:05Z","quarto-1.9.37-linux-arm64.deb",11476
"2026-04-09T09:56:05Z","quarto-1.9.37-linux-arm64.tar.gz",12989
"2026-04-09T09:56:05Z","quarto-1.9.37-linux-x86_64.rpm",9640
"2026-04-09T09:56:05Z","quarto-1.9.37-macos.pkg",50681
"2026-04-09T09:56:05Z","quarto-1.9.37-macos.tar.gz",11921
"2026-04-09T09:56:05Z","quarto-1.9.37-win.msi",33556
"2026-04-09T09:56:05Z","quarto-1.9.37-win.zip",27704
"2026-04-09T09:56:05Z","quarto-1.9.37.tar.gz",9644
"2026-03-31T14:38:58Z","changelog.md",2257
"2026-03-31T14:38:58Z","quarto-1.10.1-checksums.txt",2288
"2026-03-31T14:38:58Z","quarto-1.10.1-linux-aarch64.rpm",2233
"2026-03-31T14:38:58Z","quarto-1.10.1-linux-amd64.deb",3629
"2026-03-31T14:38:58Z","quarto-1.10.1-linux-amd64.tar.gz",2392
"2026-03-31T14:38:58Z","quarto-1.10.1-linux-arm64.deb",2243
"2026-03-31T14:38:58Z","quarto-1.10.1-linux-arm64.tar.gz",2242
"2026-03-31T14:38:58Z","quarto-1.10.1-linux-x86_64.rpm",2236
"2026-03-31T14:38:58Z","quarto-1.10.1-macos.pkg",2296
"2026-03-31T14:38:58Z","quarto-1.10.1-macos.tar.gz",2248
"2026-03-31T14:38:58Z","quarto-1.10.1-win.msi",2287
"2026-03-31T14:38:58Z","quarto-1.10.1-win.zip",2259
"2026-03-31T14:38:58Z","quarto-1.10.1.tar.gz",2234
"2026-03-20T14:53:11Z","changelog.md",2923
"2026-03-20T14:53:11Z","quarto-1.10.0-checksums.txt",2915
"2026-03-20T14:53:11Z","quarto-1.10.0-linux-aarch64.rpm",2883
"2026-03-20T14:53:11Z","quarto-1.10.0-linux-amd64.deb",4144
"2026-03-20T14:53:11Z","quarto-1.10.0-linux-amd64.tar.gz",3057
"2026-03-20T14:53:11Z","quarto-1.10.0-linux-arm64.deb",2893
"2026-03-20T14:53:11Z","quarto-1.10.0-linux-arm64.tar.gz",2890
"2026-03-20T14:53:11Z","quarto-1.10.0-linux-x86_64.rpm",2884
"2026-03-20T14:53:11Z","quarto-1.10.0-macos.pkg",2948
"2026-03-20T14:53:11Z","quarto-1.10.0-macos.tar.gz",2893
"2026-03-20T14:53:11Z","quarto-1.10.0-win.msi",2943
"2026-03-20T14:53:11Z","quarto-1.10.0-win.zip",2907
"2026-03-20T14:53:11Z","quarto-1.10.0.tar.gz",2885
"2026-03-19T23:05:37Z","changelog.md",5354
"2026-03-19T23:05:37Z","quarto-1.9.36-checksums.txt",5559
"2026-03-19T23:05:37Z","quarto-1.9.36-linux-aarch64.rpm",5276
"2026-03-19T23:05:37Z","quarto-1.9.36-linux-amd64.deb",91660
"2026-03-19T23:05:37Z","quarto-1.9.36-linux-amd64.tar.gz",20472
"2026-03-19T23:05:37Z","quarto-1.9.36-linux-arm64.deb",5948
"2026-03-19T23:05:37Z","quarto-1.9.36-linux-arm64.tar.gz",6763
"2026-03-19T23:05:37Z","quarto-1.9.36-linux-x86_64.rpm",5313
"2026-03-19T23:05:37Z","quarto-1.9.36-macos.pkg",28433
"2026-03-19T23:05:37Z","quarto-1.9.36-macos.tar.gz",6017
"2026-03-19T23:05:37Z","quarto-1.9.36-win.msi",16724
"2026-03-19T23:05:37Z","quarto-1.9.36-win.zip",11208
"2026-03-19T23:05:37Z","quarto-1.9.36.tar.gz",5255
"2026-03-13T18:03:18Z","changelog.md",1373
"2026-03-13T18:03:18Z","quarto-1.9.35-checksums.txt",1361
"2026-03-13T18:03:18Z","quarto-1.9.35-linux-aarch64.rpm",1360
"2026-03-13T18:03:18Z","quarto-1.9.35-linux-amd64.deb",2376
"2026-03-13T18:03:18Z","quarto-1.9.35-linux-amd64.tar.gz",1619
"2026-03-13T18:03:18Z","quarto-1.9.35-linux-arm64.deb",1423
"2026-03-13T18:03:18Z","quarto-1.9.35-linux-arm64.tar.gz",1370
"2026-03-13T18:03:18Z","quarto-1.9.35-linux-x86_64.rpm",1356
"2026-03-13T18:03:18Z","quarto-1.9.35-macos.pkg",1737
"2026-03-13T18:03:18Z","quarto-1.9.35-macos.tar.gz",1375
"2026-03-13T18:03:18Z","quarto-1.9.35-win.msi",1939
"2026-03-13T18:03:18Z","quarto-1.9.35-win.zip",1386
"2026-03-13T18:03:18Z","quarto-1.9.35.tar.gz",1354
"2026-03-13T14:04:54Z","changelog.md",47
"2026-03-13T14:04:54Z","quarto-1.9.34-checksums.txt",42
"2026-03-13T14:04:54Z","quarto-1.9.34-linux-aarch64.rpm",44
"2026-03-13T14:04:54Z","quarto-1.9.34-linux-amd64.deb",172
"2026-03-13T14:04:54Z","quarto-1.9.34-linux-amd64.tar.gz",47
"2026-03-13T14:04:54Z","quarto-1.9.34-linux-arm64.deb",44
"2026-03-13T14:04:54Z","quarto-1.9.34-linux-arm64.tar.gz",44
"2026-03-13T14:04:54Z","quarto-1.9.34-linux-x86_64.rpm",43
"2026-03-13T14:04:54Z","quarto-1.9.34-macos.pkg",53
"2026-03-13T14:04:54Z","quarto-1.9.34-macos.tar.gz",44
"2026-03-13T14:04:54Z","quarto-1.9.34-win.msi",63
"2026-03-13T14:04:54Z","quarto-1.9.34-win.zip",43
"2026-03-13T14:04:54Z","quarto-1.9.34.tar.gz",43
"2026-03-12T17:59:16Z","changelog.md",214
"2026-03-12T17:59:16Z","quarto-1.9.33-checksums.txt",214
"2026-03-12T17:59:16Z","quarto-1.9.33-linux-aarch64.rpm",213
"2026-03-12T17:59:16Z","quarto-1.9.33-linux-amd64.deb",416
"2026-03-12T17:59:16Z","quarto-1.9.33-linux-amd64.tar.gz",233
"2026-03-12T17:59:16Z","quarto-1.9.33-linux-arm64.deb",225
"2026-03-12T17:59:16Z","quarto-1.9.33-linux-arm64.tar.gz",213
"2026-03-12T17:59:16Z","quarto-1.9.33-linux-x86_64.rpm",213
"2026-03-12T17:59:16Z","quarto-1.9.33-macos.pkg",303
"2026-03-12T17:59:16Z","quarto-1.9.33-macos.tar.gz",217
"2026-03-12T17:59:16Z","quarto-1.9.33-win.msi",428
"2026-03-12T17:59:16Z","quarto-1.9.33-win.zip",211
"2026-03-12T17:59:16Z","quarto-1.9.33.tar.gz",214
"2026-03-11T17:52:27Z","changelog.md",258
"2026-03-11T17:52:27Z","quarto-1.9.32-checksums.txt",259
"2026-03-11T17:52:27Z","quarto-1.9.32-linux-aarch64.rpm",260
"2026-03-11T17:52:27Z","quarto-1.9.32-linux-amd64.deb",611
"2026-03-11T17:52:27Z","quarto-1.9.32-linux-amd64.tar.gz",753
"2026-03-11T17:52:27Z","quarto-1.9.32-linux-arm64.deb",282
"2026-03-11T17:52:27Z","quarto-1.9.32-linux-arm64.tar.gz",247
"2026-03-11T17:52:27Z","quarto-1.9.32-linux-x86_64.rpm",246
"2026-03-11T17:52:27Z","quarto-1.9.32-macos.pkg",449
"2026-03-11T17:52:27Z","quarto-1.9.32-macos.tar.gz",255
"2026-03-11T17:52:27Z","quarto-1.9.32-win.msi",603
"2026-03-11T17:52:27Z","quarto-1.9.32-win.zip",261
"2026-03-11T17:52:27Z","quarto-1.9.32.tar.gz",252
"2026-03-09T21:16:01Z","changelog.md",504
"2026-03-09T21:16:01Z","quarto-1.9.31-checksums.txt",504
"2026-03-09T21:16:01Z","quarto-1.9.31-linux-aarch64.rpm",487
"2026-03-09T21:16:01Z","quarto-1.9.31-linux-amd64.deb",1228
"2026-03-09T21:16:01Z","quarto-1.9.31-linux-amd64.tar.gz",663
"2026-03-09T21:16:01Z","quarto-1.9.31-linux-arm64.deb",507
"2026-03-09T21:16:01Z","quarto-1.9.31-linux-arm64.tar.gz",485
"2026-03-09T21:16:01Z","quarto-1.9.31-linux-x86_64.rpm",484
"2026-03-09T21:16:01Z","quarto-1.9.31-macos.pkg",796
"2026-03-09T21:16:01Z","quarto-1.9.31-macos.tar.gz",496
"2026-03-09T21:16:01Z","quarto-1.9.31-win.msi",1146
"2026-03-09T21:16:01Z","quarto-1.9.31-win.zip",504
"2026-03-09T21:16:01Z","quarto-1.9.31.tar.gz",482
"2026-03-06T10:34:03Z","changelog.md",1109
"2026-03-06T10:34:03Z","quarto-1.9.30-checksums.txt",1095
"2026-03-06T10:34:03Z","quarto-1.9.30-linux-aarch64.rpm",1091
"2026-03-06T10:34:03Z","quarto-1.9.30-linux-amd64.deb",1680
"2026-03-06T10:34:03Z","quarto-1.9.30-linux-amd64.tar.gz",1158
"2026-03-06T10:34:03Z","quarto-1.9.30-linux-arm64.deb",1114
"2026-03-06T10:34:03Z","quarto-1.9.30-linux-arm64.tar.gz",1099
"2026-03-06T10:34:03Z","quarto-1.9.30-linux-x86_64.rpm",1089
"2026-03-06T10:34:03Z","quarto-1.9.30-macos.pkg",1510
"2026-03-06T10:34:03Z","quarto-1.9.30-macos.tar.gz",1092
"2026-03-06T10:34:03Z","quarto-1.9.30-win.msi",1801
"2026-03-06T10:34:03Z","quarto-1.9.30-win.zip",1116
"2026-03-06T10:34:03Z","quarto-1.9.30.tar.gz",1089
"2026-03-04T14:18:49Z","changelog.md",460
"2026-03-04T14:18:49Z","quarto-1.9.29-checksums.txt",441
"2026-03-04T14:18:49Z","quarto-1.9.29-linux-aarch64.rpm",432
"2026-03-04T14:18:49Z","quarto-1.9.29-linux-amd64.deb",961
"2026-03-04T14:18:49Z","quarto-1.9.29-linux-amd64.tar.gz",512
"2026-03-04T14:18:49Z","quarto-1.9.29-linux-arm64.deb",454
"2026-03-04T14:18:49Z","quarto-1.9.29-linux-arm64.tar.gz",439
"2026-03-04T14:18:49Z","quarto-1.9.29-linux-x86_64.rpm",445
"2026-03-04T14:18:49Z","quarto-1.9.29-macos.pkg",789
"2026-03-04T14:18:49Z","quarto-1.9.29-macos.tar.gz",444
"2026-03-04T14:18:49Z","quarto-1.9.29-win.msi",1091
"2026-03-04T14:18:49Z","quarto-1.9.29-win.zip",452
"2026-03-04T14:18:49Z","quarto-1.9.29.tar.gz",439
"2026-03-03T18:11:12Z","changelog.md",247
"2026-03-03T18:11:12Z","quarto-1.9.28-checksums.txt",235
"2026-03-03T18:11:12Z","quarto-1.9.28-linux-aarch64.rpm",232
"2026-03-03T18:11:12Z","quarto-1.9.28-linux-amd64.deb",420
"2026-03-03T18:11:12Z","quarto-1.9.28-linux-amd64.tar.gz",272
"2026-03-03T18:11:12Z","quarto-1.9.28-linux-arm64.deb",242
"2026-03-03T18:11:12Z","quarto-1.9.28-linux-arm64.tar.gz",236
"2026-03-03T18:11:12Z","quarto-1.9.28-linux-x86_64.rpm",233
"2026-03-03T18:11:12Z","quarto-1.9.28-macos.pkg",400
"2026-03-03T18:11:12Z","quarto-1.9.28-macos.tar.gz",238
"2026-03-03T18:11:12Z","quarto-1.9.28-win.msi",508
"2026-03-03T18:11:12Z","quarto-1.9.28-win.zip",246
"2026-03-03T18:11:12Z","quarto-1.9.28.tar.gz",228
"2026-03-02T18:25:17Z","changelog.md",293
"2026-03-02T18:25:17Z","quarto-1.9.27-checksums.txt",463
"2026-03-02T18:25:17Z","quarto-1.9.27-linux-aarch64.rpm",284
"2026-03-02T18:25:17Z","quarto-1.9.27-linux-amd64.deb",749
"2026-03-02T18:25:17Z","quarto-1.9.27-linux-amd64.tar.gz",462
"2026-03-02T18:25:17Z","quarto-1.9.27-linux-arm64.deb",284
"2026-03-02T18:25:17Z","quarto-1.9.27-linux-arm64.tar.gz",290
"2026-03-02T18:25:17Z","quarto-1.9.27-linux-x86_64.rpm",281
"2026-03-02T18:25:17Z","quarto-1.9.27-macos.pkg",528
"2026-03-02T18:25:17Z","quarto-1.9.27-macos.tar.gz",274
"2026-03-02T18:25:17Z","quarto-1.9.27-win.msi",738
"2026-03-02T18:25:17Z","quarto-1.9.27-win.zip",506
"2026-03-02T18:25:17Z","quarto-1.9.27.tar.gz",284
"2026-02-27T22:35:00Z","changelog.md",1006
"2026-02-27T22:35:00Z","quarto-1.9.26-checksums.txt",1016
"2026-02-27T22:35:00Z","quarto-1.9.26-linux-aarch64.rpm",994
"2026-02-27T22:35:00Z","quarto-1.9.26-linux-amd64.deb",1327
"2026-02-27T22:35:00Z","quarto-1.9.26-linux-amd64.tar.gz",1378
"2026-02-27T22:35:00Z","quarto-1.9.26-linux-arm64.deb",982
"2026-02-27T22:35:00Z","quarto-1.9.26-linux-arm64.tar.gz",1003
"2026-02-27T22:35:00Z","quarto-1.9.26-linux-x86_64.rpm",993
"2026-02-27T22:35:00Z","quarto-1.9.26-macos.pkg",1025
"2026-02-27T22:35:00Z","quarto-1.9.26-macos.tar.gz",987
"2026-02-27T22:35:00Z","quarto-1.9.26-win.msi",1022
"2026-02-27T22:35:00Z","quarto-1.9.26-win.zip",1003
"2026-02-27T22:35:00Z","quarto-1.9.26.tar.gz",989
"2026-02-27T21:04:51Z","changelog.md",36
"2026-02-27T21:04:51Z","quarto-1.9.25-checksums.txt",36
"2026-02-27T21:04:51Z","quarto-1.9.25-linux-aarch64.rpm",35
"2026-02-27T21:04:51Z","quarto-1.9.25-linux-amd64.deb",52
"2026-02-27T21:04:51Z","quarto-1.9.25-linux-amd64.tar.gz",39
"2026-02-27T21:04:51Z","quarto-1.9.25-linux-arm64.deb",35
"2026-02-27T21:04:51Z","quarto-1.9.25-linux-arm64.tar.gz",35
"2026-02-27T21:04:51Z","quarto-1.9.25-linux-x86_64.rpm",35
"2026-02-27T21:04:51Z","quarto-1.9.25-macos.pkg",37
"2026-02-27T21:04:51Z","quarto-1.9.25-macos.tar.gz",35
"2026-02-27T21:04:51Z","quarto-1.9.25-win.msi",35
"2026-02-27T21:04:51Z","quarto-1.9.25-win.zip",35
"2026-02-27T21:04:51Z","quarto-1.9.25.tar.gz",35
"2026-02-27T19:38:29Z","changelog.md",31
"2026-02-27T19:38:29Z","quarto-1.9.24-checksums.txt",29
"2026-02-27T19:38:29Z","quarto-1.9.24-linux-aarch64.rpm",28
"2026-02-27T19:38:29Z","quarto-1.9.24-linux-amd64.deb",52
"2026-02-27T19:38:29Z","quarto-1.9.24-linux-amd64.tar.gz",30
"2026-02-27T19:38:29Z","quarto-1.9.24-linux-arm64.deb",29
"2026-02-27T19:38:29Z","quarto-1.9.24-linux-arm64.tar.gz",29
"2026-02-27T19:38:29Z","quarto-1.9.24-linux-x86_64.rpm",30
"2026-02-27T19:38:29Z","quarto-1.9.24-macos.pkg",31
"2026-02-27T19:38:29Z","quarto-1.9.24-macos.tar.gz",28
"2026-02-27T19:38:29Z","quarto-1.9.24-win.msi",29
"2026-02-27T19:38:29Z","quarto-1.9.24-win.zip",28
"2026-02-27T19:38:29Z","quarto-1.9.24.tar.gz",28
"2026-02-20T14:52:50Z","changelog.md",2198
"2026-02-20T14:52:50Z","quarto-1.9.23-checksums.txt",2210
"2026-02-20T14:52:50Z","quarto-1.9.23-linux-aarch64.rpm",2164
"2026-02-20T14:52:50Z","quarto-1.9.23-linux-amd64.deb",3030
"2026-02-20T14:52:50Z","quarto-1.9.23-linux-amd64.tar.gz",2328
"2026-02-20T14:52:50Z","quarto-1.9.23-linux-arm64.deb",2159
"2026-02-20T14:52:50Z","quarto-1.9.23-linux-arm64.tar.gz",2161
"2026-02-20T14:52:50Z","quarto-1.9.23-linux-x86_64.rpm",2162
"2026-02-20T14:52:50Z","quarto-1.9.23-macos.pkg",2227
"2026-02-20T14:52:50Z","quarto-1.9.23-macos.tar.gz",2161
"2026-02-20T14:52:50Z","quarto-1.9.23-win.msi",2215
"2026-02-20T14:52:50Z","quarto-1.9.23-win.zip",2178
"2026-02-20T14:52:50Z","quarto-1.9.23.tar.gz",2155
"2026-02-18T19:13:56Z","changelog.md",517
"2026-02-18T19:13:56Z","quarto-1.9.22-checksums.txt",525
"2026-02-18T19:13:56Z","quarto-1.9.22-linux-aarch64.rpm",508
"2026-02-18T19:13:56Z","quarto-1.9.22-linux-amd64.deb",785
"2026-02-18T19:13:56Z","quarto-1.9.22-linux-amd64.tar.gz",675
"2026-02-18T19:13:56Z","quarto-1.9.22-linux-arm64.deb",512
"2026-02-18T19:13:56Z","quarto-1.9.22-linux-arm64.tar.gz",508
"2026-02-18T19:13:56Z","quarto-1.9.22-linux-x86_64.rpm",508
"2026-02-18T19:13:56Z","quarto-1.9.22-macos.pkg",546
"2026-02-18T19:13:56Z","quarto-1.9.22-macos.tar.gz",510
"2026-02-18T19:13:56Z","quarto-1.9.22-win.msi",534
"2026-02-18T19:13:56Z","quarto-1.9.22-win.zip",515
"2026-02-18T19:13:56Z","quarto-1.9.22.tar.gz",506
"2026-02-18T13:28:41Z","changelog.md",74
"2026-02-18T13:28:41Z","quarto-1.9.21-checksums.txt",67
"2026-02-18T13:28:41Z","quarto-1.9.21-linux-aarch64.rpm",64
"2026-02-18T13:28:41Z","quarto-1.9.21-linux-amd64.deb",110
"2026-02-18T13:28:41Z","quarto-1.9.21-linux-amd64.tar.gz",68
"2026-02-18T13:28:41Z","quarto-1.9.21-linux-arm64.deb",64
"2026-02-18T13:28:41Z","quarto-1.9.21-linux-arm64.tar.gz",65
"2026-02-18T13:28:41Z","quarto-1.9.21-linux-x86_64.rpm",66
"2026-02-18T13:28:41Z","quarto-1.9.21-macos.pkg",80
"2026-02-18T13:28:41Z","quarto-1.9.21-macos.tar.gz",66
"2026-02-18T13:28:41Z","quarto-1.9.21-win.msi",70
"2026-02-18T13:28:41Z","quarto-1.9.21-win.zip",65
"2026-02-18T13:28:41Z","quarto-1.9.21.tar.gz",64
"2026-02-11T11:46:04Z","changelog.md",2173
"2026-02-11T11:46:04Z","quarto-1.9.20-checksums.txt",2183
"2026-02-11T11:46:04Z","quarto-1.9.20-linux-aarch64.rpm",2133
"2026-02-11T11:46:04Z","quarto-1.9.20-linux-amd64.deb",2915
"2026-02-11T11:46:04Z","quarto-1.9.20-linux-amd64.tar.gz",2424
"2026-02-11T11:46:04Z","quarto-1.9.20-linux-arm64.deb",2139
"2026-02-11T11:46:04Z","quarto-1.9.20-linux-arm64.tar.gz",2133
"2026-02-11T11:46:04Z","quarto-1.9.20-linux-x86_64.rpm",2134
"2026-02-11T11:46:04Z","quarto-1.9.20-macos.pkg",2202
"2026-02-11T11:46:04Z","quarto-1.9.20-macos.tar.gz",2327
"2026-02-11T11:46:04Z","quarto-1.9.20-win.msi",2195
"2026-02-11T11:46:04Z","quarto-1.9.20-win.zip",2152
"2026-02-11T11:46:04Z","quarto-1.9.20.tar.gz",2126
"2026-02-03T19:33:25Z","changelog.md",2343
"2026-02-03T19:33:25Z","quarto-1.9.19-checksums.txt",2347
"2026-02-03T19:33:25Z","quarto-1.9.19-linux-aarch64.rpm",2292
"2026-02-03T19:33:25Z","quarto-1.9.19-linux-amd64.deb",3054
"2026-02-03T19:33:25Z","quarto-1.9.19-linux-amd64.tar.gz",3297
"2026-02-03T19:33:25Z","quarto-1.9.19-linux-arm64.deb",2293
"2026-02-03T19:33:25Z","quarto-1.9.19-linux-arm64.tar.gz",2284
"2026-02-03T19:33:25Z","quarto-1.9.19-linux-x86_64.rpm",2281
"2026-02-03T19:33:25Z","quarto-1.9.19-macos.pkg",2339
"2026-02-03T19:33:25Z","quarto-1.9.19-macos.tar.gz",2282
"2026-02-03T19:33:25Z","quarto-1.9.19-win.msi",2326
"2026-02-03T19:33:25Z","quarto-1.9.19-win.zip",2291
"2026-02-03T19:33:25Z","quarto-1.9.19.tar.gz",2260
"2026-01-30T20:26:34Z","changelog.md",1220
"2026-01-30T20:26:34Z","quarto-1.9.18-checksums.txt",1209
"2026-01-30T20:26:34Z","quarto-1.9.18-linux-aarch64.rpm",1222
"2026-01-30T20:26:34Z","quarto-1.9.18-linux-amd64.deb",1537
"2026-01-30T20:26:34Z","quarto-1.9.18-linux-amd64.tar.gz",1240
"2026-01-30T20:26:34Z","quarto-1.9.18-linux-arm64.deb",1187
"2026-01-30T20:26:34Z","quarto-1.9.18-linux-arm64.tar.gz",1187
"2026-01-30T20:26:34Z","quarto-1.9.18-linux-x86_64.rpm",1177
"2026-01-30T20:26:34Z","quarto-1.9.18-macos.pkg",1226
"2026-01-30T20:26:34Z","quarto-1.9.18-macos.tar.gz",1192
"2026-01-30T20:26:34Z","quarto-1.9.18-win.msi",1214
"2026-01-30T20:26:34Z","quarto-1.9.18-win.zip",1197
"2026-01-30T20:26:34Z","quarto-1.9.18.tar.gz",1177
"2026-01-20T14:24:22Z","changelog.md",3715
"2026-01-20T14:24:22Z","quarto-1.9.17-checksums.txt",3710
"2026-01-20T14:24:22Z","quarto-1.9.17-linux-aarch64.rpm",3625
"2026-01-20T14:24:22Z","quarto-1.9.17-linux-amd64.deb",4569
"2026-01-20T14:24:22Z","quarto-1.9.17-linux-amd64.tar.gz",3814
"2026-01-20T14:24:22Z","quarto-1.9.17-linux-arm64.deb",3698
"2026-01-20T14:24:22Z","quarto-1.9.17-linux-arm64.tar.gz",3625
"2026-01-20T14:24:22Z","quarto-1.9.17-linux-x86_64.rpm",3627
"2026-01-20T14:24:22Z","quarto-1.9.17-macos.pkg",3698
"2026-01-20T14:24:22Z","quarto-1.9.17-macos.tar.gz",3634
"2026-01-20T14:24:22Z","quarto-1.9.17-win.msi",3693
"2026-01-20T14:24:22Z","quarto-1.9.17-win.zip",3657
"2026-01-20T14:24:22Z","quarto-1.9.17.tar.gz",3618
"2026-01-16T09:03:44Z","changelog.md",19571
"2026-01-16T09:03:44Z","quarto-1.8.27-checksums.txt",19705
"2026-01-16T09:03:44Z","quarto-1.8.27-linux-aarch64.rpm",19274
"2026-01-16T09:03:44Z","quarto-1.8.27-linux-amd64.deb",278045
"2026-01-16T09:03:44Z","quarto-1.8.27-linux-amd64.tar.gz",62294
"2026-01-16T09:03:44Z","quarto-1.8.27-linux-arm64.deb",21202
"2026-01-16T09:03:44Z","quarto-1.8.27-linux-arm64.tar.gz",22398
"2026-01-16T09:03:44Z","quarto-1.8.27-linux-x86_64.rpm",19462
"2026-01-16T09:03:44Z","quarto-1.8.27-macos.pkg",55803
"2026-01-16T09:03:44Z","quarto-1.8.27-macos.tar.gz",21180
"2026-01-16T09:03:44Z","quarto-1.8.27-win.msi",40978
"2026-01-16T09:03:44Z","quarto-1.8.27-win.zip",37571
"2026-01-16T09:03:44Z","quarto-1.8.27.tar.gz",19193
"2025-12-25T06:05:51Z","changelog.md",10224
"2025-12-25T06:05:51Z","quarto-1.9.16-checksums.txt",10207
"2025-12-25T06:05:51Z","quarto-1.9.16-linux-aarch64.rpm",10044
"2025-12-25T06:05:51Z","quarto-1.9.16-linux-amd64.deb",12217
"2025-12-25T06:05:51Z","quarto-1.9.16-linux-amd64.tar.gz",10288
"2025-12-25T06:05:51Z","quarto-1.9.16-linux-arm64.deb",10066
"2025-12-25T06:05:51Z","quarto-1.9.16-linux-arm64.tar.gz",10045
"2025-12-25T06:05:51Z","quarto-1.9.16-linux-x86_64.rpm",10044
"2025-12-25T06:05:51Z","quarto-1.9.16-macos.pkg",10223
"2025-12-25T06:05:51Z","quarto-1.9.16-macos.tar.gz",10053
"2025-12-25T06:05:51Z","quarto-1.9.16-win.msi",10150
"2025-12-25T06:05:51Z","quarto-1.9.16-win.zip",10189
"2025-12-25T06:05:51Z","quarto-1.9.16.tar.gz",10052
"2025-12-22T22:35:38Z","changelog.md",958
"2025-12-22T22:35:38Z","quarto-1.9.15-checksums.txt",885
"2025-12-22T22:35:38Z","quarto-1.9.15-linux-aarch64.rpm",855
"2025-12-22T22:35:38Z","quarto-1.9.15-linux-amd64.deb",1198
"2025-12-22T22:35:38Z","quarto-1.9.15-linux-amd64.tar.gz",855
"2025-12-22T22:35:38Z","quarto-1.9.15-linux-arm64.deb",852
"2025-12-22T22:35:38Z","quarto-1.9.15-linux-arm64.tar.gz",858
"2025-12-22T22:35:38Z","quarto-1.9.15-linux-x86_64.rpm",849
"2025-12-22T22:35:38Z","quarto-1.9.15-macos.pkg",861
"2025-12-22T22:35:38Z","quarto-1.9.15-macos.tar.gz",852
"2025-12-22T22:35:38Z","quarto-1.9.15-win.msi",868
"2025-12-22T22:35:38Z","quarto-1.9.15-win.zip",865
"2025-12-22T22:35:38Z","quarto-1.9.15.tar.gz",848
"2025-12-16T16:14:01Z","changelog.md",2576
"2025-12-16T16:14:01Z","quarto-1.9.14-checksums.txt",2495
"2025-12-16T16:14:01Z","quarto-1.9.14-linux-aarch64.rpm",2492
"2025-12-16T16:14:01Z","quarto-1.9.14-linux-amd64.deb",3094
"2025-12-16T16:14:01Z","quarto-1.9.14-linux-amd64.tar.gz",2481
"2025-12-16T16:14:01Z","quarto-1.9.14-linux-arm64.deb",2452
"2025-12-16T16:14:01Z","quarto-1.9.14-linux-arm64.tar.gz",2449
"2025-12-16T16:14:01Z","quarto-1.9.14-linux-x86_64.rpm",2498
"2025-12-16T16:14:01Z","quarto-1.9.14-macos.pkg",2506
"2025-12-16T16:14:01Z","quarto-1.9.14-macos.tar.gz",2448
"2025-12-16T16:14:01Z","quarto-1.9.14-win.msi",2499
"2025-12-16T16:14:01Z","quarto-1.9.14-win.zip",2477
"2025-12-16T16:14:01Z","quarto-1.9.14.tar.gz",2445
"2025-12-11T20:23:40Z","changelog.md",2014
"2025-12-11T20:23:40Z","quarto-1.9.13-checksums.txt",1942
"2025-12-11T20:23:40Z","quarto-1.9.13-linux-aarch64.rpm",1890
"2025-12-11T20:23:40Z","quarto-1.9.13-linux-amd64.deb",2429
"2025-12-11T20:23:40Z","quarto-1.9.13-linux-amd64.tar.gz",1914
"2025-12-11T20:23:40Z","quarto-1.9.13-linux-arm64.deb",2036
"2025-12-11T20:23:40Z","quarto-1.9.13-linux-arm64.tar.gz",1892
"2025-12-11T20:23:40Z","quarto-1.9.13-linux-x86_64.rpm",1890
"2025-12-11T20:23:40Z","quarto-1.9.13-macos.pkg",1961
"2025-12-11T20:23:40Z","quarto-1.9.13-macos.tar.gz",1948
"2025-12-11T20:23:40Z","quarto-1.9.13-win.msi",1944
"2025-12-11T20:23:40Z","quarto-1.9.13-win.zip",1927
"2025-12-11T20:23:40Z","quarto-1.9.13.tar.gz",1890
"2025-11-19T16:15:50Z","changelog.md",9566
"2025-11-19T16:15:50Z","quarto-1.9.12-checksums.txt",9564
"2025-11-19T16:15:50Z","quarto-1.9.12-linux-aarch64.rpm",9409
"2025-11-19T16:15:50Z","quarto-1.9.12-linux-amd64.deb",12095
"2025-11-19T16:15:50Z","quarto-1.9.12-linux-amd64.tar.gz",9611
"2025-11-19T16:15:50Z","quarto-1.9.12-linux-arm64.deb",9420
"2025-11-19T16:15:50Z","quarto-1.9.12-linux-arm64.tar.gz",9410
"2025-11-19T16:15:50Z","quarto-1.9.12-linux-x86_64.rpm",9411
"2025-11-19T16:15:50Z","quarto-1.9.12-macos.pkg",9580
"2025-11-19T16:15:50Z","quarto-1.9.12-macos.tar.gz",9417
"2025-11-19T16:15:50Z","quarto-1.9.12-win.msi",9482
"2025-11-19T16:15:50Z","quarto-1.9.12-win.zip",9475
"2025-11-19T16:15:50Z","quarto-1.9.12.tar.gz",9390
"2025-11-12T14:30:34Z","changelog.md",3391
"2025-11-12T14:30:34Z","quarto-1.9.11-checksums.txt",3322
"2025-11-12T14:30:34Z","quarto-1.9.11-linux-aarch64.rpm",3272
"2025-11-12T14:30:34Z","quarto-1.9.11-linux-amd64.deb",3937
"2025-11-12T14:30:34Z","quarto-1.9.11-linux-amd64.tar.gz",3327
"2025-11-12T14:30:34Z","quarto-1.9.11-linux-arm64.deb",3280
"2025-11-12T14:30:34Z","quarto-1.9.11-linux-arm64.tar.gz",3280
"2025-11-12T14:30:34Z","quarto-1.9.11-linux-x86_64.rpm",3281
"2025-11-12T14:30:34Z","quarto-1.9.11-macos.pkg",3315
"2025-11-12T14:30:34Z","quarto-1.9.11-macos.tar.gz",3272
"2025-11-12T14:30:34Z","quarto-1.9.11-win.msi",3331
"2025-11-12T14:30:34Z","quarto-1.9.11-win.zip",3296
"2025-11-12T14:30:34Z","quarto-1.9.11.tar.gz",3271
"2025-11-12T12:16:00Z","changelog.md",26778
"2025-11-12T12:16:00Z","quarto-1.8.26-checksums.txt",25944
"2025-11-12T12:16:00Z","quarto-1.8.26-linux-aarch64.rpm",25523
"2025-11-12T12:16:00Z","quarto-1.8.26-linux-amd64.deb",270837
"2025-11-12T12:16:00Z","quarto-1.8.26-linux-amd64.tar.gz",70183
"2025-11-12T12:16:00Z","quarto-1.8.26-linux-arm64.deb",28644
"2025-11-12T12:16:00Z","quarto-1.8.26-linux-arm64.tar.gz",30315
"2025-11-12T12:16:00Z","quarto-1.8.26-linux-rhel7-amd64.tar.gz",26596
"2025-11-12T12:16:00Z","quarto-1.8.26-linux-x86_64.rpm",25505
"2025-11-12T12:16:00Z","quarto-1.8.26-macos.pkg",58207
"2025-11-12T12:16:00Z","quarto-1.8.26-macos.tar.gz",27529
"2025-11-12T12:16:00Z","quarto-1.8.26-win.msi",48749
"2025-11-12T12:16:00Z","quarto-1.8.26-win.zip",41465
"2025-11-12T12:16:00Z","quarto-1.8.26.tar.gz",26398
"2025-11-06T10:20:38Z","changelog.md",3042
"2025-11-06T10:20:38Z","quarto-1.9.10-checksums.txt",2981
"2025-11-06T10:20:38Z","quarto-1.9.10-linux-aarch64.rpm",2937
"2025-11-06T10:20:38Z","quarto-1.9.10-linux-amd64.deb",3737
"2025-11-06T10:20:38Z","quarto-1.9.10-linux-amd64.tar.gz",3266
"2025-11-06T10:20:38Z","quarto-1.9.10-linux-arm64.deb",2943
"2025-11-06T10:20:38Z","quarto-1.9.10-linux-arm64.tar.gz",2939
"2025-11-06T10:20:38Z","quarto-1.9.10-linux-x86_64.rpm",2932
"2025-11-06T10:20:38Z","quarto-1.9.10-macos.pkg",2984
"2025-11-06T10:20:38Z","quarto-1.9.10-macos.tar.gz",2938
"2025-11-06T10:20:38Z","quarto-1.9.10-win.msi",2995
"2025-11-06T10:20:38Z","quarto-1.9.10-win.zip",2965
"2025-11-06T10:20:38Z","quarto-1.9.10.tar.gz",2932
"2025-10-28T16:27:54Z","changelog.md",4184
"2025-10-28T16:27:54Z","quarto-1.9.9-checksums.txt",4171
"2025-10-28T16:27:54Z","quarto-1.9.9-linux-aarch64.rpm",4116
"2025-10-28T16:27:54Z","quarto-1.9.9-linux-amd64.deb",5244
"2025-10-28T16:27:54Z","quarto-1.9.9-linux-amd64.tar.gz",4207
"2025-10-28T16:27:54Z","quarto-1.9.9-linux-arm64.deb",4142
"2025-10-28T16:27:54Z","quarto-1.9.9-linux-arm64.tar.gz",4116
"2025-10-28T16:27:54Z","quarto-1.9.9-linux-x86_64.rpm",4114
"2025-10-28T16:27:54Z","quarto-1.9.9-macos.pkg",4192
"2025-10-28T16:27:54Z","quarto-1.9.9-macos.tar.gz",4119
"2025-10-28T16:27:54Z","quarto-1.9.9-win.msi",4167
"2025-10-28T16:27:54Z","quarto-1.9.9-win.zip",4912
"2025-10-28T16:27:54Z","quarto-1.9.9.tar.gz",4108
"2025-10-17T17:47:45Z","changelog.md",5335
"2025-10-17T17:47:45Z","quarto-1.9.8-checksums.txt",5318
"2025-10-17T17:47:45Z","quarto-1.9.8-linux-aarch64.rpm",5247
"2025-10-17T17:47:45Z","quarto-1.9.8-linux-amd64.deb",6155
"2025-10-17T17:47:45Z","quarto-1.9.8-linux-amd64.tar.gz",5386
"2025-10-17T17:47:45Z","quarto-1.9.8-linux-arm64.deb",5259
"2025-10-17T17:47:45Z","quarto-1.9.8-linux-arm64.tar.gz",5254
"2025-10-17T17:47:45Z","quarto-1.9.8-linux-x86_64.rpm",5251
"2025-10-17T17:47:45Z","quarto-1.9.8-macos.pkg",5375
"2025-10-17T17:47:45Z","quarto-1.9.8-macos.tar.gz",5257
"2025-10-17T17:47:45Z","quarto-1.9.8-win.msi",5328
"2025-10-17T17:47:45Z","quarto-1.9.8-win.zip",5299
"2025-10-17T17:47:45Z","quarto-1.9.8.tar.gz",5254
"2025-10-16T17:35:12Z","changelog.md",512
"2025-10-16T17:35:12Z","quarto-1.9.7-checksums.txt",504
"2025-10-16T17:35:12Z","quarto-1.9.7-linux-aarch64.rpm",492
"2025-10-16T17:35:12Z","quarto-1.9.7-linux-amd64.deb",628
"2025-10-16T17:35:12Z","quarto-1.9.7-linux-amd64.tar.gz",500
"2025-10-16T17:35:12Z","quarto-1.9.7-linux-arm64.deb",491
"2025-10-16T17:35:12Z","quarto-1.9.7-linux-arm64.tar.gz",492
"2025-10-16T17:35:12Z","quarto-1.9.7-linux-x86_64.rpm",491
"2025-10-16T17:35:12Z","quarto-1.9.7-macos.pkg",504
"2025-10-16T17:35:12Z","quarto-1.9.7-macos.tar.gz",494
"2025-10-16T17:35:12Z","quarto-1.9.7-win.msi",508
"2025-10-16T17:35:12Z","quarto-1.9.7-win.zip",500
"2025-10-16T17:35:12Z","quarto-1.9.7.tar.gz",492
"2025-10-16T12:45:19Z","changelog.md",128
"2025-10-16T12:45:19Z","quarto-1.9.6-checksums.txt",106
"2025-10-16T12:45:19Z","quarto-1.9.6-linux-aarch64.rpm",105
"2025-10-16T12:45:19Z","quarto-1.9.6-linux-amd64.deb",157
"2025-10-16T12:45:19Z","quarto-1.9.6-linux-amd64.tar.gz",113
"2025-10-16T12:45:19Z","quarto-1.9.6-linux-arm64.deb",105
"2025-10-16T12:45:19Z","quarto-1.9.6-linux-arm64.tar.gz",106
"2025-10-16T12:45:19Z","quarto-1.9.6-linux-x86_64.rpm",108
"2025-10-16T12:45:19Z","quarto-1.9.6-macos.pkg",111
"2025-10-16T12:45:19Z","quarto-1.9.6-macos.tar.gz",106
"2025-10-16T12:45:19Z","quarto-1.9.6-win.msi",111
"2025-10-16T12:45:19Z","quarto-1.9.6-win.zip",107
"2025-10-16T12:45:19Z","quarto-1.9.6.tar.gz",106
"2025-10-14T15:08:22Z","changelog.md",931
"2025-10-14T15:08:22Z","quarto-1.9.5-checksums.txt",925
"2025-10-14T15:08:22Z","quarto-1.9.5-linux-aarch64.rpm",908
"2025-10-14T15:08:22Z","quarto-1.9.5-linux-amd64.deb",1116
"2025-10-14T15:08:22Z","quarto-1.9.5-linux-amd64.tar.gz",930
"2025-10-14T15:08:22Z","quarto-1.9.5-linux-arm64.deb",905
"2025-10-14T15:08:22Z","quarto-1.9.5-linux-arm64.tar.gz",908
"2025-10-14T15:08:22Z","quarto-1.9.5-linux-x86_64.rpm",904
"2025-10-14T15:08:22Z","quarto-1.9.5-macos.pkg",922
"2025-10-14T15:08:22Z","quarto-1.9.5-macos.tar.gz",909
"2025-10-14T15:08:22Z","quarto-1.9.5-win.msi",922
"2025-10-14T15:08:22Z","quarto-1.9.5-win.zip",916
"2025-10-14T15:08:22Z","quarto-1.9.5.tar.gz",905
"2025-10-10T18:47:25Z","changelog.md",1911
"2025-10-10T18:47:25Z","quarto-1.9.4-checksums.txt",1925
"2025-10-10T18:47:25Z","quarto-1.9.4-linux-aarch64.rpm",1898
"2025-10-10T18:47:25Z","quarto-1.9.4-linux-amd64.deb",2315
"2025-10-10T18:47:25Z","quarto-1.9.4-linux-amd64.tar.gz",2016
"2025-10-10T18:47:25Z","quarto-1.9.4-linux-arm64.deb",1902
"2025-10-10T18:47:25Z","quarto-1.9.4-linux-arm64.tar.gz",1899
"2025-10-10T18:47:25Z","quarto-1.9.4-linux-x86_64.rpm",1897
"2025-10-10T18:47:25Z","quarto-1.9.4-macos.pkg",1929
"2025-10-10T18:47:25Z","quarto-1.9.4-macos.tar.gz",1898
"2025-10-10T18:47:25Z","quarto-1.9.4-win.msi",1933
"2025-10-10T18:47:25Z","quarto-1.9.4-win.zip",1919
"2025-10-10T18:47:25Z","quarto-1.9.4.tar.gz",1894
"2025-10-06T23:31:09Z","changelog.md",1833
"2025-10-06T23:31:09Z","quarto-1.9.3-checksums.txt",1845
"2025-10-06T23:31:09Z","quarto-1.9.3-linux-amd64.deb",2349
"2025-10-06T23:31:09Z","quarto-1.9.3-linux-amd64.tar.gz",1910
"2025-10-06T23:31:09Z","quarto-1.9.3-linux-arm64.deb",1819
"2025-10-06T23:31:09Z","quarto-1.9.3-linux-arm64.tar.gz",1825
"2025-10-06T23:31:09Z","quarto-1.9.3-macos.pkg",1849
"2025-10-06T23:31:09Z","quarto-1.9.3-macos.tar.gz",1823
"2025-10-06T23:31:09Z","quarto-1.9.3-win.msi",1849
"2025-10-06T23:31:09Z","quarto-1.9.3-win.zip",1845
"2025-10-06T23:31:09Z","quarto-1.9.3.tar.gz",1819
"2025-09-29T23:14:13Z","changelog.md",21173
"2025-09-29T23:14:13Z","quarto-1.8.25-checksums.txt",21484
"2025-09-29T23:14:13Z","quarto-1.8.25-linux-amd64.deb",211586
"2025-09-29T23:14:13Z","quarto-1.8.25-linux-amd64.tar.gz",62437
"2025-09-29T23:14:13Z","quarto-1.8.25-linux-arm64.deb",22219
"2025-09-29T23:14:13Z","quarto-1.8.25-linux-arm64.tar.gz",25872
"2025-09-29T23:14:13Z","quarto-1.8.25-linux-rhel7-amd64.tar.gz",21160
"2025-09-29T23:14:13Z","quarto-1.8.25-macos.pkg",43169
"2025-09-29T23:14:13Z","quarto-1.8.25-macos.tar.gz",21892
"2025-09-29T23:14:13Z","quarto-1.8.25-win.msi",39548
"2025-09-29T23:14:13Z","quarto-1.8.25-win.zip",30273
"2025-09-29T23:14:13Z","quarto-1.8.25.tar.gz",21028
"2025-09-24T10:52:04Z","changelog.md",6790
"2025-09-24T10:52:04Z","quarto-1.9.2-checksums.txt",6814
"2025-09-24T10:52:04Z","quarto-1.9.2-linux-amd64.deb",8209
"2025-09-24T10:52:04Z","quarto-1.9.2-linux-amd64.tar.gz",6948
"2025-09-24T10:52:04Z","quarto-1.9.2-linux-arm64.deb",6766
"2025-09-24T10:52:04Z","quarto-1.9.2-linux-arm64.tar.gz",6751
"2025-09-24T10:52:04Z","quarto-1.9.2-macos.pkg",6827
"2025-09-24T10:52:04Z","quarto-1.9.2-macos.tar.gz",6744
"2025-09-24T10:52:04Z","quarto-1.9.2-win.msi",6803
"2025-09-24T10:52:04Z","quarto-1.9.2-win.zip",6788
"2025-09-24T10:52:04Z","quarto-1.9.2.tar.gz",6743
"2025-09-23T22:25:51Z","changelog.md",288
"2025-09-23T22:25:51Z","quarto-1.9.1-checksums.txt",278
"2025-09-23T22:25:51Z","quarto-1.9.1-linux-amd64.deb",354
"2025-09-23T22:25:51Z","quarto-1.9.1-linux-amd64.tar.gz",288
"2025-09-23T22:25:51Z","quarto-1.9.1-linux-arm64.deb",278
"2025-09-23T22:25:51Z","quarto-1.9.1-linux-arm64.tar.gz",276
"2025-09-23T22:25:51Z","quarto-1.9.1-macos.pkg",282
"2025-09-23T22:25:51Z","quarto-1.9.1-macos.tar.gz",277
"2025-09-23T22:25:51Z","quarto-1.9.1-win.msi",280
"2025-09-23T22:25:51Z","quarto-1.9.1-win.zip",282
"2025-09-23T22:25:51Z","quarto-1.9.1.tar.gz",275
"2025-09-12T14:36:24Z","changelog.md",6647
"2025-09-12T14:36:24Z","quarto-1.9.0-checksums.txt",6676
"2025-09-12T14:36:24Z","quarto-1.9.0-linux-amd64.deb",7669
"2025-09-12T14:36:24Z","quarto-1.9.0-linux-amd64.tar.gz",6836
"2025-09-12T14:36:24Z","quarto-1.9.0-linux-arm64.deb",6613
"2025-09-12T14:36:24Z","quarto-1.9.0-linux-arm64.tar.gz",6600
"2025-09-12T14:36:24Z","quarto-1.9.0-linux-rhel7-amd64.tar.gz",6598
"2025-09-12T14:36:24Z","quarto-1.9.0-macos.pkg",6682
"2025-09-12T14:36:24Z","quarto-1.9.0-macos.tar.gz",6604
"2025-09-12T14:36:24Z","quarto-1.9.0-win.msi",6681
"2025-09-12T14:36:24Z","quarto-1.9.0-win.zip",6651
"2025-09-12T14:36:24Z","quarto-1.9.0.tar.gz",6605
"2025-09-05T17:38:26Z","changelog.md",14163
"2025-09-05T17:38:26Z","quarto-1.8.24-checksums.txt",14248
"2025-09-05T17:38:26Z","quarto-1.8.24-linux-amd64.deb",86814
"2025-09-05T17:38:26Z","quarto-1.8.24-linux-amd64.tar.gz",30092
"2025-09-05T17:38:26Z","quarto-1.8.24-linux-arm64.deb",15145
"2025-09-05T17:38:26Z","quarto-1.8.24-linux-arm64.tar.gz",15433
"2025-09-05T17:38:26Z","quarto-1.8.24-linux-rhel7-amd64.tar.gz",14133
"2025-09-05T17:38:26Z","quarto-1.8.24-macos.pkg",34629
"2025-09-05T17:38:26Z","quarto-1.8.24-macos.tar.gz",14521
"2025-09-05T17:38:26Z","quarto-1.8.24-win.msi",26071
"2025-09-05T17:38:26Z","quarto-1.8.24-win.zip",17261
"2025-09-05T17:38:26Z","quarto-1.8.24.tar.gz",14104
"2025-09-02T23:37:40Z","changelog.md",1595
"2025-09-02T23:37:40Z","quarto-1.8.23-checksums.txt",1591
"2025-09-02T23:37:40Z","quarto-1.8.23-linux-amd64.deb",3229
"2025-09-02T23:37:40Z","quarto-1.8.23-linux-amd64.tar.gz",1678
"2025-09-02T23:37:40Z","quarto-1.8.23-linux-arm64.deb",1593
"2025-09-02T23:37:40Z","quarto-1.8.23-linux-arm64.tar.gz",1570
"2025-09-02T23:37:40Z","quarto-1.8.23-linux-rhel7-amd64.tar.gz",1574
"2025-09-02T23:37:40Z","quarto-1.8.23-macos.pkg",2875
"2025-09-02T23:37:40Z","quarto-1.8.23-macos.tar.gz",1579
"2025-09-02T23:37:40Z","quarto-1.8.23-win.msi",3180
"2025-09-02T23:37:40Z","quarto-1.8.23-win.zip",1634
"2025-09-02T23:37:40Z","quarto-1.8.23.tar.gz",1571
"2025-09-02T14:59:52Z","changelog.md",275
"2025-09-02T14:59:52Z","quarto-1.8.22-checksums.txt",248
"2025-09-02T14:59:52Z","quarto-1.8.22-linux-amd64.deb",350
"2025-09-02T14:59:52Z","quarto-1.8.22-linux-amd64.tar.gz",345
"2025-09-02T14:59:52Z","quarto-1.8.22-linux-arm64.deb",245
"2025-09-02T14:59:52Z","quarto-1.8.22-linux-arm64.tar.gz",241
"2025-09-02T14:59:52Z","quarto-1.8.22-linux-rhel7-amd64.tar.gz",240
"2025-09-02T14:59:52Z","quarto-1.8.22-macos.pkg",476
"2025-09-02T14:59:52Z","quarto-1.8.22-macos.tar.gz",243
"2025-09-02T14:59:52Z","quarto-1.8.22-win.msi",493
"2025-09-02T14:59:52Z","quarto-1.8.22-win.zip",245
"2025-09-02T14:59:52Z","quarto-1.8.22.tar.gz",240
"2025-08-29T10:47:09Z","changelog.md",8512
"2025-08-29T10:47:09Z","quarto-1.7.34-checksums.txt",8295
"2025-08-29T10:47:09Z","quarto-1.7.34-linux-amd64.deb",61065
"2025-08-29T10:47:09Z","quarto-1.7.34-linux-amd64.tar.gz",21629
"2025-08-29T10:47:09Z","quarto-1.7.34-linux-arm64.deb",8397
"2025-08-29T10:47:09Z","quarto-1.7.34-linux-arm64.tar.gz",8651
"2025-08-29T10:47:09Z","quarto-1.7.34-linux-rhel7-amd64.tar.gz",8162
"2025-08-29T10:47:09Z","quarto-1.7.34-macos.pkg",14827
"2025-08-29T10:47:09Z","quarto-1.7.34-macos.tar.gz",9056
"2025-08-29T10:47:09Z","quarto-1.7.34-win.msi",10698
"2025-08-29T10:47:09Z","quarto-1.7.34-win.zip",11189
"2025-08-29T10:47:09Z","quarto-1.7.34.tar.gz",8148
"2025-08-20T18:46:08Z","changelog.md",7221
"2025-08-20T18:46:08Z","quarto-1.8.21-checksums.txt",7244
"2025-08-20T18:46:08Z","quarto-1.8.21-linux-amd64.deb",10027
"2025-08-20T18:46:08Z","quarto-1.8.21-linux-amd64.tar.gz",7258
"2025-08-20T18:46:08Z","quarto-1.8.21-linux-arm64.deb",7208
"2025-08-20T18:46:08Z","quarto-1.8.21-linux-arm64.tar.gz",7169
"2025-08-20T18:46:08Z","quarto-1.8.21-linux-rhel7-amd64.tar.gz",7171
"2025-08-20T18:46:08Z","quarto-1.8.21-macos.pkg",8430
"2025-08-20T18:46:08Z","quarto-1.8.21-macos.tar.gz",7170
"2025-08-20T18:46:08Z","quarto-1.8.21-win.msi",8960
"2025-08-20T18:46:08Z","quarto-1.8.21-win.zip",7241
"2025-08-20T18:46:08Z","quarto-1.8.21.tar.gz",7162
"2025-08-14T21:28:16Z","changelog.md",3190
"2025-08-14T21:28:16Z","quarto-1.8.20-checksums.txt",3187
"2025-08-14T21:28:16Z","quarto-1.8.20-linux-amd64.deb",4028
"2025-08-14T21:28:16Z","quarto-1.8.20-linux-amd64.tar.gz",3199
"2025-08-14T21:28:16Z","quarto-1.8.20-linux-arm64.deb",3172
"2025-08-14T21:28:16Z","quarto-1.8.20-linux-arm64.tar.gz",3151
"2025-08-14T21:28:16Z","quarto-1.8.20-linux-rhel7-amd64.tar.gz",3152
"2025-08-14T21:28:16Z","quarto-1.8.20-macos.pkg",3195
"2025-08-14T21:28:16Z","quarto-1.8.20-macos.tar.gz",3152
"2025-08-14T21:28:16Z","quarto-1.8.20-win.msi",3215
"2025-08-14T21:28:16Z","quarto-1.8.20-win.zip",3189
"2025-08-14T21:28:16Z","quarto-1.8.20.tar.gz",3156
"2025-08-06T16:30:15Z","changelog.md",12253
"2025-08-06T16:30:15Z","quarto-1.7.33-checksums.txt",12367
"2025-08-06T16:30:15Z","quarto-1.7.33-linux-amd64.deb",84832
"2025-08-06T16:30:15Z","quarto-1.7.33-linux-amd64.tar.gz",24924
"2025-08-06T16:30:15Z","quarto-1.7.33-linux-arm64.deb",13172
"2025-08-06T16:30:15Z","quarto-1.7.33-linux-arm64.tar.gz",13060
"2025-08-06T16:30:15Z","quarto-1.7.33-linux-rhel7-amd64.tar.gz",12239
"2025-08-06T16:30:15Z","quarto-1.7.33-macos.pkg",23766
"2025-08-06T16:30:15Z","quarto-1.7.33-macos.tar.gz",12704
"2025-08-06T16:30:15Z","quarto-1.7.33-win.msi",21697
"2025-08-06T16:30:15Z","quarto-1.7.33-win.zip",16595
"2025-08-06T16:30:15Z","quarto-1.7.33.tar.gz",12161
"2025-08-05T13:05:16Z","changelog.md",4743
"2025-08-05T13:05:16Z","quarto-1.8.19-checksums.txt",4769
"2025-08-05T13:05:16Z","quarto-1.8.19-linux-amd64.deb",5517
"2025-08-05T13:05:16Z","quarto-1.8.19-linux-amd64.tar.gz",4750
"2025-08-05T13:05:16Z","quarto-1.8.19-linux-arm64.deb",4724
"2025-08-05T13:05:16Z","quarto-1.8.19-linux-arm64.tar.gz",4719
"2025-08-05T13:05:16Z","quarto-1.8.19-linux-rhel7-amd64.tar.gz",4718
"2025-08-05T13:05:16Z","quarto-1.8.19-macos.pkg",4798
"2025-08-05T13:05:16Z","quarto-1.8.19-macos.tar.gz",4723
"2025-08-05T13:05:16Z","quarto-1.8.19-win.msi",4763
"2025-08-05T13:05:16Z","quarto-1.8.19-win.zip",4746
"2025-08-05T13:05:16Z","quarto-1.8.19.tar.gz",4714
"2025-08-01T20:24:45Z","changelog.md",1808
"2025-08-01T20:24:45Z","quarto-1.8.18-checksums.txt",1804
"2025-08-01T20:24:45Z","quarto-1.8.18-linux-amd64.deb",2322
"2025-08-01T20:24:45Z","quarto-1.8.18-linux-amd64.tar.gz",1807
"2025-08-01T20:24:45Z","quarto-1.8.18-linux-arm64.deb",1785
"2025-08-01T20:24:45Z","quarto-1.8.18-linux-arm64.tar.gz",1777
"2025-08-01T20:24:45Z","quarto-1.8.18-linux-rhel7-amd64.tar.gz",1780
"2025-08-01T20:24:45Z","quarto-1.8.18-macos.pkg",1819
"2025-08-01T20:24:45Z","quarto-1.8.18-macos.tar.gz",1786
"2025-08-01T20:24:45Z","quarto-1.8.18-win.msi",1819
"2025-08-01T20:24:45Z","quarto-1.8.18-win.zip",1805
"2025-08-01T20:24:45Z","quarto-1.8.18.tar.gz",1783
"2025-07-15T16:02:54Z","changelog.md",8593
"2025-07-15T16:02:54Z","quarto-1.8.17-checksums.txt",8613
"2025-07-15T16:02:54Z","quarto-1.8.17-linux-amd64.deb",13266
"2025-07-15T16:02:54Z","quarto-1.8.17-linux-amd64.tar.gz",8684
"2025-07-15T16:02:54Z","quarto-1.8.17-linux-arm64.deb",8560
"2025-07-15T16:02:54Z","quarto-1.8.17-linux-arm64.tar.gz",8554
"2025-07-15T16:02:54Z","quarto-1.8.17-linux-rhel7-amd64.tar.gz",8540
"2025-07-15T16:02:54Z","quarto-1.8.17-macos.pkg",8696
"2025-07-15T16:02:54Z","quarto-1.8.17-macos.tar.gz",8561
"2025-07-15T16:02:54Z","quarto-1.8.17-win.msi",8656
"2025-07-15T16:02:54Z","quarto-1.8.17-win.zip",8623
"2025-07-15T16:02:54Z","quarto-1.8.17.tar.gz",8539
"2025-07-08T14:14:35Z","changelog.md",3578
"2025-07-08T14:14:35Z","quarto-1.8.16-checksums.txt",3593
"2025-07-08T14:14:35Z","quarto-1.8.16-linux-amd64.deb",4256
"2025-07-08T14:14:35Z","quarto-1.8.16-linux-amd64.tar.gz",3626
"2025-07-08T14:14:35Z","quarto-1.8.16-linux-arm64.deb",3559
"2025-07-08T14:14:35Z","quarto-1.8.16-linux-arm64.tar.gz",3547
"2025-07-08T14:14:35Z","quarto-1.8.16-linux-rhel7-amd64.tar.gz",3545
"2025-07-08T14:14:35Z","quarto-1.8.16-macos.pkg",3608
"2025-07-08T14:14:35Z","quarto-1.8.16-macos.tar.gz",3545
"2025-07-08T14:14:35Z","quarto-1.8.16-win.msi",3586
"2025-07-08T14:14:35Z","quarto-1.8.16-win.zip",3561
"2025-07-08T14:14:35Z","quarto-1.8.16.tar.gz",3539
"2025-07-07T18:56:11Z","changelog.md",554
"2025-07-07T18:56:11Z","quarto-1.8.15-checksums.txt",547
"2025-07-07T18:56:11Z","quarto-1.8.15-linux-amd64.deb",720
"2025-07-07T18:56:11Z","quarto-1.8.15-linux-amd64.tar.gz",549
"2025-07-07T18:56:11Z","quarto-1.8.15-linux-arm64.deb",532
"2025-07-07T18:56:11Z","quarto-1.8.15-linux-arm64.tar.gz",534
"2025-07-07T18:56:11Z","quarto-1.8.15-linux-rhel7-amd64.tar.gz",529
"2025-07-07T18:56:11Z","quarto-1.8.15-macos.pkg",548
"2025-07-07T18:56:11Z","quarto-1.8.15-macos.tar.gz",531
"2025-07-07T18:56:11Z","quarto-1.8.15-win.msi",548
"2025-07-07T18:56:11Z","quarto-1.8.15-win.zip",557
"2025-07-07T18:56:11Z","quarto-1.8.15.tar.gz",534
"2025-06-16T16:20:03Z","changelog.md",25877
"2025-06-16T16:20:03Z","quarto-1.7.32-checksums.txt",26104
"2025-06-16T16:20:03Z","quarto-1.7.32-linux-amd64.deb",199770
"2025-06-16T16:20:03Z","quarto-1.7.32-linux-amd64.tar.gz",56277
"2025-06-16T16:20:03Z","quarto-1.7.32-linux-arm64.deb",31106
"2025-06-16T16:20:03Z","quarto-1.7.32-linux-arm64.tar.gz",30268
"2025-06-16T16:20:03Z","quarto-1.7.32-linux-rhel7-amd64.tar.gz",25943
"2025-06-16T16:20:03Z","quarto-1.7.32-macos.pkg",49263
"2025-06-16T16:20:03Z","quarto-1.7.32-macos.tar.gz",27486
"2025-06-16T16:20:03Z","quarto-1.7.32-win.msi",41052
"2025-06-16T16:20:03Z","quarto-1.7.32-win.zip",37025
"2025-06-16T16:20:03Z","quarto-1.7.32.tar.gz",25719
"2025-06-11T11:49:05Z","changelog.md",13350
"2025-06-11T11:49:05Z","quarto-1.8.14-checksums.txt",13471
"2025-06-11T11:49:05Z","quarto-1.8.14-linux-amd64.deb",15784
"2025-06-11T11:49:05Z","quarto-1.8.14-linux-amd64.tar.gz",13474
"2025-06-11T11:49:05Z","quarto-1.8.14-linux-arm64.deb",13328
"2025-06-11T11:49:05Z","quarto-1.8.14-linux-arm64.tar.gz",13309
"2025-06-11T11:49:05Z","quarto-1.8.14-linux-rhel7-amd64.tar.gz",13305
"2025-06-11T11:49:05Z","quarto-1.8.14-macos.pkg",13506
"2025-06-11T11:49:05Z","quarto-1.8.14-macos.tar.gz",13314
"2025-06-11T11:49:05Z","quarto-1.8.14-win.msi",13422
"2025-06-11T11:49:05Z","quarto-1.8.14-win.zip",13422
"2025-06-11T11:49:05Z","quarto-1.8.14.tar.gz",13290
"2025-06-05T12:33:06Z","changelog.md",2921
"2025-06-05T12:33:06Z","quarto-1.8.13-checksums.txt",2940
"2025-06-05T12:33:06Z","quarto-1.8.13-linux-amd64.deb",4035
"2025-06-05T12:33:06Z","quarto-1.8.13-linux-amd64.tar.gz",4516
"2025-06-05T12:33:06Z","quarto-1.8.13-linux-arm64.deb",2900
"2025-06-05T12:33:06Z","quarto-1.8.13-linux-arm64.tar.gz",2893
"2025-06-05T12:33:06Z","quarto-1.8.13-linux-rhel7-amd64.tar.gz",2893
"2025-06-05T12:33:06Z","quarto-1.8.13-macos.pkg",2968
"2025-06-05T12:33:06Z","quarto-1.8.13-macos.tar.gz",2903
"2025-06-05T12:33:06Z","quarto-1.8.13-win.msi",2922
"2025-06-05T12:33:06Z","quarto-1.8.13-win.zip",2944
"2025-06-05T12:33:06Z","quarto-1.8.13.tar.gz",2887
"2025-06-04T17:39:43Z","changelog.md",347
"2025-06-04T17:39:43Z","quarto-1.8.12-checksums.txt",341
"2025-06-04T17:39:43Z","quarto-1.8.12-linux-amd64.deb",410
"2025-06-04T17:39:43Z","quarto-1.8.12-linux-amd64.tar.gz",348
"2025-06-04T17:39:43Z","quarto-1.8.12-linux-arm64.deb",334
"2025-06-04T17:39:43Z","quarto-1.8.12-linux-arm64.tar.gz",337
"2025-06-04T17:39:43Z","quarto-1.8.12-linux-rhel7-amd64.tar.gz",334
"2025-06-04T17:39:43Z","quarto-1.8.12-macos.pkg",350
"2025-06-04T17:39:43Z","quarto-1.8.12-macos.tar.gz",335
"2025-06-04T17:39:43Z","quarto-1.8.12-win.msi",346
"2025-06-04T17:39:43Z","quarto-1.8.12-win.zip",344
"2025-06-04T17:39:43Z","quarto-1.8.12.tar.gz",337
"2025-05-20T18:50:48Z","changelog.md",6548
"2025-05-20T18:50:48Z","quarto-1.8.11-checksums.txt",6605
"2025-05-20T18:50:48Z","quarto-1.8.11-linux-amd64.deb",7857
"2025-05-20T18:50:48Z","quarto-1.8.11-linux-amd64.tar.gz",6625
"2025-05-20T18:50:48Z","quarto-1.8.11-linux-arm64.deb",6526
"2025-05-20T18:50:48Z","quarto-1.8.11-linux-arm64.tar.gz",6540
"2025-05-20T18:50:48Z","quarto-1.8.11-linux-rhel7-amd64.tar.gz",6508
"2025-05-20T18:50:48Z","quarto-1.8.11-macos.pkg",6596
"2025-05-20T18:50:48Z","quarto-1.8.11-macos.tar.gz",6508
"2025-05-20T18:50:48Z","quarto-1.8.11-win.msi",6560
"2025-05-20T18:50:48Z","quarto-1.8.11-win.zip",6558
"2025-05-20T18:50:48Z","quarto-1.8.11.tar.gz",6502
"2025-05-20T17:19:53Z","changelog.md",47
"2025-05-20T17:19:53Z","quarto-1.8.10-checksums.txt",34
"2025-05-20T17:19:53Z","quarto-1.8.10-linux-amd64.deb",57
"2025-05-20T17:19:53Z","quarto-1.8.10-linux-amd64.tar.gz",37
"2025-05-20T17:19:53Z","quarto-1.8.10-linux-arm64.deb",34
"2025-05-20T17:19:53Z","quarto-1.8.10-linux-arm64.tar.gz",35
"2025-05-20T17:19:53Z","quarto-1.8.10-linux-rhel7-amd64.tar.gz",34
"2025-05-20T17:19:53Z","quarto-1.8.10-macos.pkg",39
"2025-05-20T17:19:53Z","quarto-1.8.10-macos.tar.gz",36
"2025-05-20T17:19:53Z","quarto-1.8.10-win.msi",36
"2025-05-20T17:19:53Z","quarto-1.8.10-win.zip",34
"2025-05-20T17:19:53Z","quarto-1.8.10.tar.gz",34
"2025-05-19T19:51:51Z","changelog.md",392
"2025-05-19T19:51:51Z","quarto-1.8.9-checksums.txt",392
"2025-05-19T19:51:51Z","quarto-1.8.9-linux-amd64.deb",526
"2025-05-19T19:51:51Z","quarto-1.8.9-linux-amd64.tar.gz",400
"2025-05-19T19:51:51Z","quarto-1.8.9-linux-arm64.deb",383
"2025-05-19T19:51:51Z","quarto-1.8.9-linux-arm64.tar.gz",392
"2025-05-19T19:51:51Z","quarto-1.8.9-linux-rhel7-amd64.tar.gz",385
"2025-05-19T19:51:51Z","quarto-1.8.9-macos.pkg",396
"2025-05-19T19:51:51Z","quarto-1.8.9-macos.tar.gz",385
"2025-05-19T19:51:51Z","quarto-1.8.9-win.msi",396
"2025-05-19T19:51:51Z","quarto-1.8.9-win.zip",390
"2025-05-19T19:51:51Z","quarto-1.8.9.tar.gz",382
"2025-05-19T15:48:43Z","changelog.md",96
"2025-05-19T15:48:43Z","quarto-1.8.8-checksums.txt",84
"2025-05-19T15:48:43Z","quarto-1.8.8-linux-amd64.deb",144
"2025-05-19T15:48:43Z","quarto-1.8.8-linux-amd64.tar.gz",88
"2025-05-19T15:48:43Z","quarto-1.8.8-linux-arm64.deb",85
"2025-05-19T15:48:43Z","quarto-1.8.8-linux-arm64.tar.gz",89
"2025-05-19T15:48:43Z","quarto-1.8.8-linux-rhel7-amd64.tar.gz",85
"2025-05-19T15:48:43Z","quarto-1.8.8-macos.pkg",95
"2025-05-19T15:48:43Z","quarto-1.8.8-macos.tar.gz",89
"2025-05-19T15:48:43Z","quarto-1.8.8-win.msi",91
"2025-05-19T15:48:43Z","quarto-1.8.8-win.zip",88
"2025-05-19T15:48:43Z","quarto-1.8.8.tar.gz",85
"2025-05-16T17:13:45Z","changelog.md",1316
"2025-05-16T17:13:45Z","quarto-1.8.7-checksums.txt",1330
"2025-05-16T17:13:45Z","quarto-1.8.7-linux-amd64.deb",1531
"2025-05-16T17:13:45Z","quarto-1.8.7-linux-amd64.tar.gz",1320
"2025-05-16T17:13:45Z","quarto-1.8.7-linux-arm64.deb",1299
"2025-05-16T17:13:45Z","quarto-1.8.7-linux-arm64.tar.gz",1314
"2025-05-16T17:13:45Z","quarto-1.8.7-linux-rhel7-amd64.tar.gz",1300
"2025-05-16T17:13:45Z","quarto-1.8.7-macos.pkg",1323
"2025-05-16T17:13:45Z","quarto-1.8.7-macos.tar.gz",1299
"2025-05-16T17:13:45Z","quarto-1.8.7-win.msi",1315
"2025-05-16T17:13:45Z","quarto-1.8.7-win.zip",1312
"2025-05-16T17:13:45Z","quarto-1.8.7.tar.gz",1297
"2025-05-16T15:02:34Z","changelog.md",59
"2025-05-16T15:02:34Z","quarto-1.8.6-checksums.txt",47
"2025-05-16T15:02:34Z","quarto-1.8.6-linux-amd64.deb",74
"2025-05-16T15:02:34Z","quarto-1.8.6-linux-amd64.tar.gz",51
"2025-05-16T15:02:34Z","quarto-1.8.6-linux-arm64.deb",46
"2025-05-16T15:02:34Z","quarto-1.8.6-linux-arm64.tar.gz",47
"2025-05-16T15:02:34Z","quarto-1.8.6-linux-rhel7-amd64.tar.gz",46
"2025-05-16T15:02:34Z","quarto-1.8.6-macos.pkg",51
"2025-05-16T15:02:34Z","quarto-1.8.6-macos.tar.gz",48
"2025-05-16T15:02:34Z","quarto-1.8.6-win.msi",53
"2025-05-16T15:02:34Z","quarto-1.8.6-win.zip",49
"2025-05-16T15:02:34Z","quarto-1.8.6.tar.gz",47
"2025-05-14T16:03:28Z","changelog.md",877
"2025-05-14T16:03:28Z","quarto-1.8.5-checksums.txt",885
"2025-05-14T16:03:28Z","quarto-1.8.5-linux-amd64.deb",981
"2025-05-14T16:03:28Z","quarto-1.8.5-linux-amd64.tar.gz",882
"2025-05-14T16:03:28Z","quarto-1.8.5-linux-arm64.deb",859
"2025-05-14T16:03:28Z","quarto-1.8.5-linux-arm64.tar.gz",860
"2025-05-14T16:03:28Z","quarto-1.8.5-linux-rhel7-amd64.tar.gz",861
"2025-05-14T16:03:28Z","quarto-1.8.5-macos.pkg",871
"2025-05-14T16:03:28Z","quarto-1.8.5-macos.tar.gz",866
"2025-05-14T16:03:28Z","quarto-1.8.5-win.msi",866
"2025-05-14T16:03:28Z","quarto-1.8.5-win.zip",860
"2025-05-14T16:03:28Z","quarto-1.8.5.tar.gz",859
"2025-05-12T20:25:17Z","changelog.md",15941
"2025-05-12T20:25:17Z","quarto-1.7.31-checksums.txt",16123
"2025-05-12T20:25:17Z","quarto-1.7.31-linux-amd64.deb",124972
"2025-05-12T20:25:17Z","quarto-1.7.31-linux-amd64.tar.gz",34961
"2025-05-12T20:25:17Z","quarto-1.7.31-linux-arm64.deb",19594
"2025-05-12T20:25:17Z","quarto-1.7.31-linux-arm64.tar.gz",18156
"2025-05-12T20:25:17Z","quarto-1.7.31-linux-rhel7-amd64.tar.gz",15972
"2025-05-12T20:25:17Z","quarto-1.7.31-macos.pkg",32226
"2025-05-12T20:25:17Z","quarto-1.7.31-macos.tar.gz",16497
"2025-05-12T20:25:17Z","quarto-1.7.31-win.msi",27888
"2025-05-12T20:25:17Z","quarto-1.7.31-win.zip",23724
"2025-05-12T20:25:17Z","quarto-1.7.31.tar.gz",15832
"2025-05-08T20:55:30Z","changelog.md",2578
"2025-05-08T20:55:30Z","quarto-1.8.4-checksums.txt",2593
"2025-05-08T20:55:30Z","quarto-1.8.4-linux-amd64.deb",3346
"2025-05-08T20:55:30Z","quarto-1.8.4-linux-amd64.tar.gz",2602
"2025-05-08T20:55:30Z","quarto-1.8.4-linux-arm64.deb",2556
"2025-05-08T20:55:30Z","quarto-1.8.4-linux-arm64.tar.gz",2552
"2025-05-08T20:55:30Z","quarto-1.8.4-linux-rhel7-amd64.tar.gz",2560
"2025-05-08T20:55:30Z","quarto-1.8.4-macos.pkg",2620
"2025-05-08T20:55:30Z","quarto-1.8.4-macos.tar.gz",2558
"2025-05-08T20:55:30Z","quarto-1.8.4-win.msi",2593
"2025-05-08T20:55:30Z","quarto-1.8.4-win.zip",2598
"2025-05-08T20:55:30Z","quarto-1.8.4.tar.gz",2551
"2025-05-06T14:43:39Z","changelog.md",973
"2025-05-06T14:43:39Z","quarto-1.8.2-checksums.txt",986
"2025-05-06T14:43:39Z","quarto-1.8.2-linux-amd64.deb",1492
"2025-05-06T14:43:39Z","quarto-1.8.2-linux-amd64.tar.gz",977
"2025-05-06T14:43:39Z","quarto-1.8.2-linux-arm64.deb",970
"2025-05-06T14:43:39Z","quarto-1.8.2-linux-arm64.tar.gz",964
"2025-05-06T14:43:39Z","quarto-1.8.2-linux-rhel7-amd64.tar.gz",968
"2025-05-06T14:43:39Z","quarto-1.8.2-macos.pkg",994
"2025-05-06T14:43:39Z","quarto-1.8.2-macos.tar.gz",970
"2025-05-06T14:43:39Z","quarto-1.8.2-win.msi",990
"2025-05-06T14:43:39Z","quarto-1.8.2-win.zip",986
"2025-05-06T14:43:39Z","quarto-1.8.2.tar.gz",964
"2025-05-05T18:44:39Z","changelog.md",3183
"2025-05-05T18:44:39Z","quarto-1.7.30-checksums.txt",3191
"2025-05-05T18:44:39Z","quarto-1.7.30-linux-amd64.deb",25775
"2025-05-05T18:44:39Z","quarto-1.7.30-linux-amd64.tar.gz",6005
"2025-05-05T18:44:39Z","quarto-1.7.30-linux-arm64.deb",3817
"2025-05-05T18:44:39Z","quarto-1.7.30-linux-arm64.tar.gz",3521
"2025-05-05T18:44:39Z","quarto-1.7.30-linux-rhel7-amd64.tar.gz",3147
"2025-05-05T18:44:39Z","quarto-1.7.30-macos.pkg",7797
"2025-05-05T18:44:39Z","quarto-1.7.30-macos.tar.gz",3263
"2025-05-05T18:44:39Z","quarto-1.7.30-win.msi",7023
"2025-05-05T18:44:39Z","quarto-1.7.30-win.zip",4576
"2025-05-05T18:44:39Z","quarto-1.7.30.tar.gz",3139
"2025-05-01T01:02:07Z","changelog.md",2505
"2025-05-01T01:02:07Z","quarto-1.8.1-checksums.txt",3069
"2025-05-01T01:02:07Z","quarto-1.8.1-linux-amd64.deb",3083
"2025-05-01T01:02:07Z","quarto-1.8.1-linux-amd64.tar.gz",3067
"2025-05-01T01:02:07Z","quarto-1.8.1-linux-arm64.deb",2481
"2025-05-01T01:02:07Z","quarto-1.8.1-linux-arm64.tar.gz",2481
"2025-05-01T01:02:07Z","quarto-1.8.1-linux-rhel7-amd64.tar.gz",2482
"2025-05-01T01:02:07Z","quarto-1.8.1-macos.pkg",2546
"2025-05-01T01:02:07Z","quarto-1.8.1-macos.tar.gz",2491
"2025-05-01T01:02:07Z","quarto-1.8.1-win.msi",2509
"2025-05-01T01:02:07Z","quarto-1.8.1-win.zip",2528
"2025-05-01T01:02:07Z","quarto-1.8.1.tar.gz",2475
"2025-04-28T13:41:42Z","changelog.md",1126
"2025-04-28T13:41:42Z","quarto-1.8.0-checksums.txt",1121
"2025-04-28T13:41:42Z","quarto-1.8.0-linux-amd64.deb",1528
"2025-04-28T13:41:42Z","quarto-1.8.0-linux-amd64.tar.gz",1186
"2025-04-28T13:41:42Z","quarto-1.8.0-linux-arm64.deb",1092
"2025-04-28T13:41:42Z","quarto-1.8.0-linux-arm64.tar.gz",1097
"2025-04-28T13:41:42Z","quarto-1.8.0-linux-rhel7-amd64.tar.gz",1093
"2025-04-28T13:41:42Z","quarto-1.8.0-macos.pkg",1140
"2025-04-28T13:41:42Z","quarto-1.8.0-macos.tar.gz",1089
"2025-04-28T13:41:42Z","quarto-1.8.0-win.msi",1116
"2025-04-28T13:41:42Z","quarto-1.8.0-win.zip",1114
"2025-04-28T13:41:42Z","quarto-1.8.0.tar.gz",1079
"2025-04-24T16:22:07Z","changelog.md",4971
"2025-04-24T16:22:07Z","quarto-1.7.29-checksums.txt",5029
"2025-04-24T16:22:07Z","quarto-1.7.29-linux-amd64.deb",36076
"2025-04-24T16:22:07Z","quarto-1.7.29-linux-amd64.tar.gz",9220
"2025-04-24T16:22:07Z","quarto-1.7.29-linux-arm64.deb",5624
"2025-04-24T16:22:07Z","quarto-1.7.29-linux-arm64.tar.gz",5465
"2025-04-24T16:22:07Z","quarto-1.7.29-linux-rhel7-amd64.tar.gz",4927
"2025-04-24T16:22:07Z","quarto-1.7.29-macos.pkg",10051
"2025-04-24T16:22:07Z","quarto-1.7.29-macos.tar.gz",5124
"2025-04-24T16:22:07Z","quarto-1.7.29-win.msi",10260
"2025-04-24T16:22:07Z","quarto-1.7.29-win.zip",6374
"2025-04-24T16:22:07Z","quarto-1.7.29.tar.gz",4900
"2025-04-22T15:59:10Z","changelog.md",938
"2025-04-22T15:59:10Z","quarto-1.7.28-checksums.txt",941
"2025-04-22T15:59:10Z","quarto-1.7.28-linux-amd64.deb",3019
"2025-04-22T15:59:10Z","quarto-1.7.28-linux-amd64.tar.gz",1419
"2025-04-22T15:59:10Z","quarto-1.7.28-linux-arm64.deb",949
"2025-04-22T15:59:10Z","quarto-1.7.28-linux-arm64.tar.gz",922
"2025-04-22T15:59:10Z","quarto-1.7.28-linux-rhel7-amd64.tar.gz",922
"2025-04-22T15:59:10Z","quarto-1.7.28-macos.pkg",1306
"2025-04-22T15:59:10Z","quarto-1.7.28-macos.tar.gz",935
"2025-04-22T15:59:10Z","quarto-1.7.28-win.msi",1780
"2025-04-22T15:59:10Z","quarto-1.7.28-win.zip",950
"2025-04-22T15:59:10Z","quarto-1.7.28.tar.gz",916
"2025-04-18T13:20:16Z","changelog.md",1909
"2025-04-18T13:20:16Z","quarto-1.7.27-checksums.txt",1923
"2025-04-18T13:20:16Z","quarto-1.7.27-linux-amd64.deb",4381
"2025-04-18T13:20:16Z","quarto-1.7.27-linux-amd64.tar.gz",1984
"2025-04-18T13:20:16Z","quarto-1.7.27-linux-arm64.deb",1921
"2025-04-18T13:20:16Z","quarto-1.7.27-linux-arm64.tar.gz",1897
"2025-04-18T13:20:16Z","quarto-1.7.27-linux-rhel7-amd64.tar.gz",1901
"2025-04-18T13:20:16Z","quarto-1.7.27-macos.pkg",2440
"2025-04-18T13:20:16Z","quarto-1.7.27-macos.tar.gz",1900
"2025-04-18T13:20:16Z","quarto-1.7.27-win.msi",2882
"2025-04-18T13:20:16Z","quarto-1.7.27-win.zip",1916
"2025-04-18T13:20:16Z","quarto-1.7.27.tar.gz",1884
"2025-04-17T14:18:08Z","changelog.md",441
"2025-04-17T14:18:08Z","quarto-1.7.26-checksums.txt",441
"2025-04-17T14:18:08Z","quarto-1.7.26-linux-amd64.deb",677
"2025-04-17T14:18:08Z","quarto-1.7.26-linux-amd64.tar.gz",445
"2025-04-17T14:18:08Z","quarto-1.7.26-linux-arm64.deb",438
"2025-04-17T14:18:08Z","quarto-1.7.26-linux-arm64.tar.gz",430
"2025-04-17T14:18:08Z","quarto-1.7.26-linux-rhel7-amd64.tar.gz",429
"2025-04-17T14:18:08Z","quarto-1.7.26-macos.pkg",586
"2025-04-17T14:18:08Z","quarto-1.7.26-macos.tar.gz",434
"2025-04-17T14:18:08Z","quarto-1.7.26-win.msi",694
"2025-04-17T14:18:08Z","quarto-1.7.26-win.zip",439
"2025-04-17T14:18:08Z","quarto-1.7.26.tar.gz",429
"2025-04-17T00:26:24Z","changelog.md",267
"2025-04-17T00:26:24Z","quarto-1.7.25-checksums.txt",250
"2025-04-17T00:26:24Z","quarto-1.7.25-linux-amd64.deb",442
"2025-04-17T00:26:24Z","quarto-1.7.25-linux-amd64.tar.gz",305
"2025-04-17T00:26:24Z","quarto-1.7.25-linux-arm64.deb",261
"2025-04-17T00:26:24Z","quarto-1.7.25-linux-arm64.tar.gz",250
"2025-04-17T00:26:24Z","quarto-1.7.25-linux-rhel7-amd64.tar.gz",250
"2025-04-17T00:26:24Z","quarto-1.7.25-macos.pkg",344
"2025-04-17T00:26:24Z","quarto-1.7.25-macos.tar.gz",250
"2025-04-17T00:26:24Z","quarto-1.7.25-win.msi",438
"2025-04-17T00:26:24Z","quarto-1.7.25-win.zip",261
"2025-04-17T00:26:24Z","quarto-1.7.25.tar.gz",247
"2025-04-14T19:21:19Z","changelog.md",1011
"2025-04-14T19:21:19Z","quarto-1.7.24-checksums.txt",1017
"2025-04-14T19:21:19Z","quarto-1.7.24-linux-amd64.deb",1500
"2025-04-14T19:21:19Z","quarto-1.7.24-linux-amd64.tar.gz",1060
"2025-04-14T19:21:19Z","quarto-1.7.24-linux-arm64.deb",1013
"2025-04-14T19:21:19Z","quarto-1.7.24-linux-arm64.tar.gz",1003
"2025-04-14T19:21:19Z","quarto-1.7.24-linux-rhel7-amd64.tar.gz",1009
"2025-04-14T19:21:19Z","quarto-1.7.24-macos.pkg",1436
"2025-04-14T19:21:19Z","quarto-1.7.24-macos.tar.gz",1000
"2025-04-14T19:21:19Z","quarto-1.7.24-win.msi",1849
"2025-04-14T19:21:19Z","quarto-1.7.24-win.zip",1034
"2025-04-14T19:21:19Z","quarto-1.7.24.tar.gz",994
"2025-04-10T18:30:14Z","changelog.md",1810
"2025-04-10T18:30:14Z","quarto-1.7.23-checksums.txt",1830
"2025-04-10T18:30:14Z","quarto-1.7.23-linux-amd64.deb",4192
"2025-04-10T18:30:14Z","quarto-1.7.23-linux-amd64.tar.gz",2183
"2025-04-10T18:30:14Z","quarto-1.7.23-linux-arm64.deb",1844
"2025-04-10T18:30:14Z","quarto-1.7.23-linux-arm64.tar.gz",1821
"2025-04-10T18:30:14Z","quarto-1.7.23-linux-rhel7-amd64.tar.gz",1807
"2025-04-10T18:30:14Z","quarto-1.7.23-macos.pkg",2407
"2025-04-10T18:30:14Z","quarto-1.7.23-macos.tar.gz",1820
"2025-04-10T18:30:14Z","quarto-1.7.23-win.msi",2958
"2025-04-10T18:30:14Z","quarto-1.7.23-win.zip",1846
"2025-04-10T18:30:14Z","quarto-1.7.23.tar.gz",1792
"2025-04-08T13:40:56Z","changelog.md",1003
"2025-04-08T13:40:56Z","quarto-1.7.22-checksums.txt",1011
"2025-04-08T13:40:56Z","quarto-1.7.22-linux-amd64.deb",2279
"2025-04-08T13:40:56Z","quarto-1.7.22-linux-amd64.tar.gz",1129
"2025-04-08T13:40:56Z","quarto-1.7.22-linux-arm64.deb",1000
"2025-04-08T13:40:56Z","quarto-1.7.22-linux-arm64.tar.gz",988
"2025-04-08T13:40:56Z","quarto-1.7.22-linux-rhel7-amd64.tar.gz",992
"2025-04-08T13:40:56Z","quarto-1.7.22-macos.pkg",1440
"2025-04-08T13:40:56Z","quarto-1.7.22-macos.tar.gz",1000
"2025-04-08T13:40:56Z","quarto-1.7.22-win.msi",1797
"2025-04-08T13:40:56Z","quarto-1.7.22-win.zip",1061
"2025-04-08T13:40:56Z","quarto-1.7.22.tar.gz",986
"2025-04-04T11:07:52Z","changelog.md",1905
"2025-04-04T11:07:52Z","quarto-1.7.21-checksums.txt",1914
"2025-04-04T11:07:52Z","quarto-1.7.21-linux-amd64.deb",2576
"2025-04-04T11:07:52Z","quarto-1.7.21-linux-amd64.tar.gz",1934
"2025-04-04T11:07:52Z","quarto-1.7.21-linux-arm64.deb",1886
"2025-04-04T11:07:52Z","quarto-1.7.21-linux-arm64.tar.gz",1891
"2025-04-04T11:07:52Z","quarto-1.7.21-linux-rhel7-amd64.tar.gz",1884
"2025-04-04T11:07:52Z","quarto-1.7.21-macos.pkg",1930
"2025-04-04T11:07:52Z","quarto-1.7.21-macos.tar.gz",1890
"2025-04-04T11:07:52Z","quarto-1.7.21-win.msi",1942
"2025-04-04T11:07:52Z","quarto-1.7.21-win.zip",1920
"2025-04-04T11:07:52Z","quarto-1.7.21.tar.gz",1885
"2025-04-04T14:04:54Z","changelog.md",10953
"2025-04-04T14:04:54Z","quarto-1.6.43-checksums.txt",10940
"2025-04-04T14:04:54Z","quarto-1.6.43-linux-amd64.deb",113006
"2025-04-04T14:04:54Z","quarto-1.6.43-linux-amd64.tar.gz",26054
"2025-04-04T14:04:54Z","quarto-1.6.43-linux-arm64.deb",12958
"2025-04-04T14:04:54Z","quarto-1.6.43-linux-arm64.tar.gz",12112
"2025-04-04T14:04:54Z","quarto-1.6.43-linux-rhel7-amd64.tar.gz",10784
"2025-04-04T14:04:54Z","quarto-1.6.43-macos.pkg",18850
"2025-04-04T14:04:54Z","quarto-1.6.43-macos.tar.gz",10854
"2025-04-04T14:04:54Z","quarto-1.6.43-win.msi",14525
"2025-04-04T14:04:54Z","quarto-1.6.43-win.zip",15673
"2025-04-04T14:04:54Z","quarto-1.6.43.tar.gz",10750
"2025-03-28T16:34:02Z","changelog.md",3062
"2025-03-28T16:34:02Z","quarto-1.7.20-checksums.txt",3087
"2025-03-28T16:34:02Z","quarto-1.7.20-linux-amd64.deb",3912
"2025-03-28T16:34:02Z","quarto-1.7.20-linux-amd64.tar.gz",3112
"2025-03-28T16:34:02Z","quarto-1.7.20-linux-arm64.deb",3065
"2025-03-28T16:34:02Z","quarto-1.7.20-linux-arm64.tar.gz",3042
"2025-03-28T16:34:02Z","quarto-1.7.20-linux-rhel7-amd64.tar.gz",3042
"2025-03-28T16:34:02Z","quarto-1.7.20-macos.pkg",3115
"2025-03-28T16:34:02Z","quarto-1.7.20-macos.tar.gz",3047
"2025-03-28T16:34:02Z","quarto-1.7.20-win.msi",3103
"2025-03-28T16:34:02Z","quarto-1.7.20-win.zip",3077
"2025-03-28T16:34:02Z","quarto-1.7.20.tar.gz",3038
"2025-03-27T13:23:29Z","changelog.md",547
"2025-03-27T13:23:29Z","quarto-1.7.19-checksums.txt",540
"2025-03-27T13:23:29Z","quarto-1.7.19-linux-amd64.deb",784
"2025-03-27T13:23:29Z","quarto-1.7.19-linux-amd64.tar.gz",665
"2025-03-27T13:23:29Z","quarto-1.7.19-linux-arm64.deb",526
"2025-03-27T13:23:29Z","quarto-1.7.19-linux-arm64.tar.gz",529
"2025-03-27T13:23:29Z","quarto-1.7.19-linux-rhel7-amd64.tar.gz",524
"2025-03-27T13:23:29Z","quarto-1.7.19-macos.pkg",551
"2025-03-27T13:23:29Z","quarto-1.7.19-macos.tar.gz",528
"2025-03-27T13:23:29Z","quarto-1.7.19-win.msi",574
"2025-03-27T13:23:29Z","quarto-1.7.19-win.zip",540
"2025-03-27T13:23:29Z","quarto-1.7.19.tar.gz",524
"2025-03-25T13:46:53Z","changelog.md",926
"2025-03-25T13:46:53Z","quarto-1.7.18-checksums.txt",924
"2025-03-25T13:46:53Z","quarto-1.7.18-linux-amd64.deb",1173
"2025-03-25T13:46:53Z","quarto-1.7.18-linux-amd64.tar.gz",930
"2025-03-25T13:46:53Z","quarto-1.7.18-linux-arm64.deb",907
"2025-03-25T13:46:53Z","quarto-1.7.18-linux-arm64.tar.gz",913
"2025-03-25T13:46:53Z","quarto-1.7.18-linux-rhel7-amd64.tar.gz",905
"2025-03-25T13:46:53Z","quarto-1.7.18-macos.pkg",948
"2025-03-25T13:46:53Z","quarto-1.7.18-macos.tar.gz",911
"2025-03-25T13:46:53Z","quarto-1.7.18-win.msi",953
"2025-03-25T13:46:53Z","quarto-1.7.18-win.zip",928
"2025-03-25T13:46:53Z","quarto-1.7.18.tar.gz",903
"2025-03-14T12:52:54Z","changelog.md",5079
"2025-03-14T12:52:54Z","quarto-1.7.17-checksums.txt",5123
"2025-03-14T12:52:54Z","quarto-1.7.17-linux-amd64.deb",6969
"2025-03-14T12:52:54Z","quarto-1.7.17-linux-amd64.tar.gz",5194
"2025-03-14T12:52:54Z","quarto-1.7.17-linux-arm64.deb",5046
"2025-03-14T12:52:54Z","quarto-1.7.17-linux-arm64.tar.gz",5048
"2025-03-14T12:52:54Z","quarto-1.7.17-linux-rhel7-amd64.tar.gz",5047
"2025-03-14T12:52:54Z","quarto-1.7.17-macos.pkg",5579
"2025-03-14T12:52:54Z","quarto-1.7.17-macos.tar.gz",5052
"2025-03-14T12:52:54Z","quarto-1.7.17-win.msi",5125
"2025-03-14T12:52:54Z","quarto-1.7.17-win.zip",5532
"2025-03-14T12:52:54Z","quarto-1.7.17.tar.gz",5037
"2025-03-13T17:22:30Z","changelog.md",380
"2025-03-13T17:22:30Z","quarto-1.7.16-checksums.txt",381
"2025-03-13T17:22:30Z","quarto-1.7.16-linux-amd64.deb",494
"2025-03-13T17:22:30Z","quarto-1.7.16-linux-amd64.tar.gz",392
"2025-03-13T17:22:30Z","quarto-1.7.16-linux-arm64.deb",368
"2025-03-13T17:22:30Z","quarto-1.7.16-linux-arm64.tar.gz",369
"2025-03-13T17:22:30Z","quarto-1.7.16-linux-rhel7-amd64.tar.gz",370
"2025-03-13T17:22:30Z","quarto-1.7.16-macos.pkg",384
"2025-03-13T17:22:30Z","quarto-1.7.16-macos.tar.gz",372
"2025-03-13T17:22:30Z","quarto-1.7.16-win.msi",387
"2025-03-13T17:22:30Z","quarto-1.7.16-win.zip",386
"2025-03-13T17:22:30Z","quarto-1.7.16.tar.gz",371
"2025-03-10T10:47:55Z","changelog.md",1531
"2025-03-10T10:47:55Z","quarto-1.7.15-checksums.txt",1541
"2025-03-10T10:47:55Z","quarto-1.7.15-linux-amd64.deb",2069
"2025-03-10T10:47:55Z","quarto-1.7.15-linux-amd64.tar.gz",1892
"2025-03-10T10:47:55Z","quarto-1.7.15-linux-arm64.deb",1528
"2025-03-10T10:47:55Z","quarto-1.7.15-linux-arm64.tar.gz",1522
"2025-03-10T10:47:55Z","quarto-1.7.15-linux-rhel7-amd64.tar.gz",1517
"2025-03-10T10:47:55Z","quarto-1.7.15-macos.pkg",1590
"2025-03-10T10:47:55Z","quarto-1.7.15-macos.tar.gz",1522
"2025-03-10T10:47:55Z","quarto-1.7.15-win.msi",1562
"2025-03-10T10:47:55Z","quarto-1.7.15-win.zip",1586
"2025-03-10T10:47:55Z","quarto-1.7.15.tar.gz",1515
"2025-03-05T13:14:37Z","changelog.md",2318
"2025-03-05T13:14:37Z","quarto-1.7.14-checksums.txt",2335
"2025-03-05T13:14:37Z","quarto-1.7.14-linux-amd64.deb",2795
"2025-03-05T13:14:37Z","quarto-1.7.14-linux-amd64.tar.gz",2402
"2025-03-05T13:14:37Z","quarto-1.7.14-linux-arm64.deb",2303
"2025-03-05T13:14:37Z","quarto-1.7.14-linux-arm64.tar.gz",2318
"2025-03-05T13:14:37Z","quarto-1.7.14-linux-rhel7-amd64.tar.gz",2312
"2025-03-05T13:14:37Z","quarto-1.7.14-macos.pkg",2359
"2025-03-05T13:14:37Z","quarto-1.7.14-macos.tar.gz",2307
"2025-03-05T13:14:37Z","quarto-1.7.14-win.msi",2351
"2025-03-05T13:14:37Z","quarto-1.7.14-win.zip",2348
"2025-03-05T13:14:37Z","quarto-1.7.14.tar.gz",2304
"2025-02-24T16:37:20Z","changelog.md",18000
"2025-02-24T16:37:20Z","quarto-1.6.42-checksums.txt",17992
"2025-02-24T16:37:20Z","quarto-1.6.42-linux-amd64.deb",219823
"2025-02-24T16:37:20Z","quarto-1.6.42-linux-amd64.tar.gz",52945
"2025-02-24T16:37:20Z","quarto-1.6.42-linux-arm64.deb",21826
"2025-02-24T16:37:20Z","quarto-1.6.42-linux-arm64.tar.gz",20454
"2025-02-24T16:37:20Z","quarto-1.6.42-linux-rhel7-amd64.tar.gz",17989
"2025-02-24T16:37:20Z","quarto-1.6.42-macos.pkg",35918
"2025-02-24T16:37:20Z","quarto-1.6.42-macos.tar.gz",19368
"2025-02-24T16:37:20Z","quarto-1.6.42-win.msi",32948
"2025-02-24T16:37:20Z","quarto-1.6.42-win.zip",25935
"2025-02-24T16:37:20Z","quarto-1.6.42.tar.gz",17850
"2025-02-21T13:58:43Z","changelog.md",1504
"2025-02-21T13:58:43Z","quarto-1.6.41-checksums.txt",1524
"2025-02-21T13:58:43Z","quarto-1.6.41-linux-amd64.deb",12932
"2025-02-21T13:58:43Z","quarto-1.6.41-linux-amd64.tar.gz",2239
"2025-02-21T13:58:43Z","quarto-1.6.41-linux-arm64.deb",1585
"2025-02-21T13:58:43Z","quarto-1.6.41-linux-arm64.tar.gz",1532
"2025-02-21T13:58:43Z","quarto-1.6.41-linux-rhel7-amd64.tar.gz",1487
"2025-02-21T13:58:43Z","quarto-1.6.41-macos.pkg",3325
"2025-02-21T13:58:43Z","quarto-1.6.41-macos.tar.gz",1504
"2025-02-21T13:58:43Z","quarto-1.6.41-win.msi",3646
"2025-02-21T13:58:43Z","quarto-1.6.41-win.zip",2129
"2025-02-21T13:58:43Z","quarto-1.6.41.tar.gz",1477
"2025-01-17T15:44:08Z","changelog.md",22683
"2025-01-17T15:44:08Z","quarto-1.7.13-checksums.txt",22848
"2025-01-17T15:44:08Z","quarto-1.7.13-linux-amd64.deb",29228
"2025-01-17T15:44:08Z","quarto-1.7.13-linux-amd64.tar.gz",23225
"2025-01-17T15:44:08Z","quarto-1.7.13-linux-arm64.deb",22625
"2025-01-17T15:44:08Z","quarto-1.7.13-linux-arm64.tar.gz",22657
"2025-01-17T15:44:08Z","quarto-1.7.13-linux-rhel7-amd64.tar.gz",22556
"2025-01-17T15:44:08Z","quarto-1.7.13-macos.pkg",23033
"2025-01-17T15:44:08Z","quarto-1.7.13-macos.tar.gz",22634
"2025-01-17T15:44:08Z","quarto-1.7.13-win.msi",22980
"2025-01-17T15:44:08Z","quarto-1.7.13-win.zip",23028
"2025-01-17T15:44:08Z","quarto-1.7.13.tar.gz",22501
"2025-01-17T14:33:51Z","changelog.md",36
"2025-01-17T14:33:51Z","quarto-1.7.12-checksums.txt",31
"2025-01-17T14:33:51Z","quarto-1.7.12-linux-amd64.deb",52
"2025-01-17T14:33:51Z","quarto-1.7.12-linux-amd64.tar.gz",56
"2025-01-17T14:33:51Z","quarto-1.7.12-linux-arm64.deb",95
"2025-01-17T14:33:51Z","quarto-1.7.12-linux-arm64.tar.gz",33
"2025-01-17T14:33:51Z","quarto-1.7.12-linux-rhel7-amd64.tar.gz",33
"2025-01-17T14:33:51Z","quarto-1.7.12-macos.pkg",37
"2025-01-17T14:33:51Z","quarto-1.7.12-macos.tar.gz",36
"2025-01-17T14:33:51Z","quarto-1.7.12-win.msi",38
"2025-01-17T14:33:51Z","quarto-1.7.12-win.zip",30
"2025-01-17T14:33:51Z","quarto-1.7.12.tar.gz",30
"2025-01-15T18:53:19Z","changelog.md",911
"2025-01-15T18:53:19Z","quarto-1.7.11-checksums.txt",908
"2025-01-15T18:53:19Z","quarto-1.7.11-linux-amd64.deb",1131
"2025-01-15T18:53:19Z","quarto-1.7.11-linux-amd64.tar.gz",915
"2025-01-15T18:53:19Z","quarto-1.7.11-linux-arm64.deb",894
"2025-01-15T18:53:19Z","quarto-1.7.11-linux-arm64.tar.gz",896
"2025-01-15T18:53:19Z","quarto-1.7.11-linux-rhel7-amd64.tar.gz",894
"2025-01-15T18:53:19Z","quarto-1.7.11-macos.pkg",947
"2025-01-15T18:53:19Z","quarto-1.7.11-macos.tar.gz",900
"2025-01-15T18:53:19Z","quarto-1.7.11-win.msi",922
"2025-01-15T18:53:19Z","quarto-1.7.11-win.zip",926
"2025-01-15T18:53:19Z","quarto-1.7.11.tar.gz",893
"2025-01-14T21:48:59Z","changelog.md",429
"2025-01-14T21:48:59Z","quarto-1.7.10-checksums.txt",423
"2025-01-14T21:48:59Z","quarto-1.7.10-linux-amd64.deb",670
"2025-01-14T21:48:59Z","quarto-1.7.10-linux-amd64.tar.gz",436
"2025-01-14T21:48:59Z","quarto-1.7.10-linux-arm64.deb",425
"2025-01-14T21:48:59Z","quarto-1.7.10-linux-arm64.tar.gz",419
"2025-01-14T21:48:59Z","quarto-1.7.10-linux-rhel7-amd64.tar.gz",420
"2025-01-14T21:48:59Z","quarto-1.7.10-macos.pkg",463
"2025-01-14T21:48:59Z","quarto-1.7.10-macos.tar.gz",420
"2025-01-14T21:48:59Z","quarto-1.7.10-win.msi",442
"2025-01-14T21:48:59Z","quarto-1.7.10-win.zip",461
"2025-01-14T21:48:59Z","quarto-1.7.10.tar.gz",423
"2025-01-11T13:35:40Z","changelog.md",1702
"2025-01-11T13:35:40Z","quarto-1.7.9-checksums.txt",1707
"2025-01-11T13:35:40Z","quarto-1.7.9-linux-amd64.deb",2226
"2025-01-11T13:35:40Z","quarto-1.7.9-linux-amd64.tar.gz",1719
"2025-01-11T13:35:40Z","quarto-1.7.9-linux-arm64.deb",1687
"2025-01-11T13:35:40Z","quarto-1.7.9-linux-arm64.tar.gz",1686
"2025-01-11T13:35:40Z","quarto-1.7.9-linux-rhel7-amd64.tar.gz",1682
"2025-01-11T13:35:40Z","quarto-1.7.9-macos.pkg",1745
"2025-01-11T13:35:40Z","quarto-1.7.9-macos.tar.gz",1677
"2025-01-11T13:35:40Z","quarto-1.7.9-win.msi",1717
"2025-01-11T13:35:40Z","quarto-1.7.9-win.zip",1714
"2025-01-11T13:35:40Z","quarto-1.7.9.tar.gz",1683
"2025-01-09T18:40:15Z","changelog.md",857
"2025-01-09T18:40:15Z","quarto-1.7.8-checksums.txt",852
"2025-01-09T18:40:15Z","quarto-1.7.8-linux-amd64.deb",3363
"2025-01-09T18:40:15Z","quarto-1.7.8-linux-amd64.tar.gz",860
"2025-01-09T18:40:15Z","quarto-1.7.8-linux-arm64.deb",843
"2025-01-09T18:40:15Z","quarto-1.7.8-linux-arm64.tar.gz",839
"2025-01-09T18:40:15Z","quarto-1.7.8-linux-rhel7-amd64.tar.gz",839
"2025-01-09T18:40:15Z","quarto-1.7.8-macos.pkg",860
"2025-01-09T18:40:15Z","quarto-1.7.8-macos.tar.gz",841
"2025-01-09T18:40:15Z","quarto-1.7.8-win.msi",860
"2025-01-09T18:40:15Z","quarto-1.7.8-win.zip",855
"2025-01-09T18:40:15Z","quarto-1.7.8.tar.gz",838
"2025-01-06T16:25:02Z","changelog.md",1465
"2025-01-06T16:25:02Z","quarto-1.7.7-checksums.txt",1471
"2025-01-06T16:25:02Z","quarto-1.7.7-linux-amd64.deb",1895
"2025-01-06T16:25:02Z","quarto-1.7.7-linux-amd64.tar.gz",1505
"2025-01-06T16:25:02Z","quarto-1.7.7-linux-arm64.deb",1454
"2025-01-06T16:25:02Z","quarto-1.7.7-linux-arm64.tar.gz",1457
"2025-01-06T16:25:02Z","quarto-1.7.7-linux-rhel7-amd64.tar.gz",1451
"2025-01-06T16:25:02Z","quarto-1.7.7-macos.pkg",1480
"2025-01-06T16:25:02Z","quarto-1.7.7-macos.tar.gz",1451
"2025-01-06T16:25:02Z","quarto-1.7.7-win.msi",1493
"2025-01-06T16:25:02Z","quarto-1.7.7-win.zip",1472
"2025-01-06T16:25:02Z","quarto-1.7.7.tar.gz",1451
"2025-01-03T19:45:15Z","changelog.md",47
"2025-01-03T19:45:15Z","quarto-1.7.6-checksums.txt",16
"2025-01-03T19:45:15Z","quarto-1.7.6-linux-amd64.deb",1905
"2025-01-03T19:45:15Z","quarto-1.7.6-linux-amd64.tar.gz",3907
"2025-01-03T19:45:15Z","quarto-1.7.6-linux-arm64.deb",12
"2025-01-03T19:45:15Z","quarto-1.7.6-linux-arm64.tar.gz",30
"2025-01-03T19:45:15Z","quarto-1.7.6-linux-rhel7-amd64.tar.gz",5
"2025-01-03T19:45:15Z","quarto-1.7.6-macos.pkg",184
"2025-01-03T19:45:15Z","quarto-1.7.6-macos.tar.gz",8
"2025-01-03T19:45:15Z","quarto-1.7.6-win.msi",22
"2025-01-03T19:45:15Z","quarto-1.7.6-win.zip",41
"2025-01-03T19:45:15Z","quarto-1.7.6.tar.gz",6
"2025-01-03T20:12:18Z","changelog.md",23883
"2025-01-03T20:12:18Z","quarto-1.6.40-checksums.txt",23853
"2025-01-03T20:12:18Z","quarto-1.6.40-linux-amd64.deb",224362
"2025-01-03T20:12:18Z","quarto-1.6.40-linux-amd64.tar.gz",53267
"2025-01-03T20:12:18Z","quarto-1.6.40-linux-arm64.deb",26210
"2025-01-03T20:12:18Z","quarto-1.6.40-linux-arm64.tar.gz",27344
"2025-01-03T20:12:18Z","quarto-1.6.40-linux-rhel7-amd64.tar.gz",23990
"2025-01-03T20:12:18Z","quarto-1.6.40-macos.pkg",44344
"2025-01-03T20:12:18Z","quarto-1.6.40-macos.tar.gz",24902
"2025-01-03T20:12:18Z","quarto-1.6.40-win.msi",42147
"2025-01-03T20:12:18Z","quarto-1.6.40-win.zip",32160
"2025-01-03T20:12:18Z","quarto-1.6.40.tar.gz",23758
"2024-12-18T22:22:33Z","changelog.md",9096
"2024-12-18T22:22:33Z","quarto-1.7.5-checksums.txt",9183
"2024-12-18T22:22:33Z","quarto-1.7.5-linux-amd64.deb",11015
"2024-12-18T22:22:33Z","quarto-1.7.5-linux-amd64.tar.gz",9201
"2024-12-18T22:22:33Z","quarto-1.7.5-linux-arm64.deb",9124
"2024-12-18T22:22:33Z","quarto-1.7.5-linux-arm64.tar.gz",9077
"2024-12-18T22:22:33Z","quarto-1.7.5-linux-rhel7-amd64.tar.gz",9062
"2024-12-18T22:22:33Z","quarto-1.7.5-macos.pkg",9173
"2024-12-18T22:22:33Z","quarto-1.7.5-macos.tar.gz",9054
"2024-12-18T22:22:33Z","quarto-1.7.5-win.msi",9175
"2024-12-18T22:22:33Z","quarto-1.7.5-win.zip",9104
"2024-12-18T22:22:33Z","quarto-1.7.5.tar.gz",9044
"2024-12-18T01:13:09Z","changelog.md",448
"2024-12-18T01:13:09Z","quarto-1.7.4-checksums.txt",433
"2024-12-18T01:13:09Z","quarto-1.7.4-linux-amd64.deb",553
"2024-12-18T01:13:09Z","quarto-1.7.4-linux-amd64.tar.gz",440
"2024-12-18T01:13:09Z","quarto-1.7.4-linux-arm64.deb",431
"2024-12-18T01:13:09Z","quarto-1.7.4-linux-arm64.tar.gz",429
"2024-12-18T01:13:09Z","quarto-1.7.4-linux-rhel7-amd64.tar.gz",427
"2024-12-18T01:13:09Z","quarto-1.7.4-macos.pkg",437
"2024-12-18T01:13:09Z","quarto-1.7.4-macos.tar.gz",430
"2024-12-18T01:13:09Z","quarto-1.7.4-win.msi",445
"2024-12-18T01:13:09Z","quarto-1.7.4-win.zip",437
"2024-12-18T01:13:09Z","quarto-1.7.4.tar.gz",425
"2024-12-11T11:11:54Z","changelog.md",3404
"2024-12-11T11:11:54Z","quarto-1.7.3-checksums.txt",3424
"2024-12-11T11:11:54Z","quarto-1.7.3-linux-amd64.deb",4396
"2024-12-11T11:11:54Z","quarto-1.7.3-linux-amd64.tar.gz",3465
"2024-12-11T11:11:54Z","quarto-1.7.3-linux-arm64.deb",3374
"2024-12-11T11:11:54Z","quarto-1.7.3-linux-arm64.tar.gz",3372
"2024-12-11T11:11:54Z","quarto-1.7.3-linux-rhel7-amd64.tar.gz",3373
"2024-12-11T11:11:54Z","quarto-1.7.3-macos.pkg",3434
"2024-12-11T11:11:54Z","quarto-1.7.3-macos.tar.gz",3379
"2024-12-11T11:11:54Z","quarto-1.7.3-win.msi",3456
"2024-12-11T11:11:54Z","quarto-1.7.3-win.zip",3394
"2024-12-11T11:11:54Z","quarto-1.7.3.tar.gz",3373
"2024-12-03T18:27:22Z","changelog.md",3584
"2024-12-03T18:27:22Z","quarto-1.7.2-checksums.txt",3608
"2024-12-03T18:27:22Z","quarto-1.7.2-linux-amd64.deb",6296
"2024-12-03T18:27:22Z","quarto-1.7.2-linux-amd64.tar.gz",3638
"2024-12-03T18:27:22Z","quarto-1.7.2-linux-arm64.deb",3580
"2024-12-03T18:27:22Z","quarto-1.7.2-linux-arm64.tar.gz",3572
"2024-12-03T18:27:22Z","quarto-1.7.2-linux-rhel7-amd64.tar.gz",3558
"2024-12-03T18:27:22Z","quarto-1.7.2-macos.pkg",3613
"2024-12-03T18:27:22Z","quarto-1.7.2-macos.tar.gz",3566
"2024-12-03T18:27:22Z","quarto-1.7.2-win.msi",3621
"2024-12-03T18:27:22Z","quarto-1.7.2-win.zip",3588
"2024-12-03T18:27:22Z","quarto-1.7.2.tar.gz",3557
"2024-11-27T15:53:57Z","changelog.md",17749
"2024-11-27T15:53:57Z","quarto-1.6.39-checksums.txt",17729
"2024-11-27T15:53:57Z","quarto-1.6.39-linux-amd64.deb",191729
"2024-11-27T15:53:57Z","quarto-1.6.39-linux-amd64.tar.gz",53029
"2024-11-27T15:53:57Z","quarto-1.6.39-linux-arm64.deb",18564
"2024-11-27T15:53:57Z","quarto-1.6.39-linux-arm64.tar.gz",18683
"2024-11-27T15:53:57Z","quarto-1.6.39-linux-rhel7-amd64.tar.gz",18240
"2024-11-27T15:53:57Z","quarto-1.6.39-macos.pkg",29232
"2024-11-27T15:53:57Z","quarto-1.6.39-macos.tar.gz",17949
"2024-11-27T15:53:57Z","quarto-1.6.39-win.msi",29030
"2024-11-27T15:53:57Z","quarto-1.6.39-win.zip",22633
"2024-11-27T15:53:57Z","quarto-1.6.39.tar.gz",17656
"2024-11-27T10:43:23Z","changelog.md",114
"2024-11-27T10:43:23Z","quarto-1.6.38-checksums.txt",118
"2024-11-27T10:43:23Z","quarto-1.6.38-linux-amd64.deb",1835
"2024-11-27T10:43:23Z","quarto-1.6.38-linux-amd64.tar.gz",281
"2024-11-27T10:43:23Z","quarto-1.6.38-linux-arm64.deb",105
"2024-11-27T10:43:23Z","quarto-1.6.38-linux-arm64.tar.gz",244
"2024-11-27T10:43:23Z","quarto-1.6.38-linux-rhel7-amd64.tar.gz",94
"2024-11-27T10:43:23Z","quarto-1.6.38-macos.pkg",425
"2024-11-27T10:43:23Z","quarto-1.6.38-macos.tar.gz",95
"2024-11-27T10:43:23Z","quarto-1.6.38-win.msi",1201
"2024-11-27T10:43:23Z","quarto-1.6.38-win.zip",182
"2024-11-27T10:43:23Z","quarto-1.6.38.tar.gz",97
"2024-11-26T19:00:29Z","changelog.md",2985
"2024-11-26T19:00:29Z","quarto-1.7.1-checksums.txt",3007
"2024-11-26T19:00:29Z","quarto-1.7.1-linux-amd64.deb",3854
"2024-11-26T19:00:29Z","quarto-1.7.1-linux-amd64.tar.gz",3016
"2024-11-26T19:00:29Z","quarto-1.7.1-linux-arm64.deb",2965
"2024-11-26T19:00:29Z","quarto-1.7.1-linux-arm64.tar.gz",2963
"2024-11-26T19:00:29Z","quarto-1.7.1-linux-rhel7-amd64.tar.gz",2961
"2024-11-26T19:00:29Z","quarto-1.7.1-macos.pkg",3018
"2024-11-26T19:00:29Z","quarto-1.7.1-macos.tar.gz",2964
"2024-11-26T19:00:29Z","quarto-1.7.1-win.msi",3022
"2024-11-26T19:00:29Z","quarto-1.7.1-win.zip",2999
"2024-11-26T19:00:29Z","quarto-1.7.1.tar.gz",2960
"2024-11-25T18:11:42Z","changelog.md",454
"2024-11-25T18:11:42Z","quarto-1.7.0-checksums.txt",433
"2024-11-25T18:11:42Z","quarto-1.7.0-linux-amd64.deb",809
"2024-11-25T18:11:42Z","quarto-1.7.0-linux-amd64.tar.gz",607
"2024-11-25T18:11:42Z","quarto-1.7.0-linux-arm64.deb",427
"2024-11-25T18:11:42Z","quarto-1.7.0-linux-arm64.tar.gz",429
"2024-11-25T18:11:42Z","quarto-1.7.0-linux-rhel7-amd64.tar.gz",425
"2024-11-25T18:11:42Z","quarto-1.7.0-macos.pkg",452
"2024-11-25T18:11:42Z","quarto-1.7.0-macos.tar.gz",430
"2024-11-25T18:11:42Z","quarto-1.7.0-win.msi",433
"2024-11-25T18:11:42Z","quarto-1.7.0-win.zip",444
"2024-11-25T18:11:42Z","quarto-1.7.0.tar.gz",424
"2024-11-20T18:34:56Z","changelog.md",3029
"2024-11-20T18:34:56Z","quarto-1.6.37-checksums.txt",3047
"2024-11-20T18:34:56Z","quarto-1.6.37-linux-amd64.deb",13846
"2024-11-20T18:34:56Z","quarto-1.6.37-linux-amd64.tar.gz",12026
"2024-11-20T18:34:56Z","quarto-1.6.37-linux-arm64.deb",3116
"2024-11-20T18:34:56Z","quarto-1.6.37-linux-arm64.tar.gz",3110
"2024-11-20T18:34:56Z","quarto-1.6.37-linux-rhel7-amd64.tar.gz",2995
"2024-11-20T18:34:56Z","quarto-1.6.37-macos.pkg",5084
"2024-11-20T18:34:56Z","quarto-1.6.37-macos.tar.gz",3218
"2024-11-20T18:34:56Z","quarto-1.6.37-win.msi",6271
"2024-11-20T18:34:56Z","quarto-1.6.37-win.zip",3748
"2024-11-20T18:34:56Z","quarto-1.6.37.tar.gz",2974
"2024-11-15T21:15:59Z","changelog.md",2269
"2024-11-15T21:15:59Z","quarto-1.6.36-checksums.txt",2254
"2024-11-15T21:15:59Z","quarto-1.6.36-linux-amd64.deb",3459
"2024-11-15T21:15:59Z","quarto-1.6.36-linux-amd64.tar.gz",2385
"2024-11-15T21:15:59Z","quarto-1.6.36-linux-arm64.deb",2269
"2024-11-15T21:15:59Z","quarto-1.6.36-linux-arm64.tar.gz",2242
"2024-11-15T21:15:59Z","quarto-1.6.36-linux-rhel7-amd64.tar.gz",2249
"2024-11-15T21:15:59Z","quarto-1.6.36-macos.pkg",2916
"2024-11-15T21:15:59Z","quarto-1.6.36-macos.tar.gz",2241
"2024-11-15T21:15:59Z","quarto-1.6.36-win.msi",3476
"2024-11-15T21:15:59Z","quarto-1.6.36-win.zip",2270
"2024-11-15T21:15:59Z","quarto-1.6.36.tar.gz",2235
"2024-11-15T17:48:46Z","changelog.md",93
"2024-11-15T17:48:46Z","quarto-1.6.35-checksums.txt",76
"2024-11-15T17:48:46Z","quarto-1.6.35-linux-amd64.deb",148
"2024-11-15T17:48:46Z","quarto-1.6.35-linux-amd64.tar.gz",92
"2024-11-15T17:48:46Z","quarto-1.6.35-linux-arm64.deb",77
"2024-11-15T17:48:46Z","quarto-1.6.35-linux-arm64.tar.gz",81
"2024-11-15T17:48:46Z","quarto-1.6.35-linux-rhel7-amd64.tar.gz",78
"2024-11-15T17:48:46Z","quarto-1.6.35-macos.pkg",105
"2024-11-15T17:48:46Z","quarto-1.6.35-macos.tar.gz",80
"2024-11-15T17:48:46Z","quarto-1.6.35-win.msi",121
"2024-11-15T17:48:46Z","quarto-1.6.35-win.zip",78
"2024-11-15T17:48:46Z","quarto-1.6.35.tar.gz",76
"2024-11-15T10:18:40Z","changelog.md",168
"2024-11-15T10:18:40Z","quarto-1.6.34-checksums.txt",159
"2024-11-15T10:18:40Z","quarto-1.6.34-linux-amd64.deb",370
"2024-11-15T10:18:40Z","quarto-1.6.34-linux-amd64.tar.gz",224
"2024-11-15T10:18:40Z","quarto-1.6.34-linux-arm64.deb",162
"2024-11-15T10:18:40Z","quarto-1.6.34-linux-arm64.tar.gz",159
"2024-11-15T10:18:40Z","quarto-1.6.34-linux-rhel7-amd64.tar.gz",159
"2024-11-15T10:18:40Z","quarto-1.6.34-macos.pkg",242
"2024-11-15T10:18:40Z","quarto-1.6.34-macos.tar.gz",162
"2024-11-15T10:18:40Z","quarto-1.6.34-win.msi",311
"2024-11-15T10:18:40Z","quarto-1.6.34-win.zip",165
"2024-11-15T10:18:40Z","quarto-1.6.34.tar.gz",156
"2024-11-07T10:38:10Z","changelog.md",4105
"2024-11-07T10:38:10Z","quarto-1.6.33-checksums.txt",4135
"2024-11-07T10:38:10Z","quarto-1.6.33-linux-amd64.deb",7602
"2024-11-07T10:38:10Z","quarto-1.6.33-linux-amd64.tar.gz",4522
"2024-11-07T10:38:10Z","quarto-1.6.33-linux-arm64.deb",4176
"2024-11-07T10:38:10Z","quarto-1.6.33-linux-arm64.tar.gz",4106
"2024-11-07T10:38:10Z","quarto-1.6.33-linux-rhel7-amd64.tar.gz",4757
"2024-11-07T10:38:10Z","quarto-1.6.33-macos.pkg",5221
"2024-11-07T10:38:10Z","quarto-1.6.33-macos.tar.gz",4097
"2024-11-07T10:38:10Z","quarto-1.6.33-win.msi",6477
"2024-11-07T10:38:10Z","quarto-1.6.33-win.zip",4267
"2024-11-07T10:38:10Z","quarto-1.6.33.tar.gz",4084
"2024-10-28T17:00:14Z","changelog.md",4640
"2024-10-28T17:00:14Z","quarto-1.6.32-checksums.txt",4662
"2024-10-28T17:00:14Z","quarto-1.6.32-linux-amd64.deb",7860
"2024-10-28T17:00:14Z","quarto-1.6.32-linux-amd64.tar.gz",5870
"2024-10-28T17:00:14Z","quarto-1.6.32-linux-arm64.deb",4721
"2024-10-28T17:00:14Z","quarto-1.6.32-linux-arm64.tar.gz",4613
"2024-10-28T17:00:14Z","quarto-1.6.32-linux-rhel7-amd64.tar.gz",4635
"2024-10-28T17:00:14Z","quarto-1.6.32-macos.pkg",6040
"2024-10-28T17:00:14Z","quarto-1.6.32-macos.tar.gz",4615
"2024-10-28T17:00:14Z","quarto-1.6.32-win.msi",7401
"2024-10-28T17:00:14Z","quarto-1.6.32-win.zip",4744
"2024-10-28T17:00:14Z","quarto-1.6.32.tar.gz",4599
"2024-10-28T14:24:20Z","changelog.md",69
"2024-10-28T14:24:20Z","quarto-1.6.31-checksums.txt",56
"2024-10-28T14:24:20Z","quarto-1.6.31-linux-amd64.deb",1692
"2024-10-28T14:24:20Z","quarto-1.6.31-linux-amd64.tar.gz",92
"2024-10-28T14:24:20Z","quarto-1.6.31-linux-arm64.deb",61
"2024-10-28T14:24:20Z","quarto-1.6.31-linux-arm64.tar.gz",57
"2024-10-28T14:24:20Z","quarto-1.6.31-linux-rhel7-amd64.tar.gz",58
"2024-10-28T14:24:20Z","quarto-1.6.31-macos.pkg",82
"2024-10-28T14:24:20Z","quarto-1.6.31-macos.tar.gz",61
"2024-10-28T14:24:20Z","quarto-1.6.31-win.msi",99
"2024-10-28T14:24:20Z","quarto-1.6.31-win.zip",59
"2024-10-28T14:24:20Z","quarto-1.6.31.tar.gz",57
"2024-10-22T21:02:51Z","changelog.md",2723
"2024-10-22T21:02:51Z","quarto-1.6.30-checksums.txt",2728
"2024-10-22T21:02:51Z","quarto-1.6.30-linux-amd64.deb",4215
"2024-10-22T21:02:51Z","quarto-1.6.30-linux-amd64.tar.gz",2813
"2024-10-22T21:02:51Z","quarto-1.6.30-linux-arm64.deb",2741
"2024-10-22T21:02:51Z","quarto-1.6.30-linux-arm64.tar.gz",2697
"2024-10-22T21:02:51Z","quarto-1.6.30-linux-rhel7-amd64.tar.gz",2696
"2024-10-22T21:02:51Z","quarto-1.6.30-macos.pkg",3043
"2024-10-22T21:02:51Z","quarto-1.6.30-macos.tar.gz",2690
"2024-10-22T21:02:51Z","quarto-1.6.30-win.msi",3205
"2024-10-22T21:02:51Z","quarto-1.6.30-win.zip",2737
"2024-10-22T21:02:51Z","quarto-1.6.30.tar.gz",2684
"2024-10-21T20:26:14Z","changelog.md",499
"2024-10-21T20:26:14Z","quarto-1.6.29-checksums.txt",486
"2024-10-21T20:26:14Z","quarto-1.6.29-linux-amd64.deb",634
"2024-10-21T20:26:14Z","quarto-1.6.29-linux-amd64.tar.gz",547
"2024-10-21T20:26:14Z","quarto-1.6.29-linux-arm64.deb",494
"2024-10-21T20:26:14Z","quarto-1.6.29-linux-arm64.tar.gz",485
"2024-10-21T20:26:14Z","quarto-1.6.29-linux-rhel7-amd64.tar.gz",484
"2024-10-21T20:26:14Z","quarto-1.6.29-macos.pkg",510
"2024-10-21T20:26:14Z","quarto-1.6.29-macos.tar.gz",487
"2024-10-21T20:26:14Z","quarto-1.6.29-win.msi",500
"2024-10-21T20:26:14Z","quarto-1.6.29-win.zip",497
"2024-10-21T20:26:14Z","quarto-1.6.29.tar.gz",484
"2024-10-18T11:44:13Z","changelog.md",1623
"2024-10-18T11:44:13Z","quarto-1.6.28-checksums.txt",1606
"2024-10-18T11:44:13Z","quarto-1.6.28-linux-amd64.deb",1942
"2024-10-18T11:44:13Z","quarto-1.6.28-linux-amd64.tar.gz",1640
"2024-10-18T11:44:13Z","quarto-1.6.28-linux-arm64.deb",1607
"2024-10-18T11:44:13Z","quarto-1.6.28-linux-arm64.tar.gz",1622
"2024-10-18T11:44:13Z","quarto-1.6.28-linux-rhel7-amd64.tar.gz",1599
"2024-10-18T11:44:13Z","quarto-1.6.28-macos.pkg",1643
"2024-10-18T11:44:13Z","quarto-1.6.28-macos.tar.gz",1601
"2024-10-18T11:44:13Z","quarto-1.6.28-win.msi",1631
"2024-10-18T11:44:13Z","quarto-1.6.28-win.zip",1629
"2024-10-18T11:44:13Z","quarto-1.6.28.tar.gz",1600
"2024-10-18T09:07:32Z","changelog.md",74
"2024-10-18T09:07:32Z","quarto-1.6.27-checksums.txt",63
"2024-10-18T09:07:32Z","quarto-1.6.27-linux-amd64.deb",93
"2024-10-18T09:07:32Z","quarto-1.6.27-linux-amd64.tar.gz",66
"2024-10-18T09:07:32Z","quarto-1.6.27-linux-arm64.deb",66
"2024-10-18T09:07:32Z","quarto-1.6.27-linux-arm64.tar.gz",66
"2024-10-18T09:07:32Z","quarto-1.6.27-linux-rhel7-amd64.tar.gz",64
"2024-10-18T09:07:32Z","quarto-1.6.27-macos.pkg",68
"2024-10-18T09:07:32Z","quarto-1.6.27-macos.tar.gz",69
"2024-10-18T09:07:32Z","quarto-1.6.27-win.msi",67
"2024-10-18T09:07:32Z","quarto-1.6.27-win.zip",69
"2024-10-18T09:07:32Z","quarto-1.6.27.tar.gz",63
"2024-10-16T01:24:49Z","changelog.md",1100
"2024-10-16T01:24:49Z","quarto-1.6.26-checksums.txt",1099
"2024-10-16T01:24:49Z","quarto-1.6.26-linux-amd64.deb",1802
"2024-10-16T01:24:49Z","quarto-1.6.26-linux-amd64.tar.gz",1141
"2024-10-16T01:24:49Z","quarto-1.6.26-linux-arm64.deb",1092
"2024-10-16T01:24:49Z","quarto-1.6.26-linux-arm64.tar.gz",1088
"2024-10-16T01:24:49Z","quarto-1.6.26-linux-rhel7-amd64.tar.gz",1086
"2024-10-16T01:24:49Z","quarto-1.6.26-macos.pkg",1135
"2024-10-16T01:24:49Z","quarto-1.6.26-macos.tar.gz",1087
"2024-10-16T01:24:49Z","quarto-1.6.26-win.msi",1117
"2024-10-16T01:24:49Z","quarto-1.6.26-win.zip",1121
"2024-10-16T01:24:49Z","quarto-1.6.26.tar.gz",1085
"2024-10-11T21:19:18Z","changelog.md",1979
"2024-10-11T21:19:18Z","quarto-1.6.25-checksums.txt",1979
"2024-10-11T21:19:18Z","quarto-1.6.25-linux-amd64.deb",2459
"2024-10-11T21:19:18Z","quarto-1.6.25-linux-amd64.tar.gz",2010
"2024-10-11T21:19:18Z","quarto-1.6.25-linux-arm64.deb",1955
"2024-10-11T21:19:18Z","quarto-1.6.25-linux-arm64.tar.gz",1959
"2024-10-11T21:19:18Z","quarto-1.6.25-linux-rhel7-amd64.tar.gz",1950
"2024-10-11T21:19:18Z","quarto-1.6.25-macos.pkg",2026
"2024-10-11T21:19:18Z","quarto-1.6.25-macos.tar.gz",1956
"2024-10-11T21:19:18Z","quarto-1.6.25-win.msi",1976
"2024-10-11T21:19:18Z","quarto-1.6.25-win.zip",1995
"2024-10-11T21:19:18Z","quarto-1.6.25.tar.gz",1952
"2024-10-08T16:59:03Z","changelog.md",1531
"2024-10-08T16:59:03Z","quarto-1.6.24-checksums.txt",1531
"2024-10-08T16:59:03Z","quarto-1.6.24-linux-amd64.deb",1930
"2024-10-08T16:59:03Z","quarto-1.6.24-linux-amd64.tar.gz",1552
"2024-10-08T16:59:03Z","quarto-1.6.24-linux-arm64.deb",1523
"2024-10-08T16:59:03Z","quarto-1.6.24-linux-arm64.tar.gz",1514
"2024-10-08T16:59:03Z","quarto-1.6.24-linux-rhel7-amd64.tar.gz",1515
"2024-10-08T16:59:03Z","quarto-1.6.24-macos.pkg",1561
"2024-10-08T16:59:03Z","quarto-1.6.24-macos.tar.gz",1511
"2024-10-08T16:59:03Z","quarto-1.6.24-win.msi",1534
"2024-10-08T16:59:03Z","quarto-1.6.24-win.zip",1523
"2024-10-08T16:59:03Z","quarto-1.6.24.tar.gz",1505
"2024-10-07T19:21:46Z","changelog.md",427
"2024-10-07T19:21:46Z","quarto-1.6.23-checksums.txt",422
"2024-10-07T19:21:46Z","quarto-1.6.23-linux-amd64.deb",539
"2024-10-07T19:21:46Z","quarto-1.6.23-linux-amd64.tar.gz",428
"2024-10-07T19:21:46Z","quarto-1.6.23-linux-arm64.deb",420
"2024-10-07T19:21:46Z","quarto-1.6.23-linux-arm64.tar.gz",417
"2024-10-07T19:21:46Z","quarto-1.6.23-linux-rhel7-amd64.tar.gz",418
"2024-10-07T19:21:46Z","quarto-1.6.23-macos.pkg",437
"2024-10-07T19:21:46Z","quarto-1.6.23-macos.tar.gz",428
"2024-10-07T19:21:46Z","quarto-1.6.23-win.msi",429
"2024-10-07T19:21:46Z","quarto-1.6.23-win.zip",426
"2024-10-07T19:21:46Z","quarto-1.6.23.tar.gz",415
"2024-10-07T15:15:58Z","changelog.md",105
"2024-10-07T15:15:58Z","quarto-1.6.22-checksums.txt",93
"2024-10-07T15:15:58Z","quarto-1.6.22-linux-amd64.deb",146
"2024-10-07T15:15:58Z","quarto-1.6.22-linux-amd64.tar.gz",111
"2024-10-07T15:15:58Z","quarto-1.6.22-linux-arm64.deb",93
"2024-10-07T15:15:58Z","quarto-1.6.22-linux-arm64.tar.gz",93
"2024-10-07T15:15:58Z","quarto-1.6.22-linux-rhel7-amd64.tar.gz",93
"2024-10-07T15:15:58Z","quarto-1.6.22-macos.pkg",99
"2024-10-07T15:15:58Z","quarto-1.6.22-macos.tar.gz",96
"2024-10-07T15:15:58Z","quarto-1.6.22-win.msi",97
"2024-10-07T15:15:58Z","quarto-1.6.22-win.zip",95
"2024-10-07T15:15:58Z","quarto-1.6.22.tar.gz",92
"2024-10-04T20:11:03Z","changelog.md",1326
"2024-10-04T20:11:03Z","quarto-1.6.21-checksums.txt",1324
"2024-10-04T20:11:03Z","quarto-1.6.21-linux-amd64.deb",1571
"2024-10-04T20:11:03Z","quarto-1.6.21-linux-amd64.tar.gz",1325
"2024-10-04T20:11:03Z","quarto-1.6.21-linux-arm64.deb",1305
"2024-10-04T20:11:03Z","quarto-1.6.21-linux-arm64.tar.gz",1307
"2024-10-04T20:11:03Z","quarto-1.6.21-linux-rhel7-amd64.tar.gz",1304
"2024-10-04T20:11:03Z","quarto-1.6.21-macos.pkg",1329
"2024-10-04T20:11:03Z","quarto-1.6.21-macos.tar.gz",1310
"2024-10-04T20:11:03Z","quarto-1.6.21-win.msi",1331
"2024-10-04T20:11:03Z","quarto-1.6.21-win.zip",1321
"2024-10-04T20:11:03Z","quarto-1.6.21.tar.gz",1307
"2024-10-03T17:03:41Z","changelog.md",558
"2024-10-03T17:03:41Z","quarto-1.6.20-checksums.txt",551
"2024-10-03T17:03:41Z","quarto-1.6.20-linux-amd64.deb",1078
"2024-10-03T17:03:41Z","quarto-1.6.20-linux-amd64.tar.gz",586
"2024-10-03T17:03:41Z","quarto-1.6.20-linux-arm64.deb",545
"2024-10-03T17:03:41Z","quarto-1.6.20-linux-arm64.tar.gz",552
"2024-10-03T17:03:41Z","quarto-1.6.20-macos.pkg",565
"2024-10-03T17:03:41Z","quarto-1.6.20-macos.tar.gz",554
"2024-10-03T17:03:41Z","quarto-1.6.20-win.msi",552
"2024-10-03T17:03:41Z","quarto-1.6.20-win.zip",553
"2024-10-03T17:03:41Z","quarto-1.6.20.tar.gz",543
"2024-10-02T18:29:59Z","changelog.md",449
"2024-10-02T18:29:59Z","quarto-1.6.19-checksums.txt",446
"2024-10-02T18:29:59Z","quarto-1.6.19-linux-amd64.deb",570
"2024-10-02T18:29:59Z","quarto-1.6.19-linux-amd64.tar.gz",452
"2024-10-02T18:29:59Z","quarto-1.6.19-linux-arm64.deb",439
"2024-10-02T18:29:59Z","quarto-1.6.19-linux-arm64.tar.gz",440
"2024-10-02T18:29:59Z","quarto-1.6.19-macos.pkg",452
"2024-10-02T18:29:59Z","quarto-1.6.19-macos.tar.gz",438
"2024-10-02T18:29:59Z","quarto-1.6.19-win.msi",453
"2024-10-02T18:29:59Z","quarto-1.6.19-win.zip",450
"2024-10-02T18:29:59Z","quarto-1.6.19.tar.gz",438
"2024-10-01T08:38:48Z","changelog.md",732
"2024-10-01T08:38:48Z","quarto-1.6.18-checksums.txt",727
"2024-10-01T08:38:48Z","quarto-1.6.18-linux-amd64.deb",912
"2024-10-01T08:38:48Z","quarto-1.6.18-linux-amd64.tar.gz",745
"2024-10-01T08:38:48Z","quarto-1.6.18-linux-arm64.deb",718
"2024-10-01T08:38:48Z","quarto-1.6.18-linux-arm64.tar.gz",717
"2024-10-01T08:38:48Z","quarto-1.6.18-linux-rhel7-amd64.tar.gz",718
"2024-10-01T08:38:48Z","quarto-1.6.18-macos.pkg",752
"2024-10-01T08:38:48Z","quarto-1.6.18-macos.tar.gz",718
"2024-10-01T08:38:48Z","quarto-1.6.18-win.msi",735
"2024-10-01T08:38:48Z","quarto-1.6.18-win.zip",735
"2024-10-01T08:38:48Z","quarto-1.6.18.tar.gz",731
"2024-10-01T07:51:59Z","changelog.md",25
"2024-10-01T07:51:59Z","quarto-1.6.17-checksums.txt",19
"2024-10-01T07:51:59Z","quarto-1.6.17-linux-amd64.deb",28
"2024-10-01T07:51:59Z","quarto-1.6.17-linux-amd64.tar.gz",20
"2024-10-01T07:51:59Z","quarto-1.6.17-linux-arm64.deb",17
"2024-10-01T07:51:59Z","quarto-1.6.17-linux-arm64.tar.gz",18
"2024-10-01T07:51:59Z","quarto-1.6.17-linux-rhel7-amd64.tar.gz",17
"2024-10-01T07:51:59Z","quarto-1.6.17-macos.pkg",20
"2024-10-01T07:51:59Z","quarto-1.6.17-macos.tar.gz",19
"2024-10-01T07:51:59Z","quarto-1.6.17-win.msi",19
"2024-10-01T07:51:59Z","quarto-1.6.17-win.zip",19
"2024-10-01T07:51:59Z","quarto-1.6.17.tar.gz",18
"2024-09-30T19:47:02Z","changelog.md",246
"2024-09-30T19:47:02Z","quarto-1.6.16-checksums.txt",247
"2024-09-30T19:47:02Z","quarto-1.6.16-linux-amd64.deb",334
"2024-09-30T19:47:02Z","quarto-1.6.16-linux-amd64.tar.gz",859
"2024-09-30T19:47:02Z","quarto-1.6.16-linux-arm64.deb",242
"2024-09-30T19:47:02Z","quarto-1.6.16-linux-arm64.tar.gz",243
"2024-09-30T19:47:02Z","quarto-1.6.16-linux-rhel7-amd64.tar.gz",243
"2024-09-30T19:47:02Z","quarto-1.6.16-macos.pkg",257
"2024-09-30T19:47:02Z","quarto-1.6.16-macos.tar.gz",244
"2024-09-30T19:47:02Z","quarto-1.6.16-win.msi",247
"2024-09-30T19:47:02Z","quarto-1.6.16-win.zip",255
"2024-09-30T19:47:02Z","quarto-1.6.16.tar.gz",241
"2024-09-27T21:54:30Z","changelog.md",1557
"2024-09-27T21:54:30Z","quarto-1.6.15-checksums.txt",1563
"2024-09-27T21:54:30Z","quarto-1.6.15-linux-amd64.deb",1822
"2024-09-27T21:54:30Z","quarto-1.6.15-linux-amd64.tar.gz",1696
"2024-09-27T21:54:30Z","quarto-1.6.15-linux-arm64.deb",1543
"2024-09-27T21:54:30Z","quarto-1.6.15-linux-arm64.tar.gz",1546
"2024-09-27T21:54:30Z","quarto-1.6.15-linux-rhel7-amd64.tar.gz",1543
"2024-09-27T21:54:30Z","quarto-1.6.15-macos.pkg",1578
"2024-09-27T21:54:30Z","quarto-1.6.15-macos.tar.gz",1544
"2024-09-27T21:54:30Z","quarto-1.6.15-win.msi",1570
"2024-09-27T21:54:30Z","quarto-1.6.15-win.zip",1561
"2024-09-27T21:54:30Z","quarto-1.6.15.tar.gz",1539
"2024-09-26T21:54:15Z","changelog.md",534
"2024-09-26T21:54:15Z","quarto-1.6.14-checksums.txt",524
"2024-09-26T21:54:15Z","quarto-1.6.14-linux-amd64.deb",618
"2024-09-26T21:54:15Z","quarto-1.6.14-linux-amd64.tar.gz",546
"2024-09-26T21:54:15Z","quarto-1.6.14-linux-arm64.deb",524
"2024-09-26T21:54:15Z","quarto-1.6.14-linux-arm64.tar.gz",525
"2024-09-26T21:54:15Z","quarto-1.6.14-linux-rhel7-amd64.tar.gz",522
"2024-09-26T21:54:15Z","quarto-1.6.14-macos.pkg",538
"2024-09-26T21:54:15Z","quarto-1.6.14-macos.tar.gz",524
"2024-09-26T21:54:15Z","quarto-1.6.14-win.msi",538
"2024-09-26T21:54:15Z","quarto-1.6.14-win.zip",534
"2024-09-26T21:54:15Z","quarto-1.6.14.tar.gz",524
"2024-09-24T19:30:14Z","changelog.md",1042
"2024-09-24T19:30:14Z","quarto-1.6.13-checksums.txt",1027
"2024-09-24T19:30:14Z","quarto-1.6.13-linux-amd64.deb",1301
"2024-09-24T19:30:14Z","quarto-1.6.13-linux-amd64.tar.gz",1062
"2024-09-24T19:30:14Z","quarto-1.6.13-linux-arm64.deb",1019
"2024-09-24T19:30:14Z","quarto-1.6.13-linux-arm64.tar.gz",1019
"2024-09-24T19:30:14Z","quarto-1.6.13-linux-rhel7-amd64.tar.gz",1018
"2024-09-24T19:30:14Z","quarto-1.6.13-macos.pkg",1051
"2024-09-24T19:30:14Z","quarto-1.6.13-macos.tar.gz",1025
"2024-09-24T19:30:14Z","quarto-1.6.13-win.msi",1042
"2024-09-24T19:30:14Z","quarto-1.6.13-win.zip",1037
"2024-09-24T19:30:14Z","quarto-1.6.13.tar.gz",1015
"2024-09-23T18:07:15Z","changelog.md",532
"2024-09-23T18:07:15Z","quarto-1.6.12-checksums.txt",523
"2024-09-23T18:07:15Z","quarto-1.6.12-linux-amd64.deb",1458
"2024-09-23T18:07:15Z","quarto-1.6.12-linux-amd64.tar.gz",532
"2024-09-23T18:07:15Z","quarto-1.6.12-linux-arm64.deb",514
"2024-09-23T18:07:15Z","quarto-1.6.12-linux-arm64.tar.gz",516
"2024-09-23T18:07:15Z","quarto-1.6.12-linux-rhel7-amd64.tar.gz",515
"2024-09-23T18:07:15Z","quarto-1.6.12-macos.pkg",533
"2024-09-23T18:07:15Z","quarto-1.6.12-macos.tar.gz",515
"2024-09-23T18:07:15Z","quarto-1.6.12-win.msi",527
"2024-09-23T18:07:15Z","quarto-1.6.12-win.zip",524
"2024-09-23T18:07:15Z","quarto-1.6.12.tar.gz",515
"2024-09-20T10:26:50Z","changelog.md",1606
"2024-09-20T10:26:50Z","quarto-1.6.11-checksums.txt",1615
"2024-09-20T10:26:50Z","quarto-1.6.11-linux-amd64.deb",2074
"2024-09-20T10:26:50Z","quarto-1.6.11-linux-amd64.tar.gz",1605
"2024-09-20T10:26:50Z","quarto-1.6.11-linux-arm64.deb",1597
"2024-09-20T10:26:50Z","quarto-1.6.11-linux-arm64.tar.gz",1593
"2024-09-20T10:26:50Z","quarto-1.6.11-linux-rhel7-amd64.tar.gz",1587
"2024-09-20T10:26:50Z","quarto-1.6.11-macos.pkg",1631
"2024-09-20T10:26:50Z","quarto-1.6.11-macos.tar.gz",1590
"2024-09-20T10:26:50Z","quarto-1.6.11-win.msi",1624
"2024-09-20T10:26:50Z","quarto-1.6.11-win.zip",1610
"2024-09-20T10:26:50Z","quarto-1.6.11.tar.gz",1590
"2024-09-16T13:07:51Z","changelog.md",1880
"2024-09-16T13:07:51Z","quarto-1.6.10-checksums.txt",1885
"2024-09-16T13:07:51Z","quarto-1.6.10-linux-amd64.deb",2542
"2024-09-16T13:07:51Z","quarto-1.6.10-linux-amd64.tar.gz",1947
"2024-09-16T13:07:51Z","quarto-1.6.10-linux-arm64.deb",1868
"2024-09-16T13:07:51Z","quarto-1.6.10-linux-arm64.tar.gz",1860
"2024-09-16T13:07:51Z","quarto-1.6.10-linux-rhel7-amd64.tar.gz",1856
"2024-09-16T13:07:51Z","quarto-1.6.10-macos.pkg",1912
"2024-09-16T13:07:51Z","quarto-1.6.10-macos.tar.gz",1861
"2024-09-16T13:07:51Z","quarto-1.6.10-win.msi",1897
"2024-09-16T13:07:51Z","quarto-1.6.10-win.zip",1885
"2024-09-16T13:07:51Z","quarto-1.6.10.tar.gz",1859
"2024-08-29T14:14:01Z","changelog.md",7810
"2024-08-29T14:14:01Z","quarto-1.6.9-checksums.txt",7831
"2024-08-29T14:14:01Z","quarto-1.6.9-linux-amd64.deb",9322
"2024-08-29T14:14:01Z","quarto-1.6.9-linux-amd64.tar.gz",8080
"2024-08-29T14:14:01Z","quarto-1.6.9-linux-arm64.deb",7769
"2024-08-29T14:14:01Z","quarto-1.6.9-linux-arm64.tar.gz",7760
"2024-08-29T14:14:01Z","quarto-1.6.9-linux-rhel7-amd64.tar.gz",7743
"2024-08-29T14:14:01Z","quarto-1.6.9-macos.pkg",7871
"2024-08-29T14:14:01Z","quarto-1.6.9-macos.tar.gz",7750
"2024-08-29T14:14:01Z","quarto-1.6.9-win.msi",7875
"2024-08-29T14:14:01Z","quarto-1.6.9-win.zip",7812
"2024-08-29T14:14:01Z","quarto-1.6.9.tar.gz",7735
"2024-08-29T17:49:28Z","changelog.md",41832
"2024-08-29T17:49:28Z","quarto-1.5.57-checksums.txt",42572
"2024-08-29T17:49:28Z","quarto-1.5.57-linux-amd64.deb",465599
"2024-08-29T17:49:28Z","quarto-1.5.57-linux-amd64.tar.gz",110501
"2024-08-29T17:49:28Z","quarto-1.5.57-linux-arm64.deb",43707
"2024-08-29T17:49:28Z","quarto-1.5.57-linux-arm64.tar.gz",45030
"2024-08-29T17:49:28Z","quarto-1.5.57-linux-rhel7-amd64.tar.gz",42033
"2024-08-29T17:49:28Z","quarto-1.5.57-macos.pkg",66800
"2024-08-29T17:49:28Z","quarto-1.5.57-macos.tar.gz",42194
"2024-08-29T17:49:28Z","quarto-1.5.57-win.msi",63614
"2024-08-29T17:49:28Z","quarto-1.5.57-win.zip",54332
"2024-08-29T17:49:28Z","quarto-1.5.57.tar.gz",41389
"2024-08-27T23:38:17Z","changelog.md",664
"2024-08-27T23:38:17Z","quarto-1.6.8-checksums.txt",663
"2024-08-27T23:38:17Z","quarto-1.6.8-linux-amd64.deb",1795
"2024-08-27T23:38:17Z","quarto-1.6.8-linux-amd64.tar.gz",762
"2024-08-27T23:38:17Z","quarto-1.6.8-linux-arm64.deb",680
"2024-08-27T23:38:17Z","quarto-1.6.8-linux-arm64.tar.gz",673
"2024-08-27T23:38:17Z","quarto-1.6.8-linux-rhel7-amd64.tar.gz",650
"2024-08-27T23:38:17Z","quarto-1.6.8-macos.pkg",685
"2024-08-27T23:38:17Z","quarto-1.6.8-macos.tar.gz",647
"2024-08-27T23:38:17Z","quarto-1.6.8-win.msi",669
"2024-08-27T23:38:17Z","quarto-1.6.8-win.zip",670
"2024-08-27T23:38:17Z","quarto-1.6.8.tar.gz",648
"2024-08-27T16:14:05Z","changelog.md",158
"2024-08-27T16:14:05Z","quarto-1.6.7-checksums.txt",148
"2024-08-27T16:14:05Z","quarto-1.6.7-linux-amd64.deb",210
"2024-08-27T16:14:05Z","quarto-1.6.7-linux-amd64.tar.gz",167
"2024-08-27T16:14:05Z","quarto-1.6.7-linux-arm64.deb",145
"2024-08-27T16:14:05Z","quarto-1.6.7-linux-arm64.tar.gz",145
"2024-08-27T16:14:05Z","quarto-1.6.7-linux-rhel7-amd64.tar.gz",144
"2024-08-27T16:14:05Z","quarto-1.6.7-macos.pkg",155
"2024-08-27T16:14:05Z","quarto-1.6.7-macos.tar.gz",145
"2024-08-27T16:14:05Z","quarto-1.6.7-win.msi",154
"2024-08-27T16:14:05Z","quarto-1.6.7-win.zip",147
"2024-08-27T16:14:05Z","quarto-1.6.7.tar.gz",143
"2024-08-22T15:51:06Z","changelog.md",2083
"2024-08-22T15:51:06Z","quarto-1.6.6-checksums.txt",2102
"2024-08-22T15:51:06Z","quarto-1.6.6-linux-amd64.deb",2492
"2024-08-22T15:51:06Z","quarto-1.6.6-linux-amd64.tar.gz",2125
"2024-08-22T15:51:06Z","quarto-1.6.6-linux-arm64.deb",2066
"2024-08-22T15:51:06Z","quarto-1.6.6-linux-arm64.tar.gz",2071
"2024-08-22T15:51:06Z","quarto-1.6.6-linux-rhel7-amd64.tar.gz",2064
"2024-08-22T15:51:06Z","quarto-1.6.6-macos.pkg",2119
"2024-08-22T15:51:06Z","quarto-1.6.6-macos.tar.gz",2074
"2024-08-22T15:51:06Z","quarto-1.6.6-win.msi",2111
"2024-08-22T15:51:06Z","quarto-1.6.6-win.zip",2089
"2024-08-22T15:51:06Z","quarto-1.6.6.tar.gz",2068
"2024-08-20T19:40:16Z","changelog.md",778
"2024-08-20T19:40:16Z","quarto-1.6.5-checksums.txt",773
"2024-08-20T19:40:16Z","quarto-1.6.5-linux-amd64.deb",973
"2024-08-20T19:40:16Z","quarto-1.6.5-linux-amd64.tar.gz",818
"2024-08-20T19:40:16Z","quarto-1.6.5-linux-arm64.deb",759
"2024-08-20T19:40:16Z","quarto-1.6.5-linux-arm64.tar.gz",759
"2024-08-20T19:40:16Z","quarto-1.6.5-linux-rhel7-amd64.tar.gz",757
"2024-08-20T19:40:16Z","quarto-1.6.5-macos.pkg",797
"2024-08-20T19:40:16Z","quarto-1.6.5-macos.tar.gz",769
"2024-08-20T19:40:16Z","quarto-1.6.5-win.msi",780
"2024-08-20T19:40:16Z","quarto-1.6.5-win.zip",776
"2024-08-20T19:40:16Z","quarto-1.6.5.tar.gz",762
"2024-08-01T13:17:19Z","changelog.md",11778
"2024-08-01T13:17:19Z","quarto-1.5.56-checksums.txt",11795
"2024-08-01T13:17:19Z","quarto-1.5.56-linux-amd64.deb",146901
"2024-08-01T13:17:19Z","quarto-1.5.56-linux-amd64.tar.gz",25356
"2024-08-01T13:17:19Z","quarto-1.5.56-linux-arm64.deb",12539
"2024-08-01T13:17:19Z","quarto-1.5.56-linux-arm64.tar.gz",12380
"2024-08-01T13:17:19Z","quarto-1.5.56-linux-rhel7-amd64.tar.gz",11833
"2024-08-01T13:17:19Z","quarto-1.5.56-macos.pkg",20825
"2024-08-01T13:17:19Z","quarto-1.5.56-macos.tar.gz",11882
"2024-08-01T13:17:19Z","quarto-1.5.56-win.msi",19701
"2024-08-01T13:17:19Z","quarto-1.5.56-win.zip",15096
"2024-08-01T13:17:19Z","quarto-1.5.56.tar.gz",11689
"2024-07-25T13:13:55Z","changelog.md",10973
"2024-07-25T13:13:55Z","quarto-1.6.4-checksums.txt",11091
"2024-07-25T13:13:55Z","quarto-1.6.4-linux-amd64.deb",12937
"2024-07-25T13:13:55Z","quarto-1.6.4-linux-amd64.tar.gz",11335
"2024-07-25T13:13:55Z","quarto-1.6.4-linux-arm64.deb",10948
"2024-07-25T13:13:55Z","quarto-1.6.4-linux-arm64.tar.gz",10937
"2024-07-25T13:13:55Z","quarto-1.6.4-linux-rhel7-amd64.tar.gz",10930
"2024-07-25T13:13:55Z","quarto-1.6.4-macos.pkg",11076
"2024-07-25T13:13:55Z","quarto-1.6.4-macos.tar.gz",10929
"2024-07-25T13:13:55Z","quarto-1.6.4-win.msi",11016
"2024-07-25T13:13:55Z","quarto-1.6.4-win.zip",11041
"2024-07-25T13:13:55Z","quarto-1.6.4.tar.gz",10905
"2024-07-19T17:24:25Z","changelog.md",2376
"2024-07-19T17:24:25Z","quarto-1.6.3-checksums.txt",2374
"2024-07-19T17:24:25Z","quarto-1.6.3-linux-amd64.deb",3043
"2024-07-19T17:24:25Z","quarto-1.6.3-linux-amd64.tar.gz",2444
"2024-07-19T17:24:25Z","quarto-1.6.3-linux-arm64.deb",2347
"2024-07-19T17:24:25Z","quarto-1.6.3-linux-arm64.tar.gz",2364
"2024-07-19T17:24:25Z","quarto-1.6.3-linux-rhel7-amd64.tar.gz",2341
"2024-07-19T17:24:25Z","quarto-1.6.3-macos.pkg",2407
"2024-07-19T17:24:25Z","quarto-1.6.3-macos.tar.gz",2347
"2024-07-19T17:24:25Z","quarto-1.6.3-win.msi",2370
"2024-07-19T17:24:25Z","quarto-1.6.3-win.zip",2467
"2024-07-19T17:24:25Z","quarto-1.6.3.tar.gz",2343
"2024-07-18T16:22:30Z","changelog.md",5695
"2024-07-18T16:22:30Z","quarto-1.5.55-checksums.txt",5714
"2024-07-18T16:22:30Z","quarto-1.5.55-linux-amd64.deb",65493
"2024-07-18T16:22:30Z","quarto-1.5.55-linux-amd64.tar.gz",36651
"2024-07-18T16:22:30Z","quarto-1.5.55-linux-arm64.deb",5832
"2024-07-18T16:22:30Z","quarto-1.5.55-linux-arm64.tar.gz",6022
"2024-07-18T16:22:30Z","quarto-1.5.55-linux-rhel7-amd64.tar.gz",5727
"2024-07-18T16:22:30Z","quarto-1.5.55-macos.pkg",9270
"2024-07-18T16:22:30Z","quarto-1.5.55-macos.tar.gz",6394
"2024-07-18T16:22:30Z","quarto-1.5.55-win.msi",10695
"2024-07-18T16:22:30Z","quarto-1.5.55-win.zip",7194
"2024-07-18T16:22:30Z","quarto-1.5.55.tar.gz",5716
"2024-07-17T18:00:27Z","changelog.md",716
"2024-07-17T18:00:27Z","quarto-1.6.2-checksums.txt",725
"2024-07-17T18:00:27Z","quarto-1.6.2-linux-amd64.deb",978
"2024-07-17T18:00:27Z","quarto-1.6.2-linux-amd64.tar.gz",773
"2024-07-17T18:00:27Z","quarto-1.6.2-linux-arm64.deb",705
"2024-07-17T18:00:27Z","quarto-1.6.2-linux-arm64.tar.gz",706
"2024-07-17T18:00:27Z","quarto-1.6.2-linux-rhel7-amd64.tar.gz",703
"2024-07-17T18:00:27Z","quarto-1.6.2-macos.pkg",749
"2024-07-17T18:00:27Z","quarto-1.6.2-macos.tar.gz",709
"2024-07-17T18:00:27Z","quarto-1.6.2-win.msi",719
"2024-07-17T18:00:27Z","quarto-1.6.2-win.zip",763
"2024-07-17T18:00:27Z","quarto-1.6.2.tar.gz",703
"2024-07-08T20:48:44Z","changelog.md",3547
"2024-07-08T20:48:44Z","quarto-1.5.54-checksums.txt",3561
"2024-07-08T20:48:44Z","quarto-1.5.54-linux-amd64.deb",44959
"2024-07-08T20:48:44Z","quarto-1.5.54-linux-amd64.tar.gz",12785
"2024-07-08T20:48:44Z","quarto-1.5.54-linux-arm64.deb",3676
"2024-07-08T20:48:44Z","quarto-1.5.54-linux-arm64.tar.gz",3722
"2024-07-08T20:48:44Z","quarto-1.5.54-linux-rhel7-amd64.tar.gz",3560
"2024-07-08T20:48:44Z","quarto-1.5.54-macos.pkg",6703
"2024-07-08T20:48:44Z","quarto-1.5.54-macos.tar.gz",3712
"2024-07-08T20:48:44Z","quarto-1.5.54-win.msi",7596
"2024-07-08T20:48:44Z","quarto-1.5.54-win.zip",4549
"2024-07-08T20:48:44Z","quarto-1.5.54.tar.gz",3496
"2024-07-03T22:33:20Z","changelog.md",5032
"2024-07-03T22:33:20Z","quarto-1.6.1-checksums.txt",5077
"2024-07-03T22:33:20Z","quarto-1.6.1-linux-amd64.deb",6587
"2024-07-03T22:33:20Z","quarto-1.6.1-linux-amd64.tar.gz",5072
"2024-07-03T22:33:20Z","quarto-1.6.1-linux-arm64.deb",5000
"2024-07-03T22:33:20Z","quarto-1.6.1-linux-arm64.tar.gz",4992
"2024-07-03T22:33:20Z","quarto-1.6.1-linux-rhel7-amd64.tar.gz",4990
"2024-07-03T22:33:20Z","quarto-1.6.1-macos.pkg",5072
"2024-07-03T22:33:20Z","quarto-1.6.1-macos.tar.gz",4992
"2024-07-03T22:33:20Z","quarto-1.6.1-win.msi",5071
"2024-07-03T22:33:20Z","quarto-1.6.1-win.zip",5180
"2024-07-03T22:33:20Z","quarto-1.6.1.tar.gz",4990
"2024-07-02T15:08:03Z","changelog.md",2415
"2024-07-02T15:08:03Z","quarto-1.5.53-checksums.txt",2432
"2024-07-02T15:08:03Z","quarto-1.5.53-linux-amd64.deb",26560
"2024-07-02T15:08:03Z","quarto-1.5.53-linux-amd64.tar.gz",3588
"2024-07-02T15:08:03Z","quarto-1.5.53-linux-arm64.deb",2490
"2024-07-02T15:08:03Z","quarto-1.5.53-linux-arm64.tar.gz",2442
"2024-07-02T15:08:03Z","quarto-1.5.53-linux-rhel7-amd64.tar.gz",2415
"2024-07-02T15:08:03Z","quarto-1.5.53-macos.pkg",4777
"2024-07-02T15:08:03Z","quarto-1.5.53-macos.tar.gz",2426
"2024-07-02T15:08:03Z","quarto-1.5.53-win.msi",5367
"2024-07-02T15:08:03Z","quarto-1.5.53-win.zip",2985
"2024-07-02T15:08:03Z","quarto-1.5.53.tar.gz",2397
"2024-07-01T20:13:24Z","changelog.md",950
"2024-07-01T20:13:24Z","quarto-1.6.0-checksums.txt",916
"2024-07-01T20:13:24Z","quarto-1.6.0-linux-amd64.deb",3180
"2024-07-01T20:13:24Z","quarto-1.6.0-linux-amd64.tar.gz",1393
"2024-07-01T20:13:24Z","quarto-1.6.0-linux-arm64.deb",937
"2024-07-01T20:13:24Z","quarto-1.6.0-linux-arm64.tar.gz",900
"2024-07-01T20:13:24Z","quarto-1.6.0-linux-rhel7-amd64.tar.gz",900
"2024-07-01T20:13:24Z","quarto-1.6.0-macos.pkg",960
"2024-07-01T20:13:24Z","quarto-1.6.0-macos.tar.gz",903
"2024-07-01T20:13:24Z","quarto-1.6.0-win.msi",926
"2024-07-01T20:13:24Z","quarto-1.6.0-win.zip",932
"2024-07-01T20:13:24Z","quarto-1.6.0.tar.gz",896
"2024-06-27T22:04:21Z","changelog.md",1827
"2024-06-27T22:04:21Z","quarto-1.5.52-checksums.txt",1863
"2024-06-27T22:04:21Z","quarto-1.5.52-linux-amd64.deb",6110
"2024-06-27T22:04:21Z","quarto-1.5.52-linux-amd64.tar.gz",10078
"2024-06-27T22:04:21Z","quarto-1.5.52-linux-arm64.deb",1855
"2024-06-27T22:04:21Z","quarto-1.5.52-linux-arm64.tar.gz",1861
"2024-06-27T22:04:21Z","quarto-1.5.52-linux-rhel7-amd64.tar.gz",3001
"2024-06-27T22:04:21Z","quarto-1.5.52-macos.pkg",3480
"2024-06-27T22:04:21Z","quarto-1.5.52-macos.tar.gz",1869
"2024-06-27T22:04:21Z","quarto-1.5.52-win.msi",3836
"2024-06-27T22:04:21Z","quarto-1.5.52-win.zip",2074
"2024-06-27T22:04:21Z","quarto-1.5.52.tar.gz",1805
"2024-06-27T20:09:22Z","changelog.md",44
"2024-06-27T20:09:22Z","quarto-1.5.51-checksums.txt",40
"2024-06-27T20:09:22Z","quarto-1.5.51-linux-amd64.deb",378
"2024-06-27T20:09:22Z","quarto-1.5.51-linux-amd64.tar.gz",174
"2024-06-27T20:09:22Z","quarto-1.5.51-linux-arm64.deb",45
"2024-06-27T20:09:22Z","quarto-1.5.51-linux-arm64.tar.gz",40
"2024-06-27T20:09:22Z","quarto-1.5.51-linux-rhel7-amd64.tar.gz",38
"2024-06-27T20:09:22Z","quarto-1.5.51-macos.pkg",45
"2024-06-27T20:09:22Z","quarto-1.5.51-macos.tar.gz",41
"2024-06-27T20:09:22Z","quarto-1.5.51-win.msi",48
"2024-06-27T20:09:22Z","quarto-1.5.51-win.zip",45
"2024-06-27T20:09:22Z","quarto-1.5.51.tar.gz",38
"2024-06-27T16:30:44Z","changelog.md",67
"2024-06-27T16:30:44Z","quarto-1.5.50-checksums.txt",59
"2024-06-27T16:30:44Z","quarto-1.5.50-linux-amd64.deb",498
"2024-06-27T16:30:44Z","quarto-1.5.50-linux-amd64.tar.gz",290
"2024-06-27T16:30:44Z","quarto-1.5.50-linux-arm64.deb",61
"2024-06-27T16:30:44Z","quarto-1.5.50-linux-arm64.tar.gz",61
"2024-06-27T16:30:44Z","quarto-1.5.50-linux-rhel7-amd64.tar.gz",58
"2024-06-27T16:30:44Z","quarto-1.5.50-macos.pkg",85
"2024-06-27T16:30:44Z","quarto-1.5.50-macos.tar.gz",62
"2024-06-27T16:30:44Z","quarto-1.5.50-win.msi",105
"2024-06-27T16:30:44Z","quarto-1.5.50-win.zip",65
"2024-06-27T16:30:44Z","quarto-1.5.50.tar.gz",59
"2024-06-27T17:00:57Z","changelog.md",1836
"2024-06-27T17:00:57Z","quarto-1.4.557-checksums.txt",1596
"2024-06-27T17:00:57Z","quarto-1.4.557-linux-amd64.deb",22717
"2024-06-27T17:00:57Z","quarto-1.4.557-linux-amd64.tar.gz",19408
"2024-06-27T17:00:57Z","quarto-1.4.557-linux-arm64.deb",1717
"2024-06-27T17:00:57Z","quarto-1.4.557-linux-arm64.tar.gz",1862
"2024-06-27T17:00:57Z","quarto-1.4.557-linux-rhel7-amd64.tar.gz",1593
"2024-06-27T17:00:57Z","quarto-1.4.557-macos.pkg",2763
"2024-06-27T17:00:57Z","quarto-1.4.557-macos.tar.gz",1625
"2024-06-27T17:00:57Z","quarto-1.4.557-win.msi",3408
"2024-06-27T17:00:57Z","quarto-1.4.557-win.zip",1977
"2024-06-27T17:00:57Z","quarto-1.4.557.tar.gz",2074
"2024-06-26T23:41:26Z","changelog.md",262
"2024-06-26T23:41:26Z","quarto-1.5.49-checksums.txt",254
"2024-06-26T23:41:26Z","quarto-1.5.49-linux-amd64.deb",484
"2024-06-26T23:41:26Z","quarto-1.5.49-linux-amd64.tar.gz",463
"2024-06-26T23:41:26Z","quarto-1.5.49-linux-arm64.deb",258
"2024-06-26T23:41:26Z","quarto-1.5.49-linux-arm64.tar.gz",282
"2024-06-26T23:41:26Z","quarto-1.5.49-linux-rhel7-amd64.tar.gz",254
"2024-06-26T23:41:26Z","quarto-1.5.49-macos.pkg",342
"2024-06-26T23:41:26Z","quarto-1.5.49-macos.tar.gz",259
"2024-06-26T23:41:26Z","quarto-1.5.49-win.msi",415
"2024-06-26T23:41:26Z","quarto-1.5.49-win.zip",286
"2024-06-26T23:41:26Z","quarto-1.5.49.tar.gz",249
"2024-06-26T20:01:39Z","changelog.md",74
"2024-06-26T20:01:39Z","quarto-1.5.48-checksums.txt",67
"2024-06-26T20:01:39Z","quarto-1.5.48-linux-amd64.deb",251
"2024-06-26T20:01:39Z","quarto-1.5.48-linux-amd64.tar.gz",323
"2024-06-26T20:01:39Z","quarto-1.5.48-linux-arm64.deb",66
"2024-06-26T20:01:39Z","quarto-1.5.48-linux-arm64.tar.gz",68
"2024-06-26T20:01:39Z","quarto-1.5.48-linux-rhel7-amd64.tar.gz",63
"2024-06-26T20:01:39Z","quarto-1.5.48-macos.pkg",126
"2024-06-26T20:01:39Z","quarto-1.5.48-macos.tar.gz",68
"2024-06-26T20:01:39Z","quarto-1.5.48-win.msi",99
"2024-06-26T20:01:39Z","quarto-1.5.48-win.zip",70
"2024-06-26T20:01:39Z","quarto-1.5.48.tar.gz",62
"2024-06-26T20:15:10Z","changelog.md",329
"2024-06-26T20:15:10Z","quarto-1.4.556-checksums.txt",337
"2024-06-26T20:15:10Z","quarto-1.4.556-linux-amd64.deb",3548
"2024-06-26T20:15:10Z","quarto-1.4.556-linux-amd64.tar.gz",2741
"2024-06-26T20:15:10Z","quarto-1.4.556-linux-arm64.deb",322
"2024-06-26T20:15:10Z","quarto-1.4.556-linux-arm64.tar.gz",337
"2024-06-26T20:15:10Z","quarto-1.4.556-linux-rhel7-amd64.tar.gz",316
"2024-06-26T20:15:10Z","quarto-1.4.556-macos.pkg",783
"2024-06-26T20:15:10Z","quarto-1.4.556-macos.tar.gz",340
"2024-06-26T20:15:10Z","quarto-1.4.556-win.msi",1776
"2024-06-26T20:15:10Z","quarto-1.4.556-win.zip",507
"2024-06-26T20:15:10Z","quarto-1.4.556.tar.gz",816
"2024-06-21T22:31:59Z","changelog.md",1811
"2024-06-21T22:31:59Z","quarto-1.5.47-checksums.txt",1812
"2024-06-21T22:31:59Z","quarto-1.5.47-linux-amd64.deb",4072
"2024-06-21T22:31:59Z","quarto-1.5.47-linux-amd64.tar.gz",2204
"2024-06-21T22:31:59Z","quarto-1.5.47-linux-arm64.deb",2454
"2024-06-21T22:31:59Z","quarto-1.5.47-linux-arm64.tar.gz",1821
"2024-06-21T22:31:59Z","quarto-1.5.47-linux-rhel7-amd64.tar.gz",1801
"2024-06-21T22:31:59Z","quarto-1.5.47-macos.pkg",2301
"2024-06-21T22:31:59Z","quarto-1.5.47-macos.tar.gz",1794
"2024-06-21T22:31:59Z","quarto-1.5.47-win.msi",2778
"2024-06-21T22:31:59Z","quarto-1.5.47-win.zip",1854
"2024-06-21T22:31:59Z","quarto-1.5.47.tar.gz",1816
"2024-06-21T04:15:02Z","changelog.md",372
"2024-06-21T04:15:02Z","quarto-1.5.46-checksums.txt",369
"2024-06-21T04:15:02Z","quarto-1.5.46-linux-amd64.deb",689
"2024-06-21T04:15:02Z","quarto-1.5.46-linux-amd64.tar.gz",666
"2024-06-21T04:15:02Z","quarto-1.5.46-linux-arm64.deb",364
"2024-06-21T04:15:02Z","quarto-1.5.46-linux-arm64.tar.gz",375
"2024-06-21T04:15:02Z","quarto-1.5.46-linux-rhel7-amd64.tar.gz",362
"2024-06-21T04:15:02Z","quarto-1.5.46-macos.pkg",466
"2024-06-21T04:15:02Z","quarto-1.5.46-macos.tar.gz",364
"2024-06-21T04:15:02Z","quarto-1.5.46-win.msi",554
"2024-06-21T04:15:02Z","quarto-1.5.46-win.zip",378
"2024-06-21T04:15:02Z","quarto-1.5.46.tar.gz",368
"2024-06-12T08:27:49Z","changelog.md",3921
"2024-06-12T08:27:49Z","quarto-1.5.45-checksums.txt",3931
"2024-06-12T08:27:49Z","quarto-1.5.45-linux-amd64.deb",28460
"2024-06-12T08:27:49Z","quarto-1.5.45-linux-amd64.tar.gz",5124
"2024-06-12T08:27:49Z","quarto-1.5.45-linux-arm64.deb",3965
"2024-06-12T08:27:49Z","quarto-1.5.45-linux-arm64.tar.gz",3928
"2024-06-12T08:27:49Z","quarto-1.5.45-linux-rhel7-amd64.tar.gz",3908
"2024-06-12T08:27:49Z","quarto-1.5.45-macos.pkg",4883
"2024-06-12T08:27:49Z","quarto-1.5.45-macos.tar.gz",3906
"2024-06-12T08:27:49Z","quarto-1.5.45-win.msi",5606
"2024-06-12T08:27:49Z","quarto-1.5.45-win.zip",4062
"2024-06-12T08:27:49Z","quarto-1.5.45.tar.gz",3892
"2024-06-12T01:34:02Z","changelog.md",148
"2024-06-12T01:34:02Z","quarto-1.5.44-checksums.txt",136
"2024-06-12T01:34:02Z","quarto-1.5.44-linux-amd64.deb",344
"2024-06-12T01:34:02Z","quarto-1.5.44-linux-amd64.tar.gz",576
"2024-06-12T01:34:02Z","quarto-1.5.44-linux-arm64.deb",143
"2024-06-12T01:34:02Z","quarto-1.5.44-linux-arm64.tar.gz",139
"2024-06-12T01:34:02Z","quarto-1.5.44-linux-rhel7-amd64.tar.gz",138
"2024-06-12T01:34:02Z","quarto-1.5.44-macos.pkg",160
"2024-06-12T01:34:02Z","quarto-1.5.44-macos.tar.gz",142
"2024-06-12T01:34:02Z","quarto-1.5.44-win.msi",174
"2024-06-12T01:34:02Z","quarto-1.5.44-win.zip",145
"2024-06-12T01:34:02Z","quarto-1.5.44.tar.gz",134
"2024-06-06T21:43:12Z","changelog.md",2303
"2024-06-06T21:43:12Z","quarto-1.5.43-checksums.txt",2306
"2024-06-06T21:43:12Z","quarto-1.5.43-linux-amd64.deb",3589
"2024-06-06T21:43:12Z","quarto-1.5.43-linux-amd64.tar.gz",4184
"2024-06-06T21:43:12Z","quarto-1.5.43-linux-arm64.deb",2333
"2024-06-06T21:43:12Z","quarto-1.5.43-linux-arm64.tar.gz",2333
"2024-06-06T21:43:12Z","quarto-1.5.43-linux-rhel7-amd64.tar.gz",2276
"2024-06-06T21:43:12Z","quarto-1.5.43-macos.pkg",2909
"2024-06-06T21:43:12Z","quarto-1.5.43-macos.tar.gz",2284
"2024-06-06T21:43:12Z","quarto-1.5.43-win.msi",3348
"2024-06-06T21:43:12Z","quarto-1.5.43-win.zip",2324
"2024-06-06T21:43:12Z","quarto-1.5.43.tar.gz",2269
"2024-06-05T23:59:44Z","changelog.md",421
"2024-06-05T23:59:44Z","quarto-1.5.42-checksums.txt",415
"2024-06-05T23:59:44Z","quarto-1.5.42-linux-amd64.deb",718
"2024-06-05T23:59:44Z","quarto-1.5.42-linux-amd64.tar.gz",493
"2024-06-05T23:59:44Z","quarto-1.5.42-linux-arm64.deb",419
"2024-06-05T23:59:44Z","quarto-1.5.42-linux-arm64.tar.gz",410
"2024-06-05T23:59:44Z","quarto-1.5.42-linux-rhel7-amd64.tar.gz",412
"2024-06-05T23:59:44Z","quarto-1.5.42-macos.pkg",507
"2024-06-05T23:59:44Z","quarto-1.5.42-macos.tar.gz",412
"2024-06-05T23:59:44Z","quarto-1.5.42-win.msi",561
"2024-06-05T23:59:44Z","quarto-1.5.42-win.zip",423
"2024-06-05T23:59:44Z","quarto-1.5.42.tar.gz",410
"2024-06-05T01:08:53Z","changelog.md",454
"2024-06-05T01:08:53Z","quarto-1.5.41-checksums.txt",448
"2024-06-05T01:08:53Z","quarto-1.5.41-linux-amd64.deb",930
"2024-06-05T01:08:53Z","quarto-1.5.41-linux-amd64.tar.gz",663
"2024-06-05T01:08:53Z","quarto-1.5.41-linux-arm64.deb",494
"2024-06-05T01:08:53Z","quarto-1.5.41-linux-arm64.tar.gz",448
"2024-06-05T01:08:53Z","quarto-1.5.41-linux-rhel7-amd64.tar.gz",442
"2024-06-05T01:08:53Z","quarto-1.5.41-macos.pkg",618
"2024-06-05T01:08:53Z","quarto-1.5.41-macos.tar.gz",443
"2024-06-05T01:08:53Z","quarto-1.5.41-win.msi",753
"2024-06-05T01:08:53Z","quarto-1.5.41-win.zip",458
"2024-06-05T01:08:53Z","quarto-1.5.41.tar.gz",439
"2024-06-03T16:32:08Z","changelog.md",9921
"2024-06-03T16:32:08Z","quarto-1.4.555-checksums.txt",9920
"2024-06-03T16:32:08Z","quarto-1.4.555-linux-amd64.deb",97460
"2024-06-03T16:32:08Z","quarto-1.4.555-linux-amd64.tar.gz",15139
"2024-06-03T16:32:08Z","quarto-1.4.555-linux-arm64.deb",10194
"2024-06-03T16:32:08Z","quarto-1.4.555-linux-arm64.tar.gz",10390
"2024-06-03T16:32:08Z","quarto-1.4.555-linux-rhel7-amd64.tar.gz",9956
"2024-06-03T16:32:08Z","quarto-1.4.555-macos.pkg",13475
"2024-06-03T16:32:08Z","quarto-1.4.555-macos.tar.gz",10131
"2024-06-03T16:32:08Z","quarto-1.4.555-win.msi",12746
"2024-06-03T16:32:08Z","quarto-1.4.555-win.zip",11397
"2024-06-03T16:32:08Z","quarto-1.4.555.tar.gz",10994
"2024-05-31T12:44:02Z","changelog.md",2153
"2024-05-31T12:44:02Z","quarto-1.5.40-checksums.txt",2163
"2024-05-31T12:44:02Z","quarto-1.5.40-linux-amd64.deb",4025
"2024-05-31T12:44:02Z","quarto-1.5.40-linux-amd64.tar.gz",2368
"2024-05-31T12:44:02Z","quarto-1.5.40-linux-arm64.deb",2163
"2024-05-31T12:44:02Z","quarto-1.5.40-linux-arm64.tar.gz",2167
"2024-05-31T12:44:02Z","quarto-1.5.40-linux-rhel7-amd64.tar.gz",2136
"2024-05-31T12:44:02Z","quarto-1.5.40-macos.pkg",2414
"2024-05-31T12:44:02Z","quarto-1.5.40-macos.tar.gz",2143
"2024-05-31T12:44:02Z","quarto-1.5.40-win.msi",2738
"2024-05-31T12:44:02Z","quarto-1.5.40-win.zip",2155
"2024-05-31T12:44:02Z","quarto-1.5.40.tar.gz",2130
"2024-05-23T00:32:59Z","changelog.md",3123
"2024-05-23T00:32:59Z","quarto-1.5.39-checksums.txt",3124
"2024-05-23T00:32:59Z","quarto-1.5.39-linux-amd64.deb",4976
"2024-05-23T00:32:59Z","quarto-1.5.39-linux-amd64.tar.gz",3812
"2024-05-23T00:32:59Z","quarto-1.5.39-linux-arm64.deb",3098
"2024-05-23T00:32:59Z","quarto-1.5.39-linux-arm64.tar.gz",3097
"2024-05-23T00:32:59Z","quarto-1.5.39-linux-rhel7-amd64.tar.gz",3086
"2024-05-23T00:32:59Z","quarto-1.5.39-macos.pkg",3227
"2024-05-23T00:32:59Z","quarto-1.5.39-macos.tar.gz",3096
"2024-05-23T00:32:59Z","quarto-1.5.39-win.msi",3225
"2024-05-23T00:32:59Z","quarto-1.5.39-win.zip",3119
"2024-05-23T00:32:59Z","quarto-1.5.39.tar.gz",3087
"2024-05-22T22:51:55Z","changelog.md",24
"2024-05-22T22:51:55Z","quarto-1.5.38-checksums.txt",17
"2024-05-22T22:51:55Z","quarto-1.5.38-linux-amd64.deb",207
"2024-05-22T22:51:55Z","quarto-1.5.38-linux-amd64.tar.gz",587
"2024-05-22T22:51:55Z","quarto-1.5.38-linux-arm64.deb",18
"2024-05-22T22:51:55Z","quarto-1.5.38-linux-arm64.tar.gz",19
"2024-05-22T22:51:55Z","quarto-1.5.38-linux-rhel7-amd64.tar.gz",18
"2024-05-22T22:51:55Z","quarto-1.5.38-macos.pkg",26
"2024-05-22T22:51:55Z","quarto-1.5.38-macos.tar.gz",23
"2024-05-22T22:51:55Z","quarto-1.5.38-win.msi",21
"2024-05-22T22:51:55Z","quarto-1.5.38-win.zip",24
"2024-05-22T22:51:55Z","quarto-1.5.38.tar.gz",18
"2024-05-15T16:09:29Z","changelog.md",1732
"2024-05-15T16:09:29Z","quarto-1.5.37-checksums.txt",1740
"2024-05-15T16:09:29Z","quarto-1.5.37-linux-amd64.deb",3321
"2024-05-15T16:09:29Z","quarto-1.5.37-linux-amd64.tar.gz",1899
"2024-05-15T16:09:29Z","quarto-1.5.37-linux-arm64.deb",1717
"2024-05-15T16:09:29Z","quarto-1.5.37-linux-arm64.tar.gz",1701
"2024-05-15T16:09:29Z","quarto-1.5.37-linux-rhel7-amd64.tar.gz",1696
"2024-05-15T16:09:29Z","quarto-1.5.37-macos.pkg",1776
"2024-05-15T16:09:29Z","quarto-1.5.37-macos.tar.gz",1702
"2024-05-15T16:09:29Z","quarto-1.5.37-win.msi",1792
"2024-05-15T16:09:29Z","quarto-1.5.37-win.zip",1721
"2024-05-15T16:09:29Z","quarto-1.5.37.tar.gz",1700
"2024-05-15T08:08:26Z","changelog.md",72
"2024-05-15T08:08:26Z","quarto-1.5.36-checksums.txt",70
"2024-05-15T08:08:26Z","quarto-1.5.36-linux-amd64.deb",228
"2024-05-15T08:08:26Z","quarto-1.5.36-linux-amd64.tar.gz",269
"2024-05-15T08:08:26Z","quarto-1.5.36-linux-arm64.deb",88
"2024-05-15T08:08:26Z","quarto-1.5.36-linux-arm64.tar.gz",70
"2024-05-15T08:08:26Z","quarto-1.5.36-linux-rhel7-amd64.tar.gz",68
"2024-05-15T08:08:26Z","quarto-1.5.36-macos.pkg",79
"2024-05-15T08:08:26Z","quarto-1.5.36-macos.tar.gz",73
"2024-05-15T08:08:26Z","quarto-1.5.36-win.msi",78
"2024-05-15T08:08:26Z","quarto-1.5.36-win.zip",80
"2024-05-15T08:08:26Z","quarto-1.5.36.tar.gz",68
"2024-05-14T18:58:22Z","changelog.md",96
"2024-05-14T18:58:22Z","quarto-1.5.35-checksums.txt",95
"2024-05-14T18:58:22Z","quarto-1.5.35-linux-amd64.deb",251
"2024-05-14T18:58:22Z","quarto-1.5.35-linux-amd64.tar.gz",219
"2024-05-14T18:58:22Z","quarto-1.5.35-linux-arm64.deb",92
"2024-05-14T18:58:22Z","quarto-1.5.35-linux-arm64.tar.gz",91
"2024-05-14T18:58:22Z","quarto-1.5.35-linux-rhel7-amd64.tar.gz",90
"2024-05-14T18:58:22Z","quarto-1.5.35-macos.pkg",98
"2024-05-14T18:58:22Z","quarto-1.5.35-macos.tar.gz",94
"2024-05-14T18:58:22Z","quarto-1.5.35-win.msi",101
"2024-05-14T18:58:22Z","quarto-1.5.35-win.zip",102
"2024-05-14T18:58:22Z","quarto-1.5.35.tar.gz",91
"2024-05-14T16:43:06Z","changelog.md",30
"2024-05-14T16:43:06Z","quarto-1.5.34-checksums.txt",21
"2024-05-14T16:43:06Z","quarto-1.5.34-linux-amd64.deb",127
"2024-05-14T16:43:06Z","quarto-1.5.34-linux-amd64.tar.gz",265
"2024-05-14T16:43:06Z","quarto-1.5.34-linux-arm64.deb",21
"2024-05-14T16:43:06Z","quarto-1.5.34-linux-arm64.tar.gz",25
"2024-05-14T16:43:06Z","quarto-1.5.34-linux-rhel7-amd64.tar.gz",22
"2024-05-14T16:43:06Z","quarto-1.5.34-macos.pkg",24
"2024-05-14T16:43:06Z","quarto-1.5.34-macos.tar.gz",26
"2024-05-14T16:43:06Z","quarto-1.5.34-win.msi",27
"2024-05-14T16:43:06Z","quarto-1.5.34-win.zip",26
"2024-05-14T16:43:06Z","quarto-1.5.34.tar.gz",21
"2024-05-08T14:13:04Z","changelog.md",1156
"2024-05-08T14:13:04Z","quarto-1.5.33-checksums.txt",1171
"2024-05-08T14:13:04Z","quarto-1.5.33-linux-amd64.deb",2005
"2024-05-08T14:13:04Z","quarto-1.5.33-linux-amd64.tar.gz",1428
"2024-05-08T14:13:04Z","quarto-1.5.33-linux-arm64.deb",1149
"2024-05-08T14:13:04Z","quarto-1.5.33-linux-arm64.tar.gz",1132
"2024-05-08T14:13:04Z","quarto-1.5.33-linux-rhel7-amd64.tar.gz",1131
"2024-05-08T14:13:04Z","quarto-1.5.33-macos.pkg",1208
"2024-05-08T14:13:04Z","quarto-1.5.33-macos.tar.gz",1140
"2024-05-08T14:13:04Z","quarto-1.5.33-win.msi",1203
"2024-05-08T14:13:04Z","quarto-1.5.33-win.zip",1160
"2024-05-08T14:13:04Z","quarto-1.5.33.tar.gz",1131
"2024-05-03T11:26:21Z","changelog.md",1109
"2024-05-03T11:26:21Z","quarto-1.5.32-checksums.txt",1100
"2024-05-03T11:26:21Z","quarto-1.5.32-linux-amd64.deb",1764
"2024-05-03T11:26:21Z","quarto-1.5.32-linux-amd64.tar.gz",1199
"2024-05-03T11:26:21Z","quarto-1.5.32-linux-arm64.deb",1074
"2024-05-03T11:26:21Z","quarto-1.5.32-linux-arm64.tar.gz",1075
"2024-05-03T11:26:21Z","quarto-1.5.32-linux-rhel7-amd64.tar.gz",1068
"2024-05-03T11:26:21Z","quarto-1.5.32-macos.pkg",1128
"2024-05-03T11:26:21Z","quarto-1.5.32-macos.tar.gz",1078
"2024-05-03T11:26:21Z","quarto-1.5.32-win.msi",1123
"2024-05-03T11:26:21Z","quarto-1.5.32-win.zip",1089
"2024-05-03T11:26:21Z","quarto-1.5.32.tar.gz",1065
"2024-05-01T21:41:24Z","changelog.md",9047
"2024-05-01T21:41:24Z","quarto-1.4.554-checksums.txt",9048
"2024-05-01T21:41:24Z","quarto-1.4.554-linux-amd64.deb",134782
"2024-05-01T21:41:24Z","quarto-1.4.554-linux-amd64.tar.gz",18157
"2024-05-01T21:41:24Z","quarto-1.4.554-linux-arm64.deb",16998
"2024-05-01T21:41:24Z","quarto-1.4.554-linux-arm64.tar.gz",9813
"2024-05-01T21:41:24Z","quarto-1.4.554-linux-rhel7-amd64.tar.gz",9129
"2024-05-01T21:41:24Z","quarto-1.4.554-macos.pkg",16554
"2024-05-01T21:41:24Z","quarto-1.4.554-macos.tar.gz",9292
"2024-05-01T21:41:24Z","quarto-1.4.554-win.msi",18590
"2024-05-01T21:41:24Z","quarto-1.4.554-win.zip",11330
"2024-05-01T21:41:24Z","quarto-1.4.554.tar.gz",11078
"2024-04-22T19:32:21Z","changelog.md",1997
"2024-04-22T19:32:21Z","quarto-1.5.31-checksums.txt",2021
"2024-04-22T19:32:21Z","quarto-1.5.31-linux-amd64.deb",5702
"2024-04-22T19:32:21Z","quarto-1.5.31-linux-amd64.tar.gz",2287
"2024-04-22T19:32:21Z","quarto-1.5.31-linux-arm64.deb",2020
"2024-04-22T19:32:21Z","quarto-1.5.31-linux-arm64.tar.gz",1959
"2024-04-22T19:32:21Z","quarto-1.5.31-linux-rhel7-amd64.tar.gz",1959
"2024-04-22T19:32:21Z","quarto-1.5.31-macos.pkg",2088
"2024-04-22T19:32:21Z","quarto-1.5.31-macos.tar.gz",1981
"2024-04-22T19:32:21Z","quarto-1.5.31-win.msi",2096
"2024-04-22T19:32:21Z","quarto-1.5.31-win.zip",2003
"2024-04-22T19:32:21Z","quarto-1.5.31.tar.gz",1961
"2024-04-17T18:22:04Z","changelog.md",957
"2024-04-17T18:22:04Z","quarto-1.5.30-checksums.txt",945
"2024-04-17T18:22:04Z","quarto-1.5.30-linux-amd64.deb",1854
"2024-04-17T18:22:04Z","quarto-1.5.30-linux-amd64.tar.gz",1205
"2024-04-17T18:22:04Z","quarto-1.5.30-linux-arm64.deb",938
"2024-04-17T18:22:04Z","quarto-1.5.30-linux-arm64.tar.gz",936
"2024-04-17T18:22:04Z","quarto-1.5.30-linux-rhel7-amd64.tar.gz",929
"2024-04-17T18:22:04Z","quarto-1.5.30-macos.pkg",1001
"2024-04-17T18:22:04Z","quarto-1.5.30-macos.tar.gz",938
"2024-04-17T18:22:04Z","quarto-1.5.30-win.msi",992
"2024-04-17T18:22:04Z","quarto-1.5.30-win.zip",957
"2024-04-17T18:22:04Z","quarto-1.5.30.tar.gz",930
"2024-04-10T19:45:15Z","changelog.md",1212
"2024-04-10T19:45:15Z","quarto-1.5.29-checksums.txt",1176
"2024-04-10T19:45:15Z","quarto-1.5.29-linux-amd64.deb",2028
"2024-04-10T19:45:15Z","quarto-1.5.29-linux-amd64.tar.gz",1204
"2024-04-10T19:45:15Z","quarto-1.5.29-linux-arm64.deb",1140
"2024-04-10T19:45:15Z","quarto-1.5.29-linux-arm64.tar.gz",1135
"2024-04-10T19:45:15Z","quarto-1.5.29-linux-rhel7-amd64.tar.gz",1128
"2024-04-10T19:45:15Z","quarto-1.5.29-macos.pkg",1193
"2024-04-10T19:45:15Z","quarto-1.5.29-macos.tar.gz",1138
"2024-04-10T19:45:15Z","quarto-1.5.29-win.msi",1183
"2024-04-10T19:45:15Z","quarto-1.5.29-win.zip",1157
"2024-04-10T19:45:15Z","quarto-1.5.29.tar.gz",1128
"2024-04-03T17:58:25Z","changelog.md",5113
"2024-04-03T17:58:25Z","quarto-1.4.553-checksums.txt",5077
"2024-04-03T17:58:25Z","quarto-1.4.553-linux-amd64.deb",141284
"2024-04-03T17:58:25Z","quarto-1.4.553-linux-amd64.tar.gz",37086
"2024-04-03T17:58:25Z","quarto-1.4.553-linux-arm64.deb",5436
"2024-04-03T17:58:25Z","quarto-1.4.553-linux-arm64.tar.gz",5524
"2024-04-03T17:58:25Z","quarto-1.4.553-linux-rhel7-amd64.tar.gz",5272
"2024-04-03T17:58:25Z","quarto-1.4.553-macos.pkg",12715
"2024-04-03T17:58:25Z","quarto-1.4.553-macos.tar.gz",5219
"2024-04-03T17:58:25Z","quarto-1.4.553-win.msi",14244
"2024-04-03T17:58:25Z","quarto-1.4.553-win.zip",6440
"2024-04-03T17:58:25Z","quarto-1.4.553.tar.gz",7582
"2024-04-02T23:51:24Z","changelog.md",1457
"2024-04-02T23:51:24Z","quarto-1.5.28-checksums.txt",1485
"2024-04-02T23:51:24Z","quarto-1.5.28-linux-amd64.deb",3084
"2024-04-02T23:51:24Z","quarto-1.5.28-linux-amd64.tar.gz",1603
"2024-04-02T23:51:24Z","quarto-1.5.28-linux-arm64.deb",1458
"2024-04-02T23:51:24Z","quarto-1.5.28-linux-arm64.tar.gz",1433
"2024-04-02T23:51:24Z","quarto-1.5.28-linux-rhel7-amd64.tar.gz",1443
"2024-04-02T23:51:24Z","quarto-1.5.28-macos.pkg",1504
"2024-04-02T23:51:24Z","quarto-1.5.28-macos.tar.gz",1441
"2024-04-02T23:51:24Z","quarto-1.5.28-win.msi",1489
"2024-04-02T23:51:24Z","quarto-1.5.28-win.zip",1465
"2024-04-02T23:51:24Z","quarto-1.5.28.tar.gz",1432
"2024-03-26T15:05:34Z","changelog.md",1505
"2024-03-26T15:05:34Z","quarto-1.4.552-checksums.txt",1513
"2024-03-26T15:05:34Z","quarto-1.4.552-linux-amd64.deb",34900
"2024-03-26T15:05:34Z","quarto-1.4.552-linux-amd64.tar.gz",5826
"2024-03-26T15:05:34Z","quarto-1.4.552-linux-arm64.deb",1536
"2024-03-26T15:05:34Z","quarto-1.4.552-linux-arm64.tar.gz",1546
"2024-03-26T15:05:34Z","quarto-1.4.552-linux-rhel7-amd64.tar.gz",1539
"2024-03-26T15:05:34Z","quarto-1.4.552-macos.pkg",4440
"2024-03-26T15:05:34Z","quarto-1.4.552-macos.tar.gz",1492
"2024-03-26T15:05:34Z","quarto-1.4.552-win.msi",5094
"2024-03-26T15:05:34Z","quarto-1.4.552-win.zip",1886
"2024-03-26T15:05:34Z","quarto-1.4.552.tar.gz",4070
"2024-03-25T20:56:08Z","changelog.md",1478
"2024-03-25T20:56:08Z","quarto-1.5.27-checksums.txt",1505
"2024-03-25T20:56:08Z","quarto-1.5.27-linux-amd64.deb",2462
"2024-03-25T20:56:08Z","quarto-1.5.27-linux-amd64.tar.gz",1564
"2024-03-25T20:56:08Z","quarto-1.5.27-linux-arm64.deb",1485
"2024-03-25T20:56:08Z","quarto-1.5.27-linux-arm64.tar.gz",1462
"2024-03-25T20:56:08Z","quarto-1.5.27-linux-rhel7-amd64.tar.gz",1457
"2024-03-25T20:56:08Z","quarto-1.5.27-macos.pkg",1512
"2024-03-25T20:56:08Z","quarto-1.5.27-macos.tar.gz",1468
"2024-03-25T20:56:08Z","quarto-1.5.27-win.msi",1511
"2024-03-25T20:56:08Z","quarto-1.5.27-win.zip",1479
"2024-03-25T20:56:08Z","quarto-1.5.27.tar.gz",1454
"2024-03-22T02:54:00Z","changelog.md",702
"2024-03-22T02:54:00Z","quarto-1.5.26-checksums.txt",701
"2024-03-22T02:54:00Z","quarto-1.5.26-linux-amd64.deb",1253
"2024-03-22T02:54:00Z","quarto-1.5.26-linux-amd64.tar.gz",726
"2024-03-22T02:54:00Z","quarto-1.5.26-linux-arm64.deb",687
"2024-03-22T02:54:00Z","quarto-1.5.26-linux-arm64.tar.gz",680
"2024-03-22T02:54:00Z","quarto-1.5.26-linux-rhel7-amd64.tar.gz",679
"2024-03-22T02:54:00Z","quarto-1.5.26-macos.pkg",794
"2024-03-22T02:54:00Z","quarto-1.5.26-macos.tar.gz",684
"2024-03-22T02:54:00Z","quarto-1.5.26-win.msi",701
"2024-03-22T02:54:00Z","quarto-1.5.26-win.zip",696
"2024-03-22T02:54:00Z","quarto-1.5.26.tar.gz",677
"2024-03-15T00:16:53Z","changelog.md",1296
"2024-03-15T00:16:53Z","quarto-1.5.25-checksums.txt",1312
"2024-03-15T00:16:53Z","quarto-1.5.25-linux-amd64.deb",2362
"2024-03-15T00:16:53Z","quarto-1.5.25-linux-amd64.tar.gz",1350
"2024-03-15T00:16:53Z","quarto-1.5.25-linux-arm64.deb",1276
"2024-03-15T00:16:53Z","quarto-1.5.25-linux-arm64.tar.gz",1291
"2024-03-15T00:16:53Z","quarto-1.5.25-linux-rhel7-amd64.tar.gz",1270
"2024-03-15T00:16:53Z","quarto-1.5.25-macos.pkg",1367
"2024-03-15T00:16:53Z","quarto-1.5.25-macos.tar.gz",1278
"2024-03-15T00:16:53Z","quarto-1.5.25-win.msi",1322
"2024-03-15T00:16:53Z","quarto-1.5.25-win.zip",1362
"2024-03-15T00:16:53Z","quarto-1.5.25.tar.gz",1269
"2024-03-05T23:28:17Z","changelog.md",1660
"2024-03-05T23:28:17Z","quarto-1.5.24-checksums.txt",1667
"2024-03-05T23:28:17Z","quarto-1.5.24-linux-amd64.deb",2989
"2024-03-05T23:28:17Z","quarto-1.5.24-linux-amd64.tar.gz",1763
"2024-03-05T23:28:17Z","quarto-1.5.24-linux-arm64.deb",1648
"2024-03-05T23:28:17Z","quarto-1.5.24-linux-arm64.tar.gz",1612
"2024-03-05T23:28:17Z","quarto-1.5.24-macos.pkg",1713
"2024-03-05T23:28:17Z","quarto-1.5.24-macos.tar.gz",1622
"2024-03-05T23:28:17Z","quarto-1.5.24-win.msi",1705
"2024-03-05T23:28:17Z","quarto-1.5.24-win.zip",1655
"2024-03-05T23:28:17Z","quarto-1.5.24.tar.gz",1611
"2024-03-05T22:25:25Z","changelog.md",3759
"2024-03-05T22:25:25Z","quarto-1.4.551-checksums.txt",3772
"2024-03-05T22:25:25Z","quarto-1.4.551-linux-amd64.deb",135715
"2024-03-05T22:25:25Z","quarto-1.4.551-linux-amd64.tar.gz",8052
"2024-03-05T22:25:25Z","quarto-1.4.551-linux-arm64.deb",4039
"2024-03-05T22:25:25Z","quarto-1.4.551-linux-arm64.tar.gz",4108
"2024-03-05T22:25:25Z","quarto-1.4.551-linux-rhel7-amd64.tar.gz",3874
"2024-03-05T22:25:25Z","quarto-1.4.551-macos.pkg",9615
"2024-03-05T22:25:25Z","quarto-1.4.551-macos.tar.gz",3755
"2024-03-05T22:25:25Z","quarto-1.4.551-win.msi",11188
"2024-03-05T22:25:25Z","quarto-1.4.551-win.zip",4905
"2024-03-05T22:25:25Z","quarto-1.4.551.tar.gz",6267
"2024-03-01T18:36:51Z","changelog.md",728
"2024-03-01T18:36:51Z","quarto-1.5.23-checksums.txt",727
"2024-03-01T18:36:51Z","quarto-1.5.23-linux-amd64.deb",11252
"2024-03-01T18:36:51Z","quarto-1.5.23-linux-amd64.tar.gz",18961
"2024-03-01T18:36:51Z","quarto-1.5.23-linux-arm64.deb",1788
"2024-03-01T18:36:51Z","quarto-1.5.23-linux-arm64.tar.gz",875
"2024-03-01T18:36:51Z","quarto-1.5.23-macos.pkg",732
"2024-03-01T18:36:51Z","quarto-1.5.23-macos.tar.gz",703
"2024-03-01T18:36:51Z","quarto-1.5.23-win.msi",720
"2024-03-01T18:36:51Z","quarto-1.5.23-win.zip",712
"2024-03-01T18:36:51Z","quarto-1.5.23.tar.gz",699
"2024-02-26T22:33:09Z","changelog.md",373
"2024-02-26T22:33:09Z","quarto-1.5.22-checksums.txt",380
"2024-02-26T22:33:09Z","quarto-1.5.22-linux-amd64.deb",1861
"2024-02-26T22:33:09Z","quarto-1.5.22-linux-amd64.tar.gz",511
"2024-02-26T22:33:09Z","quarto-1.5.22-linux-arm64.deb",380
"2024-02-26T22:33:09Z","quarto-1.5.22-linux-arm64.tar.gz",360
"2024-02-26T22:33:09Z","quarto-1.5.22-linux-rhel7-amd64.tar.gz",360
"2024-02-26T22:33:09Z","quarto-1.5.22-macos.pkg",439
"2024-02-26T22:33:09Z","quarto-1.5.22-macos.tar.gz",359
"2024-02-26T22:33:09Z","quarto-1.5.22-win.msi",395
"2024-02-26T22:33:09Z","quarto-1.5.22-win.zip",394
"2024-02-26T22:33:09Z","quarto-1.5.22.tar.gz",358
"2024-02-23T15:10:14Z","changelog.md",318
"2024-02-23T15:10:14Z","quarto-1.5.21-checksums.txt",329
"2024-02-23T15:10:14Z","quarto-1.5.21-linux-amd64.deb",768
"2024-02-23T15:10:14Z","quarto-1.5.21-linux-amd64.tar.gz",337
"2024-02-23T15:10:14Z","quarto-1.5.21-linux-arm64.deb",337
"2024-02-23T15:10:14Z","quarto-1.5.21-linux-arm64.tar.gz",307
"2024-02-23T15:10:14Z","quarto-1.5.21-linux-rhel7-amd64.tar.gz",309
"2024-02-23T15:10:14Z","quarto-1.5.21-macos.pkg",345
"2024-02-23T15:10:14Z","quarto-1.5.21-macos.tar.gz",311
"2024-02-23T15:10:14Z","quarto-1.5.21-win.msi",336
"2024-02-23T15:10:14Z","quarto-1.5.21-win.zip",325
"2024-02-23T15:10:14Z","quarto-1.5.21.tar.gz",306
"2024-02-23T03:19:50Z","changelog.md",55
"2024-02-23T03:19:50Z","quarto-1.5.20-checksums.txt",51
"2024-02-23T03:19:50Z","quarto-1.5.20-linux-amd64.deb",152
"2024-02-23T03:19:50Z","quarto-1.5.20-linux-amd64.tar.gz",93
"2024-02-23T03:19:50Z","quarto-1.5.20-linux-arm64.deb",50
"2024-02-23T03:19:50Z","quarto-1.5.20-linux-arm64.tar.gz",51
"2024-02-23T03:19:50Z","quarto-1.5.20-linux-rhel7-amd64.tar.gz",49
"2024-02-23T03:19:50Z","quarto-1.5.20-macos.pkg",63
"2024-02-23T03:19:50Z","quarto-1.5.20-macos.tar.gz",55
"2024-02-23T03:19:50Z","quarto-1.5.20-win.msi",55
"2024-02-23T03:19:50Z","quarto-1.5.20-win.zip",56
"2024-02-23T03:19:50Z","quarto-1.5.20.tar.gz",50
"2024-02-23T01:50:59Z","changelog.md",13
"2024-02-23T01:50:59Z","quarto-1.5.19-checksums.txt",8
"2024-02-23T01:50:59Z","quarto-1.5.19-linux-amd64.deb",21
"2024-02-23T01:50:59Z","quarto-1.5.19-linux-amd64.tar.gz",14
"2024-02-23T01:50:59Z","quarto-1.5.19-linux-arm64.deb",8
"2024-02-23T01:50:59Z","quarto-1.5.19-linux-arm64.tar.gz",9
"2024-02-23T01:50:59Z","quarto-1.5.19-linux-rhel7-amd64.tar.gz",8
"2024-02-23T01:50:59Z","quarto-1.5.19-macos.pkg",10
"2024-02-23T01:50:59Z","quarto-1.5.19-macos.tar.gz",12
"2024-02-23T01:50:59Z","quarto-1.5.19-win.msi",8
"2024-02-23T01:50:59Z","quarto-1.5.19-win.zip",9
"2024-02-23T01:50:59Z","quarto-1.5.19.tar.gz",8
"2024-02-22T23:03:55Z","changelog.md",17
"2024-02-22T23:03:55Z","quarto-1.5.18-checksums.txt",11
"2024-02-22T23:03:55Z","quarto-1.5.18-linux-amd64.deb",18
"2024-02-22T23:03:55Z","quarto-1.5.18-linux-amd64.tar.gz",34
"2024-02-22T23:03:55Z","quarto-1.5.18-linux-arm64.deb",12
"2024-02-22T23:03:55Z","quarto-1.5.18-linux-arm64.tar.gz",14
"2024-02-22T23:03:55Z","quarto-1.5.18-linux-rhel7-amd64.tar.gz",12
"2024-02-22T23:03:55Z","quarto-1.5.18-macos.pkg",15
"2024-02-22T23:03:55Z","quarto-1.5.18-macos.tar.gz",16
"2024-02-22T23:03:55Z","quarto-1.5.18-win.msi",12
"2024-02-22T23:03:55Z","quarto-1.5.18-win.zip",14
"2024-02-22T23:03:55Z","quarto-1.5.18.tar.gz",12
"2024-02-22T14:46:53Z","changelog.md",42
"2024-02-22T14:46:53Z","quarto-1.5.17-checksums.txt",38
"2024-02-22T14:46:53Z","quarto-1.5.17-linux-amd64.deb",147
"2024-02-22T14:46:53Z","quarto-1.5.17-linux-amd64.tar.gz",58
"2024-02-22T14:46:53Z","quarto-1.5.17-linux-arm64.deb",35
"2024-02-22T14:46:53Z","quarto-1.5.17-linux-arm64.tar.gz",37
"2024-02-22T14:46:53Z","quarto-1.5.17-linux-rhel7-amd64.tar.gz",37
"2024-02-22T14:46:53Z","quarto-1.5.17-macos.pkg",42
"2024-02-22T14:46:53Z","quarto-1.5.17-macos.tar.gz",40
"2024-02-22T14:46:53Z","quarto-1.5.17-win.msi",41
"2024-02-22T14:46:53Z","quarto-1.5.17-win.zip",38
"2024-02-22T14:46:53Z","quarto-1.5.17.tar.gz",35
"2024-02-19T22:39:11Z","changelog.md",271
"2024-02-19T22:39:11Z","quarto-1.5.16-checksums.txt",264
"2024-02-19T22:39:11Z","quarto-1.5.16-linux-amd64.deb",783
"2024-02-19T22:39:11Z","quarto-1.5.16-linux-amd64.tar.gz",272
"2024-02-19T22:39:11Z","quarto-1.5.16-linux-arm64.deb",250
"2024-02-19T22:39:11Z","quarto-1.5.16-linux-arm64.tar.gz",248
"2024-02-19T22:39:11Z","quarto-1.5.16-linux-rhel7-amd64.tar.gz",247
"2024-02-19T22:39:11Z","quarto-1.5.16-macos.pkg",289
"2024-02-19T22:39:11Z","quarto-1.5.16-macos.tar.gz",256
"2024-02-19T22:39:11Z","quarto-1.5.16-win.msi",275
"2024-02-19T22:39:11Z","quarto-1.5.16-win.zip",270
"2024-02-19T22:39:11Z","quarto-1.5.16.tar.gz",246
"2024-02-19T21:42:00Z","changelog.md",14
"2024-02-19T21:42:00Z","quarto-1.5.15-checksums.txt",6
"2024-02-19T21:42:00Z","quarto-1.5.15-linux-amd64.deb",109
"2024-02-19T21:42:00Z","quarto-1.5.15-linux-amd64.tar.gz",31
"2024-02-19T21:42:00Z","quarto-1.5.15-linux-arm64.deb",6
"2024-02-19T21:42:00Z","quarto-1.5.15-linux-arm64.tar.gz",8
"2024-02-19T21:42:00Z","quarto-1.5.15-linux-rhel7-amd64.tar.gz",6
"2024-02-19T21:42:00Z","quarto-1.5.15-macos.pkg",10
"2024-02-19T21:42:00Z","quarto-1.5.15-macos.tar.gz",10
"2024-02-19T21:42:00Z","quarto-1.5.15-win.msi",7
"2024-02-19T21:42:00Z","quarto-1.5.15-win.zip",7
"2024-02-19T21:42:00Z","quarto-1.5.15.tar.gz",6
"2024-02-15T14:36:06Z","changelog.md",2139
"2024-02-15T14:36:06Z","quarto-1.4.550-checksums.txt",2188
"2024-02-15T14:36:06Z","quarto-1.4.550-linux-amd64.deb",169326
"2024-02-15T14:36:06Z","quarto-1.4.550-linux-amd64.tar.gz",14491
"2024-02-15T14:36:06Z","quarto-1.4.550-linux-arm64.deb",2746
"2024-02-15T14:36:06Z","quarto-1.4.550-linux-arm64.tar.gz",2488
"2024-02-15T14:36:06Z","quarto-1.4.550-linux-rhel7-amd64.tar.gz",2797
"2024-02-15T14:36:06Z","quarto-1.4.550-macos.pkg",8213
"2024-02-15T14:36:06Z","quarto-1.4.550-macos.tar.gz",2198
"2024-02-15T14:36:06Z","quarto-1.4.550-win.msi",8943
"2024-02-15T14:36:06Z","quarto-1.4.550-win.zip",3111
"2024-02-15T14:36:06Z","quarto-1.4.550.tar.gz",2128
"2024-02-14T14:53:16Z","changelog.md",495
"2024-02-14T14:53:16Z","quarto-1.5.14-checksums.txt",522
"2024-02-14T14:53:16Z","quarto-1.5.14-linux-amd64.deb",1031
"2024-02-14T14:53:16Z","quarto-1.5.14-linux-amd64.tar.gz",585
"2024-02-14T14:53:16Z","quarto-1.5.14-linux-arm64.deb",508
"2024-02-14T14:53:16Z","quarto-1.5.14-linux-arm64.tar.gz",494
"2024-02-14T14:53:16Z","quarto-1.5.14-linux-rhel7-amd64.tar.gz",490
"2024-02-14T14:53:16Z","quarto-1.5.14-macos.pkg",538
"2024-02-14T14:53:16Z","quarto-1.5.14-macos.tar.gz",503
"2024-02-14T14:53:16Z","quarto-1.5.14-win.msi",525
"2024-02-14T14:53:16Z","quarto-1.5.14-win.zip",512
"2024-02-14T14:53:16Z","quarto-1.5.14.tar.gz",490
"2024-02-13T19:23:49Z","changelog.md",88
"2024-02-13T19:23:49Z","quarto-1.5.13-checksums.txt",83
"2024-02-13T19:23:49Z","quarto-1.5.13-linux-amd64.deb",439
"2024-02-13T19:23:49Z","quarto-1.5.13-linux-amd64.tar.gz",146
"2024-02-13T19:23:49Z","quarto-1.5.13-linux-arm64.deb",118
"2024-02-13T19:23:49Z","quarto-1.5.13-linux-arm64.tar.gz",99
"2024-02-13T19:23:49Z","quarto-1.5.13-linux-rhel7-amd64.tar.gz",78
"2024-02-13T19:23:49Z","quarto-1.5.13-macos.pkg",90
"2024-02-13T19:23:49Z","quarto-1.5.13-macos.tar.gz",102
"2024-02-13T19:23:49Z","quarto-1.5.13-win.msi",85
"2024-02-13T19:23:49Z","quarto-1.5.13-win.zip",79
"2024-02-13T19:23:49Z","quarto-1.5.13.tar.gz",76
"2024-02-13T01:20:12Z","changelog.md",90
"2024-02-13T01:20:12Z","quarto-1.5.12-checksums.txt",82
"2024-02-13T01:20:12Z","quarto-1.5.12-linux-amd64.deb",185
"2024-02-13T01:20:12Z","quarto-1.5.12-linux-amd64.tar.gz",98
"2024-02-13T01:20:12Z","quarto-1.5.12-linux-arm64.deb",80
"2024-02-13T01:20:12Z","quarto-1.5.12-linux-arm64.tar.gz",80
"2024-02-13T01:20:12Z","quarto-1.5.12-linux-rhel7-amd64.tar.gz",78
"2024-02-13T01:20:12Z","quarto-1.5.12-macos.pkg",89
"2024-02-13T01:20:12Z","quarto-1.5.12-macos.tar.gz",84
"2024-02-13T01:20:12Z","quarto-1.5.12-win.msi",87
"2024-02-13T01:20:12Z","quarto-1.5.12-win.zip",83
"2024-02-13T01:20:12Z","quarto-1.5.12.tar.gz",78
"2024-02-12T22:37:58Z","changelog.md",18
"2024-02-12T22:37:58Z","quarto-1.5.11-checksums.txt",12
"2024-02-12T22:37:58Z","quarto-1.5.11-linux-amd64.deb",74
"2024-02-12T22:37:58Z","quarto-1.5.11-linux-amd64.tar.gz",23
"2024-02-12T22:37:58Z","quarto-1.5.11-linux-arm64.deb",9
"2024-02-12T22:37:58Z","quarto-1.5.11-linux-arm64.tar.gz",10
"2024-02-12T22:37:58Z","quarto-1.5.11-linux-rhel7-amd64.tar.gz",10
"2024-02-12T22:37:58Z","quarto-1.5.11-macos.pkg",12
"2024-02-12T22:37:58Z","quarto-1.5.11-macos.tar.gz",14
"2024-02-12T22:37:58Z","quarto-1.5.11-win.msi",10
"2024-02-12T22:37:58Z","quarto-1.5.11-win.zip",11
"2024-02-12T22:37:58Z","quarto-1.5.11.tar.gz",9
"2024-02-12T17:57:01Z","changelog.md",27
"2024-02-12T17:57:01Z","quarto-1.5.10-checksums.txt",21
"2024-02-12T17:57:01Z","quarto-1.5.10-linux-amd64.deb",66
"2024-02-12T17:57:01Z","quarto-1.5.10-linux-amd64.tar.gz",34
"2024-02-12T17:57:01Z","quarto-1.5.10-linux-arm64.deb",22
"2024-02-12T17:57:01Z","quarto-1.5.10-linux-arm64.tar.gz",22
"2024-02-12T17:57:01Z","quarto-1.5.10-linux-rhel7-amd64.tar.gz",21
"2024-02-12T17:57:01Z","quarto-1.5.10-macos.pkg",27
"2024-02-12T17:57:01Z","quarto-1.5.10-macos.tar.gz",24
"2024-02-12T17:57:01Z","quarto-1.5.10-win.msi",21
"2024-02-12T17:57:01Z","quarto-1.5.10-win.zip",24
"2024-02-12T17:57:01Z","quarto-1.5.10.tar.gz",22
"2024-02-05T23:14:46Z","changelog.md",658
"2024-02-05T23:14:46Z","quarto-1.5.9-checksums.txt",667
"2024-02-05T23:14:46Z","quarto-1.5.9-linux-amd64.deb",2254
"2024-02-05T23:14:46Z","quarto-1.5.9-linux-amd64.tar.gz",735
"2024-02-05T23:14:46Z","quarto-1.5.9-linux-arm64.deb",647
"2024-02-05T23:14:46Z","quarto-1.5.9-linux-arm64.tar.gz",627
"2024-02-05T23:14:46Z","quarto-1.5.9-linux-rhel7-amd64.tar.gz",628
"2024-02-05T23:14:46Z","quarto-1.5.9-macos.pkg",674
"2024-02-05T23:14:46Z","quarto-1.5.9-macos.tar.gz",659
"2024-02-05T23:14:46Z","quarto-1.5.9-win.msi",692
"2024-02-05T23:14:46Z","quarto-1.5.9-win.zip",648
"2024-02-05T23:14:46Z","quarto-1.5.9.tar.gz",1031
"2024-02-04T01:58:06Z","changelog.md",197
"2024-02-04T01:58:06Z","quarto-1.5.8-checksums.txt",191
"2024-02-04T01:58:06Z","quarto-1.5.8-linux-amd64.deb",479
"2024-02-04T01:58:06Z","quarto-1.5.8-linux-amd64.tar.gz",191
"2024-02-04T01:58:06Z","quarto-1.5.8-linux-arm64.deb",185
"2024-02-04T01:58:06Z","quarto-1.5.8-linux-arm64.tar.gz",183
"2024-02-04T01:58:06Z","quarto-1.5.8-linux-rhel7-amd64.tar.gz",181
"2024-02-04T01:58:06Z","quarto-1.5.8-macos.pkg",207
"2024-02-04T01:58:06Z","quarto-1.5.8-macos.tar.gz",195
"2024-02-04T01:58:06Z","quarto-1.5.8-win.msi",196
"2024-02-04T01:58:06Z","quarto-1.5.8-win.zip",192
"2024-02-04T01:58:06Z","quarto-1.5.8.tar.gz",593
"2024-02-02T22:39:23Z","changelog.md",120
"2024-02-02T22:39:23Z","quarto-1.5.7-checksums.txt",111
"2024-02-02T22:39:23Z","quarto-1.5.7-linux-amd64.deb",380
"2024-02-02T22:39:23Z","quarto-1.5.7-linux-amd64.tar.gz",111
"2024-02-02T22:39:23Z","quarto-1.5.7-linux-arm64.deb",105
"2024-02-02T22:39:23Z","quarto-1.5.7-linux-arm64.tar.gz",106
"2024-02-02T22:39:23Z","quarto-1.5.7-linux-rhel7-amd64.tar.gz",105
"2024-02-02T22:39:23Z","quarto-1.5.7-macos.pkg",115
"2024-02-02T22:39:23Z","quarto-1.5.7-macos.tar.gz",107
"2024-02-02T22:39:23Z","quarto-1.5.7-win.msi",114
"2024-02-02T22:39:23Z","quarto-1.5.7-win.zip",109
"2024-02-02T22:39:23Z","quarto-1.5.7.tar.gz",516
"2024-01-30T13:35:39Z","changelog.md",338
"2024-01-30T13:35:39Z","quarto-1.5.6-checksums.txt",336
"2024-01-30T13:35:39Z","quarto-1.5.6-linux-amd64.deb",1034
"2024-01-30T13:35:39Z","quarto-1.5.6-linux-amd64.tar.gz",375
"2024-01-30T13:35:39Z","quarto-1.5.6-linux-arm64.deb",325
"2024-01-30T13:35:39Z","quarto-1.5.6-linux-arm64.tar.gz",317
"2024-01-30T13:35:39Z","quarto-1.5.6-linux-rhel7-amd64.tar.gz",316
"2024-01-30T13:35:39Z","quarto-1.5.6-macos.pkg",397
"2024-01-30T13:35:39Z","quarto-1.5.6-macos.tar.gz",343
"2024-01-30T13:35:39Z","quarto-1.5.6-win.msi",368
"2024-01-30T13:35:39Z","quarto-1.5.6-win.zip",365
"2024-01-30T13:35:39Z","quarto-1.5.6.tar.gz",1201
"2024-01-29T21:32:17Z","changelog.md",74
"2024-01-29T21:32:17Z","quarto-1.5.5-checksums.txt",68
"2024-01-29T21:32:17Z","quarto-1.5.5-linux-amd64.deb",231
"2024-01-29T21:32:17Z","quarto-1.5.5-linux-amd64.tar.gz",128
"2024-01-29T21:32:17Z","quarto-1.5.5-linux-arm64.deb",66
"2024-01-29T21:32:17Z","quarto-1.5.5-linux-arm64.tar.gz",66
"2024-01-29T21:32:17Z","quarto-1.5.5-linux-rhel7-amd64.tar.gz",65
"2024-01-29T21:32:17Z","quarto-1.5.5-macos.pkg",77
"2024-01-29T21:32:17Z","quarto-1.5.5-macos.tar.gz",74
"2024-01-29T21:32:17Z","quarto-1.5.5-win.msi",73
"2024-01-29T21:32:17Z","quarto-1.5.5-win.zip",73
"2024-01-29T21:32:17Z","quarto-1.5.5.tar.gz",1913
"2024-01-25T20:13:59Z","changelog.md",387
"2024-01-25T20:13:59Z","quarto-1.5.4-checksums.txt",402
"2024-01-25T20:13:59Z","quarto-1.5.4-linux-amd64.deb",937
"2024-01-25T20:13:59Z","quarto-1.5.4-linux-amd64.tar.gz",443
"2024-01-25T20:13:59Z","quarto-1.5.4-linux-arm64.deb",412
"2024-01-25T20:13:59Z","quarto-1.5.4-linux-arm64.tar.gz",377
"2024-01-25T20:13:59Z","quarto-1.5.4-linux-rhel7-amd64.tar.gz",379
"2024-01-25T20:13:59Z","quarto-1.5.4-macos.pkg",432
"2024-01-25T20:13:59Z","quarto-1.5.4-macos.tar.gz",390
"2024-01-25T20:13:59Z","quarto-1.5.4-win.msi",430
"2024-01-25T20:13:59Z","quarto-1.5.4-win.zip",411
"2024-01-25T20:13:59Z","quarto-1.5.4.tar.gz",2874
"2024-01-25T00:13:58Z","changelog.md",85
"2024-01-25T00:13:58Z","quarto-1.5.3-checksums.txt",82
"2024-01-25T00:13:58Z","quarto-1.5.3-linux-amd64.deb",219
"2024-01-25T00:13:58Z","quarto-1.5.3-linux-amd64.tar.gz",151
"2024-01-25T00:13:58Z","quarto-1.5.3-linux-arm64.deb",82
"2024-01-25T00:13:58Z","quarto-1.5.3-linux-arm64.tar.gz",80
"2024-01-25T00:13:58Z","quarto-1.5.3-linux-rhel7-amd64.tar.gz",78
"2024-01-25T00:13:58Z","quarto-1.5.3-macos.pkg",113
"2024-01-25T00:13:58Z","quarto-1.5.3-macos.tar.gz",86
"2024-01-25T00:13:58Z","quarto-1.5.3-win.msi",103
"2024-01-25T00:13:58Z","quarto-1.5.3-win.zip",98
"2024-01-25T00:13:58Z","quarto-1.5.3.tar.gz",2605
"2024-01-24T23:38:25Z","changelog.md",11
"2024-01-24T23:38:25Z","quarto-1.5.2-checksums.txt",3
"2024-01-24T23:38:25Z","quarto-1.5.2-linux-amd64.deb",54
"2024-01-24T23:38:25Z","quarto-1.5.2-linux-amd64.tar.gz",214
"2024-01-24T23:38:25Z","quarto-1.5.2-linux-arm64.deb",5
"2024-01-24T23:38:25Z","quarto-1.5.2-linux-arm64.tar.gz",6
"2024-01-24T23:38:25Z","quarto-1.5.2-linux-rhel7-amd64.tar.gz",5
"2024-01-24T23:38:25Z","quarto-1.5.2-macos.pkg",9
"2024-01-24T23:38:25Z","quarto-1.5.2-macos.tar.gz",9
"2024-01-24T23:38:25Z","quarto-1.5.2-win.msi",5
"2024-01-24T23:38:25Z","quarto-1.5.2-win.zip",6
"2024-01-24T23:38:25Z","quarto-1.5.2.tar.gz",3008
"2024-01-24T22:06:00Z","changelog.md",17
"2024-01-24T22:06:00Z","quarto-1.5.1-checksums.txt",12
"2024-01-24T22:06:00Z","quarto-1.5.1-linux-amd64.deb",907
"2024-01-24T22:06:00Z","quarto-1.5.1-linux-amd64.tar.gz",4807
"2024-01-24T22:06:00Z","quarto-1.5.1-linux-arm64.deb",12
"2024-01-24T22:06:00Z","quarto-1.5.1-linux-arm64.tar.gz",12
"2024-01-24T22:06:00Z","quarto-1.5.1-linux-rhel7-amd64.tar.gz",10
"2024-01-24T22:06:00Z","quarto-1.5.1-macos.pkg",83
"2024-01-24T22:06:00Z","quarto-1.5.1-macos.tar.gz",14
"2024-01-24T22:06:00Z","quarto-1.5.1-win.msi",18
"2024-01-24T22:06:00Z","quarto-1.5.1-win.zip",81
"2024-01-24T22:06:00Z","quarto-1.5.1.tar.gz",2993
"2024-01-24T20:29:16Z","changelog.md",33
"2024-01-24T20:29:16Z","quarto-1.5.0-checksums.txt",7
"2024-01-24T20:29:16Z","quarto-1.5.0-linux-amd64.deb",1373
"2024-01-24T20:29:16Z","quarto-1.5.0-linux-amd64.tar.gz",3124
"2024-01-24T20:29:16Z","quarto-1.5.0-linux-arm64.deb",9
"2024-01-24T20:29:16Z","quarto-1.5.0-linux-arm64.tar.gz",11
"2024-01-24T20:29:16Z","quarto-1.5.0-linux-rhel7-amd64.tar.gz",8
"2024-01-24T20:29:16Z","quarto-1.5.0-macos.pkg",17
"2024-01-24T20:29:16Z","quarto-1.5.0-macos.tar.gz",14
"2024-01-24T20:29:16Z","quarto-1.5.0-win.msi",9
"2024-01-24T20:29:16Z","quarto-1.5.0-win.zip",11
"2024-01-24T20:29:16Z","quarto-1.5.0.tar.gz",3018
"2024-01-24T00:26:51Z","changelog.md",2147
"2024-01-24T00:26:51Z","quarto-1.4.549-checksums.txt",2171
"2024-01-24T00:26:51Z","quarto-1.4.549-linux-amd64.deb",193750
"2024-01-24T00:26:51Z","quarto-1.4.549-linux-amd64.tar.gz",70314
"2024-01-24T00:26:51Z","quarto-1.4.549-linux-arm64.deb",2797
"2024-01-24T00:26:51Z","quarto-1.4.549-linux-arm64.tar.gz",2450
"2024-01-24T00:26:51Z","quarto-1.4.549-linux-rhel7-amd64.tar.gz",16652
"2024-01-24T00:26:51Z","quarto-1.4.549-macos.pkg",9627
"2024-01-24T00:26:51Z","quarto-1.4.549-macos.tar.gz",2220
"2024-01-24T00:26:51Z","quarto-1.4.549-win.msi",10123
"2024-01-24T00:26:51Z","quarto-1.4.549-win.zip",4314
"2024-01-24T00:26:51Z","quarto-1.4.549.tar.gz",2134
"2024-01-22T23:01:04Z","changelog.md",102
"2024-01-22T23:01:04Z","quarto-1.4.548-checksums.txt",105
"2024-01-22T23:01:04Z","quarto-1.4.548-linux-amd64.deb",1890
"2024-01-22T23:01:04Z","quarto-1.4.548-linux-amd64.tar.gz",528
"2024-01-22T23:01:04Z","quarto-1.4.548-linux-arm64.deb",137
"2024-01-22T23:01:04Z","quarto-1.4.548-linux-arm64.tar.gz",106
"2024-01-22T23:01:04Z","quarto-1.4.548-linux-rhel7-amd64.tar.gz",106
"2024-01-22T23:01:04Z","quarto-1.4.548-macos.pkg",349
"2024-01-22T23:01:04Z","quarto-1.4.548-macos.tar.gz",132
"2024-01-22T23:01:04Z","quarto-1.4.548-win.msi",485
"2024-01-22T23:01:04Z","quarto-1.4.548-win.zip",142
"2024-01-22T23:01:04Z","quarto-1.4.548.tar.gz",98
"2024-01-19T23:11:35Z","changelog.md",286
"2024-01-19T23:11:35Z","quarto-1.4.547-checksums.txt",293
"2024-01-19T23:11:35Z","quarto-1.4.547-linux-amd64.deb",1170
"2024-01-19T23:11:35Z","quarto-1.4.547-linux-amd64.tar.gz",472
"2024-01-19T23:11:35Z","quarto-1.4.547-linux-arm64.deb",311
"2024-01-19T23:11:35Z","quarto-1.4.547-linux-arm64.tar.gz",279
"2024-01-19T23:11:35Z","quarto-1.4.547-linux-rhel7-amd64.tar.gz",280
"2024-01-19T23:11:35Z","quarto-1.4.547-macos.pkg",747
"2024-01-19T23:11:35Z","quarto-1.4.547-macos.tar.gz",308
"2024-01-19T23:11:35Z","quarto-1.4.547-win.msi",909
"2024-01-19T23:11:35Z","quarto-1.4.547-win.zip",298
"2024-01-19T23:11:35Z","quarto-1.4.547.tar.gz",274
"2024-01-19T14:04:58Z","changelog.md",43
"2024-01-19T14:04:58Z","quarto-1.4.546-checksums.txt",44
"2024-01-19T14:04:58Z","quarto-1.4.546-linux-amd64.deb",189
"2024-01-19T14:04:58Z","quarto-1.4.546-linux-amd64.tar.gz",1559
"2024-01-19T14:04:58Z","quarto-1.4.546-linux-arm64.deb",46
"2024-01-19T14:04:58Z","quarto-1.4.546-linux-arm64.tar.gz",43
"2024-01-19T14:04:58Z","quarto-1.4.546-linux-rhel7-amd64.tar.gz",42
"2024-01-19T14:04:58Z","quarto-1.4.546-macos.pkg",144
"2024-01-19T14:04:58Z","quarto-1.4.546-macos.tar.gz",51
"2024-01-19T14:04:58Z","quarto-1.4.546-win.msi",185
"2024-01-19T14:04:58Z","quarto-1.4.546-win.zip",52
"2024-01-19T14:04:58Z","quarto-1.4.546.tar.gz",40
"2024-01-17T17:50:25Z","changelog.md",186
"2024-01-17T17:50:25Z","quarto-1.4.545-checksums.txt",182
"2024-01-17T17:50:25Z","quarto-1.4.545-linux-amd64.deb",892
"2024-01-17T17:50:25Z","quarto-1.4.545-linux-amd64.tar.gz",206
"2024-01-17T17:50:25Z","quarto-1.4.545-linux-arm64.deb",190
"2024-01-17T17:50:25Z","quarto-1.4.545-linux-arm64.tar.gz",174
"2024-01-17T17:50:25Z","quarto-1.4.545-linux-rhel7-amd64.tar.gz",176
"2024-01-17T17:50:25Z","quarto-1.4.545-macos.pkg",705
"2024-01-17T17:50:25Z","quarto-1.4.545-macos.tar.gz",190
"2024-01-17T17:50:25Z","quarto-1.4.545-win.msi",896
"2024-01-17T17:50:25Z","quarto-1.4.545-win.zip",192
"2024-01-17T17:50:25Z","quarto-1.4.545.tar.gz",170
"2024-01-16T23:07:29Z","changelog.md",75
"2024-01-16T23:07:29Z","quarto-1.4.544-checksums.txt",75
"2024-01-16T23:07:29Z","quarto-1.4.544-linux-amd64.deb",622
"2024-01-16T23:07:29Z","quarto-1.4.544-linux-amd64.tar.gz",269
"2024-01-16T23:07:29Z","quarto-1.4.544-linux-arm64.deb",89
"2024-01-16T23:07:29Z","quarto-1.4.544-linux-arm64.tar.gz",75
"2024-01-16T23:07:29Z","quarto-1.4.544-linux-rhel7-amd64.tar.gz",76
"2024-01-16T23:07:29Z","quarto-1.4.544-macos.pkg",249
"2024-01-16T23:07:29Z","quarto-1.4.544-macos.tar.gz",92
"2024-01-16T23:07:29Z","quarto-1.4.544-win.msi",385
"2024-01-16T23:07:29Z","quarto-1.4.544-win.zip",83
"2024-01-16T23:07:29Z","quarto-1.4.544.tar.gz",73
"2024-01-15T14:07:55Z","changelog.md",136
"2024-01-15T14:07:55Z","quarto-1.4.543-checksums.txt",140
"2024-01-15T14:07:55Z","quarto-1.4.543-linux-amd64.deb",948
"2024-01-15T14:07:55Z","quarto-1.4.543-linux-amd64.tar.gz",401
"2024-01-15T14:07:55Z","quarto-1.4.543-linux-arm64.deb",175
"2024-01-15T14:07:55Z","quarto-1.4.543-linux-arm64.tar.gz",136
"2024-01-15T14:07:55Z","quarto-1.4.543-linux-rhel7-amd64.tar.gz",133
"2024-01-15T14:07:55Z","quarto-1.4.543-macos.pkg",491
"2024-01-15T14:07:55Z","quarto-1.4.543-macos.tar.gz",149
"2024-01-15T14:07:55Z","quarto-1.4.543-win.msi",661
"2024-01-15T14:07:55Z","quarto-1.4.543-win.zip",141
"2024-01-15T14:07:55Z","quarto-1.4.543.tar.gz",130
"2024-01-11T20:32:17Z","changelog.md",359
"2024-01-11T20:32:17Z","quarto-1.4.542-checksums.txt",364
"2024-01-11T20:32:17Z","quarto-1.4.542-linux-amd64.deb",2622
"2024-01-11T20:32:17Z","quarto-1.4.542-linux-amd64.tar.gz",445
"2024-01-11T20:32:17Z","quarto-1.4.542-linux-arm64.deb",366
"2024-01-11T20:32:17Z","quarto-1.4.542-linux-arm64.tar.gz",347
"2024-01-11T20:32:17Z","quarto-1.4.542-linux-rhel7-amd64.tar.gz",346
"2024-01-11T20:32:17Z","quarto-1.4.542-macos.pkg",946
"2024-01-11T20:32:17Z","quarto-1.4.542-macos.tar.gz",357
"2024-01-11T20:32:17Z","quarto-1.4.542-win.msi",1281
"2024-01-11T20:32:17Z","quarto-1.4.542-win.zip",390
"2024-01-11T20:32:17Z","quarto-1.4.542.tar.gz",341
"2024-01-11T14:32:17Z","changelog.md",41
"2024-01-11T14:32:17Z","quarto-1.4.541-checksums.txt",26
"2024-01-11T14:32:17Z","quarto-1.4.541-linux-amd64.deb",156
"2024-01-11T14:32:17Z","quarto-1.4.541-linux-amd64.tar.gz",59
"2024-01-11T14:32:17Z","quarto-1.4.541-linux-arm64.deb",35
"2024-01-11T14:32:17Z","quarto-1.4.541-linux-arm64.tar.gz",28
"2024-01-11T14:32:17Z","quarto-1.4.541-linux-rhel7-amd64.tar.gz",30
"2024-01-11T14:32:17Z","quarto-1.4.541-macos.pkg",176
"2024-01-11T14:32:17Z","quarto-1.4.541-macos.tar.gz",37
"2024-01-11T14:32:17Z","quarto-1.4.541-win.msi",212
"2024-01-11T14:32:17Z","quarto-1.4.541-win.zip",45
"2024-01-11T14:32:17Z","quarto-1.4.541.tar.gz",28
"2024-01-10T16:31:41Z","changelog.md",90
"2024-01-10T16:31:41Z","quarto-1.4.540-checksums.txt",92
"2024-01-10T16:31:41Z","quarto-1.4.540-linux-amd64.deb",724
"2024-01-10T16:31:41Z","quarto-1.4.540-linux-amd64.tar.gz",619
"2024-01-10T16:31:41Z","quarto-1.4.540-linux-arm64.deb",91
"2024-01-10T16:31:41Z","quarto-1.4.540-linux-arm64.tar.gz",90
"2024-01-10T16:31:41Z","quarto-1.4.540-linux-rhel7-amd64.tar.gz",89
"2024-01-10T16:31:41Z","quarto-1.4.540-macos.pkg",337
"2024-01-10T16:31:41Z","quarto-1.4.540-macos.tar.gz",110
"2024-01-10T16:31:41Z","quarto-1.4.540-win.msi",465
"2024-01-10T16:31:41Z","quarto-1.4.540-win.zip",118
"2024-01-10T16:31:41Z","quarto-1.4.540.tar.gz",86
"2024-01-10T13:34:36Z","changelog.md",18
"2024-01-10T13:34:36Z","quarto-1.4.539-checksums.txt",14
"2024-01-10T13:34:36Z","quarto-1.4.539-linux-amd64.deb",130
"2024-01-10T13:34:36Z","quarto-1.4.539-linux-amd64.tar.gz",27
"2024-01-10T13:34:36Z","quarto-1.4.539-linux-arm64.deb",17
"2024-01-10T13:34:36Z","quarto-1.4.539-linux-arm64.tar.gz",18
"2024-01-10T13:34:36Z","quarto-1.4.539-linux-rhel7-amd64.tar.gz",16
"2024-01-10T13:34:36Z","quarto-1.4.539-macos.pkg",45
"2024-01-10T13:34:36Z","quarto-1.4.539-macos.tar.gz",24
"2024-01-10T13:34:36Z","quarto-1.4.539-win.msi",85
"2024-01-10T13:34:36Z","quarto-1.4.539-win.zip",20
"2024-01-10T13:34:36Z","quarto-1.4.539.tar.gz",16
"2024-01-09T23:59:30Z","changelog.md",58
"2024-01-09T23:59:30Z","quarto-1.4.538-checksums.txt",53
"2024-01-09T23:59:30Z","quarto-1.4.538-linux-amd64.deb",218
"2024-01-09T23:59:30Z","quarto-1.4.538-linux-amd64.tar.gz",72
"2024-01-09T23:59:30Z","quarto-1.4.538-linux-arm64.deb",60
"2024-01-09T23:59:30Z","quarto-1.4.538-linux-arm64.tar.gz",57
"2024-01-09T23:59:30Z","quarto-1.4.538-linux-rhel7-amd64.tar.gz",58
"2024-01-09T23:59:30Z","quarto-1.4.538-macos.pkg",169
"2024-01-09T23:59:30Z","quarto-1.4.538-macos.tar.gz",68
"2024-01-09T23:59:30Z","quarto-1.4.538-win.msi",287
"2024-01-09T23:59:30Z","quarto-1.4.538-win.zip",67
"2024-01-09T23:59:30Z","quarto-1.4.538.tar.gz",55
"2024-01-07T01:33:56Z","changelog.md",290
"2024-01-07T01:33:56Z","quarto-1.4.537-checksums.txt",297
"2024-01-07T01:33:56Z","quarto-1.4.537-linux-amd64.deb",1545
"2024-01-07T01:33:56Z","quarto-1.4.537-linux-amd64.tar.gz",436
"2024-01-07T01:33:56Z","quarto-1.4.537-linux-arm64.deb",320
"2024-01-07T01:33:56Z","quarto-1.4.537-linux-arm64.tar.gz",276
"2024-01-07T01:33:56Z","quarto-1.4.537-linux-rhel7-amd64.tar.gz",288
"2024-01-07T01:33:56Z","quarto-1.4.537-macos.pkg",991
"2024-01-07T01:33:56Z","quarto-1.4.537-macos.tar.gz",299
"2024-01-07T01:33:56Z","quarto-1.4.537-win.msi",1335
"2024-01-07T01:33:56Z","quarto-1.4.537-win.zip",340
"2024-01-07T01:33:56Z","quarto-1.4.537.tar.gz",274
"2024-01-06T00:54:18Z","changelog.md",105
"2024-01-06T00:54:18Z","quarto-1.4.536-checksums.txt",103
"2024-01-06T00:54:18Z","quarto-1.4.536-linux-amd64.deb",250
"2024-01-06T00:54:18Z","quarto-1.4.536-linux-amd64.tar.gz",120
"2024-01-06T00:54:18Z","quarto-1.4.536-linux-arm64.deb",100
"2024-01-06T00:54:18Z","quarto-1.4.536-linux-arm64.tar.gz",98
"2024-01-06T00:54:18Z","quarto-1.4.536-linux-rhel7-amd64.tar.gz",96
"2024-01-06T00:54:18Z","quarto-1.4.536-macos.pkg",240
"2024-01-06T00:54:18Z","quarto-1.4.536-macos.tar.gz",107
"2024-01-06T00:54:18Z","quarto-1.4.536-win.msi",265
"2024-01-06T00:54:18Z","quarto-1.4.536-win.zip",98
"2024-01-06T00:54:18Z","quarto-1.4.536.tar.gz",96
"2024-01-05T23:41:07Z","changelog.md",8
"2024-01-05T23:41:07Z","quarto-1.4.535-checksums.txt",4
"2024-01-05T23:41:07Z","quarto-1.4.535-linux-amd64.deb",14
"2024-01-05T23:41:07Z","quarto-1.4.535-linux-amd64.tar.gz",16
"2024-01-05T23:41:07Z","quarto-1.4.535-linux-arm64.deb",5
"2024-01-05T23:41:07Z","quarto-1.4.535-linux-arm64.tar.gz",7
"2024-01-05T23:41:07Z","quarto-1.4.535-linux-rhel7-amd64.tar.gz",5
"2024-01-05T23:41:07Z","quarto-1.4.535-macos.pkg",11
"2024-01-05T23:41:07Z","quarto-1.4.535-macos.tar.gz",11
"2024-01-05T23:41:07Z","quarto-1.4.535-win.msi",7
"2024-01-05T23:41:07Z","quarto-1.4.535-win.zip",5
"2024-01-05T23:41:07Z","quarto-1.4.535.tar.gz",5
"2024-01-03T14:13:46Z","changelog.md",239
"2024-01-03T14:13:46Z","quarto-1.4.534-checksums.txt",238
"2024-01-03T14:13:46Z","quarto-1.4.534-linux-amd64.deb",677
"2024-01-03T14:13:46Z","quarto-1.4.534-linux-amd64.tar.gz",507
"2024-01-03T14:13:46Z","quarto-1.4.534-linux-arm64.deb",254
"2024-01-03T14:13:46Z","quarto-1.4.534-linux-arm64.tar.gz",233
"2024-01-03T14:13:46Z","quarto-1.4.534-linux-rhel7-amd64.tar.gz",224
"2024-01-03T14:13:46Z","quarto-1.4.534-macos.pkg",296
"2024-01-03T14:13:46Z","quarto-1.4.534-macos.tar.gz",264
"2024-01-03T14:13:46Z","quarto-1.4.534-win.msi",300
"2024-01-03T14:13:46Z","quarto-1.4.534-win.zip",242
"2024-01-03T14:13:46Z","quarto-1.4.534.tar.gz",225
"2023-12-20T23:14:13Z","changelog.md",1303
"2023-12-20T23:14:13Z","quarto-1.4.533-checksums.txt",1275
"2023-12-20T23:14:13Z","quarto-1.4.533-linux-amd64.deb",5096
"2023-12-20T23:14:13Z","quarto-1.4.533-linux-amd64.tar.gz",5789
"2023-12-20T23:14:13Z","quarto-1.4.533-linux-arm64.deb",1277
"2023-12-20T23:14:13Z","quarto-1.4.533-linux-arm64.tar.gz",1255
"2023-12-20T23:14:13Z","quarto-1.4.533-linux-rhel7-amd64.tar.gz",2567
"2023-12-20T23:14:13Z","quarto-1.4.533-macos.pkg",1460
"2023-12-20T23:14:13Z","quarto-1.4.533-macos.tar.gz",1287
"2023-12-20T23:14:13Z","quarto-1.4.533-win.msi",1520
"2023-12-20T23:14:13Z","quarto-1.4.533-win.zip",1315
"2023-12-20T23:14:13Z","quarto-1.4.533.tar.gz",1250
"2023-12-20T14:57:55Z","changelog.md",44
"2023-12-20T14:57:55Z","quarto-1.4.532-checksums.txt",39
"2023-12-20T14:57:55Z","quarto-1.4.532-linux-amd64.deb",265
"2023-12-20T14:57:55Z","quarto-1.4.532-linux-amd64.tar.gz",75
"2023-12-20T14:57:55Z","quarto-1.4.532-linux-arm64.deb",38
"2023-12-20T14:57:55Z","quarto-1.4.532-linux-arm64.tar.gz",38
"2023-12-20T14:57:55Z","quarto-1.4.532-linux-rhel7-amd64.tar.gz",37
"2023-12-20T14:57:55Z","quarto-1.4.532-macos.pkg",53
"2023-12-20T14:57:55Z","quarto-1.4.532-macos.tar.gz",45
"2023-12-20T14:57:55Z","quarto-1.4.532-win.msi",53
"2023-12-20T14:57:55Z","quarto-1.4.532-win.zip",39
"2023-12-20T14:57:55Z","quarto-1.4.532.tar.gz",36
"2023-12-20T01:34:35Z","changelog.md",65
"2023-12-20T01:34:35Z","quarto-1.4.531-checksums.txt",62
"2023-12-20T01:34:35Z","quarto-1.4.531-linux-amd64.deb",138
"2023-12-20T01:34:35Z","quarto-1.4.531-linux-amd64.tar.gz",384
"2023-12-20T01:34:35Z","quarto-1.4.531-linux-arm64.deb",62
"2023-12-20T01:34:35Z","quarto-1.4.531-linux-arm64.tar.gz",61
"2023-12-20T01:34:35Z","quarto-1.4.531-linux-rhel7-amd64.tar.gz",59
"2023-12-20T01:34:35Z","quarto-1.4.531-macos.pkg",79
"2023-12-20T01:34:35Z","quarto-1.4.531-macos.tar.gz",68
"2023-12-20T01:34:35Z","quarto-1.4.531-win.msi",85
"2023-12-20T01:34:35Z","quarto-1.4.531-win.zip",67
"2023-12-20T01:34:35Z","quarto-1.4.531.tar.gz",58
"2023-12-19T14:13:39Z","changelog.md",48
"2023-12-19T14:13:39Z","quarto-1.4.530-checksums.txt",44
"2023-12-19T14:13:39Z","quarto-1.4.530-linux-amd64.deb",134
"2023-12-19T14:13:39Z","quarto-1.4.530-linux-amd64.tar.gz",64
"2023-12-19T14:13:39Z","quarto-1.4.530-linux-arm64.deb",42
"2023-12-19T14:13:39Z","quarto-1.4.530-linux-arm64.tar.gz",41
"2023-12-19T14:13:39Z","quarto-1.4.530-linux-rhel7-amd64.tar.gz",43
"2023-12-19T14:13:39Z","quarto-1.4.530-macos.pkg",66
"2023-12-19T14:13:39Z","quarto-1.4.530-macos.tar.gz",62
"2023-12-19T14:13:39Z","quarto-1.4.530-win.msi",58
"2023-12-19T14:13:39Z","quarto-1.4.530-win.zip",46
"2023-12-19T14:13:39Z","quarto-1.4.530.tar.gz",40
"2023-12-18T22:35:57Z","changelog.md",73
"2023-12-18T22:35:57Z","quarto-1.4.529-checksums.txt",72
"2023-12-18T22:35:57Z","quarto-1.4.529-linux-amd64.deb",263
"2023-12-18T22:35:57Z","quarto-1.4.529-linux-amd64.tar.gz",166
"2023-12-18T22:35:57Z","quarto-1.4.529-linux-arm64.deb",82
"2023-12-18T22:35:57Z","quarto-1.4.529-linux-arm64.tar.gz",67
"2023-12-18T22:35:57Z","quarto-1.4.529-linux-rhel7-amd64.tar.gz",69
"2023-12-18T22:35:57Z","quarto-1.4.529-macos.pkg",80
"2023-12-18T22:35:57Z","quarto-1.4.529-macos.tar.gz",80
"2023-12-18T22:35:57Z","quarto-1.4.529-win.msi",101
"2023-12-18T22:35:57Z","quarto-1.4.529-win.zip",71
"2023-12-18T22:35:57Z","quarto-1.4.529.tar.gz",66
"2023-12-14T20:17:23Z","changelog.md",296
"2023-12-14T20:17:23Z","quarto-1.4.528-checksums.txt",286
"2023-12-14T20:17:23Z","quarto-1.4.528-linux-amd64.deb",1128
"2023-12-14T20:17:23Z","quarto-1.4.528-linux-amd64.tar.gz",331
"2023-12-14T20:17:23Z","quarto-1.4.528-linux-arm64.deb",273
"2023-12-14T20:17:23Z","quarto-1.4.528-linux-arm64.tar.gz",270
"2023-12-14T20:17:23Z","quarto-1.4.528-linux-rhel7-amd64.tar.gz",270
"2023-12-14T20:17:23Z","quarto-1.4.528-macos.pkg",336
"2023-12-14T20:17:23Z","quarto-1.4.528-macos.tar.gz",277
"2023-12-14T20:17:23Z","quarto-1.4.528-win.msi",355
"2023-12-14T20:17:23Z","quarto-1.4.528-win.zip",294
"2023-12-14T20:17:23Z","quarto-1.4.528.tar.gz",267
"2023-12-14T01:12:55Z","changelog.md",99
"2023-12-14T01:12:55Z","quarto-1.4.527-checksums.txt",82
"2023-12-14T01:12:55Z","quarto-1.4.527-linux-amd64.deb",595
"2023-12-14T01:12:55Z","quarto-1.4.527-linux-amd64.tar.gz",110
"2023-12-14T01:12:55Z","quarto-1.4.527-linux-arm64.deb",88
"2023-12-14T01:12:55Z","quarto-1.4.527-linux-arm64.tar.gz",79
"2023-12-14T01:12:55Z","quarto-1.4.527-linux-rhel7-amd64.tar.gz",80
"2023-12-14T01:12:55Z","quarto-1.4.527-macos.pkg",133
"2023-12-14T01:12:55Z","quarto-1.4.527-macos.tar.gz",89
"2023-12-14T01:12:55Z","quarto-1.4.527-win.msi",119
"2023-12-14T01:12:55Z","quarto-1.4.527-win.zip",88
"2023-12-14T01:12:55Z","quarto-1.4.527.tar.gz",77
"2023-12-11T20:50:03Z","changelog.md",212
"2023-12-11T20:50:03Z","quarto-1.4.526-checksums.txt",213
"2023-12-11T20:50:03Z","quarto-1.4.526-linux-amd64.deb",674
"2023-12-11T20:50:03Z","quarto-1.4.526-linux-amd64.tar.gz",343
"2023-12-11T20:50:03Z","quarto-1.4.526-linux-arm64.deb",219
"2023-12-11T20:50:03Z","quarto-1.4.526-linux-arm64.tar.gz",218
"2023-12-11T20:50:03Z","quarto-1.4.526-linux-rhel7-amd64.tar.gz",201
"2023-12-11T20:50:03Z","quarto-1.4.526-macos.pkg",282
"2023-12-11T20:50:03Z","quarto-1.4.526-macos.tar.gz",215
"2023-12-11T20:50:03Z","quarto-1.4.526-win.msi",302
"2023-12-11T20:50:03Z","quarto-1.4.526-win.zip",230
"2023-12-11T20:50:03Z","quarto-1.4.526.tar.gz",200
"2023-12-08T21:59:01Z","changelog.md",286
"2023-12-08T21:59:01Z","quarto-1.4.525-checksums.txt",293
"2023-12-08T21:59:01Z","quarto-1.4.525-linux-amd64.deb",537
"2023-12-08T21:59:01Z","quarto-1.4.525-linux-amd64.tar.gz",335
"2023-12-08T21:59:01Z","quarto-1.4.525-linux-arm64.deb",280
"2023-12-08T21:59:01Z","quarto-1.4.525-linux-arm64.tar.gz",275
"2023-12-08T21:59:01Z","quarto-1.4.525-linux-rhel7-amd64.tar.gz",274
"2023-12-08T21:59:01Z","quarto-1.4.525-macos.pkg",314
"2023-12-08T21:59:01Z","quarto-1.4.525-macos.tar.gz",290
"2023-12-08T21:59:01Z","quarto-1.4.525-win.msi",332
"2023-12-08T21:59:01Z","quarto-1.4.525-win.zip",296
"2023-12-08T21:59:01Z","quarto-1.4.525.tar.gz",272
"2023-12-08T21:23:45Z","changelog.md",6
"2023-12-08T21:23:45Z","quarto-1.4.524-checksums.txt",4
"2023-12-08T21:23:45Z","quarto-1.4.524-linux-amd64.deb",8
"2023-12-08T21:23:45Z","quarto-1.4.524-linux-amd64.tar.gz",9
"2023-12-08T21:23:45Z","quarto-1.4.524-linux-arm64.deb",6
"2023-12-08T21:23:45Z","quarto-1.4.524-linux-arm64.tar.gz",6
"2023-12-08T21:23:45Z","quarto-1.4.524-linux-rhel7-amd64.tar.gz",5
"2023-12-08T21:23:45Z","quarto-1.4.524-macos.pkg",6
"2023-12-08T21:23:45Z","quarto-1.4.524-macos.tar.gz",10
"2023-12-08T21:23:45Z","quarto-1.4.524-win.msi",5
"2023-12-08T21:23:45Z","quarto-1.4.524-win.zip",6
"2023-12-08T21:23:45Z","quarto-1.4.524.tar.gz",5
"2023-12-08T01:28:05Z","changelog.md",82
"2023-12-08T01:28:05Z","quarto-1.4.523-checksums.txt",83
"2023-12-08T01:28:05Z","quarto-1.4.523-linux-amd64.deb",328
"2023-12-08T01:28:05Z","quarto-1.4.523-linux-amd64.tar.gz",131
"2023-12-08T01:28:05Z","quarto-1.4.523-linux-arm64.deb",84
"2023-12-08T01:28:05Z","quarto-1.4.523-linux-arm64.tar.gz",81
"2023-12-08T01:28:05Z","quarto-1.4.523-linux-rhel7-amd64.tar.gz",81
"2023-12-08T01:28:05Z","quarto-1.4.523-macos.pkg",158
"2023-12-08T01:28:05Z","quarto-1.4.523-macos.tar.gz",86
"2023-12-08T01:28:05Z","quarto-1.4.523-win.msi",183
"2023-12-08T01:28:05Z","quarto-1.4.523-win.zip",103
"2023-12-08T01:28:05Z","quarto-1.4.523.tar.gz",80
"2023-12-08T00:47:18Z","changelog.md",8
"2023-12-08T00:47:18Z","quarto-1.4.522-checksums.txt",7
"2023-12-08T00:47:18Z","quarto-1.4.522-linux-amd64.deb",25
"2023-12-08T00:47:18Z","quarto-1.4.522-linux-amd64.tar.gz",20
"2023-12-08T00:47:18Z","quarto-1.4.522-linux-arm64.deb",7
"2023-12-08T00:47:18Z","quarto-1.4.522-linux-arm64.tar.gz",8
"2023-12-08T00:47:18Z","quarto-1.4.522-linux-rhel7-amd64.tar.gz",7
"2023-12-08T00:47:18Z","quarto-1.4.522-macos.pkg",11
"2023-12-08T00:47:18Z","quarto-1.4.522-macos.tar.gz",14
"2023-12-08T00:47:18Z","quarto-1.4.522-win.msi",10
"2023-12-08T00:47:18Z","quarto-1.4.522-win.zip",10
"2023-12-08T00:47:18Z","quarto-1.4.522.tar.gz",7
"2023-12-06T14:13:00Z","changelog.md",147
"2023-12-06T14:13:00Z","quarto-1.4.521-checksums.txt",146
"2023-12-06T14:13:00Z","quarto-1.4.521-linux-amd64.deb",480
"2023-12-06T14:13:00Z","quarto-1.4.521-linux-amd64.tar.gz",162
"2023-12-06T14:13:00Z","quarto-1.4.521-linux-arm64.deb",144
"2023-12-06T14:13:00Z","quarto-1.4.521-linux-arm64.tar.gz",143
"2023-12-06T14:13:00Z","quarto-1.4.521-linux-rhel7-amd64.tar.gz",135
"2023-12-06T14:13:00Z","quarto-1.4.521-macos.pkg",184
"2023-12-06T14:13:00Z","quarto-1.4.521-macos.tar.gz",143
"2023-12-06T14:13:00Z","quarto-1.4.521-win.msi",193
"2023-12-06T14:13:00Z","quarto-1.4.521-win.zip",152
"2023-12-06T14:13:00Z","quarto-1.4.521.tar.gz",134
"2023-12-05T22:27:54Z","changelog.md",73
"2023-12-05T22:27:54Z","quarto-1.4.520-checksums.txt",65
"2023-12-05T22:27:54Z","quarto-1.4.520-linux-amd64.deb",229
"2023-12-05T22:27:54Z","quarto-1.4.520-linux-amd64.tar.gz",82
"2023-12-05T22:27:54Z","quarto-1.4.520-linux-arm64.deb",65
"2023-12-05T22:27:54Z","quarto-1.4.520-linux-arm64.tar.gz",62
"2023-12-05T22:27:54Z","quarto-1.4.520-linux-rhel7-amd64.tar.gz",63
"2023-12-05T22:27:54Z","quarto-1.4.520-macos.pkg",78
"2023-12-05T22:27:54Z","quarto-1.4.520-macos.tar.gz",73
"2023-12-05T22:27:54Z","quarto-1.4.520-win.msi",86
"2023-12-05T22:27:54Z","quarto-1.4.520-win.zip",76
"2023-12-05T22:27:54Z","quarto-1.4.520.tar.gz",61
"2023-12-05T18:53:02Z","changelog.md",15
"2023-12-05T18:53:02Z","quarto-1.4.519-checksums.txt",15
"2023-12-05T18:53:02Z","quarto-1.4.519-linux-amd64.deb",44
"2023-12-05T18:53:02Z","quarto-1.4.519-linux-amd64.tar.gz",19
"2023-12-05T18:53:02Z","quarto-1.4.519-linux-arm64.deb",16
"2023-12-05T18:53:02Z","quarto-1.4.519-linux-arm64.tar.gz",17
"2023-12-05T18:53:02Z","quarto-1.4.519-linux-rhel7-amd64.tar.gz",15
"2023-12-05T18:53:02Z","quarto-1.4.519-macos.pkg",29
"2023-12-05T18:53:02Z","quarto-1.4.519-macos.tar.gz",23
"2023-12-05T18:53:02Z","quarto-1.4.519-win.msi",18
"2023-12-05T18:53:02Z","quarto-1.4.519-win.zip",16
"2023-12-05T18:53:02Z","quarto-1.4.519.tar.gz",15
"2023-12-05T13:14:18Z","changelog.md",26
"2023-12-05T13:14:18Z","quarto-1.4.518-checksums.txt",26
"2023-12-05T13:14:18Z","quarto-1.4.518-linux-amd64.deb",99
"2023-12-05T13:14:18Z","quarto-1.4.518-linux-amd64.tar.gz",36
"2023-12-05T13:14:18Z","quarto-1.4.518-linux-arm64.deb",31
"2023-12-05T13:14:18Z","quarto-1.4.518-linux-arm64.tar.gz",32
"2023-12-05T13:14:18Z","quarto-1.4.518-linux-rhel7-amd64.tar.gz",25
"2023-12-05T13:14:18Z","quarto-1.4.518-macos.pkg",36
"2023-12-05T13:14:18Z","quarto-1.4.518-macos.tar.gz",33
"2023-12-05T13:14:18Z","quarto-1.4.518-win.msi",41
"2023-12-05T13:14:18Z","quarto-1.4.518-win.zip",34
"2023-12-05T13:14:18Z","quarto-1.4.518.tar.gz",25
"2023-12-04T22:06:33Z","changelog.md",66
"2023-12-04T22:06:33Z","quarto-1.4.517-checksums.txt",63
"2023-12-04T22:06:33Z","quarto-1.4.517-linux-amd64.deb",158
"2023-12-04T22:06:33Z","quarto-1.4.517-linux-amd64.tar.gz",68
"2023-12-04T22:06:33Z","quarto-1.4.517-linux-arm64.deb",62
"2023-12-04T22:06:33Z","quarto-1.4.517-linux-arm64.tar.gz",59
"2023-12-04T22:06:33Z","quarto-1.4.517-linux-rhel7-amd64.tar.gz",61
"2023-12-04T22:06:33Z","quarto-1.4.517-macos.pkg",86
"2023-12-04T22:06:33Z","quarto-1.4.517-macos.tar.gz",68
"2023-12-04T22:06:33Z","quarto-1.4.517-win.msi",76
"2023-12-04T22:06:33Z","quarto-1.4.517-win.zip",62
"2023-12-04T22:06:33Z","quarto-1.4.517.tar.gz",58
"2023-12-04T19:53:58Z","changelog.md",13
"2023-12-04T19:53:58Z","quarto-1.4.516-checksums.txt",12
"2023-12-04T19:53:58Z","quarto-1.4.516-linux-amd64.deb",35
"2023-12-04T19:53:58Z","quarto-1.4.516-linux-amd64.tar.gz",16
"2023-12-04T19:53:58Z","quarto-1.4.516-linux-arm64.deb",13
"2023-12-04T19:53:58Z","quarto-1.4.516-linux-arm64.tar.gz",13
"2023-12-04T19:53:58Z","quarto-1.4.516-linux-rhel7-amd64.tar.gz",12
"2023-12-04T19:53:58Z","quarto-1.4.516-macos.pkg",17
"2023-12-04T19:53:58Z","quarto-1.4.516-macos.tar.gz",19
"2023-12-04T19:53:58Z","quarto-1.4.516-win.msi",14
"2023-12-04T19:53:58Z","quarto-1.4.516-win.zip",14
"2023-12-04T19:53:58Z","quarto-1.4.516.tar.gz",12
"2023-11-30T21:03:50Z","changelog.md",389
"2023-11-30T21:03:50Z","quarto-1.4.515-checksums.txt",382
"2023-11-30T21:03:50Z","quarto-1.4.515-linux-amd64.deb",9894
"2023-11-30T21:03:50Z","quarto-1.4.515-linux-amd64.tar.gz",495
"2023-11-30T21:03:50Z","quarto-1.4.515-linux-arm64.deb",480
"2023-11-30T21:03:50Z","quarto-1.4.515-linux-arm64.tar.gz",375
"2023-11-30T21:03:50Z","quarto-1.4.515-linux-rhel7-amd64.tar.gz",368
"2023-11-30T21:03:50Z","quarto-1.4.515-macos.pkg",508
"2023-11-30T21:03:50Z","quarto-1.4.515-macos.tar.gz",399
"2023-11-30T21:03:50Z","quarto-1.4.515-win.msi",456
"2023-11-30T21:03:50Z","quarto-1.4.515-win.zip",425
"2023-11-30T21:03:50Z","quarto-1.4.515.tar.gz",365
"2023-11-29T13:30:38Z","changelog.md",131
"2023-11-29T13:30:38Z","quarto-1.4.514-checksums.txt",136
"2023-11-29T13:30:38Z","quarto-1.4.514-linux-amd64.deb",397
"2023-11-29T13:30:38Z","quarto-1.4.514-linux-amd64.tar.gz",163
"2023-11-29T13:30:38Z","quarto-1.4.514-linux-arm64.deb",127
"2023-11-29T13:30:38Z","quarto-1.4.514-linux-arm64.tar.gz",125
"2023-11-29T13:30:38Z","quarto-1.4.514-linux-rhel7-amd64.tar.gz",124
"2023-11-29T13:30:38Z","quarto-1.4.514-macos.pkg",180
"2023-11-29T13:30:38Z","quarto-1.4.514-macos.tar.gz",145
"2023-11-29T13:30:38Z","quarto-1.4.514-win.msi",189
"2023-11-29T13:30:38Z","quarto-1.4.514-win.zip",142
"2023-11-29T13:30:38Z","quarto-1.4.514.tar.gz",124
"2023-11-27T18:14:53Z","changelog.md",187
"2023-11-27T18:14:53Z","quarto-1.4.513-checksums.txt",180
"2023-11-27T18:14:53Z","quarto-1.4.513-linux-amd64.deb",535
"2023-11-27T18:14:53Z","quarto-1.4.513-linux-amd64.tar.gz",208
"2023-11-27T18:14:53Z","quarto-1.4.513-linux-arm64.deb",172
"2023-11-27T18:14:53Z","quarto-1.4.513-linux-arm64.tar.gz",169
"2023-11-27T18:14:53Z","quarto-1.4.513-linux-rhel7-amd64.tar.gz",172
"2023-11-27T18:14:53Z","quarto-1.4.513-macos.pkg",224
"2023-11-27T18:14:53Z","quarto-1.4.513-macos.tar.gz",185
"2023-11-27T18:14:53Z","quarto-1.4.513-win.msi",216
"2023-11-27T18:14:53Z","quarto-1.4.513-win.zip",174
"2023-11-27T18:14:53Z","quarto-1.4.513.tar.gz",167
"2023-11-27T16:00:41Z","changelog.md",16
"2023-11-27T16:00:41Z","quarto-1.4.512-checksums.txt",12
"2023-11-27T16:00:41Z","quarto-1.4.512-linux-amd64.deb",117
"2023-11-27T16:00:41Z","quarto-1.4.512-linux-amd64.tar.gz",17
"2023-11-27T16:00:41Z","quarto-1.4.512-linux-arm64.deb",14
"2023-11-27T16:00:41Z","quarto-1.4.512-linux-arm64.tar.gz",14
"2023-11-27T16:00:41Z","quarto-1.4.512-linux-rhel7-amd64.tar.gz",14
"2023-11-27T16:00:41Z","quarto-1.4.512-macos.pkg",17
"2023-11-27T16:00:41Z","quarto-1.4.512-macos.tar.gz",18
"2023-11-27T16:00:41Z","quarto-1.4.512-win.msi",19
"2023-11-27T16:00:41Z","quarto-1.4.512-win.zip",14
"2023-11-27T16:00:41Z","quarto-1.4.512.tar.gz",13
"2023-11-27T15:45:42Z","changelog.md",5
"2023-11-27T15:45:42Z","quarto-1.4.511-checksums.txt",3
"2023-11-27T15:45:42Z","quarto-1.4.511-linux-amd64.deb",12
"2023-11-27T15:45:42Z","quarto-1.4.511-linux-amd64.tar.gz",9
"2023-11-27T15:45:42Z","quarto-1.4.511-linux-arm64.deb",4
"2023-11-27T15:45:42Z","quarto-1.4.511-linux-arm64.tar.gz",5
"2023-11-27T15:45:42Z","quarto-1.4.511-linux-rhel7-amd64.tar.gz",4
"2023-11-27T15:45:42Z","quarto-1.4.511-macos.pkg",7
"2023-11-27T15:45:42Z","quarto-1.4.511-macos.tar.gz",10
"2023-11-27T15:45:42Z","quarto-1.4.511-win.msi",4
"2023-11-27T15:45:42Z","quarto-1.4.511-win.zip",4
"2023-11-27T15:45:42Z","quarto-1.4.511.tar.gz",4
"2023-11-21T18:25:33Z","changelog.md",561
"2023-11-21T18:25:33Z","quarto-1.4.510-checksums.txt",575
"2023-11-21T18:25:33Z","quarto-1.4.510-linux-amd64.deb",1166
"2023-11-21T18:25:33Z","quarto-1.4.510-linux-amd64.tar.gz",575
"2023-11-21T18:25:33Z","quarto-1.4.510-linux-arm64.deb",546
"2023-11-21T18:25:33Z","quarto-1.4.510-linux-arm64.tar.gz",555
"2023-11-21T18:25:33Z","quarto-1.4.510-linux-rhel7-amd64.tar.gz",541
"2023-11-21T18:25:33Z","quarto-1.4.510-macos.pkg",664
"2023-11-21T18:25:33Z","quarto-1.4.510-macos.tar.gz",550
"2023-11-21T18:25:33Z","quarto-1.4.510-win.msi",653
"2023-11-21T18:25:33Z","quarto-1.4.510-win.zip",579
"2023-11-21T18:25:33Z","quarto-1.4.510.tar.gz",539
"2023-11-21T17:23:09Z","changelog.md",10
"2023-11-21T17:23:09Z","quarto-1.4.509-checksums.txt",8
"2023-11-21T17:23:09Z","quarto-1.4.509-linux-amd64.deb",26
"2023-11-21T17:23:09Z","quarto-1.4.509-linux-amd64.tar.gz",11
"2023-11-21T17:23:09Z","quarto-1.4.509-linux-arm64.deb",9
"2023-11-21T17:23:09Z","quarto-1.4.509-linux-arm64.tar.gz",9
"2023-11-21T17:23:09Z","quarto-1.4.509-linux-rhel7-amd64.tar.gz",8
"2023-11-21T17:23:09Z","quarto-1.4.509-macos.pkg",16
"2023-11-21T17:23:09Z","quarto-1.4.509-macos.tar.gz",13
"2023-11-21T17:23:09Z","quarto-1.4.509-win.msi",9
"2023-11-21T17:23:09Z","quarto-1.4.509-win.zip",9
"2023-11-21T17:23:09Z","quarto-1.4.509.tar.gz",8
"2023-11-21T15:31:17Z","changelog.md",11
"2023-11-21T15:31:17Z","quarto-1.4.508-checksums.txt",10
"2023-11-21T15:31:17Z","quarto-1.4.508-linux-amd64.deb",23
"2023-11-21T15:31:17Z","quarto-1.4.508-linux-amd64.tar.gz",14
"2023-11-21T15:31:17Z","quarto-1.4.508-linux-arm64.deb",11
"2023-11-21T15:31:17Z","quarto-1.4.508-linux-arm64.tar.gz",12
"2023-11-21T15:31:17Z","quarto-1.4.508-linux-rhel7-amd64.tar.gz",11
"2023-11-21T15:31:17Z","quarto-1.4.508-macos.pkg",16
"2023-11-21T15:31:17Z","quarto-1.4.508-macos.tar.gz",16
"2023-11-21T15:31:17Z","quarto-1.4.508-win.msi",14
"2023-11-21T15:31:17Z","quarto-1.4.508-win.zip",18
"2023-11-21T15:31:17Z","quarto-1.4.508.tar.gz",11
"2023-11-20T23:00:44Z","changelog.md",87
"2023-11-20T23:00:44Z","quarto-1.4.507-checksums.txt",67
"2023-11-20T23:00:44Z","quarto-1.4.507-linux-amd64.deb",205
"2023-11-20T23:00:44Z","quarto-1.4.507-linux-amd64.tar.gz",73
"2023-11-20T23:00:44Z","quarto-1.4.507-linux-arm64.deb",65
"2023-11-20T23:00:44Z","quarto-1.4.507-linux-arm64.tar.gz",66
"2023-11-20T23:00:44Z","quarto-1.4.507-linux-rhel7-amd64.tar.gz",64
"2023-11-20T23:00:44Z","quarto-1.4.507-macos.pkg",87
"2023-11-20T23:00:44Z","quarto-1.4.507-macos.tar.gz",69
"2023-11-20T23:00:44Z","quarto-1.4.507-win.msi",80
"2023-11-20T23:00:44Z","quarto-1.4.507-win.zip",75
"2023-11-20T23:00:44Z","quarto-1.4.507.tar.gz",64
"2023-11-16T18:15:29Z","changelog.md",408
"2023-11-16T18:15:29Z","quarto-1.4.506-checksums.txt",418
"2023-11-16T18:15:29Z","quarto-1.4.506-linux-amd64.deb",1172
"2023-11-16T18:15:29Z","quarto-1.4.506-linux-amd64.tar.gz",734
"2023-11-16T18:15:29Z","quarto-1.4.506-linux-arm64.deb",433
"2023-11-16T18:15:29Z","quarto-1.4.506-linux-arm64.tar.gz",397
"2023-11-16T18:15:29Z","quarto-1.4.506-linux-rhel7-amd64.tar.gz",391
"2023-11-16T18:15:29Z","quarto-1.4.506-macos.pkg",488
"2023-11-16T18:15:29Z","quarto-1.4.506-macos.tar.gz",402
"2023-11-16T18:15:29Z","quarto-1.4.506-win.msi",488
"2023-11-16T18:15:29Z","quarto-1.4.506-win.zip",421
"2023-11-16T18:15:29Z","quarto-1.4.506.tar.gz",387
"2023-11-16T16:13:36Z","changelog.md",15
"2023-11-16T16:13:36Z","quarto-1.4.505-checksums.txt",10
"2023-11-16T16:13:36Z","quarto-1.4.505-linux-amd64.deb",23
"2023-11-16T16:13:36Z","quarto-1.4.505-linux-amd64.tar.gz",31
"2023-11-16T16:13:36Z","quarto-1.4.505-linux-arm64.deb",11
"2023-11-16T16:13:36Z","quarto-1.4.505-linux-arm64.tar.gz",18
"2023-11-16T16:13:36Z","quarto-1.4.505-linux-rhel7-amd64.tar.gz",13
"2023-11-16T16:13:36Z","quarto-1.4.505-macos.pkg",16
"2023-11-16T16:13:36Z","quarto-1.4.505-macos.tar.gz",19
"2023-11-16T16:13:36Z","quarto-1.4.505-win.msi",13
"2023-11-16T16:13:36Z","quarto-1.4.505-win.zip",13
"2023-11-16T16:13:36Z","quarto-1.4.505.tar.gz",11
"2023-11-15T01:16:58Z","changelog.md",164
"2023-11-15T01:16:58Z","quarto-1.4.504-checksums.txt",164
"2023-11-15T01:16:58Z","quarto-1.4.504-linux-amd64.deb",643
"2023-11-15T01:16:58Z","quarto-1.4.504-linux-amd64.tar.gz",227
"2023-11-15T01:16:58Z","quarto-1.4.504-linux-arm64.deb",161
"2023-11-15T01:16:58Z","quarto-1.4.504-linux-arm64.tar.gz",159
"2023-11-15T01:16:58Z","quarto-1.4.504-linux-rhel7-amd64.tar.gz",158
"2023-11-15T01:16:58Z","quarto-1.4.504-macos.pkg",207
"2023-11-15T01:16:58Z","quarto-1.4.504-macos.tar.gz",168
"2023-11-15T01:16:58Z","quarto-1.4.504-win.msi",217
"2023-11-15T01:16:58Z","quarto-1.4.504-win.zip",192
"2023-11-15T01:16:58Z","quarto-1.4.504.tar.gz",154
"2023-11-15T00:27:47Z","changelog.md",4
"2023-11-15T00:27:47Z","quarto-1.4.503-checksums.txt",4
"2023-11-15T00:27:47Z","quarto-1.4.503-linux-amd64.deb",11
"2023-11-15T00:27:47Z","quarto-1.4.503-linux-amd64.tar.gz",23
"2023-11-15T00:27:47Z","quarto-1.4.503-linux-arm64.deb",4
"2023-11-15T00:27:47Z","quarto-1.4.503-linux-arm64.tar.gz",5
"2023-11-15T00:27:47Z","quarto-1.4.503-linux-rhel7-amd64.tar.gz",4
"2023-11-15T00:27:47Z","quarto-1.4.503-macos.pkg",7
"2023-11-15T00:27:47Z","quarto-1.4.503-macos.tar.gz",11
"2023-11-15T00:27:47Z","quarto-1.4.503-win.msi",6
"2023-11-15T00:27:47Z","quarto-1.4.503-win.zip",5
"2023-11-15T00:27:47Z","quarto-1.4.503.tar.gz",4
"2023-11-14T02:46:46Z","changelog.md",102
"2023-11-14T02:46:46Z","quarto-1.4.502-checksums.txt",96
"2023-11-14T02:46:46Z","quarto-1.4.502-linux-amd64.deb",274
"2023-11-14T02:46:46Z","quarto-1.4.502-linux-amd64.tar.gz",214
"2023-11-14T02:46:46Z","quarto-1.4.502-linux-arm64.deb",89
"2023-11-14T02:46:46Z","quarto-1.4.502-linux-arm64.tar.gz",99
"2023-11-14T02:46:46Z","quarto-1.4.502-linux-rhel7-amd64.tar.gz",93
"2023-11-14T02:46:46Z","quarto-1.4.502-macos.pkg",125
"2023-11-14T02:46:46Z","quarto-1.4.502-macos.tar.gz",98
"2023-11-14T02:46:46Z","quarto-1.4.502-win.msi",120
"2023-11-14T02:46:46Z","quarto-1.4.502-win.zip",111
"2023-11-14T02:46:46Z","quarto-1.4.502.tar.gz",88
"2023-11-13T22:46:41Z","changelog.md",18
"2023-11-13T22:46:41Z","quarto-1.4.501-checksums.txt",15
"2023-11-13T22:46:41Z","quarto-1.4.501-linux-amd64.deb",57
"2023-11-13T22:46:41Z","quarto-1.4.501-linux-amd64.tar.gz",21
"2023-11-13T22:46:41Z","quarto-1.4.501-linux-arm64.deb",15
"2023-11-13T22:46:41Z","quarto-1.4.501-linux-arm64.tar.gz",16
"2023-11-13T22:46:41Z","quarto-1.4.501-linux-rhel7-amd64.tar.gz",15
"2023-11-13T22:46:41Z","quarto-1.4.501-macos.pkg",19
"2023-11-13T22:46:41Z","quarto-1.4.501-macos.tar.gz",27
"2023-11-13T22:46:41Z","quarto-1.4.501-win.msi",22
"2023-11-13T22:46:41Z","quarto-1.4.501-win.zip",17
"2023-11-13T22:46:41Z","quarto-1.4.501.tar.gz",15
"2023-11-13T20:56:24Z","changelog.md",10
"2023-11-13T20:56:24Z","quarto-1.4.500-checksums.txt",10
"2023-11-13T20:56:24Z","quarto-1.4.500-linux-amd64.deb",29
"2023-11-13T20:56:24Z","quarto-1.4.500-linux-amd64.tar.gz",25
"2023-11-13T20:56:24Z","quarto-1.4.500-linux-arm64.deb",10
"2023-11-13T20:56:24Z","quarto-1.4.500-linux-arm64.tar.gz",11
"2023-11-13T20:56:24Z","quarto-1.4.500-linux-rhel7-amd64.tar.gz",10
"2023-11-13T20:56:24Z","quarto-1.4.500-macos.pkg",14
"2023-11-13T20:56:24Z","quarto-1.4.500-macos.tar.gz",15
"2023-11-13T20:56:24Z","quarto-1.4.500-win.msi",12
"2023-11-13T20:56:24Z","quarto-1.4.500-win.zip",12
"2023-11-13T20:56:24Z","quarto-1.4.500.tar.gz",10
"2023-11-13T18:45:02Z","changelog.md",19
"2023-11-13T18:45:02Z","quarto-1.4.499-checksums.txt",11
"2023-11-13T18:45:02Z","quarto-1.4.499-linux-amd64.deb",17
"2023-11-13T18:45:02Z","quarto-1.4.499-linux-amd64.tar.gz",15
"2023-11-13T18:45:02Z","quarto-1.4.499-linux-arm64.deb",14
"2023-11-13T18:45:02Z","quarto-1.4.499-linux-arm64.tar.gz",13
"2023-11-13T18:45:02Z","quarto-1.4.499-linux-rhel7-amd64.tar.gz",12
"2023-11-13T18:45:02Z","quarto-1.4.499-macos.pkg",14
"2023-11-13T18:45:02Z","quarto-1.4.499-macos.tar.gz",18
"2023-11-13T18:45:02Z","quarto-1.4.499-win.msi",19
"2023-11-13T18:45:02Z","quarto-1.4.499-win.zip",15
"2023-11-13T18:45:02Z","quarto-1.4.499.tar.gz",12
"2023-11-13T12:59:04Z","changelog.md",32
"2023-11-13T12:59:04Z","quarto-1.4.498-checksums.txt",27
"2023-11-13T12:59:04Z","quarto-1.4.498-linux-amd64.deb",41
"2023-11-13T12:59:04Z","quarto-1.4.498-linux-amd64.tar.gz",31
"2023-11-13T12:59:04Z","quarto-1.4.498-linux-arm64.deb",27
"2023-11-13T12:59:04Z","quarto-1.4.498-linux-arm64.tar.gz",27
"2023-11-13T12:59:04Z","quarto-1.4.498-linux-rhel7-amd64.tar.gz",26
"2023-11-13T12:59:04Z","quarto-1.4.498-macos.pkg",30
"2023-11-13T12:59:04Z","quarto-1.4.498-macos.tar.gz",34
"2023-11-13T12:59:04Z","quarto-1.4.498-win.msi",30
"2023-11-13T12:59:04Z","quarto-1.4.498-win.zip",28
"2023-11-13T12:59:04Z","quarto-1.4.498.tar.gz",26
"2023-11-06T22:23:00Z","changelog.md",537
"2023-11-06T22:23:00Z","quarto-1.4.489-checksums.txt",558
"2023-11-06T22:23:00Z","quarto-1.4.489-linux-amd64.deb",2472
"2023-11-06T22:23:00Z","quarto-1.4.489-linux-amd64.tar.gz",573
"2023-11-06T22:23:00Z","quarto-1.4.489-linux-arm64.deb",549
"2023-11-06T22:23:00Z","quarto-1.4.489-linux-arm64.tar.gz",531
"2023-11-06T22:23:00Z","quarto-1.4.489-linux-rhel7-amd64.tar.gz",536
"2023-11-06T22:23:00Z","quarto-1.4.489-macos.pkg",663
"2023-11-06T22:23:00Z","quarto-1.4.489-macos.tar.gz",559
"2023-11-06T22:23:00Z","quarto-1.4.489-win.msi",669
"2023-11-06T22:23:00Z","quarto-1.4.489-win.zip",590
"2023-11-06T22:23:00Z","quarto-1.4.489.tar.gz",528
"2023-11-06T17:24:25Z","changelog.md",100
"2023-11-06T17:24:25Z","quarto-1.4.487-checksums.txt",109
"2023-11-06T17:24:25Z","quarto-1.4.487-linux-amd64.deb",260
"2023-11-06T17:24:25Z","quarto-1.4.487-linux-amd64.tar.gz",138
"2023-11-06T17:24:25Z","quarto-1.4.487-linux-arm64.deb",103
"2023-11-06T17:24:25Z","quarto-1.4.487-linux-arm64.tar.gz",100
"2023-11-06T17:24:25Z","quarto-1.4.487-linux-rhel7-amd64.tar.gz",103
"2023-11-06T17:24:25Z","quarto-1.4.487-macos.pkg",128
"2023-11-06T17:24:25Z","quarto-1.4.487-macos.tar.gz",110
"2023-11-06T17:24:25Z","quarto-1.4.487-win.msi",137
"2023-11-06T17:24:25Z","quarto-1.4.487-win.zip",112
"2023-11-06T17:24:25Z","quarto-1.4.487.tar.gz",100
"2023-11-06T12:12:29Z","changelog.md",26
"2023-11-06T12:12:29Z","quarto-1.4.484-checksums.txt",25
"2023-11-06T12:12:29Z","quarto-1.4.484-linux-amd64.deb",57
"2023-11-06T12:12:29Z","quarto-1.4.484-linux-amd64.tar.gz",65
"2023-11-06T12:12:29Z","quarto-1.4.484-linux-arm64.deb",30
"2023-11-06T12:12:29Z","quarto-1.4.484-linux-arm64.tar.gz",27
"2023-11-06T12:12:29Z","quarto-1.4.484-linux-rhel7-amd64.tar.gz",26
"2023-11-06T12:12:29Z","quarto-1.4.484-macos.pkg",36
"2023-11-06T12:12:29Z","quarto-1.4.484-macos.tar.gz",33
"2023-11-06T12:12:29Z","quarto-1.4.484-win.msi",35
"2023-11-06T12:12:29Z","quarto-1.4.484-win.zip",34
"2023-11-06T12:12:29Z","quarto-1.4.484.tar.gz",25
"2023-11-03T15:30:58Z","changelog.md",261
"2023-11-03T15:30:58Z","quarto-1.4.480-checksums.txt",276
"2023-11-03T15:30:58Z","quarto-1.4.480-linux-amd64.deb",2459
"2023-11-03T15:30:58Z","quarto-1.4.480-linux-amd64.tar.gz",284
"2023-11-03T15:30:58Z","quarto-1.4.480-linux-arm64.deb",264
"2023-11-03T15:30:58Z","quarto-1.4.480-linux-arm64.tar.gz",258
"2023-11-03T15:30:58Z","quarto-1.4.480-linux-rhel7-amd64.tar.gz",257
"2023-11-03T15:30:58Z","quarto-1.4.480-macos.pkg",310
"2023-11-03T15:30:58Z","quarto-1.4.480-macos.tar.gz",272
"2023-11-03T15:30:58Z","quarto-1.4.480-win.msi",332
"2023-11-03T15:30:58Z","quarto-1.4.480-win.zip",288
"2023-11-03T15:30:58Z","quarto-1.4.480.tar.gz",255
"2023-11-03T14:12:48Z","changelog.md",14
"2023-11-03T14:12:48Z","quarto-1.4.479-checksums.txt",15
"2023-11-03T14:12:48Z","quarto-1.4.479-linux-amd64.deb",138
"2023-11-03T14:12:48Z","quarto-1.4.479-linux-amd64.tar.gz",17
"2023-11-03T14:12:48Z","quarto-1.4.479-linux-arm64.deb",14
"2023-11-03T14:12:48Z","quarto-1.4.479-linux-arm64.tar.gz",15
"2023-11-03T14:12:48Z","quarto-1.4.479-linux-rhel7-amd64.tar.gz",14
"2023-11-03T14:12:48Z","quarto-1.4.479-macos.pkg",24
"2023-11-03T14:12:48Z","quarto-1.4.479-macos.tar.gz",20
"2023-11-03T14:12:48Z","quarto-1.4.479-win.msi",19
"2023-11-03T14:12:48Z","quarto-1.4.479-win.zip",17
"2023-11-03T14:12:48Z","quarto-1.4.479.tar.gz",14
"2023-11-03T12:51:00Z","changelog.md",8
"2023-11-03T12:51:00Z","quarto-1.4.478-checksums.txt",7
"2023-11-03T12:51:00Z","quarto-1.4.478-linux-amd64.deb",33
"2023-11-03T12:51:00Z","quarto-1.4.478-linux-amd64.tar.gz",10
"2023-11-03T12:51:00Z","quarto-1.4.478-linux-arm64.deb",7
"2023-11-03T12:51:00Z","quarto-1.4.478-linux-arm64.tar.gz",8
"2023-11-03T12:51:00Z","quarto-1.4.478-linux-rhel7-amd64.tar.gz",7
"2023-11-03T12:51:00Z","quarto-1.4.478-macos.pkg",13
"2023-11-03T12:51:00Z","quarto-1.4.478-macos.tar.gz",14
"2023-11-03T12:51:00Z","quarto-1.4.478-win.msi",11
"2023-11-03T12:51:00Z","quarto-1.4.478-win.zip",7
"2023-11-03T12:51:00Z","quarto-1.4.478.tar.gz",7
"2023-11-03T10:05:45Z","changelog.md",11
"2023-11-03T10:05:45Z","quarto-1.4.477-checksums.txt",10
"2023-11-03T10:05:45Z","quarto-1.4.477-linux-amd64.deb",26
"2023-11-03T10:05:45Z","quarto-1.4.477-linux-amd64.tar.gz",16
"2023-11-03T10:05:45Z","quarto-1.4.477-linux-arm64.deb",12
"2023-11-03T10:05:45Z","quarto-1.4.477-linux-arm64.tar.gz",12
"2023-11-03T10:05:45Z","quarto-1.4.477-linux-rhel7-amd64.tar.gz",11
"2023-11-03T10:05:45Z","quarto-1.4.477-macos.pkg",18
"2023-11-03T10:05:45Z","quarto-1.4.477-macos.tar.gz",15
"2023-11-03T10:05:45Z","quarto-1.4.477-win.msi",14
"2023-11-03T10:05:45Z","quarto-1.4.477-win.zip",18
"2023-11-03T10:05:45Z","quarto-1.4.477.tar.gz",11
"2023-11-03T01:05:13Z","changelog.md",42
"2023-11-03T01:05:13Z","quarto-1.4.475-checksums.txt",44
"2023-11-03T01:05:13Z","quarto-1.4.475-linux-amd64.deb",110
"2023-11-03T01:05:13Z","quarto-1.4.475-linux-amd64.tar.gz",82
"2023-11-03T01:05:13Z","quarto-1.4.475-linux-arm64.deb",43
"2023-11-03T01:05:13Z","quarto-1.4.475-linux-arm64.tar.gz",42
"2023-11-03T01:05:13Z","quarto-1.4.475-linux-rhel7-amd64.tar.gz",43
"2023-11-03T01:05:13Z","quarto-1.4.475-macos.pkg",54
"2023-11-03T01:05:13Z","quarto-1.4.475-macos.tar.gz",47
"2023-11-03T01:05:13Z","quarto-1.4.475-win.msi",51
"2023-11-03T01:05:13Z","quarto-1.4.475-win.zip",46
"2023-11-03T01:05:13Z","quarto-1.4.475.tar.gz",41
"2023-11-03T00:47:56Z","changelog.md",2
"2023-11-03T00:47:56Z","quarto-1.4.474-checksums.txt",2
"2023-11-03T00:47:56Z","quarto-1.4.474-linux-amd64.deb",4
"2023-11-03T00:47:56Z","quarto-1.4.474-linux-amd64.tar.gz",6
"2023-11-03T00:47:56Z","quarto-1.4.474-linux-arm64.deb",4
"2023-11-03T00:47:56Z","quarto-1.4.474-linux-arm64.tar.gz",4
"2023-11-03T00:47:56Z","quarto-1.4.474-linux-rhel7-amd64.tar.gz",3
"2023-11-03T00:47:56Z","quarto-1.4.474-macos.pkg",4
"2023-11-03T00:47:56Z","quarto-1.4.474-macos.tar.gz",8
"2023-11-03T00:47:56Z","quarto-1.4.474-win.msi",3
"2023-11-03T00:47:56Z","quarto-1.4.474-win.zip",3
"2023-11-03T00:47:56Z","quarto-1.4.474.tar.gz",3
"2023-11-02T21:09:45Z","changelog.md",16
"2023-11-02T21:09:45Z","quarto-1.4.473-checksums.txt",17
"2023-11-02T21:09:45Z","quarto-1.4.473-linux-amd64.deb",45
"2023-11-02T21:09:45Z","quarto-1.4.473-linux-amd64.tar.gz",22
"2023-11-02T21:09:45Z","quarto-1.4.473-linux-arm64.deb",14
"2023-11-02T21:09:45Z","quarto-1.4.473-linux-arm64.tar.gz",16
"2023-11-02T21:09:45Z","quarto-1.4.473-linux-rhel7-amd64.tar.gz",14
"2023-11-02T21:09:45Z","quarto-1.4.473-macos.pkg",16
"2023-11-02T21:09:45Z","quarto-1.4.473-macos.tar.gz",20
"2023-11-02T21:09:45Z","quarto-1.4.473-win.msi",19
"2023-11-02T21:09:45Z","quarto-1.4.473-win.zip",15
"2023-11-02T21:09:45Z","quarto-1.4.473.tar.gz",14
"2023-11-02T18:01:00Z","changelog.md",18
"2023-11-02T18:01:00Z","quarto-1.4.472-checksums.txt",19
"2023-11-02T18:01:00Z","quarto-1.4.472-linux-amd64.deb",49
"2023-11-02T18:01:00Z","quarto-1.4.472-linux-amd64.tar.gz",21
"2023-11-02T18:01:00Z","quarto-1.4.472-linux-arm64.deb",19
"2023-11-02T18:01:00Z","quarto-1.4.472-linux-arm64.tar.gz",19
"2023-11-02T18:01:00Z","quarto-1.4.472-linux-rhel7-amd64.tar.gz",18
"2023-11-02T18:01:00Z","quarto-1.4.472-macos.pkg",22
"2023-11-02T18:01:00Z","quarto-1.4.472-macos.tar.gz",26
"2023-11-02T18:01:00Z","quarto-1.4.472-win.msi",23
"2023-11-02T18:01:00Z","quarto-1.4.472-win.zip",23
"2023-11-02T18:01:00Z","quarto-1.4.472.tar.gz",18
"2023-11-02T14:23:30Z","changelog.md",19
"2023-11-02T14:23:30Z","quarto-1.4.471-checksums.txt",17
"2023-11-02T14:23:30Z","quarto-1.4.471-linux-amd64.deb",50
"2023-11-02T14:23:30Z","quarto-1.4.471-linux-amd64.tar.gz",22
"2023-11-02T14:23:30Z","quarto-1.4.471-linux-arm64.deb",17
"2023-11-02T14:23:30Z","quarto-1.4.471-linux-arm64.tar.gz",18
"2023-11-02T14:23:30Z","quarto-1.4.471-linux-rhel7-amd64.tar.gz",18
"2023-11-02T14:23:30Z","quarto-1.4.471-macos.pkg",26
"2023-11-02T14:23:30Z","quarto-1.4.471-macos.tar.gz",25
"2023-11-02T14:23:30Z","quarto-1.4.471-win.msi",23
"2023-11-02T14:23:30Z","quarto-1.4.471-win.zip",21
"2023-11-02T14:23:30Z","quarto-1.4.471.tar.gz",17
"2023-11-02T13:11:39Z","changelog.md",7
"2023-11-02T13:11:39Z","quarto-1.4.470-checksums.txt",8
"2023-11-02T13:11:39Z","quarto-1.4.470-linux-amd64.deb",28
"2023-11-02T13:11:39Z","quarto-1.4.470-linux-amd64.tar.gz",13
"2023-11-02T13:11:39Z","quarto-1.4.470-linux-arm64.deb",8
"2023-11-02T13:11:39Z","quarto-1.4.470-linux-arm64.tar.gz",8
"2023-11-02T13:11:39Z","quarto-1.4.470-linux-rhel7-amd64.tar.gz",7
"2023-11-02T13:11:39Z","quarto-1.4.470-macos.pkg",10
"2023-11-02T13:11:39Z","quarto-1.4.470-macos.tar.gz",13
"2023-11-02T13:11:39Z","quarto-1.4.470-win.msi",9
"2023-11-02T13:11:39Z","quarto-1.4.470-win.zip",11
"2023-11-02T13:11:39Z","quarto-1.4.470.tar.gz",7
"2023-11-01T21:51:38Z","changelog.md",55
"2023-11-01T21:51:38Z","quarto-1.4.468-checksums.txt",58
"2023-11-01T21:51:38Z","quarto-1.4.468-linux-amd64.deb",139
"2023-11-01T21:51:38Z","quarto-1.4.468-linux-amd64.tar.gz",62
"2023-11-01T21:51:38Z","quarto-1.4.468-linux-arm64.deb",57
"2023-11-01T21:51:38Z","quarto-1.4.468-linux-arm64.tar.gz",55
"2023-11-01T21:51:38Z","quarto-1.4.468-linux-rhel7-amd64.tar.gz",56
"2023-11-01T21:51:38Z","quarto-1.4.468-macos.pkg",75
"2023-11-01T21:51:38Z","quarto-1.4.468-macos.tar.gz",64
"2023-11-01T21:51:38Z","quarto-1.4.468-win.msi",82
"2023-11-01T21:51:38Z","quarto-1.4.468-win.zip",61
"2023-11-01T21:51:38Z","quarto-1.4.468.tar.gz",55
"2023-11-01T16:21:15Z","changelog.md",34
"2023-11-01T16:21:15Z","quarto-1.4.467-checksums.txt",35
"2023-11-01T16:21:15Z","quarto-1.4.467-linux-amd64.deb",175
"2023-11-01T16:21:15Z","quarto-1.4.467-linux-amd64.tar.gz",40
"2023-11-01T16:21:15Z","quarto-1.4.467-linux-arm64.deb",32
"2023-11-01T16:21:15Z","quarto-1.4.467-linux-arm64.tar.gz",34
"2023-11-01T16:21:15Z","quarto-1.4.467-linux-rhel7-amd64.tar.gz",32
"2023-11-01T16:21:15Z","quarto-1.4.467-macos.pkg",46
"2023-11-01T16:21:15Z","quarto-1.4.467-macos.tar.gz",37
"2023-11-01T16:21:15Z","quarto-1.4.467-win.msi",38
"2023-11-01T16:21:15Z","quarto-1.4.467-win.zip",34
"2023-11-01T16:21:15Z","quarto-1.4.467.tar.gz",30
"2023-11-01T04:31:32Z","changelog.md",49
"2023-11-01T04:31:32Z","quarto-1.4.466-checksums.txt",52
"2023-11-01T04:31:32Z","quarto-1.4.466-linux-amd64.deb",122
"2023-11-01T04:31:32Z","quarto-1.4.466-linux-amd64.tar.gz",63
"2023-11-01T04:31:32Z","quarto-1.4.466-linux-arm64.deb",51
"2023-11-01T04:31:32Z","quarto-1.4.466-linux-arm64.tar.gz",56
"2023-11-01T04:31:32Z","quarto-1.4.466-linux-rhel7-amd64.tar.gz",49
"2023-11-01T04:31:32Z","quarto-1.4.466-macos.pkg",76
"2023-11-01T04:31:32Z","quarto-1.4.466-macos.tar.gz",56
"2023-11-01T04:31:32Z","quarto-1.4.466-win.msi",76
"2023-11-01T04:31:32Z","quarto-1.4.466-win.zip",61
"2023-11-01T04:31:32Z","quarto-1.4.466.tar.gz",49
"2023-11-01T01:33:08Z","changelog.md",15
"2023-11-01T01:33:08Z","quarto-1.4.464-checksums.txt",14
"2023-11-01T01:33:08Z","quarto-1.4.464-linux-amd64.deb",45
"2023-11-01T01:33:08Z","quarto-1.4.464-linux-amd64.tar.gz",17
"2023-11-01T01:33:08Z","quarto-1.4.464-linux-arm64.deb",13
"2023-11-01T01:33:08Z","quarto-1.4.464-linux-arm64.tar.gz",14
"2023-11-01T01:33:08Z","quarto-1.4.464-linux-rhel7-amd64.tar.gz",14
"2023-11-01T01:33:08Z","quarto-1.4.464-macos.pkg",20
"2023-11-01T01:33:08Z","quarto-1.4.464-macos.tar.gz",19
"2023-11-01T01:33:08Z","quarto-1.4.464-win.msi",15
"2023-11-01T01:33:08Z","quarto-1.4.464-win.zip",13
"2023-11-01T01:33:08Z","quarto-1.4.464.tar.gz",13
"2023-10-31T20:31:54Z","changelog.md",20
"2023-10-31T20:31:54Z","quarto-1.4.463-checksums.txt",23
"2023-10-31T20:31:54Z","quarto-1.4.463-linux-amd64.deb",59
"2023-10-31T20:31:54Z","quarto-1.4.463-linux-amd64.tar.gz",1507
"2023-10-31T20:31:54Z","quarto-1.4.463-linux-arm64.deb",18
"2023-10-31T20:31:54Z","quarto-1.4.463-linux-arm64.tar.gz",22
"2023-10-31T20:31:54Z","quarto-1.4.463-linux-rhel7-amd64.tar.gz",19
"2023-10-31T20:31:54Z","quarto-1.4.463-macos.pkg",28
"2023-10-31T20:31:54Z","quarto-1.4.463-macos.tar.gz",25
"2023-10-31T20:31:54Z","quarto-1.4.463-win.msi",37
"2023-10-31T20:31:54Z","quarto-1.4.463-win.zip",19
"2023-10-31T20:31:54Z","quarto-1.4.463.tar.gz",18
"2023-10-31T20:06:25Z","changelog.md",5
"2023-10-31T20:06:25Z","quarto-1.4.462-checksums.txt",5
"2023-10-31T20:06:25Z","quarto-1.4.462-linux-amd64.deb",11
"2023-10-31T20:06:25Z","quarto-1.4.462-linux-amd64.tar.gz",10
"2023-10-31T20:06:25Z","quarto-1.4.462-linux-arm64.deb",5
"2023-10-31T20:06:25Z","quarto-1.4.462-linux-arm64.tar.gz",6
"2023-10-31T20:06:25Z","quarto-1.4.462-linux-rhel7-amd64.tar.gz",5
"2023-10-31T20:06:25Z","quarto-1.4.462-macos.pkg",10
"2023-10-31T20:06:25Z","quarto-1.4.462-macos.tar.gz",11
"2023-10-31T20:06:25Z","quarto-1.4.462-win.msi",7
"2023-10-31T20:06:25Z","quarto-1.4.462-win.zip",5
"2023-10-31T20:06:25Z","quarto-1.4.462.tar.gz",5
"2023-10-31T18:28:47Z","changelog.md",5
"2023-10-31T18:28:47Z","quarto-1.4.461-checksums.txt",5
"2023-10-31T18:28:47Z","quarto-1.4.461-linux-amd64.deb",12
"2023-10-31T18:28:47Z","quarto-1.4.461-linux-amd64.tar.gz",9
"2023-10-31T18:28:47Z","quarto-1.4.461-linux-arm64.deb",5
"2023-10-31T18:28:47Z","quarto-1.4.461-linux-arm64.tar.gz",6
"2023-10-31T18:28:47Z","quarto-1.4.461-linux-rhel7-amd64.tar.gz",5
"2023-10-31T18:28:47Z","quarto-1.4.461-macos.pkg",10
"2023-10-31T18:28:47Z","quarto-1.4.461-macos.tar.gz",10
"2023-10-31T18:28:47Z","quarto-1.4.461-win.msi",8
"2023-10-31T18:28:47Z","quarto-1.4.461-win.zip",5
"2023-10-31T18:28:47Z","quarto-1.4.461.tar.gz",5
"2023-10-31T13:56:47Z","changelog.md",24
"2023-10-31T13:56:47Z","quarto-1.4.460-checksums.txt",24
"2023-10-31T13:56:47Z","quarto-1.4.460-linux-amd64.deb",66
"2023-10-31T13:56:47Z","quarto-1.4.460-linux-amd64.tar.gz",42
"2023-10-31T13:56:47Z","quarto-1.4.460-linux-arm64.deb",23
"2023-10-31T13:56:47Z","quarto-1.4.460-linux-arm64.tar.gz",35
"2023-10-31T13:56:47Z","quarto-1.4.460-linux-rhel7-amd64.tar.gz",26
"2023-10-31T13:56:47Z","quarto-1.4.460-macos.pkg",35
"2023-10-31T13:56:47Z","quarto-1.4.460-macos.tar.gz",33
"2023-10-31T13:56:47Z","quarto-1.4.460-win.msi",33
"2023-10-31T13:56:47Z","quarto-1.4.460-win.zip",30
"2023-10-31T13:56:47Z","quarto-1.4.460.tar.gz",22
"2023-10-31T01:12:10Z","changelog.md",55
"2023-10-31T01:12:10Z","quarto-1.4.458-checksums.txt",56
"2023-10-31T01:12:10Z","quarto-1.4.458-linux-amd64.deb",156
"2023-10-31T01:12:10Z","quarto-1.4.458-linux-amd64.tar.gz",77
"2023-10-31T01:12:10Z","quarto-1.4.458-linux-arm64.deb",54
"2023-10-31T01:12:10Z","quarto-1.4.458-linux-arm64.tar.gz",68
"2023-10-31T01:12:10Z","quarto-1.4.458-linux-rhel7-amd64.tar.gz",55
"2023-10-31T01:12:10Z","quarto-1.4.458-macos.pkg",72
"2023-10-31T01:12:10Z","quarto-1.4.458-macos.tar.gz",63
"2023-10-31T01:12:10Z","quarto-1.4.458-win.msi",65
"2023-10-31T01:12:10Z","quarto-1.4.458-win.zip",58
"2023-10-31T01:12:10Z","quarto-1.4.458.tar.gz",53
"2023-10-30T01:01:47Z","changelog.md",98
"2023-10-30T01:01:47Z","quarto-1.4.455-checksums.txt",104
"2023-10-30T01:01:47Z","quarto-1.4.455-linux-amd64.deb",294
"2023-10-30T01:01:47Z","quarto-1.4.455-linux-amd64.tar.gz",324
"2023-10-30T01:01:47Z","quarto-1.4.455-linux-arm64.deb",96
"2023-10-30T01:01:47Z","quarto-1.4.455-linux-arm64.tar.gz",98
"2023-10-30T01:01:47Z","quarto-1.4.455-linux-rhel7-amd64.tar.gz",97
"2023-10-30T01:01:47Z","quarto-1.4.455-macos.pkg",135
"2023-10-30T01:01:47Z","quarto-1.4.455-macos.tar.gz",112
"2023-10-30T01:01:47Z","quarto-1.4.455-win.msi",130
"2023-10-30T01:01:47Z","quarto-1.4.455-win.zip",111
"2023-10-30T01:01:47Z","quarto-1.4.455.tar.gz",95
"2023-10-26T21:20:34Z","changelog.md",297
"2023-10-26T21:20:34Z","quarto-1.4.451-checksums.txt",311
"2023-10-26T21:20:34Z","quarto-1.4.451-linux-amd64.deb",779
"2023-10-26T21:20:34Z","quarto-1.4.451-linux-amd64.tar.gz",372
"2023-10-26T21:20:34Z","quarto-1.4.451-linux-arm64.deb",295
"2023-10-26T21:20:34Z","quarto-1.4.451-linux-arm64.tar.gz",295
"2023-10-26T21:20:34Z","quarto-1.4.451-linux-rhel7-amd64.tar.gz",294
"2023-10-26T21:20:34Z","quarto-1.4.451-macos.pkg",358
"2023-10-26T21:20:34Z","quarto-1.4.451-macos.tar.gz",321
"2023-10-26T21:20:34Z","quarto-1.4.451-win.msi",350
"2023-10-26T21:20:34Z","quarto-1.4.451-win.zip",310
"2023-10-26T21:20:34Z","quarto-1.4.451.tar.gz",290
"2023-10-25T16:16:20Z","changelog.md",120
"2023-10-25T16:16:20Z","quarto-1.4.449-checksums.txt",124
"2023-10-25T16:16:20Z","quarto-1.4.449-linux-amd64.deb",648
"2023-10-25T16:16:20Z","quarto-1.4.449-linux-amd64.tar.gz",315
"2023-10-25T16:16:20Z","quarto-1.4.449-linux-arm64.deb",117
"2023-10-25T16:16:20Z","quarto-1.4.449-linux-arm64.tar.gz",119
"2023-10-25T16:16:20Z","quarto-1.4.449-linux-rhel7-amd64.tar.gz",117
"2023-10-25T16:16:20Z","quarto-1.4.449-macos.pkg",159
"2023-10-25T16:16:20Z","quarto-1.4.449-macos.tar.gz",188
"2023-10-25T16:16:20Z","quarto-1.4.449-win.msi",151
"2023-10-25T16:16:20Z","quarto-1.4.449-win.zip",161
"2023-10-25T16:16:20Z","quarto-1.4.449.tar.gz",115
"2023-10-25T14:31:35Z","changelog.md",14
"2023-10-25T14:31:35Z","quarto-1.4.448-checksums.txt",9
"2023-10-25T14:31:35Z","quarto-1.4.448-linux-amd64.deb",21
"2023-10-25T14:31:35Z","quarto-1.4.448-linux-amd64.tar.gz",17
"2023-10-25T14:31:35Z","quarto-1.4.448-linux-arm64.deb",9
"2023-10-25T14:31:35Z","quarto-1.4.448-linux-arm64.tar.gz",10
"2023-10-25T14:31:35Z","quarto-1.4.448-linux-rhel7-amd64.tar.gz",9
"2023-10-25T14:31:35Z","quarto-1.4.448-macos.pkg",15
"2023-10-25T14:31:35Z","quarto-1.4.448-macos.tar.gz",15
"2023-10-25T14:31:35Z","quarto-1.4.448-win.msi",13
"2023-10-25T14:31:35Z","quarto-1.4.448-win.zip",12
"2023-10-25T14:31:35Z","quarto-1.4.448.tar.gz",9
"2023-10-24T18:19:41Z","changelog.md",84
"2023-10-24T18:19:41Z","quarto-1.4.446-checksums.txt",86
"2023-10-24T18:19:41Z","quarto-1.4.446-linux-amd64.deb",193
"2023-10-24T18:19:41Z","quarto-1.4.446-linux-amd64.tar.gz",89
"2023-10-24T18:19:41Z","quarto-1.4.446-linux-arm64.deb",81
"2023-10-24T18:19:41Z","quarto-1.4.446-linux-arm64.tar.gz",81
"2023-10-24T18:19:41Z","quarto-1.4.446-linux-rhel7-amd64.tar.gz",80
"2023-10-24T18:19:41Z","quarto-1.4.446-macos.pkg",116
"2023-10-24T18:19:41Z","quarto-1.4.446-macos.tar.gz",90
"2023-10-24T18:19:41Z","quarto-1.4.446-win.msi",106
"2023-10-24T18:19:41Z","quarto-1.4.446-win.zip",84
"2023-10-24T18:19:41Z","quarto-1.4.446.tar.gz",79
"2023-10-24T01:47:39Z","changelog.md",69
"2023-10-24T01:47:39Z","quarto-1.4.444-checksums.txt",71
"2023-10-24T01:47:39Z","quarto-1.4.444-linux-amd64.deb",192
"2023-10-24T01:47:39Z","quarto-1.4.444-linux-amd64.tar.gz",99
"2023-10-24T01:47:39Z","quarto-1.4.444-linux-arm64.deb",66
"2023-10-24T01:47:39Z","quarto-1.4.444-linux-arm64.tar.gz",67
"2023-10-24T01:47:39Z","quarto-1.4.444-linux-rhel7-amd64.tar.gz",68
"2023-10-24T01:47:39Z","quarto-1.4.444-macos.pkg",103
"2023-10-24T01:47:39Z","quarto-1.4.444-macos.tar.gz",75
"2023-10-24T01:47:39Z","quarto-1.4.444-win.msi",88
"2023-10-24T01:47:39Z","quarto-1.4.444-win.zip",77
"2023-10-24T01:47:39Z","quarto-1.4.444.tar.gz",66
"2023-10-23T18:10:47Z","changelog.md",33
"2023-10-23T18:10:47Z","quarto-1.4.442-checksums.txt",33
"2023-10-23T18:10:47Z","quarto-1.4.442-linux-amd64.deb",87
"2023-10-23T18:10:47Z","quarto-1.4.442-linux-amd64.tar.gz",34
"2023-10-23T18:10:47Z","quarto-1.4.442-linux-arm64.deb",32
"2023-10-23T18:10:47Z","quarto-1.4.442-linux-arm64.tar.gz",35
"2023-10-23T18:10:47Z","quarto-1.4.442-linux-rhel7-amd64.tar.gz",30
"2023-10-23T18:10:47Z","quarto-1.4.442-macos.pkg",46
"2023-10-23T18:10:47Z","quarto-1.4.442-macos.tar.gz",39
"2023-10-23T18:10:47Z","quarto-1.4.442-win.msi",38
"2023-10-23T18:10:47Z","quarto-1.4.442-win.zip",34
"2023-10-23T18:10:47Z","quarto-1.4.442.tar.gz",31
"2023-10-23T17:11:09Z","changelog.md",7
"2023-10-23T17:11:09Z","quarto-1.4.441-checksums.txt",6
"2023-10-23T17:11:09Z","quarto-1.4.441-linux-amd64.deb",13
"2023-10-23T17:11:09Z","quarto-1.4.441-linux-amd64.tar.gz",7
"2023-10-23T17:11:09Z","quarto-1.4.441-linux-arm64.deb",5
"2023-10-23T17:11:09Z","quarto-1.4.441-linux-arm64.tar.gz",7
"2023-10-23T17:11:09Z","quarto-1.4.441-linux-rhel7-amd64.tar.gz",5
"2023-10-23T17:11:09Z","quarto-1.4.441-macos.pkg",10
"2023-10-23T17:11:09Z","quarto-1.4.441-macos.tar.gz",9
"2023-10-23T17:11:09Z","quarto-1.4.441-win.msi",5
"2023-10-23T17:11:09Z","quarto-1.4.441-win.zip",5
"2023-10-23T17:11:09Z","quarto-1.4.441.tar.gz",5
"2023-10-22T20:24:18Z","changelog.md",82
"2023-10-22T20:24:18Z","quarto-1.4.439-checksums.txt",86
"2023-10-22T20:24:18Z","quarto-1.4.439-linux-amd64.deb",171
"2023-10-22T20:24:18Z","quarto-1.4.439-linux-amd64.tar.gz",82
"2023-10-22T20:24:18Z","quarto-1.4.439-linux-arm64.deb",79
"2023-10-22T20:24:18Z","quarto-1.4.439-linux-arm64.tar.gz",81
"2023-10-22T20:24:18Z","quarto-1.4.439-linux-rhel7-amd64.tar.gz",80
"2023-10-22T20:24:18Z","quarto-1.4.439-macos.pkg",104
"2023-10-22T20:24:18Z","quarto-1.4.439-macos.tar.gz",86
"2023-10-22T20:24:18Z","quarto-1.4.439-win.msi",99
"2023-10-22T20:24:18Z","quarto-1.4.439-win.zip",97
"2023-10-22T20:24:18Z","quarto-1.4.439.tar.gz",79
"2023-10-22T19:40:40Z","changelog.md",8
"2023-10-22T19:40:40Z","quarto-1.4.438-checksums.txt",7
"2023-10-22T19:40:40Z","quarto-1.4.438-linux-amd64.deb",14
"2023-10-22T19:40:40Z","quarto-1.4.438-linux-amd64.tar.gz",9
"2023-10-22T19:40:40Z","quarto-1.4.438-linux-arm64.deb",7
"2023-10-22T19:40:40Z","quarto-1.4.438-linux-arm64.tar.gz",8
"2023-10-22T19:40:40Z","quarto-1.4.438-linux-rhel7-amd64.tar.gz",7
"2023-10-22T19:40:40Z","quarto-1.4.438-macos.pkg",8
"2023-10-22T19:40:40Z","quarto-1.4.438-macos.tar.gz",12
"2023-10-22T19:40:40Z","quarto-1.4.438-win.msi",7
"2023-10-22T19:40:40Z","quarto-1.4.438-win.zip",7
"2023-10-22T19:40:40Z","quarto-1.4.438.tar.gz",7
"2023-10-21T00:41:15Z","changelog.md",176
"2023-10-21T00:41:15Z","quarto-1.4.435-checksums.txt",182
"2023-10-21T00:41:15Z","quarto-1.4.435-linux-amd64.deb",383
"2023-10-21T00:41:15Z","quarto-1.4.435-linux-amd64.tar.gz",183
"2023-10-21T00:41:15Z","quarto-1.4.435-linux-arm64.deb",171
"2023-10-21T00:41:15Z","quarto-1.4.435-linux-arm64.tar.gz",171
"2023-10-21T00:41:15Z","quarto-1.4.435-linux-rhel7-amd64.tar.gz",169
"2023-10-21T00:41:15Z","quarto-1.4.435-macos.pkg",196
"2023-10-21T00:41:15Z","quarto-1.4.435-macos.tar.gz",177
"2023-10-21T00:41:15Z","quarto-1.4.435-win.msi",201
"2023-10-21T00:41:15Z","quarto-1.4.435-win.zip",176
"2023-10-21T00:41:15Z","quarto-1.4.435.tar.gz",170
"2023-10-20T21:36:21Z","changelog.md",11
"2023-10-20T21:36:21Z","quarto-1.4.434-checksums.txt",15
"2023-10-20T21:36:21Z","quarto-1.4.434-linux-amd64.deb",27
"2023-10-20T21:36:21Z","quarto-1.4.434-linux-amd64.tar.gz",15
"2023-10-20T21:36:21Z","quarto-1.4.434-linux-arm64.deb",11
"2023-10-20T21:36:21Z","quarto-1.4.434-linux-arm64.tar.gz",13
"2023-10-20T21:36:21Z","quarto-1.4.434-linux-rhel7-amd64.tar.gz",11
"2023-10-20T21:36:21Z","quarto-1.4.434-macos.pkg",16
"2023-10-20T21:36:21Z","quarto-1.4.434-macos.tar.gz",19
"2023-10-20T21:36:21Z","quarto-1.4.434-win.msi",11
"2023-10-20T21:36:21Z","quarto-1.4.434-win.zip",11
"2023-10-20T21:36:21Z","quarto-1.4.434.tar.gz",11
"2023-10-20T21:36:21Z","changelog.md",3
"2023-10-20T21:36:21Z","quarto-1.4.433-checksums.txt",4
"2023-10-20T21:36:21Z","quarto-1.4.433-linux-amd64.deb",7
"2023-10-20T21:36:21Z","quarto-1.4.433-linux-amd64.tar.gz",10
"2023-10-20T21:36:21Z","quarto-1.4.433-linux-arm64.deb",3
"2023-10-20T21:36:21Z","quarto-1.4.433-linux-arm64.tar.gz",4
"2023-10-20T21:36:21Z","quarto-1.4.433-linux-rhel7-amd64.tar.gz",3
"2023-10-20T21:36:21Z","quarto-1.4.433-macos.pkg",8
"2023-10-20T21:36:21Z","quarto-1.4.433-macos.tar.gz",8
"2023-10-20T21:36:21Z","quarto-1.4.433-win.msi",3
"2023-10-20T21:36:21Z","quarto-1.4.433-win.zip",3
"2023-10-20T21:36:21Z","quarto-1.4.433.tar.gz",3
"2023-10-19T21:23:02Z","changelog.md",25
"2023-10-19T21:23:02Z","quarto-1.4.432-checksums.txt",25
"2023-10-19T21:23:02Z","quarto-1.4.432-linux-amd64.deb",58
"2023-10-19T21:23:02Z","quarto-1.4.432-linux-amd64.tar.gz",27
"2023-10-19T21:23:02Z","quarto-1.4.432-linux-arm64.deb",24
"2023-10-19T21:23:02Z","quarto-1.4.432-linux-arm64.tar.gz",25
"2023-10-19T21:23:02Z","quarto-1.4.432-linux-rhel7-amd64.tar.gz",24
"2023-10-19T21:23:02Z","quarto-1.4.432-macos.pkg",33
"2023-10-19T21:23:02Z","quarto-1.4.432-macos.tar.gz",33
"2023-10-19T21:23:02Z","quarto-1.4.432-win.msi",25
"2023-10-19T21:23:02Z","quarto-1.4.432-win.zip",26
"2023-10-19T21:23:02Z","quarto-1.4.432.tar.gz",24
"2023-10-18T20:15:26Z","changelog.md",176
"2023-10-18T20:15:26Z","quarto-1.4.429-checksums.txt",182
"2023-10-18T20:15:26Z","quarto-1.4.429-linux-amd64.deb",434
"2023-10-18T20:15:26Z","quarto-1.4.429-linux-amd64.tar.gz",206
"2023-10-18T20:15:26Z","quarto-1.4.429-linux-arm64.deb",174
"2023-10-18T20:15:26Z","quarto-1.4.429-linux-arm64.tar.gz",189
"2023-10-18T20:15:26Z","quarto-1.4.429-linux-rhel7-amd64.tar.gz",176
"2023-10-18T20:15:26Z","quarto-1.4.429-macos.pkg",200
"2023-10-18T20:15:26Z","quarto-1.4.429-macos.tar.gz",189
"2023-10-18T20:15:26Z","quarto-1.4.429-win.msi",218
"2023-10-18T20:15:26Z","quarto-1.4.429-win.zip",195
"2023-10-18T20:15:26Z","quarto-1.4.429.tar.gz",170
"2023-10-18T11:29:55Z","changelog.md",34
"2023-10-18T11:29:55Z","quarto-1.4.428-checksums.txt",36
"2023-10-18T11:29:55Z","quarto-1.4.428-linux-amd64.deb",129
"2023-10-18T11:29:55Z","quarto-1.4.428-linux-amd64.tar.gz",36
"2023-10-18T11:29:55Z","quarto-1.4.428-linux-arm64.deb",34
"2023-10-18T11:29:55Z","quarto-1.4.428-linux-arm64.tar.gz",41
"2023-10-18T11:29:55Z","quarto-1.4.428-linux-rhel7-amd64.tar.gz",34
"2023-10-18T11:29:55Z","quarto-1.4.428-macos.pkg",46
"2023-10-18T11:29:55Z","quarto-1.4.428-macos.tar.gz",39
"2023-10-18T11:29:55Z","quarto-1.4.428-win.msi",48
"2023-10-18T11:29:55Z","quarto-1.4.428-win.zip",36
"2023-10-18T11:29:55Z","quarto-1.4.428.tar.gz",34
"2023-10-15T18:38:24Z","changelog.md",255
"2023-10-15T18:38:24Z","quarto-1.4.424-checksums.txt",269
"2023-10-15T18:38:24Z","quarto-1.4.424-linux-amd64.deb",574
"2023-10-15T18:38:24Z","quarto-1.4.424-linux-amd64.tar.gz",287
"2023-10-15T18:38:24Z","quarto-1.4.424-linux-arm64.deb",252
"2023-10-15T18:38:24Z","quarto-1.4.424-linux-arm64.tar.gz",268
"2023-10-15T18:38:24Z","quarto-1.4.424-linux-rhel7-amd64.tar.gz",253
"2023-10-15T18:38:24Z","quarto-1.4.424-macos.pkg",303
"2023-10-15T18:38:24Z","quarto-1.4.424-macos.tar.gz",276
"2023-10-15T18:38:24Z","quarto-1.4.424-win.msi",298
"2023-10-15T18:38:24Z","quarto-1.4.424-win.zip",266
"2023-10-15T18:38:24Z","quarto-1.4.424.tar.gz",251
"2023-10-14T20:00:23Z","changelog.md",85
"2023-10-14T20:00:23Z","quarto-1.4.422-checksums.txt",90
"2023-10-14T20:00:23Z","quarto-1.4.422-linux-amd64.deb",168
"2023-10-14T20:00:23Z","quarto-1.4.422-linux-amd64.tar.gz",92
"2023-10-14T20:00:23Z","quarto-1.4.422-linux-arm64.deb",83
"2023-10-14T20:00:23Z","quarto-1.4.422-linux-arm64.tar.gz",91
"2023-10-14T20:00:23Z","quarto-1.4.422-linux-rhel7-amd64.tar.gz",82
"2023-10-14T20:00:23Z","quarto-1.4.422-macos.pkg",98
"2023-10-14T20:00:23Z","quarto-1.4.422-macos.tar.gz",91
"2023-10-14T20:00:23Z","quarto-1.4.422-win.msi",86
"2023-10-14T20:00:23Z","quarto-1.4.422-win.zip",85
"2023-10-14T20:00:23Z","quarto-1.4.422.tar.gz",83
"2023-10-13T04:32:47Z","changelog.md",142
"2023-10-13T04:32:47Z","quarto-1.4.420-checksums.txt",148
"2023-10-13T04:32:47Z","quarto-1.4.420-linux-amd64.deb",267
"2023-10-13T04:32:47Z","quarto-1.4.420-linux-amd64.tar.gz",149
"2023-10-13T04:32:47Z","quarto-1.4.420-linux-arm64.deb",140
"2023-10-13T04:32:47Z","quarto-1.4.420-linux-arm64.tar.gz",140
"2023-10-13T04:32:47Z","quarto-1.4.420-linux-rhel7-amd64.tar.gz",137
"2023-10-13T04:32:47Z","quarto-1.4.420-macos.pkg",165
"2023-10-13T04:32:47Z","quarto-1.4.420-macos.tar.gz",148
"2023-10-13T04:32:47Z","quarto-1.4.420-win.msi",158
"2023-10-13T04:32:47Z","quarto-1.4.420-win.zip",150
"2023-10-13T04:32:47Z","quarto-1.4.420.tar.gz",136
"2023-10-12T16:47:56Z","changelog.md",72
"2023-10-12T16:47:56Z","quarto-1.4.418-checksums.txt",79
"2023-10-12T16:47:56Z","quarto-1.4.418-linux-amd64.deb",155
"2023-10-12T16:47:56Z","quarto-1.4.418-linux-amd64.tar.gz",77
"2023-10-12T16:47:56Z","quarto-1.4.418-linux-arm64.deb",73
"2023-10-12T16:47:56Z","quarto-1.4.418-linux-arm64.tar.gz",73
"2023-10-12T16:47:56Z","quarto-1.4.418-linux-rhel7-amd64.tar.gz",74
"2023-10-12T16:47:56Z","quarto-1.4.418-macos.pkg",90
"2023-10-12T16:47:56Z","quarto-1.4.418-macos.tar.gz",80
"2023-10-12T16:47:56Z","quarto-1.4.418-win.msi",86
"2023-10-12T16:47:56Z","quarto-1.4.418-win.zip",75
"2023-10-12T16:47:56Z","quarto-1.4.418.tar.gz",71
"2023-10-10T18:44:07Z","changelog.md",179
"2023-10-10T18:44:07Z","quarto-1.4.415-checksums.txt",191
"2023-10-10T18:44:07Z","quarto-1.4.415-linux-amd64.deb",443
"2023-10-10T18:44:07Z","quarto-1.4.415-linux-amd64.tar.gz",215
"2023-10-10T18:44:07Z","quarto-1.4.415-linux-arm64.deb",178
"2023-10-10T18:44:07Z","quarto-1.4.415-linux-arm64.tar.gz",179
"2023-10-10T18:44:07Z","quarto-1.4.415-linux-rhel7-amd64.tar.gz",181
"2023-10-10T18:44:07Z","quarto-1.4.415-macos.pkg",219
"2023-10-10T18:44:07Z","quarto-1.4.415-macos.tar.gz",193
"2023-10-10T18:44:07Z","quarto-1.4.415-win.msi",224
"2023-10-10T18:44:07Z","quarto-1.4.415-win.zip",200
"2023-10-10T18:44:07Z","quarto-1.4.415.tar.gz",177
"2023-10-10T15:06:49Z","changelog.md",17
"2023-10-10T15:06:49Z","quarto-1.4.414-checksums.txt",18
"2023-10-10T15:06:49Z","quarto-1.4.414-linux-amd64.deb",47
"2023-10-10T15:06:49Z","quarto-1.4.414-linux-amd64.tar.gz",21
"2023-10-10T15:06:49Z","quarto-1.4.414-linux-arm64.deb",17
"2023-10-10T15:06:49Z","quarto-1.4.414-linux-arm64.tar.gz",19
"2023-10-10T15:06:49Z","quarto-1.4.414-linux-rhel7-amd64.tar.gz",19
"2023-10-10T15:06:49Z","quarto-1.4.414-macos.pkg",35
"2023-10-10T15:06:49Z","quarto-1.4.414-macos.tar.gz",24
"2023-10-10T15:06:49Z","quarto-1.4.414-win.msi",19
"2023-10-10T15:06:49Z","quarto-1.4.414-win.zip",20
"2023-10-10T15:06:49Z","quarto-1.4.414.tar.gz",17
"2023-10-10T02:28:51Z","changelog.md",55
"2023-10-10T02:28:51Z","quarto-1.4.412-checksums.txt",55
"2023-10-10T02:28:51Z","quarto-1.4.412-linux-amd64.deb",131
"2023-10-10T02:28:51Z","quarto-1.4.412-linux-amd64.tar.gz",55
"2023-10-10T02:28:51Z","quarto-1.4.412-linux-arm64.deb",53
"2023-10-10T02:28:51Z","quarto-1.4.412-linux-arm64.tar.gz",54
"2023-10-10T02:28:51Z","quarto-1.4.412-linux-rhel7-amd64.tar.gz",54
"2023-10-10T02:28:51Z","quarto-1.4.412-macos.pkg",60
"2023-10-10T02:28:51Z","quarto-1.4.412-macos.tar.gz",56
"2023-10-10T02:28:51Z","quarto-1.4.412-win.msi",60
"2023-10-10T02:28:51Z","quarto-1.4.412-win.zip",73
"2023-10-10T02:28:51Z","quarto-1.4.412.tar.gz",52
"2023-10-10T00:14:13Z","changelog.md",9
"2023-10-10T00:14:13Z","quarto-1.4.411-checksums.txt",9
"2023-10-10T00:14:13Z","quarto-1.4.411-linux-amd64.deb",23
"2023-10-10T00:14:13Z","quarto-1.4.411-linux-amd64.tar.gz",10
"2023-10-10T00:14:13Z","quarto-1.4.411-linux-arm64.deb",8
"2023-10-10T00:14:13Z","quarto-1.4.411-linux-arm64.tar.gz",9
"2023-10-10T00:14:13Z","quarto-1.4.411-linux-rhel7-amd64.tar.gz",10
"2023-10-10T00:14:13Z","quarto-1.4.411-macos.pkg",14
"2023-10-10T00:14:13Z","quarto-1.4.411-macos.tar.gz",13
"2023-10-10T00:14:13Z","quarto-1.4.411-win.msi",9
"2023-10-10T00:14:13Z","quarto-1.4.411-win.zip",8
"2023-10-10T00:14:13Z","quarto-1.4.411.tar.gz",8
"2023-10-09T16:29:54Z","changelog.md",36
"2023-10-09T16:29:54Z","quarto-1.4.410-checksums.txt",35
"2023-10-09T16:29:54Z","quarto-1.4.410-linux-amd64.deb",175
"2023-10-09T16:29:54Z","quarto-1.4.410-linux-amd64.tar.gz",35
"2023-10-09T16:29:54Z","quarto-1.4.410-linux-arm64.deb",33
"2023-10-09T16:29:54Z","quarto-1.4.410-linux-arm64.tar.gz",34
"2023-10-09T16:29:54Z","quarto-1.4.410-linux-rhel7-amd64.tar.gz",35
"2023-10-09T16:29:54Z","quarto-1.4.410-macos.pkg",39
"2023-10-09T16:29:54Z","quarto-1.4.410-macos.tar.gz",36
"2023-10-09T16:29:54Z","quarto-1.4.410-win.msi",41
"2023-10-09T16:29:54Z","quarto-1.4.410-win.zip",40
"2023-10-09T16:29:54Z","quarto-1.4.410.tar.gz",32
"2023-10-06T19:40:57Z","changelog.md",195
"2023-10-06T19:40:57Z","quarto-1.4.404-checksums.txt",203
"2023-10-06T19:40:57Z","quarto-1.4.404-linux-amd64.deb",380
"2023-10-06T19:40:57Z","quarto-1.4.404-linux-amd64.tar.gz",198
"2023-10-06T19:40:57Z","quarto-1.4.404-linux-arm64.deb",192
"2023-10-06T19:40:57Z","quarto-1.4.404-linux-arm64.tar.gz",192
"2023-10-06T19:40:57Z","quarto-1.4.404-linux-rhel7-amd64.tar.gz",192
"2023-10-06T19:40:57Z","quarto-1.4.404-macos.pkg",215
"2023-10-06T19:40:57Z","quarto-1.4.404-macos.tar.gz",197
"2023-10-06T19:40:57Z","quarto-1.4.404-win.msi",230
"2023-10-06T19:40:57Z","quarto-1.4.404-win.zip",211
"2023-10-06T19:40:57Z","quarto-1.4.404.tar.gz",189
"2023-10-02T13:38:44Z","changelog.md",483
"2023-10-02T13:38:44Z","quarto-1.4.398-checksums.txt",504
"2023-10-02T13:38:44Z","quarto-1.4.398-linux-amd64.deb",1009
"2023-10-02T13:38:44Z","quarto-1.4.398-linux-amd64.tar.gz",1415
"2023-10-02T13:38:44Z","quarto-1.4.398-linux-arm64.deb",480
"2023-10-02T13:38:44Z","quarto-1.4.398-linux-arm64.tar.gz",484
"2023-10-02T13:38:44Z","quarto-1.4.398-linux-rhel7-amd64.tar.gz",478
"2023-10-02T13:38:44Z","quarto-1.4.398-macos.pkg",548
"2023-10-02T13:38:44Z","quarto-1.4.398-macos.tar.gz",500
"2023-10-02T13:38:44Z","quarto-1.4.398-win.msi",538
"2023-10-02T13:38:44Z","quarto-1.4.398-win.zip",497
"2023-10-02T13:38:44Z","quarto-1.4.398.tar.gz",474
"2023-09-30T21:13:21Z","changelog.md",161
"2023-09-30T21:13:21Z","quarto-1.4.395-checksums.txt",169
"2023-09-30T21:13:21Z","quarto-1.4.395-linux-amd64.deb",344
"2023-09-30T21:13:21Z","quarto-1.4.395-linux-amd64.tar.gz",175
"2023-09-30T21:13:21Z","quarto-1.4.395-linux-arm64.deb",160
"2023-09-30T21:13:21Z","quarto-1.4.395-linux-arm64.tar.gz",160
"2023-09-30T21:13:21Z","quarto-1.4.395-linux-rhel7-amd64.tar.gz",162
"2023-09-30T21:13:21Z","quarto-1.4.395-macos.pkg",195
"2023-09-30T21:13:21Z","quarto-1.4.395-macos.tar.gz",173
"2023-09-30T21:13:21Z","quarto-1.4.395-win.msi",180
"2023-09-30T21:13:21Z","quarto-1.4.395-win.zip",169
"2023-09-30T21:13:21Z","quarto-1.4.395.tar.gz",158
"2023-09-30T17:05:01Z","changelog.md",20
"2023-09-30T17:05:01Z","quarto-1.4.394-checksums.txt",20
"2023-09-30T17:05:01Z","quarto-1.4.394-linux-amd64.deb",28
"2023-09-30T17:05:01Z","quarto-1.4.394-linux-amd64.tar.gz",25
"2023-09-30T17:05:01Z","quarto-1.4.394-linux-arm64.deb",20
"2023-09-30T17:05:01Z","quarto-1.4.394-linux-arm64.tar.gz",21
"2023-09-30T17:05:01Z","quarto-1.4.394-linux-rhel7-amd64.tar.gz",22
"2023-09-30T17:05:01Z","quarto-1.4.394-macos.pkg",29
"2023-09-30T17:05:01Z","quarto-1.4.394-macos.tar.gz",29
"2023-09-30T17:05:01Z","quarto-1.4.394-win.msi",23
"2023-09-30T17:05:01Z","quarto-1.4.394-win.zip",23
"2023-09-30T17:05:01Z","quarto-1.4.394.tar.gz",21
"2023-09-29T15:16:22Z","changelog.md",96
"2023-09-29T15:16:22Z","quarto-1.4.392-checksums.txt",104
"2023-09-29T15:16:22Z","quarto-1.4.392-linux-amd64.deb",178
"2023-09-29T15:16:22Z","quarto-1.4.392-linux-amd64.tar.gz",104
"2023-09-29T15:16:22Z","quarto-1.4.392-linux-arm64.deb",97
"2023-09-29T15:16:22Z","quarto-1.4.392-linux-arm64.tar.gz",99
"2023-09-29T15:16:22Z","quarto-1.4.392-linux-rhel7-amd64.tar.gz",96
"2023-09-29T15:16:22Z","quarto-1.4.392-macos.pkg",109
"2023-09-29T15:16:22Z","quarto-1.4.392-macos.tar.gz",108
"2023-09-29T15:16:22Z","quarto-1.4.392-win.msi",109
"2023-09-29T15:16:22Z","quarto-1.4.392-win.zip",100
"2023-09-29T15:16:22Z","quarto-1.4.392.tar.gz",95
"2023-09-29T13:47:01Z","changelog.md",16
"2023-09-29T13:47:01Z","quarto-1.4.391-checksums.txt",15
"2023-09-29T13:47:01Z","quarto-1.4.391-linux-amd64.deb",50
"2023-09-29T13:47:01Z","quarto-1.4.391-linux-amd64.tar.gz",21
"2023-09-29T13:47:01Z","quarto-1.4.391-linux-arm64.deb",16
"2023-09-29T13:47:01Z","quarto-1.4.391-linux-arm64.tar.gz",18
"2023-09-29T13:47:01Z","quarto-1.4.391-linux-rhel7-amd64.tar.gz",15
"2023-09-29T13:47:01Z","quarto-1.4.391-macos.pkg",21
"2023-09-29T13:47:01Z","quarto-1.4.391-macos.tar.gz",22
"2023-09-29T13:47:01Z","quarto-1.4.391-win.msi",18
"2023-09-29T13:47:01Z","quarto-1.4.391-win.zip",15
"2023-09-29T13:47:01Z","quarto-1.4.391.tar.gz",15
"2023-09-27T15:29:03Z","changelog.md",185
"2023-09-27T15:29:03Z","quarto-1.4.388-checksums.txt",194
"2023-09-27T15:29:03Z","quarto-1.4.388-linux-amd64.deb",559
"2023-09-27T15:29:03Z","quarto-1.4.388-linux-amd64.tar.gz",220
"2023-09-27T15:29:03Z","quarto-1.4.388-linux-arm64.deb",183
"2023-09-27T15:29:03Z","quarto-1.4.388-linux-arm64.tar.gz",192
"2023-09-27T15:29:03Z","quarto-1.4.388-linux-rhel7-amd64.tar.gz",183
"2023-09-27T15:29:03Z","quarto-1.4.388-macos.pkg",221
"2023-09-27T15:29:03Z","quarto-1.4.388-macos.tar.gz",207
"2023-09-27T15:29:03Z","quarto-1.4.388-win.msi",209
"2023-09-27T15:29:03Z","quarto-1.4.388-win.zip",201
"2023-09-27T15:29:03Z","quarto-1.4.388.tar.gz",180
"2023-09-26T20:26:08Z","changelog.md",84
"2023-09-26T20:26:08Z","quarto-1.4.386-checksums.txt",82
"2023-09-26T20:26:08Z","quarto-1.4.386-linux-amd64.deb",196
"2023-09-26T20:26:08Z","quarto-1.4.386-linux-amd64.tar.gz",95
"2023-09-26T20:26:08Z","quarto-1.4.386-linux-arm64.deb",83
"2023-09-26T20:26:08Z","quarto-1.4.386-linux-arm64.tar.gz",83
"2023-09-26T20:26:08Z","quarto-1.4.386-linux-rhel7-amd64.tar.gz",78
"2023-09-26T20:26:08Z","quarto-1.4.386-macos.pkg",99
"2023-09-26T20:26:08Z","quarto-1.4.386-macos.tar.gz",85
"2023-09-26T20:26:08Z","quarto-1.4.386-win.msi",90
"2023-09-26T20:26:08Z","quarto-1.4.386-win.zip",84
"2023-09-26T20:26:08Z","quarto-1.4.386.tar.gz",76
"2023-09-26T17:24:53Z","changelog.md",13
"2023-09-26T17:24:53Z","quarto-1.4.385-checksums.txt",14
"2023-09-26T17:24:53Z","quarto-1.4.385-linux-amd64.deb",43
"2023-09-26T17:24:53Z","quarto-1.4.385-linux-amd64.tar.gz",20
"2023-09-26T17:24:53Z","quarto-1.4.385-linux-arm64.deb",14
"2023-09-26T17:24:53Z","quarto-1.4.385-linux-arm64.tar.gz",15
"2023-09-26T17:24:53Z","quarto-1.4.385-linux-rhel7-amd64.tar.gz",14
"2023-09-26T17:24:53Z","quarto-1.4.385-macos.pkg",17
"2023-09-26T17:24:53Z","quarto-1.4.385-macos.tar.gz",21
"2023-09-26T17:24:53Z","quarto-1.4.385-win.msi",17
"2023-09-26T17:24:53Z","quarto-1.4.385-win.zip",15
"2023-09-26T17:24:53Z","quarto-1.4.385.tar.gz",14
"2023-09-25T20:41:12Z","changelog.md",84
"2023-09-25T20:41:12Z","quarto-1.4.383-checksums.txt",89
"2023-09-25T20:41:12Z","quarto-1.4.383-linux-amd64.deb",200
"2023-09-25T20:41:12Z","quarto-1.4.383-linux-amd64.tar.gz",88
"2023-09-25T20:41:12Z","quarto-1.4.383-linux-arm64.deb",83
"2023-09-25T20:41:12Z","quarto-1.4.383-linux-arm64.tar.gz",83
"2023-09-25T20:41:12Z","quarto-1.4.383-linux-rhel7-amd64.tar.gz",83
"2023-09-25T20:41:12Z","quarto-1.4.383-macos.pkg",102
"2023-09-25T20:41:12Z","quarto-1.4.383-macos.tar.gz",97
"2023-09-25T20:41:12Z","quarto-1.4.383-win.msi",98
"2023-09-25T20:41:12Z","quarto-1.4.383-win.zip",94
"2023-09-25T20:41:12Z","quarto-1.4.383.tar.gz",83
"2023-09-25T12:24:08Z","changelog.md",40
"2023-09-25T12:24:08Z","quarto-1.4.382-checksums.txt",38
"2023-09-25T12:24:08Z","quarto-1.4.382-linux-amd64.deb",109
"2023-09-25T12:24:08Z","quarto-1.4.382-linux-amd64.tar.gz",56
"2023-09-25T12:24:08Z","quarto-1.4.382-linux-arm64.deb",38
"2023-09-25T12:24:08Z","quarto-1.4.382-linux-arm64.tar.gz",43
"2023-09-25T12:24:08Z","quarto-1.4.382-linux-rhel7-amd64.tar.gz",38
"2023-09-25T12:24:08Z","quarto-1.4.382-macos.pkg",54
"2023-09-25T12:24:08Z","quarto-1.4.382-macos.tar.gz",44
"2023-09-25T12:24:08Z","quarto-1.4.382-win.msi",49
"2023-09-25T12:24:08Z","quarto-1.4.382-win.zip",44
"2023-09-25T12:24:08Z","quarto-1.4.382.tar.gz",37
"2023-09-20T02:17:39Z","changelog.md",457
"2023-09-20T02:17:39Z","quarto-1.4.376-checksums.txt",483
"2023-09-20T02:17:39Z","quarto-1.4.376-linux-amd64.deb",941
"2023-09-20T02:17:39Z","quarto-1.4.376-linux-amd64.tar.gz",488
"2023-09-20T02:17:39Z","quarto-1.4.376-linux-arm64.deb",466
"2023-09-20T02:17:39Z","quarto-1.4.376-linux-arm64.tar.gz",464
"2023-09-20T02:17:39Z","quarto-1.4.376-linux-rhel7-amd64.tar.gz",461
"2023-09-20T02:17:39Z","quarto-1.4.376-macos.pkg",520
"2023-09-20T02:17:39Z","quarto-1.4.376-macos.tar.gz",479
"2023-09-20T02:17:39Z","quarto-1.4.376-win.msi",533
"2023-09-20T02:17:39Z","quarto-1.4.376-win.zip",479
"2023-09-20T02:17:39Z","quarto-1.4.376.tar.gz",455
"2023-09-18T16:00:47Z","changelog.md",183
"2023-09-18T16:00:47Z","quarto-1.4.373-checksums.txt",194
"2023-09-18T16:00:47Z","quarto-1.4.373-linux-amd64.deb",417
"2023-09-18T16:00:47Z","quarto-1.4.373-linux-amd64.tar.gz",217
"2023-09-18T16:00:47Z","quarto-1.4.373-linux-arm64.deb",189
"2023-09-18T16:00:47Z","quarto-1.4.373-linux-arm64.tar.gz",187
"2023-09-18T16:00:47Z","quarto-1.4.373-linux-rhel7-amd64.tar.gz",185
"2023-09-18T16:00:47Z","quarto-1.4.373-macos.pkg",224
"2023-09-18T16:00:47Z","quarto-1.4.373-macos.tar.gz",194
"2023-09-18T16:00:47Z","quarto-1.4.373-win.msi",216
"2023-09-18T16:00:47Z","quarto-1.4.373-win.zip",212
"2023-09-18T16:00:47Z","quarto-1.4.373.tar.gz",180
"2023-09-17T15:49:48Z","changelog.md",98
"2023-09-17T15:49:48Z","quarto-1.4.371-checksums.txt",102
"2023-09-17T15:49:48Z","quarto-1.4.371-linux-amd64.deb",256
"2023-09-17T15:49:48Z","quarto-1.4.371-linux-amd64.tar.gz",110
"2023-09-17T15:49:48Z","quarto-1.4.371-linux-arm64.deb",96
"2023-09-17T15:49:48Z","quarto-1.4.371-linux-arm64.tar.gz",96
"2023-09-17T15:49:48Z","quarto-1.4.371-linux-rhel7-amd64.tar.gz",96
"2023-09-17T15:49:48Z","quarto-1.4.371-macos.pkg",110
"2023-09-17T15:49:48Z","quarto-1.4.371-macos.tar.gz",102
"2023-09-17T15:49:48Z","quarto-1.4.371-win.msi",117
"2023-09-17T15:49:48Z","quarto-1.4.371-win.zip",110
"2023-09-17T15:49:48Z","quarto-1.4.371.tar.gz",96
"2023-09-15T22:41:06Z","changelog.md",85
"2023-09-15T22:41:06Z","quarto-1.4.369-checksums.txt",89
"2023-09-15T22:41:06Z","quarto-1.4.369-linux-amd64.deb",175
"2023-09-15T22:41:06Z","quarto-1.4.369-linux-amd64.tar.gz",91
"2023-09-15T22:41:06Z","quarto-1.4.369-linux-arm64.deb",81
"2023-09-15T22:41:06Z","quarto-1.4.369-linux-arm64.tar.gz",82
"2023-09-15T22:41:06Z","quarto-1.4.369-linux-rhel7-amd64.tar.gz",81
"2023-09-15T22:41:06Z","quarto-1.4.369-macos.pkg",94
"2023-09-15T22:41:06Z","quarto-1.4.369-macos.tar.gz",90
"2023-09-15T22:41:06Z","quarto-1.4.369-win.msi",85
"2023-09-15T22:41:06Z","quarto-1.4.369-win.zip",86
"2023-09-15T22:41:06Z","quarto-1.4.369.tar.gz",81
"2023-09-15T21:14:04Z","changelog.md",93
"2023-09-15T21:14:04Z","quarto-1.4.367-checksums.txt",95
"2023-09-15T21:14:04Z","quarto-1.4.367-linux-amd64.deb",201
"2023-09-15T21:14:04Z","quarto-1.4.367-linux-amd64.tar.gz",99
"2023-09-15T21:14:04Z","quarto-1.4.367-linux-arm64.deb",89
"2023-09-15T21:14:04Z","quarto-1.4.367-linux-arm64.tar.gz",89
"2023-09-15T21:14:04Z","quarto-1.4.367-linux-rhel7-amd64.tar.gz",88
"2023-09-15T21:14:04Z","quarto-1.4.367-macos.pkg",105
"2023-09-15T21:14:04Z","quarto-1.4.367-macos.tar.gz",94
"2023-09-15T21:14:04Z","quarto-1.4.367-win.msi",101
"2023-09-15T21:14:04Z","quarto-1.4.367-win.zip",92
"2023-09-15T21:14:04Z","quarto-1.4.367.tar.gz",88
"2023-09-14T19:43:37Z","changelog.md",40
"2023-09-14T19:43:37Z","quarto-1.4.366-checksums.txt",40
"2023-09-14T19:43:37Z","quarto-1.4.366-linux-amd64.deb",136
"2023-09-14T19:43:37Z","quarto-1.4.366-linux-amd64.tar.gz",53
"2023-09-14T19:43:37Z","quarto-1.4.366-linux-arm64.deb",44
"2023-09-14T19:43:37Z","quarto-1.4.366-linux-arm64.tar.gz",40
"2023-09-14T19:43:37Z","quarto-1.4.366-linux-rhel7-amd64.tar.gz",40
"2023-09-14T19:43:37Z","quarto-1.4.366-macos.pkg",54
"2023-09-14T19:43:37Z","quarto-1.4.366-macos.tar.gz",49
"2023-09-14T19:43:37Z","quarto-1.4.366-win.msi",48
"2023-09-14T19:43:37Z","quarto-1.4.366-win.zip",47
"2023-09-14T19:43:37Z","quarto-1.4.366.tar.gz",39
"2023-09-09T16:47:47Z","changelog.md",539
"2023-09-09T16:47:47Z","quarto-1.4.358-checksums.txt",568
"2023-09-09T16:47:47Z","quarto-1.4.358-linux-amd64.deb",1751
"2023-09-09T16:47:47Z","quarto-1.4.358-linux-amd64.tar.gz",582
"2023-09-09T16:47:47Z","quarto-1.4.358-linux-arm64.deb",539
"2023-09-09T16:47:47Z","quarto-1.4.358-linux-arm64.tar.gz",539
"2023-09-09T16:47:47Z","quarto-1.4.358-linux-rhel7-amd64.tar.gz",542
"2023-09-09T16:47:47Z","quarto-1.4.358-macos.pkg",613
"2023-09-09T16:47:47Z","quarto-1.4.358-macos.tar.gz",564
"2023-09-09T16:47:47Z","quarto-1.4.358-win.msi",599
"2023-09-09T16:47:47Z","quarto-1.4.358-win.zip",561
"2023-09-09T16:47:47Z","quarto-1.4.358.tar.gz",531
"2023-09-09T13:00:10Z","changelog.md",19
"2023-09-09T13:00:10Z","quarto-1.4.357-checksums.txt",20
"2023-09-09T13:00:10Z","quarto-1.4.357-linux-amd64.deb",40
"2023-09-09T13:00:10Z","quarto-1.4.357-linux-amd64.tar.gz",22
"2023-09-09T13:00:10Z","quarto-1.4.357-linux-arm64.deb",20
"2023-09-09T13:00:10Z","quarto-1.4.357-linux-arm64.tar.gz",21
"2023-09-09T13:00:10Z","quarto-1.4.357-linux-rhel7-amd64.tar.gz",20
"2023-09-09T13:00:10Z","quarto-1.4.357-macos.pkg",28
"2023-09-09T13:00:10Z","quarto-1.4.357-macos.tar.gz",25
"2023-09-09T13:00:10Z","quarto-1.4.357-win.msi",19
"2023-09-09T13:00:10Z","quarto-1.4.357-win.zip",20
"2023-09-09T13:00:10Z","quarto-1.4.357.tar.gz",20
"2023-09-08T19:19:54Z","changelog.md",74
"2023-09-08T19:19:54Z","quarto-1.4.355-checksums.txt",78
"2023-09-08T19:19:54Z","quarto-1.4.355-linux-amd64.deb",137
"2023-09-08T19:19:54Z","quarto-1.4.355-linux-amd64.tar.gz",84
"2023-09-08T19:19:54Z","quarto-1.4.355-linux-arm64.deb",73
"2023-09-08T19:19:54Z","quarto-1.4.355-linux-arm64.tar.gz",74
"2023-09-08T19:19:54Z","quarto-1.4.355-linux-rhel7-amd64.tar.gz",75
"2023-09-08T19:19:54Z","quarto-1.4.355-macos.pkg",81
"2023-09-08T19:19:54Z","quarto-1.4.355-macos.tar.gz",80
"2023-09-08T19:19:54Z","quarto-1.4.355-win.msi",78
"2023-09-08T19:19:54Z","quarto-1.4.355-win.zip",79
"2023-09-08T19:19:54Z","quarto-1.4.355.tar.gz",73
"2023-09-08T17:56:36Z","changelog.md",9
"2023-09-08T17:56:36Z","quarto-1.4.354-checksums.txt",10
"2023-09-08T17:56:36Z","quarto-1.4.354-linux-amd64.deb",30
"2023-09-08T17:56:36Z","quarto-1.4.354-linux-amd64.tar.gz",33
"2023-09-08T17:56:36Z","quarto-1.4.354-linux-arm64.deb",11
"2023-09-08T17:56:36Z","quarto-1.4.354-linux-arm64.tar.gz",12
"2023-09-08T17:56:36Z","quarto-1.4.354-linux-rhel7-amd64.tar.gz",10
"2023-09-08T17:56:36Z","quarto-1.4.354-macos.pkg",15
"2023-09-08T17:56:36Z","quarto-1.4.354-macos.tar.gz",15
"2023-09-08T17:56:36Z","quarto-1.4.354-win.msi",9
"2023-09-08T17:56:36Z","quarto-1.4.354-win.zip",11
"2023-09-08T17:56:36Z","quarto-1.4.354.tar.gz",10
"2023-09-08T00:04:41Z","changelog.md",73
"2023-09-08T00:04:41Z","quarto-1.4.352-checksums.txt",75
"2023-09-08T00:04:41Z","quarto-1.4.352-linux-amd64.deb",166
"2023-09-08T00:04:41Z","quarto-1.4.352-linux-amd64.tar.gz",101
"2023-09-08T00:04:41Z","quarto-1.4.352-linux-arm64.deb",75
"2023-09-08T00:04:41Z","quarto-1.4.352-linux-arm64.tar.gz",73
"2023-09-08T00:04:41Z","quarto-1.4.352-linux-rhel7-amd64.tar.gz",72
"2023-09-08T00:04:41Z","quarto-1.4.352-macos.pkg",85
"2023-09-08T00:04:41Z","quarto-1.4.352-macos.tar.gz",78
"2023-09-08T00:04:41Z","quarto-1.4.352-win.msi",83
"2023-09-08T00:04:41Z","quarto-1.4.352-win.zip",76
"2023-09-08T00:04:41Z","quarto-1.4.352.tar.gz",72
"2023-09-07T20:34:12Z","changelog.md",15
"2023-09-07T20:34:12Z","quarto-1.4.351-checksums.txt",18
"2023-09-07T20:34:12Z","quarto-1.4.351-linux-amd64.deb",38
"2023-09-07T20:34:12Z","quarto-1.4.351-linux-amd64.tar.gz",20
"2023-09-07T20:34:12Z","quarto-1.4.351-linux-arm64.deb",17
"2023-09-07T20:34:12Z","quarto-1.4.351-linux-arm64.tar.gz",17
"2023-09-07T20:34:12Z","quarto-1.4.351-linux-rhel7-amd64.tar.gz",16
"2023-09-07T20:34:12Z","quarto-1.4.351-macos.pkg",21
"2023-09-07T20:34:12Z","quarto-1.4.351-macos.tar.gz",20
"2023-09-07T20:34:12Z","quarto-1.4.351-win.msi",15
"2023-09-07T20:34:12Z","quarto-1.4.351-win.zip",17
"2023-09-07T20:34:12Z","quarto-1.4.351.tar.gz",16
"2023-09-06T11:27:19Z","changelog.md",102
"2023-09-06T11:27:19Z","quarto-1.4.349-checksums.txt",106
"2023-09-06T11:27:19Z","quarto-1.4.349-linux-amd64.deb",227
"2023-09-06T11:27:19Z","quarto-1.4.349-linux-amd64.tar.gz",108
"2023-09-06T11:27:19Z","quarto-1.4.349-linux-arm64.deb",101
"2023-09-06T11:27:19Z","quarto-1.4.349-linux-arm64.tar.gz",104
"2023-09-06T11:27:19Z","quarto-1.4.349-linux-rhel7-amd64.tar.gz",100
"2023-09-06T11:27:19Z","quarto-1.4.349-macos.pkg",123
"2023-09-06T11:27:19Z","quarto-1.4.349-macos.tar.gz",109
"2023-09-06T11:27:19Z","quarto-1.4.349-win.msi",137
"2023-09-06T11:27:19Z","quarto-1.4.349-win.zip",112
"2023-09-06T11:27:19Z","quarto-1.4.349.tar.gz",100
"2023-09-04T16:57:41Z","changelog.md",194
"2023-09-04T16:57:41Z","quarto-1.4.346-checksums.txt",205
"2023-09-04T16:57:41Z","quarto-1.4.346-linux-amd64.deb",369
"2023-09-04T16:57:41Z","quarto-1.4.346-linux-amd64.tar.gz",202
"2023-09-04T16:57:41Z","quarto-1.4.346-linux-arm64.deb",196
"2023-09-04T16:57:41Z","quarto-1.4.346-linux-arm64.tar.gz",192
"2023-09-04T16:57:41Z","quarto-1.4.346-linux-rhel7-amd64.tar.gz",193
"2023-09-04T16:57:41Z","quarto-1.4.346-macos.pkg",232
"2023-09-04T16:57:41Z","quarto-1.4.346-macos.tar.gz",198
"2023-09-04T16:57:41Z","quarto-1.4.346-win.msi",266
"2023-09-04T16:57:41Z","quarto-1.4.346-win.zip",208
"2023-09-04T16:57:41Z","quarto-1.4.346.tar.gz",191
"2023-08-29T19:30:04Z","changelog.md",547
"2023-08-29T19:30:04Z","quarto-1.4.339-checksums.txt",571
"2023-08-29T19:30:04Z","quarto-1.4.339-linux-amd64.deb",1002
"2023-08-29T19:30:04Z","quarto-1.4.339-linux-amd64.tar.gz",626
"2023-08-29T19:30:04Z","quarto-1.4.339-linux-arm64.deb",553
"2023-08-29T19:30:04Z","quarto-1.4.339-linux-arm64.tar.gz",544
"2023-08-29T19:30:04Z","quarto-1.4.339-linux-rhel7-amd64.tar.gz",546
"2023-08-29T19:30:04Z","quarto-1.4.339-macos.pkg",605
"2023-08-29T19:30:04Z","quarto-1.4.339-macos.tar.gz",555
"2023-08-29T19:30:04Z","quarto-1.4.339-win.msi",602
"2023-08-29T19:30:04Z","quarto-1.4.339-win.zip",568
"2023-08-29T19:30:04Z","quarto-1.4.339.tar.gz",543
"2023-08-21T17:49:39Z","changelog.md",755
"2023-08-21T17:49:39Z","quarto-1.4.330-checksums.txt",793
"2023-08-21T17:49:39Z","quarto-1.4.330-linux-amd64.deb",1892
"2023-08-21T17:49:39Z","quarto-1.4.330-linux-amd64.tar.gz",780
"2023-08-21T17:49:39Z","quarto-1.4.330-linux-arm64.deb",762
"2023-08-21T17:49:39Z","quarto-1.4.330-linux-arm64.tar.gz",747
"2023-08-21T17:49:39Z","quarto-1.4.330-linux-rhel7-amd64.tar.gz",744
"2023-08-21T17:49:39Z","quarto-1.4.330-macos.pkg",827
"2023-08-21T17:49:39Z","quarto-1.4.330-macos.tar.gz",756
"2023-08-21T17:49:39Z","quarto-1.4.330-win.msi",811
"2023-08-21T17:49:39Z","quarto-1.4.330-win.zip",781
"2023-08-21T17:49:39Z","quarto-1.4.330.tar.gz",741
"2023-08-21T17:49:39Z","changelog.md",3
"2023-08-21T17:49:39Z","quarto-1.4.329-checksums.txt",2
"2023-08-21T17:49:39Z","quarto-1.4.329-linux-amd64.deb",32
"2023-08-21T17:49:39Z","quarto-1.4.329-linux-amd64.tar.gz",4
"2023-08-21T17:49:39Z","quarto-1.4.329-linux-arm64.deb",2
"2023-08-21T17:49:39Z","quarto-1.4.329-linux-arm64.tar.gz",3
"2023-08-21T17:49:39Z","quarto-1.4.329-linux-rhel7-amd64.tar.gz",2
"2023-08-21T17:49:39Z","quarto-1.4.329-macos.pkg",3
"2023-08-21T17:49:39Z","quarto-1.4.329-macos.tar.gz",5
"2023-08-21T17:49:39Z","quarto-1.4.329-win.msi",2
"2023-08-21T17:49:39Z","quarto-1.4.329-win.zip",2
"2023-08-21T17:49:39Z","quarto-1.4.329.tar.gz",2
"2023-08-16T00:28:21Z","changelog.md",537
"2023-08-16T00:28:21Z","quarto-1.4.322-checksums.txt",566
"2023-08-16T00:28:21Z","quarto-1.4.322-linux-amd64.deb",987
"2023-08-16T00:28:21Z","quarto-1.4.322-linux-amd64.tar.gz",575
"2023-08-16T00:28:21Z","quarto-1.4.322-linux-arm64.deb",550
"2023-08-16T00:28:21Z","quarto-1.4.322-linux-arm64.tar.gz",531
"2023-08-16T00:28:21Z","quarto-1.4.322-linux-rhel7-amd64.tar.gz",535
"2023-08-16T00:28:21Z","quarto-1.4.322-macos.pkg",589
"2023-08-16T00:28:21Z","quarto-1.4.322-macos.tar.gz",536
"2023-08-16T00:28:21Z","quarto-1.4.322-win.msi",581
"2023-08-16T00:28:21Z","quarto-1.4.322-win.zip",545
"2023-08-16T00:28:21Z","quarto-1.4.322.tar.gz",530
"2023-08-14T13:44:30Z","changelog.md",142
"2023-08-14T13:44:30Z","quarto-1.4.320-checksums.txt",147
"2023-08-14T13:44:30Z","quarto-1.4.320-linux-amd64.deb",321
"2023-08-14T13:44:30Z","quarto-1.4.320-linux-amd64.tar.gz",142
"2023-08-14T13:44:30Z","quarto-1.4.320-linux-arm64.deb",139
"2023-08-14T13:44:30Z","quarto-1.4.320-linux-arm64.tar.gz",137
"2023-08-14T13:44:30Z","quarto-1.4.320-linux-rhel7-amd64.tar.gz",135
"2023-08-14T13:44:30Z","quarto-1.4.320-macos.pkg",159
"2023-08-14T13:44:30Z","quarto-1.4.320-macos.tar.gz",139
"2023-08-14T13:44:30Z","quarto-1.4.320-win.msi",156
"2023-08-14T13:44:30Z","quarto-1.4.320-win.zip",152
"2023-08-14T13:44:30Z","quarto-1.4.320.tar.gz",135
"2023-08-10T21:48:32Z","changelog.md",346
"2023-08-10T21:48:32Z","quarto-1.4.315-checksums.txt",365
"2023-08-10T21:48:32Z","quarto-1.4.315-linux-amd64.deb",957
"2023-08-10T21:48:32Z","quarto-1.4.315-linux-amd64.tar.gz",352
"2023-08-10T21:48:32Z","quarto-1.4.315-linux-arm64.deb",348
"2023-08-10T21:48:32Z","quarto-1.4.315-linux-arm64.tar.gz",342
"2023-08-10T21:48:32Z","quarto-1.4.315-linux-rhel7-amd64.tar.gz",341
"2023-08-10T21:48:32Z","quarto-1.4.315-macos.pkg",390
"2023-08-10T21:48:32Z","quarto-1.4.315-macos.tar.gz",345
"2023-08-10T21:48:32Z","quarto-1.4.315-win.msi",379
"2023-08-10T21:48:32Z","quarto-1.4.315-win.zip",360
"2023-08-10T21:48:32Z","quarto-1.4.315.tar.gz",339
"2023-08-10T11:55:45Z","changelog.md",41
"2023-08-10T11:55:45Z","quarto-1.4.314-checksums.txt",45
"2023-08-10T11:55:45Z","quarto-1.4.314-linux-amd64.deb",84
"2023-08-10T11:55:45Z","quarto-1.4.314-linux-amd64.tar.gz",47
"2023-08-10T11:55:45Z","quarto-1.4.314-linux-arm64.deb",41
"2023-08-10T11:55:45Z","quarto-1.4.314-linux-arm64.tar.gz",42
"2023-08-10T11:55:45Z","quarto-1.4.314-linux-rhel7-amd64.tar.gz",41
"2023-08-10T11:55:45Z","quarto-1.4.314-macos.pkg",54
"2023-08-10T11:55:45Z","quarto-1.4.314-macos.tar.gz",44
"2023-08-10T11:55:45Z","quarto-1.4.314-win.msi",47
"2023-08-10T11:55:45Z","quarto-1.4.314-win.zip",45
"2023-08-10T11:55:45Z","quarto-1.4.314.tar.gz",41
"2023-08-10T11:08:14Z","changelog.md",8
"2023-08-10T11:08:14Z","quarto-1.4.313-checksums.txt",6
"2023-08-10T11:08:14Z","quarto-1.4.313-linux-amd64.deb",43
"2023-08-10T11:08:14Z","quarto-1.4.313-linux-amd64.tar.gz",9
"2023-08-10T11:08:14Z","quarto-1.4.313-linux-arm64.deb",6
"2023-08-10T11:08:14Z","quarto-1.4.313-linux-arm64.tar.gz",7
"2023-08-10T11:08:14Z","quarto-1.4.313-linux-rhel7-amd64.tar.gz",6
"2023-08-10T11:08:14Z","quarto-1.4.313-macos.pkg",9
"2023-08-10T11:08:14Z","quarto-1.4.313-macos.tar.gz",9
"2023-08-10T11:08:14Z","quarto-1.4.313-win.msi",7
"2023-08-10T11:08:14Z","quarto-1.4.313-win.zip",6
"2023-08-10T11:08:14Z","quarto-1.4.313.tar.gz",6
"2023-08-08T23:48:48Z","changelog.md",138
"2023-08-08T23:48:48Z","quarto-1.4.309-checksums.txt",144
"2023-08-08T23:48:48Z","quarto-1.4.309-linux-amd64.deb",317
"2023-08-08T23:48:48Z","quarto-1.4.309-linux-amd64.tar.gz",150
"2023-08-08T23:48:48Z","quarto-1.4.309-linux-arm64.deb",137
"2023-08-08T23:48:48Z","quarto-1.4.309-linux-arm64.tar.gz",135
"2023-08-08T23:48:48Z","quarto-1.4.309-linux-rhel7-amd64.tar.gz",133
"2023-08-08T23:48:48Z","quarto-1.4.309-macos.pkg",158
"2023-08-08T23:48:48Z","quarto-1.4.309-macos.tar.gz",141
"2023-08-08T23:48:48Z","quarto-1.4.309-win.msi",154
"2023-08-08T23:48:48Z","quarto-1.4.309-win.zip",136
"2023-08-08T23:48:48Z","quarto-1.4.309.tar.gz",133
"2023-08-08T21:56:13Z","changelog.md",9
"2023-08-08T21:56:13Z","quarto-1.4.308-checksums.txt",10
"2023-08-08T21:56:13Z","quarto-1.4.308-linux-amd64.deb",31
"2023-08-08T21:56:13Z","quarto-1.4.308-linux-amd64.tar.gz",12
"2023-08-08T21:56:13Z","quarto-1.4.308-linux-arm64.deb",9
"2023-08-08T21:56:13Z","quarto-1.4.308-linux-arm64.tar.gz",10
"2023-08-08T21:56:13Z","quarto-1.4.308-linux-rhel7-amd64.tar.gz",9
"2023-08-08T21:56:13Z","quarto-1.4.308-macos.pkg",13
"2023-08-08T21:56:13Z","quarto-1.4.308-macos.tar.gz",15
"2023-08-08T21:56:13Z","quarto-1.4.308-win.msi",9
"2023-08-08T21:56:13Z","quarto-1.4.308-win.zip",10
"2023-08-08T21:56:13Z","quarto-1.4.308.tar.gz",9
"2023-08-08T21:31:19Z","changelog.md",4
"2023-08-08T21:31:19Z","quarto-1.4.306-checksums.txt",5
"2023-08-08T21:31:19Z","quarto-1.4.306-linux-amd64.deb",8
"2023-08-08T21:31:19Z","quarto-1.4.306-linux-amd64.tar.gz",8
"2023-08-08T21:31:19Z","quarto-1.4.306-linux-arm64.deb",4
"2023-08-08T21:31:19Z","quarto-1.4.306-linux-arm64.tar.gz",5
"2023-08-08T21:31:19Z","quarto-1.4.306-linux-rhel7-amd64.tar.gz",4
"2023-08-08T21:31:19Z","quarto-1.4.306-macos.pkg",6
"2023-08-08T21:31:19Z","quarto-1.4.306-macos.tar.gz",8
"2023-08-08T21:31:19Z","quarto-1.4.306-win.msi",4
"2023-08-08T21:31:19Z","quarto-1.4.306-win.zip",7
"2023-08-08T21:31:19Z","quarto-1.4.306.tar.gz",4
"2023-08-08T14:08:01Z","changelog.md",35
"2023-08-08T14:08:01Z","quarto-1.4.303-checksums.txt",34
"2023-08-08T14:08:01Z","quarto-1.4.303-linux-amd64.deb",75
"2023-08-08T14:08:01Z","quarto-1.4.303-linux-amd64.tar.gz",35
"2023-08-08T14:08:01Z","quarto-1.4.303-linux-arm64.deb",34
"2023-08-08T14:08:01Z","quarto-1.4.303-linux-arm64.tar.gz",33
"2023-08-08T14:08:01Z","quarto-1.4.303-linux-rhel7-amd64.tar.gz",33
"2023-08-08T14:08:01Z","quarto-1.4.303-macos.pkg",45
"2023-08-08T14:08:01Z","quarto-1.4.303-macos.tar.gz",36
"2023-08-08T14:08:01Z","quarto-1.4.303-win.msi",38
"2023-08-08T14:08:01Z","quarto-1.4.303-win.zip",39
"2023-08-08T14:08:01Z","quarto-1.4.303.tar.gz",32
"2023-08-08T13:34:27Z","changelog.md",4
"2023-08-08T13:34:27Z","quarto-1.4.302-checksums.txt",4
"2023-08-08T13:34:27Z","quarto-1.4.302-linux-amd64.deb",17
"2023-08-08T13:34:27Z","quarto-1.4.302-linux-amd64.tar.gz",7
"2023-08-08T13:34:27Z","quarto-1.4.302-linux-arm64.deb",4
"2023-08-08T13:34:27Z","quarto-1.4.302-linux-arm64.tar.gz",5
"2023-08-08T13:34:27Z","quarto-1.4.302-linux-rhel7-amd64.tar.gz",4
"2023-08-08T13:34:27Z","quarto-1.4.302-macos.pkg",9
"2023-08-08T13:34:27Z","quarto-1.4.302-macos.tar.gz",8
"2023-08-08T13:34:27Z","quarto-1.4.302-win.msi",4
"2023-08-08T13:34:27Z","quarto-1.4.302-win.zip",4
"2023-08-08T13:34:27Z","quarto-1.4.302.tar.gz",4
"2023-08-07T19:10:07Z","changelog.md",73
"2023-08-07T19:10:07Z","quarto-1.4.300-checksums.txt",79
"2023-08-07T19:10:07Z","quarto-1.4.300-linux-amd64.deb",181
"2023-08-07T19:10:07Z","quarto-1.4.300-linux-amd64.tar.gz",91
"2023-08-07T19:10:07Z","quarto-1.4.300-linux-arm64.deb",84
"2023-08-07T19:10:07Z","quarto-1.4.300-linux-arm64.tar.gz",72
"2023-08-07T19:10:07Z","quarto-1.4.300-linux-rhel7-amd64.tar.gz",71
"2023-08-07T19:10:07Z","quarto-1.4.300-macos.pkg",82
"2023-08-07T19:10:07Z","quarto-1.4.300-macos.tar.gz",74
"2023-08-07T19:10:07Z","quarto-1.4.300-win.msi",88
"2023-08-07T19:10:07Z","quarto-1.4.300-win.zip",77
"2023-08-07T19:10:07Z","quarto-1.4.300.tar.gz",71
"2023-08-06T20:19:40Z","changelog.md",92
"2023-08-06T20:19:40Z","quarto-1.4.298-checksums.txt",98
"2023-08-06T20:19:40Z","quarto-1.4.298-linux-amd64.deb",167
"2023-08-06T20:19:40Z","quarto-1.4.298-linux-amd64.tar.gz",92
"2023-08-06T20:19:40Z","quarto-1.4.298-linux-arm64.deb",93
"2023-08-06T20:19:40Z","quarto-1.4.298-linux-arm64.tar.gz",90
"2023-08-06T20:19:40Z","quarto-1.4.298-linux-rhel7-amd64.tar.gz",89
"2023-08-06T20:19:40Z","quarto-1.4.298-macos.pkg",109
"2023-08-06T20:19:40Z","quarto-1.4.298-macos.tar.gz",96
"2023-08-06T20:19:40Z","quarto-1.4.298-win.msi",107
"2023-08-06T20:19:40Z","quarto-1.4.298-win.zip",94
"2023-08-06T20:19:40Z","quarto-1.4.298.tar.gz",89
"2023-08-04T17:23:09Z","changelog.md",200
"2023-08-04T17:23:09Z","quarto-1.4.294-checksums.txt",211
"2023-08-04T17:23:09Z","quarto-1.4.294-linux-amd64.deb",335
"2023-08-04T17:23:09Z","quarto-1.4.294-linux-amd64.tar.gz",207
"2023-08-04T17:23:09Z","quarto-1.4.294-linux-arm64.deb",202
"2023-08-04T17:23:09Z","quarto-1.4.294-linux-arm64.tar.gz",198
"2023-08-04T17:23:09Z","quarto-1.4.294-linux-rhel7-amd64.tar.gz",196
"2023-08-04T17:23:09Z","quarto-1.4.294-macos.pkg",230
"2023-08-04T17:23:09Z","quarto-1.4.294-macos.tar.gz",202
"2023-08-04T17:23:09Z","quarto-1.4.294-win.msi",221
"2023-08-04T17:23:09Z","quarto-1.4.294-win.zip",206
"2023-08-04T17:23:09Z","quarto-1.4.294.tar.gz",196
"2023-08-04T14:53:36Z","changelog.md",14
"2023-08-04T14:53:36Z","quarto-1.4.291-checksums.txt",12
"2023-08-04T14:53:36Z","quarto-1.4.291-linux-amd64.deb",30
"2023-08-04T14:53:36Z","quarto-1.4.291-linux-amd64.tar.gz",16
"2023-08-04T14:53:36Z","quarto-1.4.291-linux-arm64.deb",15
"2023-08-04T14:53:36Z","quarto-1.4.291-linux-arm64.tar.gz",13
"2023-08-04T14:53:36Z","quarto-1.4.291-linux-rhel7-amd64.tar.gz",12
"2023-08-04T14:53:36Z","quarto-1.4.291-macos.pkg",16
"2023-08-04T14:53:36Z","quarto-1.4.291-macos.tar.gz",17
"2023-08-04T14:53:36Z","quarto-1.4.291-win.msi",13
"2023-08-04T14:53:36Z","quarto-1.4.291-win.zip",12
"2023-08-04T14:53:36Z","quarto-1.4.291.tar.gz",12
"2023-08-04T17:35:02Z","changelog.md",15955
"2023-08-04T17:35:02Z","quarto-1.3.450-checksums.txt",16027
"2023-08-04T17:35:02Z","quarto-1.3.450-linux-amd64.deb",460313
"2023-08-04T17:35:02Z","quarto-1.3.450-linux-amd64.tar.gz",99138
"2023-08-04T17:35:02Z","quarto-1.3.450-linux-arm64.deb",18775
"2023-08-04T17:35:02Z","quarto-1.3.450-linux-arm64.tar.gz",17832
"2023-08-04T17:35:02Z","quarto-1.3.450-linux-rhel7-amd64.tar.gz",16665
"2023-08-04T17:35:02Z","quarto-1.3.450-macos.pkg",42236
"2023-08-04T17:35:02Z","quarto-1.3.450-macos.tar.gz",16329
"2023-08-04T17:35:02Z","quarto-1.3.450-win.msi",49812
"2023-08-04T17:35:02Z","quarto-1.3.450-win.zip",20473
"2023-08-04T17:35:02Z","quarto-1.3.450.tar.gz",15914
"2023-08-02T20:16:04Z","changelog.md",167
"2023-08-02T20:16:04Z","quarto-1.4.288-checksums.txt",179
"2023-08-02T20:16:04Z","quarto-1.4.288-linux-amd64.deb",354
"2023-08-02T20:16:04Z","quarto-1.4.288-linux-amd64.tar.gz",181
"2023-08-02T20:16:04Z","quarto-1.4.288-linux-arm64.deb",172
"2023-08-02T20:16:04Z","quarto-1.4.288-linux-arm64.tar.gz",164
"2023-08-02T20:16:04Z","quarto-1.4.288-linux-rhel7-amd64.tar.gz",163
"2023-08-02T20:16:04Z","quarto-1.4.288-macos.pkg",210
"2023-08-02T20:16:04Z","quarto-1.4.288-macos.tar.gz",170
"2023-08-02T20:16:04Z","quarto-1.4.288-win.msi",184
"2023-08-02T20:16:04Z","quarto-1.4.288-win.zip",180
"2023-08-02T20:16:04Z","quarto-1.4.288.tar.gz",164
"2023-08-02T14:33:19Z","changelog.md",26
"2023-08-02T14:33:19Z","quarto-1.4.287-checksums.txt",27
"2023-08-02T14:33:19Z","quarto-1.4.287-linux-amd64.deb",51
"2023-08-02T14:33:19Z","quarto-1.4.287-linux-amd64.tar.gz",33
"2023-08-02T14:33:19Z","quarto-1.4.287-linux-arm64.deb",27
"2023-08-02T14:33:19Z","quarto-1.4.287-linux-arm64.tar.gz",28
"2023-08-02T14:33:19Z","quarto-1.4.287-linux-rhel7-amd64.tar.gz",26
"2023-08-02T14:33:19Z","quarto-1.4.287-macos.pkg",36
"2023-08-02T14:33:19Z","quarto-1.4.287-macos.tar.gz",32
"2023-08-02T14:33:19Z","quarto-1.4.287-win.msi",30
"2023-08-02T14:33:19Z","quarto-1.4.287-win.zip",28
"2023-08-02T14:33:19Z","quarto-1.4.287.tar.gz",26
"2023-08-02T14:07:52Z","changelog.md",6
"2023-08-02T14:07:52Z","quarto-1.4.286-checksums.txt",4
"2023-08-02T14:07:52Z","quarto-1.4.286-linux-amd64.deb",8
"2023-08-02T14:07:52Z","quarto-1.4.286-linux-amd64.tar.gz",5
"2023-08-02T14:07:52Z","quarto-1.4.286-linux-arm64.deb",3
"2023-08-02T14:07:52Z","quarto-1.4.286-linux-arm64.tar.gz",4
"2023-08-02T14:07:52Z","quarto-1.4.286-linux-rhel7-amd64.tar.gz",3
"2023-08-02T14:07:52Z","quarto-1.4.286-macos.pkg",6
"2023-08-02T14:07:52Z","quarto-1.4.286-macos.tar.gz",9
"2023-08-02T14:07:52Z","quarto-1.4.286-win.msi",3
"2023-08-02T14:07:52Z","quarto-1.4.286-win.zip",3
"2023-08-02T14:07:52Z","quarto-1.4.286.tar.gz",3
"2023-08-02T13:22:15Z","changelog.md",5
"2023-08-02T13:22:15Z","quarto-1.4.285-checksums.txt",5
"2023-08-02T13:22:15Z","quarto-1.4.285-linux-amd64.deb",12
"2023-08-02T13:22:15Z","quarto-1.4.285-linux-amd64.tar.gz",13
"2023-08-02T13:22:15Z","quarto-1.4.285-linux-arm64.deb",5
"2023-08-02T13:22:15Z","quarto-1.4.285-linux-arm64.tar.gz",6
"2023-08-02T13:22:15Z","quarto-1.4.285-linux-rhel7-amd64.tar.gz",5
"2023-08-02T13:22:15Z","quarto-1.4.285-macos.pkg",9
"2023-08-02T13:22:15Z","quarto-1.4.285-macos.tar.gz",10
"2023-08-02T13:22:15Z","quarto-1.4.285-win.msi",5
"2023-08-02T13:22:15Z","quarto-1.4.285-win.zip",5
"2023-08-02T13:22:15Z","quarto-1.4.285.tar.gz",5
"2023-08-02T01:30:30Z","changelog.md",51
"2023-08-02T01:30:30Z","quarto-1.4.283-checksums.txt",52
"2023-08-02T01:30:30Z","quarto-1.4.283-linux-amd64.deb",93
"2023-08-02T01:30:30Z","quarto-1.4.283-linux-amd64.tar.gz",51
"2023-08-02T01:30:30Z","quarto-1.4.283-linux-arm64.deb",52
"2023-08-02T01:30:30Z","quarto-1.4.283-linux-arm64.tar.gz",50
"2023-08-02T01:30:30Z","quarto-1.4.283-linux-rhel7-amd64.tar.gz",50
"2023-08-02T01:30:30Z","quarto-1.4.283-macos.pkg",57
"2023-08-02T01:30:30Z","quarto-1.4.283-macos.tar.gz",52
"2023-08-02T01:30:30Z","quarto-1.4.283-win.msi",55
"2023-08-02T01:30:30Z","quarto-1.4.283-win.zip",56
"2023-08-02T01:30:30Z","quarto-1.4.283.tar.gz",49
"2023-08-02T01:05:38Z","changelog.md",4
"2023-08-02T01:05:38Z","quarto-1.4.282-checksums.txt",4
"2023-08-02T01:05:38Z","quarto-1.4.282-linux-amd64.deb",8
"2023-08-02T01:05:38Z","quarto-1.4.282-linux-amd64.tar.gz",6
"2023-08-02T01:05:38Z","quarto-1.4.282-linux-arm64.deb",4
"2023-08-02T01:05:38Z","quarto-1.4.282-linux-arm64.tar.gz",5
"2023-08-02T01:05:38Z","quarto-1.4.282-linux-rhel7-amd64.tar.gz",4
"2023-08-02T01:05:38Z","quarto-1.4.282-macos.pkg",5
"2023-08-02T01:05:38Z","quarto-1.4.282-macos.tar.gz",8
"2023-08-02T01:05:38Z","quarto-1.4.282-win.msi",4
"2023-08-02T01:05:38Z","quarto-1.4.282-win.zip",4
"2023-08-02T01:05:38Z","quarto-1.4.282.tar.gz",4
"2023-08-02T00:13:34Z","quarto-1.4.279-checksums.txt",5
"2023-08-02T00:13:34Z","quarto-1.4.279-linux-amd64.deb",12
"2023-08-02T00:13:34Z","quarto-1.4.279-linux-amd64.tar.gz",7
"2023-08-02T00:13:34Z","quarto-1.4.279-linux-arm64.deb",6
"2023-08-02T00:13:34Z","quarto-1.4.279-linux-arm64.tar.gz",5
"2023-08-02T00:13:34Z","quarto-1.4.279-linux-rhel7-amd64.tar.gz",4
"2023-08-02T00:13:34Z","quarto-1.4.279-macos.pkg",7
"2023-08-02T00:13:34Z","quarto-1.4.279-macos.tar.gz",9
"2023-08-02T00:13:34Z","quarto-1.4.279-win.msi",4
"2023-08-02T00:13:34Z","quarto-1.4.279-win.zip",4
"2023-08-02T00:13:34Z","quarto-1.4.279.tar.gz",4
"2023-08-01T23:32:17Z","quarto-1.4.278-checksums.txt",4
"2023-08-01T23:32:17Z","quarto-1.4.278-linux-amd64.deb",11
"2023-08-01T23:32:17Z","quarto-1.4.278-linux-amd64.tar.gz",6
"2023-08-01T23:32:17Z","quarto-1.4.278-linux-arm64.deb",4
"2023-08-01T23:32:17Z","quarto-1.4.278-linux-arm64.tar.gz",5
"2023-08-01T23:32:17Z","quarto-1.4.278-linux-rhel7-amd64.tar.gz",4
"2023-08-01T23:32:17Z","quarto-1.4.278-macos.pkg",6
"2023-08-01T23:32:17Z","quarto-1.4.278-macos.tar.gz",10
"2023-08-01T23:32:17Z","quarto-1.4.278-win.msi",5
"2023-08-01T23:32:17Z","quarto-1.4.278-win.zip",4
"2023-08-01T23:32:17Z","quarto-1.4.278.tar.gz",4
"2023-08-01T21:21:32Z","quarto-1.4.277-checksums.txt",15
"2023-08-01T21:21:32Z","quarto-1.4.277-linux-amd64.deb",23
"2023-08-01T21:21:32Z","quarto-1.4.277-linux-amd64.tar.gz",14
"2023-08-01T21:21:32Z","quarto-1.4.277-linux-arm64.deb",11
"2023-08-01T21:21:32Z","quarto-1.4.277-linux-arm64.tar.gz",12
"2023-08-01T21:21:32Z","quarto-1.4.277-linux-rhel7-amd64.tar.gz",11
"2023-08-01T21:21:32Z","quarto-1.4.277-macos.pkg",15
"2023-08-01T21:21:32Z","quarto-1.4.277-macos.tar.gz",14
"2023-08-01T21:21:32Z","quarto-1.4.277-win.msi",11
"2023-08-01T21:21:32Z","quarto-1.4.277-win.zip",11
"2023-08-01T21:21:32Z","quarto-1.4.277.tar.gz",11
"2023-08-01T19:16:28Z","changelog-1.4.md",13
"2023-08-01T19:16:28Z","quarto-1.4.276-checksums.txt",11
"2023-08-01T19:16:28Z","quarto-1.4.276-linux-amd64.deb",27
"2023-08-01T19:16:28Z","quarto-1.4.276-linux-amd64.tar.gz",13
"2023-08-01T19:16:28Z","quarto-1.4.276-linux-arm64.deb",11
"2023-08-01T19:16:28Z","quarto-1.4.276-linux-arm64.tar.gz",12
"2023-08-01T19:16:28Z","quarto-1.4.276-linux-rhel7-amd64.tar.gz",11
"2023-08-01T19:16:28Z","quarto-1.4.276-macos.pkg",18
"2023-08-01T19:16:28Z","quarto-1.4.276-macos.tar.gz",14
"2023-08-01T19:16:28Z","quarto-1.4.276-win.msi",12
"2023-08-01T19:16:28Z","quarto-1.4.276-win.zip",12
"2023-08-01T19:16:28Z","quarto-1.4.276.tar.gz",11
"2023-07-31T14:00:51Z","changelog-1.4.md",115
"2023-07-31T14:00:51Z","quarto-1.4.274-checksums.txt",122
"2023-07-31T14:00:51Z","quarto-1.4.274-linux-amd64.deb",244
"2023-07-31T14:00:51Z","quarto-1.4.274-linux-amd64.tar.gz",120
"2023-07-31T14:00:51Z","quarto-1.4.274-linux-arm64.deb",117
"2023-07-31T14:00:51Z","quarto-1.4.274-linux-arm64.tar.gz",114
"2023-07-31T14:00:51Z","quarto-1.4.274-linux-rhel7-amd64.tar.gz",114
"2023-07-31T14:00:51Z","quarto-1.4.274-macos.pkg",135
"2023-07-31T14:00:51Z","quarto-1.4.274-macos.tar.gz",119
"2023-07-31T14:00:51Z","quarto-1.4.274-win.msi",127
"2023-07-31T14:00:51Z","quarto-1.4.274-win.zip",120
"2023-07-31T14:00:51Z","quarto-1.4.274.tar.gz",113
"2023-07-31T12:25:10Z","changelog-1.4.md",10
"2023-07-31T12:25:10Z","quarto-1.4.273-checksums.txt",8
"2023-07-31T12:25:10Z","quarto-1.4.273-linux-amd64.deb",17
"2023-07-31T12:25:10Z","quarto-1.4.273-linux-amd64.tar.gz",16
"2023-07-31T12:25:10Z","quarto-1.4.273-linux-arm64.deb",8
"2023-07-31T12:25:10Z","quarto-1.4.273-linux-arm64.tar.gz",9
"2023-07-31T12:25:10Z","quarto-1.4.273-linux-rhel7-amd64.tar.gz",8
"2023-07-31T12:25:10Z","quarto-1.4.273-macos.pkg",9
"2023-07-31T12:25:10Z","quarto-1.4.273-macos.tar.gz",11
"2023-07-31T12:25:10Z","quarto-1.4.273-win.msi",10
"2023-07-31T12:25:10Z","quarto-1.4.273-win.zip",10
"2023-07-31T12:25:10Z","quarto-1.4.273.tar.gz",8
"2023-07-27T20:21:27Z","changelog-1.4.md",346
"2023-07-27T20:21:27Z","quarto-1.4.268-checksums.txt",359
"2023-07-27T20:21:27Z","quarto-1.4.268-linux-amd64.deb",607
"2023-07-27T20:21:27Z","quarto-1.4.268-linux-amd64.tar.gz",349
"2023-07-27T20:21:27Z","quarto-1.4.268-linux-arm64.deb",350
"2023-07-27T20:21:27Z","quarto-1.4.268-linux-arm64.tar.gz",336
"2023-07-27T20:21:27Z","quarto-1.4.268-linux-rhel7-amd64.tar.gz",338
"2023-07-27T20:21:27Z","quarto-1.4.268-macos.pkg",365
"2023-07-27T20:21:27Z","quarto-1.4.268-macos.tar.gz",340
"2023-07-27T20:21:27Z","quarto-1.4.268-win.msi",376
"2023-07-27T20:21:27Z","quarto-1.4.268-win.zip",348
"2023-07-27T20:21:27Z","quarto-1.4.268.tar.gz",334
"2023-07-27T19:37:19Z","changelog-1.4.md",4
"2023-07-27T19:37:19Z","quarto-1.4.267-checksums.txt",4
"2023-07-27T19:37:19Z","quarto-1.4.267-linux-amd64.deb",9
"2023-07-27T19:37:19Z","quarto-1.4.267-linux-amd64.tar.gz",6
"2023-07-27T19:37:19Z","quarto-1.4.267-linux-arm64.deb",4
"2023-07-27T19:37:19Z","quarto-1.4.267-linux-arm64.tar.gz",5
"2023-07-27T19:37:19Z","quarto-1.4.267-linux-rhel7-amd64.tar.gz",4
"2023-07-27T19:37:19Z","quarto-1.4.267-macos.pkg",6
"2023-07-27T19:37:19Z","quarto-1.4.267-macos.tar.gz",10
"2023-07-27T19:37:19Z","quarto-1.4.267-win.msi",5
"2023-07-27T19:37:19Z","quarto-1.4.267-win.zip",4
"2023-07-27T19:37:19Z","quarto-1.4.267.tar.gz",4
"2023-07-26T21:22:44Z","changelog-1.4.md",27
"2023-07-26T21:22:44Z","quarto-1.4.266-checksums.txt",29
"2023-07-26T21:22:44Z","quarto-1.4.266-linux-amd64.deb",53
"2023-07-26T21:22:44Z","quarto-1.4.266-linux-amd64.tar.gz",30
"2023-07-26T21:22:44Z","quarto-1.4.266-linux-arm64.deb",29
"2023-07-26T21:22:44Z","quarto-1.4.266-linux-arm64.tar.gz",28
"2023-07-26T21:22:44Z","quarto-1.4.266-linux-rhel7-amd64.tar.gz",28
"2023-07-26T21:22:44Z","quarto-1.4.266-macos.pkg",38
"2023-07-26T21:22:44Z","quarto-1.4.266-macos.tar.gz",32
"2023-07-26T21:22:44Z","quarto-1.4.266-win.msi",39
"2023-07-26T21:22:44Z","quarto-1.4.266-win.zip",34
"2023-07-26T21:22:44Z","quarto-1.4.266.tar.gz",27
"2023-07-26T21:22:44Z","changelog-1.4.md",62
"2023-07-26T21:22:44Z","quarto-1.4.264-checksums.txt",68
"2023-07-26T21:22:44Z","quarto-1.4.264-linux-amd64.deb",117
"2023-07-26T21:22:44Z","quarto-1.4.264-linux-amd64.tar.gz",63
"2023-07-26T21:22:44Z","quarto-1.4.264-linux-arm64.deb",66
"2023-07-26T21:22:44Z","quarto-1.4.264-linux-arm64.tar.gz",62
"2023-07-26T21:22:44Z","quarto-1.4.264-linux-rhel7-amd64.tar.gz",63
"2023-07-26T21:22:44Z","quarto-1.4.264-macos.pkg",72
"2023-07-26T21:22:44Z","quarto-1.4.264-macos.tar.gz",65
"2023-07-26T21:22:44Z","quarto-1.4.264-win.msi",67
"2023-07-26T21:22:44Z","quarto-1.4.264-win.zip",68
"2023-07-26T21:22:44Z","quarto-1.4.264.tar.gz",61
"2023-07-26T21:02:49Z","changelog-1.4.md",4
"2023-07-26T21:02:49Z","quarto-1.4.263-checksums.txt",4
"2023-07-26T21:02:49Z","quarto-1.4.263-linux-amd64.deb",6
"2023-07-26T21:02:49Z","quarto-1.4.263-linux-amd64.tar.gz",6
"2023-07-26T21:02:49Z","quarto-1.4.263-linux-arm64.deb",4
"2023-07-26T21:02:49Z","quarto-1.4.263-linux-arm64.tar.gz",5
"2023-07-26T21:02:49Z","quarto-1.4.263-linux-rhel7-amd64.tar.gz",4
"2023-07-26T21:02:49Z","quarto-1.4.263-macos.pkg",5
"2023-07-26T21:02:49Z","quarto-1.4.263-macos.tar.gz",10
"2023-07-26T21:02:49Z","quarto-1.4.263-win.msi",4
"2023-07-26T21:02:49Z","quarto-1.4.263-win.zip",4
"2023-07-26T21:02:49Z","quarto-1.4.263.tar.gz",4
"2023-07-26T19:12:06Z","changelog-1.4.md",9
"2023-07-26T19:12:06Z","quarto-1.4.262-checksums.txt",9
"2023-07-26T19:12:06Z","quarto-1.4.262-linux-amd64.deb",15
"2023-07-26T19:12:06Z","quarto-1.4.262-linux-amd64.tar.gz",11
"2023-07-26T19:12:06Z","quarto-1.4.262-linux-arm64.deb",9
"2023-07-26T19:12:06Z","quarto-1.4.262-linux-arm64.tar.gz",10
"2023-07-26T19:12:06Z","quarto-1.4.262-linux-rhel7-amd64.tar.gz",9
"2023-07-26T19:12:06Z","quarto-1.4.262-macos.pkg",11
"2023-07-26T19:12:06Z","quarto-1.4.262-macos.tar.gz",15
"2023-07-26T19:12:06Z","quarto-1.4.262-win.msi",9
"2023-07-26T19:12:06Z","quarto-1.4.262-win.zip",8
"2023-07-26T19:12:06Z","quarto-1.4.262.tar.gz",8
"2023-07-26T17:00:15Z","changelog-1.4.md",13
"2023-07-26T17:00:15Z","quarto-1.4.257-checksums.txt",14
"2023-07-26T17:00:15Z","quarto-1.4.257-linux-amd64.deb",27
"2023-07-26T17:00:15Z","quarto-1.4.257-linux-amd64.tar.gz",15
"2023-07-26T17:00:15Z","quarto-1.4.257-linux-arm64.deb",13
"2023-07-26T17:00:15Z","quarto-1.4.257-linux-arm64.tar.gz",14
"2023-07-26T17:00:15Z","quarto-1.4.257-linux-rhel7-amd64.tar.gz",13
"2023-07-26T17:00:15Z","quarto-1.4.257-macos.pkg",15
"2023-07-26T17:00:15Z","quarto-1.4.257-macos.tar.gz",19
"2023-07-26T17:00:15Z","quarto-1.4.257-win.msi",13
"2023-07-26T17:00:15Z","quarto-1.4.257-win.zip",13
"2023-07-26T17:00:15Z","quarto-1.4.257.tar.gz",13
"2023-07-21T22:50:11Z","changelog-1.4.md",440
"2023-07-21T22:50:11Z","quarto-1.4.251-checksums.txt",462
"2023-07-21T22:50:11Z","quarto-1.4.251-linux-amd64.deb",756
"2023-07-21T22:50:11Z","quarto-1.4.251-linux-amd64.tar.gz",477
"2023-07-21T22:50:11Z","quarto-1.4.251-linux-arm64.deb",451
"2023-07-21T22:50:11Z","quarto-1.4.251-linux-arm64.tar.gz",438
"2023-07-21T22:50:11Z","quarto-1.4.251-linux-rhel7-amd64.tar.gz",444
"2023-07-21T22:50:11Z","quarto-1.4.251-macos.pkg",460
"2023-07-21T22:50:11Z","quarto-1.4.251-macos.tar.gz",439
"2023-07-21T22:50:11Z","quarto-1.4.251-win.msi",467
"2023-07-21T22:50:11Z","quarto-1.4.251-win.zip",446
"2023-07-21T22:50:11Z","quarto-1.4.251.tar.gz",431
"2023-07-21T20:39:00Z","changelog-1.4.md",12
"2023-07-21T20:39:00Z","quarto-1.4.250-checksums.txt",13
"2023-07-21T20:39:00Z","quarto-1.4.250-linux-amd64.deb",21
"2023-07-21T20:39:00Z","quarto-1.4.250-linux-amd64.tar.gz",16
"2023-07-21T20:39:00Z","quarto-1.4.250-linux-arm64.deb",11
"2023-07-21T20:39:00Z","quarto-1.4.250-linux-arm64.tar.gz",12
"2023-07-21T20:39:00Z","quarto-1.4.250-linux-rhel7-amd64.tar.gz",11
"2023-07-21T20:39:00Z","quarto-1.4.250-macos.pkg",15
"2023-07-21T20:39:00Z","quarto-1.4.250-macos.tar.gz",20
"2023-07-21T20:39:00Z","quarto-1.4.250-win.msi",12
"2023-07-21T20:39:00Z","quarto-1.4.250-win.zip",11
"2023-07-21T20:39:00Z","quarto-1.4.250.tar.gz",11
"2023-07-21T20:17:04Z","changelog-1.4.md",5
"2023-07-21T20:17:04Z","quarto-1.4.249-checksums.txt",5
"2023-07-21T20:17:04Z","quarto-1.4.249-linux-amd64.deb",7
"2023-07-21T20:17:04Z","quarto-1.4.249-linux-amd64.tar.gz",7
"2023-07-21T20:17:04Z","quarto-1.4.249-linux-arm64.deb",5
"2023-07-21T20:17:04Z","quarto-1.4.249-linux-arm64.tar.gz",6
"2023-07-21T20:17:04Z","quarto-1.4.249-linux-rhel7-amd64.tar.gz",5
"2023-07-21T20:17:04Z","quarto-1.4.249-macos.pkg",6
"2023-07-21T20:17:04Z","quarto-1.4.249-macos.tar.gz",13
"2023-07-21T20:17:04Z","quarto-1.4.249-win.msi",5
"2023-07-21T20:17:04Z","quarto-1.4.249-win.zip",5
"2023-07-21T20:17:04Z","quarto-1.4.249.tar.gz",5
"2023-07-21T19:18:26Z","changelog-1.4.md",5
"2023-07-21T19:18:26Z","quarto-1.4.248-checksums.txt",5
"2023-07-21T19:18:26Z","quarto-1.4.248-linux-amd64.deb",7
"2023-07-21T19:18:26Z","quarto-1.4.248-linux-amd64.tar.gz",7
"2023-07-21T19:18:26Z","quarto-1.4.248-linux-arm64.deb",5
"2023-07-21T19:18:26Z","quarto-1.4.248-linux-arm64.tar.gz",6
"2023-07-21T19:18:26Z","quarto-1.4.248-linux-rhel7-amd64.tar.gz",5
"2023-07-21T19:18:26Z","quarto-1.4.248-macos.pkg",10
"2023-07-21T19:18:26Z","quarto-1.4.248-macos.tar.gz",9
"2023-07-21T19:18:26Z","quarto-1.4.248-win.msi",5
"2023-07-21T19:18:26Z","quarto-1.4.248-win.zip",5
"2023-07-21T19:18:26Z","quarto-1.4.248.tar.gz",5
"2023-07-21T14:12:18Z","changelog-1.4.md",23
"2023-07-21T14:12:18Z","quarto-1.4.245-checksums.txt",25
"2023-07-21T14:12:18Z","quarto-1.4.245-linux-amd64.deb",65
"2023-07-21T14:12:18Z","quarto-1.4.245-linux-amd64.tar.gz",29
"2023-07-21T14:12:18Z","quarto-1.4.245-linux-arm64.deb",24
"2023-07-21T14:12:18Z","quarto-1.4.245-linux-arm64.tar.gz",24
"2023-07-21T14:12:18Z","quarto-1.4.245-linux-rhel7-amd64.tar.gz",23
"2023-07-21T14:12:18Z","quarto-1.4.245-macos.pkg",30
"2023-07-21T14:12:18Z","quarto-1.4.245-macos.tar.gz",31
"2023-07-21T14:12:18Z","quarto-1.4.245-win.msi",26
"2023-07-21T14:12:18Z","quarto-1.4.245-win.zip",24
"2023-07-21T14:12:18Z","quarto-1.4.245.tar.gz",23
"2023-07-21T00:29:08Z","changelog-1.4.md",56
"2023-07-21T00:29:08Z","quarto-1.4.243-checksums.txt",56
"2023-07-21T00:29:08Z","quarto-1.4.243-linux-amd64.deb",111
"2023-07-21T00:29:08Z","quarto-1.4.243-linux-amd64.tar.gz",60
"2023-07-21T00:29:08Z","quarto-1.4.243-linux-arm64.deb",55
"2023-07-21T00:29:08Z","quarto-1.4.243-linux-arm64.tar.gz",54
"2023-07-21T00:29:08Z","quarto-1.4.243-linux-rhel7-amd64.tar.gz",54
"2023-07-21T00:29:08Z","quarto-1.4.243-macos.pkg",62
"2023-07-21T00:29:08Z","quarto-1.4.243-macos.tar.gz",58
"2023-07-21T00:29:08Z","quarto-1.4.243-win.msi",65
"2023-07-21T00:29:08Z","quarto-1.4.243-win.zip",57
"2023-07-21T00:29:08Z","quarto-1.4.243.tar.gz",53
"2023-07-19T19:07:08Z","changelog-1.4.md",115
"2023-07-19T19:07:08Z","quarto-1.4.241-checksums.txt",122
"2023-07-19T19:07:08Z","quarto-1.4.241-linux-amd64.deb",221
"2023-07-19T19:07:08Z","quarto-1.4.241-linux-amd64.tar.gz",117
"2023-07-19T19:07:08Z","quarto-1.4.241-linux-arm64.deb",114
"2023-07-19T19:07:08Z","quarto-1.4.241-linux-arm64.tar.gz",113
"2023-07-19T19:07:08Z","quarto-1.4.241-linux-rhel7-amd64.tar.gz",115
"2023-07-19T19:07:08Z","quarto-1.4.241-macos.pkg",133
"2023-07-19T19:07:08Z","quarto-1.4.241-macos.tar.gz",119
"2023-07-19T19:07:08Z","quarto-1.4.241-win.msi",124
"2023-07-19T19:07:08Z","quarto-1.4.241-win.zip",123
"2023-07-19T19:07:08Z","quarto-1.4.241.tar.gz",112
"2023-07-19T18:17:24Z","changelog-1.4.md",9
"2023-07-19T18:17:24Z","quarto-1.4.240-checksums.txt",10
"2023-07-19T18:17:24Z","quarto-1.4.240-linux-amd64.deb",9
"2023-07-19T18:17:24Z","quarto-1.4.240-linux-amd64.tar.gz",8
"2023-07-19T18:17:24Z","quarto-1.4.240-linux-arm64.deb",6
"2023-07-19T18:17:24Z","quarto-1.4.240-linux-arm64.tar.gz",7
"2023-07-19T18:17:24Z","quarto-1.4.240-linux-rhel7-amd64.tar.gz",6
"2023-07-19T18:17:24Z","quarto-1.4.240-macos.pkg",9
"2023-07-19T18:17:24Z","quarto-1.4.240-macos.tar.gz",15
"2023-07-19T18:17:24Z","quarto-1.4.240-win.msi",8
"2023-07-19T18:17:24Z","quarto-1.4.240-win.zip",6
"2023-07-19T18:17:24Z","quarto-1.4.240.tar.gz",6
"2023-07-19T18:17:24Z","changelog-1.4.md",2
"2023-07-19T18:17:24Z","quarto-1.4.239-checksums.txt",2
"2023-07-19T18:17:24Z","quarto-1.4.239-linux-amd64.deb",3
"2023-07-19T18:17:24Z","quarto-1.4.239-linux-amd64.tar.gz",4
"2023-07-19T18:17:24Z","quarto-1.4.239-linux-arm64.deb",2
"2023-07-19T18:17:24Z","quarto-1.4.239-linux-arm64.tar.gz",3
"2023-07-19T18:17:24Z","quarto-1.4.239-linux-rhel7-amd64.tar.gz",2
"2023-07-19T18:17:24Z","quarto-1.4.239-macos.pkg",4
"2023-07-19T18:17:24Z","quarto-1.4.239-macos.tar.gz",7
"2023-07-19T18:17:24Z","quarto-1.4.239-win.msi",2
"2023-07-19T18:17:24Z","quarto-1.4.239-win.zip",2
"2023-07-19T18:17:24Z","quarto-1.4.239.tar.gz",2
"2023-07-19T14:54:14Z","changelog-1.4.md",14
"2023-07-19T14:54:14Z","quarto-1.4.238-checksums.txt",14
"2023-07-19T14:54:14Z","quarto-1.4.238-linux-amd64.deb",22
"2023-07-19T14:54:14Z","quarto-1.4.238-linux-amd64.tar.gz",17
"2023-07-19T14:54:14Z","quarto-1.4.238-linux-arm64.deb",14
"2023-07-19T14:54:14Z","quarto-1.4.238-linux-arm64.tar.gz",15
"2023-07-19T14:54:14Z","quarto-1.4.238-linux-rhel7-amd64.tar.gz",14
"2023-07-19T14:54:14Z","quarto-1.4.238-macos.pkg",23
"2023-07-19T14:54:14Z","quarto-1.4.238-macos.tar.gz",19
"2023-07-19T14:54:14Z","quarto-1.4.238-win.msi",17
"2023-07-19T14:54:14Z","quarto-1.4.238-win.zip",15
"2023-07-19T14:54:14Z","quarto-1.4.238.tar.gz",14
"2023-07-18T16:43:08Z","changelog-1.4.md",83
"2023-07-18T16:43:08Z","quarto-1.4.236-checksums.txt",89
"2023-07-18T16:43:08Z","quarto-1.4.236-linux-amd64.deb",184
"2023-07-18T16:43:08Z","quarto-1.4.236-linux-amd64.tar.gz",87
"2023-07-18T16:43:08Z","quarto-1.4.236-linux-arm64.deb",89
"2023-07-18T16:43:08Z","quarto-1.4.236-linux-arm64.tar.gz",81
"2023-07-18T16:43:08Z","quarto-1.4.236-linux-rhel7-amd64.tar.gz",81
"2023-07-18T16:43:08Z","quarto-1.4.236-macos.pkg",92
"2023-07-18T16:43:08Z","quarto-1.4.236-macos.tar.gz",87
"2023-07-18T16:43:08Z","quarto-1.4.236-win.msi",90
"2023-07-18T16:43:08Z","quarto-1.4.236-win.zip",92
"2023-07-18T16:43:08Z","quarto-1.4.236.tar.gz",82
"2023-07-18T15:14:25Z","changelog-1.4.md",8
"2023-07-18T15:14:25Z","quarto-1.4.235-checksums.txt",7
"2023-07-18T15:14:25Z","quarto-1.4.235-linux-amd64.deb",17
"2023-07-18T15:14:25Z","quarto-1.4.235-linux-amd64.tar.gz",9
"2023-07-18T15:14:25Z","quarto-1.4.235-linux-arm64.deb",7
"2023-07-18T15:14:25Z","quarto-1.4.235-linux-arm64.tar.gz",8
"2023-07-18T15:14:25Z","quarto-1.4.235-linux-rhel7-amd64.tar.gz",7
"2023-07-18T15:14:25Z","quarto-1.4.235-macos.pkg",11
"2023-07-18T15:14:25Z","quarto-1.4.235-macos.tar.gz",14
"2023-07-18T15:14:25Z","quarto-1.4.235-win.msi",8
"2023-07-18T15:14:25Z","quarto-1.4.235-win.zip",7
"2023-07-18T15:14:25Z","quarto-1.4.235.tar.gz",7
"2023-07-18T12:28:34Z","changelog-1.4.md",14
"2023-07-18T12:28:34Z","quarto-1.4.234-checksums.txt",15
"2023-07-18T12:28:34Z","quarto-1.4.234-linux-amd64.deb",34
"2023-07-18T12:28:34Z","quarto-1.4.234-linux-amd64.tar.gz",16
"2023-07-18T12:28:34Z","quarto-1.4.234-linux-arm64.deb",14
"2023-07-18T12:28:34Z","quarto-1.4.234-linux-arm64.tar.gz",15
"2023-07-18T12:28:34Z","quarto-1.4.234-linux-rhel7-amd64.tar.gz",14
"2023-07-18T12:28:34Z","quarto-1.4.234-macos.pkg",18
"2023-07-18T12:28:34Z","quarto-1.4.234-macos.tar.gz",19
"2023-07-18T12:28:34Z","quarto-1.4.234-win.msi",17
"2023-07-18T12:28:34Z","quarto-1.4.234-win.zip",15
"2023-07-18T12:28:34Z","quarto-1.4.234.tar.gz",14
"2023-07-17T21:48:00Z","changelog-1.4.md",52
"2023-07-17T21:48:00Z","quarto-1.4.232-checksums.txt",56
"2023-07-17T21:48:00Z","quarto-1.4.232-linux-amd64.deb",149
"2023-07-17T21:48:00Z","quarto-1.4.232-linux-amd64.tar.gz",54
"2023-07-17T21:48:00Z","quarto-1.4.232-linux-arm64.deb",55
"2023-07-17T21:48:00Z","quarto-1.4.232-linux-arm64.tar.gz",53
"2023-07-17T21:48:00Z","quarto-1.4.232-linux-rhel7-amd64.tar.gz",53
"2023-07-17T21:48:00Z","quarto-1.4.232-macos.pkg",67
"2023-07-17T21:48:00Z","quarto-1.4.232-macos.tar.gz",57
"2023-07-17T21:48:00Z","quarto-1.4.232-win.msi",57
"2023-07-17T21:48:00Z","quarto-1.4.232-win.zip",52
"2023-07-17T21:48:00Z","quarto-1.4.232.tar.gz",52
"2023-07-16T17:00:37Z","quarto-1.4.230-linux-amd64.tar.gz",111
"2023-07-16T17:00:37Z","quarto-1.4.230-macos.tar.gz",114
"2023-07-16T17:00:37Z","quarto-1.4.230-win.msi",128
"2023-07-16T17:00:37Z","quarto-1.4.230-linux-arm64.deb",111
"2023-07-16T17:00:37Z","quarto-1.4.230-win.zip",118
"2023-07-16T17:00:37Z","quarto-1.4.230.tar.gz",109
"2023-07-16T17:00:37Z","quarto-1.4.230-macos.pkg",124
"2023-07-16T17:00:37Z","quarto-1.4.230-linux-rhel7-amd64.tar.gz",109
"2023-07-16T17:00:37Z","changelog-1.4.md",113
"2023-07-16T17:00:37Z","quarto-1.4.230-linux-amd64.deb",213
"2023-07-16T17:00:37Z","quarto-1.4.230-linux-arm64.tar.gz",111
"2023-07-16T17:00:37Z","quarto-1.4.230-checksums.txt",118
"2023-07-13T16:35:58Z","quarto-1.4.226-linux-rhel7-amd64.tar.gz",271
"2023-07-13T16:35:58Z","quarto-1.4.226-win.msi",292
"2023-07-13T16:35:58Z","quarto-1.4.226-linux-arm64.deb",268
"2023-07-13T16:35:58Z","quarto-1.4.226-linux-amd64.deb",462
"2023-07-13T16:35:58Z","quarto-1.4.226-win.zip",276
"2023-07-13T16:35:58Z","quarto-1.4.226-macos.pkg",295
"2023-07-13T16:35:58Z","quarto-1.4.226-linux-arm64.tar.gz",267
"2023-07-13T16:35:58Z","quarto-1.4.226.tar.gz",266
"2023-07-13T16:35:58Z","quarto-1.4.226-linux-amd64.tar.gz",285
"2023-07-13T16:35:58Z","changelog-1.4.md",273
"2023-07-13T16:35:58Z","quarto-1.4.226-checksums.txt",286
"2023-07-13T16:35:58Z","quarto-1.4.226-macos.tar.gz",273
"2023-07-13T00:29:41Z","quarto-1.4.224-win.msi",73
"2023-07-13T00:29:41Z","quarto-1.4.224-linux-amd64.deb",136
"2023-07-13T00:29:41Z","quarto-1.4.224-macos.pkg",78
"2023-07-13T00:29:41Z","quarto-1.4.224-linux-rhel7-amd64.tar.gz",61
"2023-07-13T00:29:41Z","quarto-1.4.224.tar.gz",60
"2023-07-13T00:29:41Z","quarto-1.4.224-win.zip",63
"2023-07-13T00:29:41Z","quarto-1.4.224-linux-arm64.deb",61
"2023-07-13T00:29:41Z","changelog-1.4.md",64
"2023-07-13T00:29:41Z","quarto-1.4.224-linux-amd64.tar.gz",67
"2023-07-13T00:29:41Z","quarto-1.4.224-macos.tar.gz",70
"2023-07-13T00:29:41Z","quarto-1.4.224-linux-arm64.tar.gz",61
"2023-07-13T00:29:41Z","quarto-1.4.224-checksums.txt",64
"2023-07-13T00:10:38Z","quarto-1.4.223.tar.gz",3
"2023-07-13T00:10:38Z","quarto-1.4.223-macos.pkg",4
"2023-07-13T00:10:38Z","changelog-1.4.md",3
"2023-07-13T00:10:38Z","quarto-1.4.223-win.zip",4
"2023-07-13T00:10:38Z","quarto-1.4.223-win.msi",3
"2023-07-13T00:10:38Z","quarto-1.4.223-linux-amd64.deb",6
"2023-07-13T00:10:38Z","quarto-1.4.223-linux-amd64.tar.gz",6
"2023-07-13T00:10:38Z","quarto-1.4.223-linux-rhel7-amd64.tar.gz",3
"2023-07-13T00:10:38Z","quarto-1.4.223-checksums.txt",3
"2023-07-13T00:10:38Z","quarto-1.4.223-linux-arm64.deb",3
"2023-07-13T00:10:38Z","quarto-1.4.223-macos.tar.gz",8
"2023-07-13T00:10:38Z","quarto-1.4.223-linux-arm64.tar.gz",5
"2023-07-12T20:53:36Z","quarto-1.4.222.tar.gz",7
"2023-07-12T20:53:36Z","quarto-1.4.222-linux-amd64.tar.gz",11
"2023-07-12T20:53:36Z","quarto-1.4.222-linux-arm64.tar.gz",8
"2023-07-12T20:53:36Z","quarto-1.4.222-checksums.txt",7
"2023-07-12T20:53:36Z","quarto-1.4.222-linux-amd64.deb",22
"2023-07-12T20:53:36Z","quarto-1.4.222-linux-rhel7-amd64.tar.gz",7
"2023-07-12T20:53:36Z","changelog-1.4.md",8
"2023-07-12T20:53:36Z","quarto-1.4.222-win.zip",7
"2023-07-12T20:53:36Z","quarto-1.4.222-macos.tar.gz",11
"2023-07-12T20:53:36Z","quarto-1.4.222-win.msi",10
"2023-07-12T20:53:36Z","quarto-1.4.222-linux-arm64.deb",7
"2023-07-12T20:53:36Z","quarto-1.4.222-macos.pkg",10
"2023-07-12T18:17:43Z","quarto-1.4.221-win.zip",23
"2023-07-12T18:17:43Z","quarto-1.4.221-macos.pkg",25
"2023-07-12T18:17:43Z","quarto-1.4.221-linux-rhel7-amd64.tar.gz",19
"2023-07-12T18:17:43Z","quarto-1.4.221.tar.gz",19
"2023-07-12T18:17:43Z","quarto-1.4.221-linux-arm64.deb",20
"2023-07-12T18:17:43Z","quarto-1.4.221-checksums.txt",23
"2023-07-12T18:17:43Z","quarto-1.4.221-linux-amd64.tar.gz",171
"2023-07-12T18:17:43Z","changelog-1.4.md",19
"2023-07-12T18:17:43Z","quarto-1.4.221-linux-arm64.tar.gz",20
"2023-07-12T18:17:43Z","quarto-1.4.221-macos.tar.gz",28
"2023-07-12T18:17:43Z","quarto-1.4.221-win.msi",24
"2023-07-12T18:17:43Z","quarto-1.4.221-linux-amd64.deb",38
"2023-07-12T15:05:00Z","quarto-1.4.220-macos.pkg",22
"2023-07-12T15:05:00Z","quarto-1.4.220-linux-amd64.tar.gz",18
"2023-07-12T15:05:00Z","quarto-1.4.220-linux-amd64.deb",27
"2023-07-12T15:05:00Z","quarto-1.4.220.tar.gz",15
"2023-07-12T15:05:00Z","quarto-1.4.220-linux-arm64.tar.gz",16
"2023-07-12T15:05:00Z","quarto-1.4.220-win.zip",15
"2023-07-12T15:05:00Z","quarto-1.4.220-macos.tar.gz",22
"2023-07-12T15:05:00Z","quarto-1.4.220-linux-rhel7-amd64.tar.gz",15
"2023-07-12T15:05:00Z","quarto-1.4.220-linux-arm64.deb",15
"2023-07-12T15:05:00Z","changelog-1.4.md",18
"2023-07-12T15:05:00Z","quarto-1.4.220-checksums.txt",16
"2023-07-12T15:05:00Z","quarto-1.4.220-win.msi",16
"2023-07-12T12:11:55Z","quarto-1.4.219-linux-rhel7-amd64.tar.gz",14
"2023-07-12T12:11:55Z","quarto-1.4.219-linux-arm64.tar.gz",15
"2023-07-12T12:11:55Z","quarto-1.4.219-win.zip",14
"2023-07-12T12:11:55Z","quarto-1.4.219.tar.gz",14
"2023-07-12T12:11:55Z","quarto-1.4.219-linux-amd64.tar.gz",18
"2023-07-12T12:11:55Z","quarto-1.4.219-win.msi",15
"2023-07-12T12:11:55Z","quarto-1.4.219-linux-arm64.deb",14
"2023-07-12T12:11:55Z","quarto-1.4.219-macos.pkg",16
"2023-07-12T12:11:55Z","quarto-1.4.219-linux-amd64.deb",23
"2023-07-12T12:11:55Z","quarto-1.4.219-macos.tar.gz",22
"2023-07-12T12:11:55Z","quarto-1.4.219-checksums.txt",15
"2023-07-12T12:11:55Z","changelog-1.4.md",16
"2023-07-12T00:18:38Z","quarto-1.4.217.tar.gz",44
"2023-07-12T00:18:38Z","quarto-1.4.217-linux-amd64.deb",88
"2023-07-12T00:18:38Z","quarto-1.4.217-linux-arm64.deb",44
"2023-07-12T00:18:38Z","quarto-1.4.217-linux-arm64.tar.gz",45
"2023-07-12T00:18:38Z","quarto-1.4.217-win.msi",57
"2023-07-12T00:18:38Z","quarto-1.4.217-linux-rhel7-amd64.tar.gz",45
"2023-07-12T00:18:38Z","quarto-1.4.217-linux-amd64.tar.gz",57
"2023-07-12T00:18:38Z","quarto-1.4.217-win.zip",48
"2023-07-12T00:18:38Z","changelog-1.4.md",46
"2023-07-12T00:18:38Z","quarto-1.4.217-macos.pkg",54
"2023-07-12T00:18:38Z","quarto-1.4.217-macos.tar.gz",49
"2023-07-12T00:18:38Z","quarto-1.4.217-checksums.txt",47
"2023-07-11T23:45:44Z","quarto-1.4.216.tar.gz",3
"2023-07-11T23:45:44Z","quarto-1.4.216-linux-rhel7-amd64.tar.gz",3
"2023-07-11T23:45:44Z","quarto-1.4.216-linux-arm64.tar.gz",4
"2023-07-11T23:45:44Z","quarto-1.4.216-linux-amd64.deb",4
"2023-07-11T23:45:44Z","quarto-1.4.216-win.zip",3
"2023-07-11T23:45:44Z","quarto-1.4.216-linux-amd64.tar.gz",5
"2023-07-11T23:45:44Z","quarto-1.4.216-macos.pkg",4
"2023-07-11T23:45:44Z","quarto-1.4.216-linux-arm64.deb",3
"2023-07-11T23:45:44Z","quarto-1.4.216-checksums.txt",3
"2023-07-11T23:45:44Z","changelog-1.4.md",4
"2023-07-11T23:45:44Z","quarto-1.4.216-macos.tar.gz",9
"2023-07-11T23:45:44Z","quarto-1.4.216-win.msi",4
"2023-07-10T17:51:33Z","quarto-1.4.205-linux-arm64.deb",117
"2023-07-10T17:51:33Z","quarto-1.4.205-linux-rhel7-amd64.tar.gz",116
"2023-07-10T17:51:33Z","quarto-1.4.205-win.zip",118
"2023-07-10T17:51:33Z","quarto-1.4.205-linux-arm64.tar.gz",115
"2023-07-10T17:51:33Z","quarto-1.4.205-linux-amd64.tar.gz",120
"2023-07-10T17:51:33Z","quarto-1.4.205-win.msi",136
"2023-07-10T17:51:33Z","quarto-1.4.205-linux-amd64.deb",399
"2023-07-10T17:51:33Z","quarto-1.4.205-checksums.txt",124
"2023-07-10T17:51:33Z","quarto-1.4.205-macos.pkg",132
"2023-07-10T17:51:33Z","changelog-1.4.md",121
"2023-07-10T17:51:33Z","quarto-1.4.205.tar.gz",114
"2023-07-10T17:51:33Z","quarto-1.4.205-macos.tar.gz",120
"2023-07-07T01:18:37Z","quarto-1.4.193.tar.gz",327
"2023-07-07T01:18:37Z","quarto-1.4.193-linux-amd64.tar.gz",336
"2023-07-07T01:18:37Z","quarto-1.4.193-linux-arm64.tar.gz",328
"2023-07-07T01:18:37Z","quarto-1.4.193-linux-rhel7-amd64.tar.gz",333
"2023-07-07T01:18:37Z","quarto-1.4.193-linux-amd64.deb",581
"2023-07-07T01:18:37Z","quarto-1.4.193-linux-arm64.deb",338
"2023-07-07T01:18:37Z","quarto-1.4.193-win.msi",352
"2023-07-07T01:18:37Z","quarto-1.4.193-win.zip",343
"2023-07-07T01:18:37Z","quarto-1.4.193-macos.pkg",359
"2023-07-07T01:18:37Z","quarto-1.4.193-macos.tar.gz",336
"2023-07-07T01:18:37Z","changelog.md",329
"2023-07-07T01:18:37Z","quarto-1.4.193-checksums.txt",351
"2023-07-06T19:47:18Z","quarto-1.4.192.tar.gz",19
"2023-07-06T19:47:18Z","quarto-1.4.192-linux-amd64.tar.gz",21
"2023-07-06T19:47:18Z","quarto-1.4.192-linux-arm64.tar.gz",20
"2023-07-06T19:47:18Z","quarto-1.4.192-linux-rhel7-amd64.tar.gz",19
"2023-07-06T19:47:18Z","quarto-1.4.192-linux-amd64.deb",45
"2023-07-06T19:47:18Z","quarto-1.4.192-linux-arm64.deb",19
"2023-07-06T19:47:18Z","quarto-1.4.192-win.msi",22
"2023-07-06T19:47:18Z","quarto-1.4.192-win.zip",22
"2023-07-06T19:47:18Z","quarto-1.4.192-macos.pkg",21
"2023-07-06T19:47:18Z","quarto-1.4.192-macos.tar.gz",25
"2023-07-06T19:47:18Z","changelog.md",22
"2023-07-06T19:47:18Z","quarto-1.4.192-checksums.txt",21
"2023-07-06T18:49:39Z","quarto-1.4.191.tar.gz",8
"2023-07-06T18:49:39Z","quarto-1.4.191-linux-amd64.tar.gz",10
"2023-07-06T18:49:39Z","quarto-1.4.191-linux-arm64.tar.gz",9
"2023-07-06T18:49:39Z","quarto-1.4.191-linux-rhel7-amd64.tar.gz",8
"2023-07-06T18:49:39Z","quarto-1.4.191-linux-amd64.deb",11
"2023-07-06T18:49:39Z","quarto-1.4.191-linux-arm64.deb",8
"2023-07-06T18:49:39Z","quarto-1.4.191-win.msi",8
"2023-07-06T18:49:39Z","quarto-1.4.191-win.zip",9
"2023-07-06T18:49:39Z","quarto-1.4.191-macos.pkg",10
"2023-07-06T18:49:39Z","quarto-1.4.191-macos.tar.gz",13
"2023-07-06T18:49:39Z","changelog.md",7
"2023-07-06T18:49:39Z","quarto-1.4.191-checksums.txt",7
"2023-07-06T13:03:35Z","quarto-1.4.189.tar.gz",8
"2023-07-06T13:03:35Z","quarto-1.4.189-linux-amd64.tar.gz",10
"2023-07-06T13:03:35Z","quarto-1.4.189-linux-arm64.tar.gz",10
"2023-07-06T13:03:35Z","quarto-1.4.189-linux-rhel7-amd64.tar.gz",9
"2023-07-06T13:03:35Z","quarto-1.4.189-linux-amd64.deb",17
"2023-07-06T13:03:35Z","quarto-1.4.189-linux-arm64.deb",8
"2023-07-06T13:03:35Z","quarto-1.4.189-win.msi",8
"2023-07-06T13:03:35Z","quarto-1.4.189-win.zip",16
"2023-07-06T13:03:35Z","quarto-1.4.189-macos.pkg",9
"2023-07-06T13:03:35Z","quarto-1.4.189-macos.tar.gz",13
"2023-07-06T13:03:35Z","changelog.md",7
"2023-07-06T13:03:35Z","quarto-1.4.189-checksums.txt",8
"2023-07-05T22:51:51Z","quarto-1.4.187.tar.gz",68
"2023-07-05T22:51:51Z","quarto-1.4.187-linux-amd64.tar.gz",74
"2023-07-05T22:51:51Z","quarto-1.4.187-linux-arm64.tar.gz",72
"2023-07-05T22:51:51Z","quarto-1.4.187-linux-rhel7-amd64.tar.gz",69
"2023-07-05T22:51:51Z","quarto-1.4.187-linux-amd64.deb",120
"2023-07-05T22:51:51Z","quarto-1.4.187-linux-arm64.deb",73
"2023-07-05T22:51:51Z","quarto-1.4.187-win.msi",78
"2023-07-05T22:51:51Z","quarto-1.4.187-win.zip",79
"2023-07-05T22:51:51Z","quarto-1.4.187-macos.pkg",78
"2023-07-05T22:51:51Z","quarto-1.4.187-macos.tar.gz",73
"2023-07-05T22:51:51Z","changelog.md",69
"2023-07-05T22:51:51Z","quarto-1.4.187-checksums.txt",71
"2023-07-05T19:11:19Z","quarto-1.4.186.tar.gz",19
"2023-07-05T19:11:19Z","quarto-1.4.186-linux-amd64.tar.gz",21
"2023-07-05T19:11:19Z","quarto-1.4.186-linux-arm64.tar.gz",20
"2023-07-05T19:11:19Z","quarto-1.4.186-linux-rhel7-amd64.tar.gz",19
"2023-07-05T19:11:19Z","quarto-1.4.186-linux-amd64.deb",34
"2023-07-05T19:11:19Z","quarto-1.4.186-linux-arm64.deb",19
"2023-07-05T19:11:19Z","quarto-1.4.186-win.msi",18
"2023-07-05T19:11:19Z","quarto-1.4.186-win.zip",19
"2023-07-05T19:11:19Z","quarto-1.4.186-macos.pkg",24
"2023-07-05T19:11:19Z","quarto-1.4.186-macos.tar.gz",26
"2023-07-05T19:11:19Z","changelog.md",19
"2023-07-05T19:11:19Z","quarto-1.4.186-checksums.txt",21
"2023-07-05T17:01:33Z","quarto-1.4.185.tar.gz",12
"2023-07-05T17:01:33Z","quarto-1.4.185-linux-amd64.tar.gz",15
"2023-07-05T17:01:33Z","quarto-1.4.185-linux-arm64.tar.gz",13
"2023-07-05T17:01:33Z","quarto-1.4.185-linux-rhel7-amd64.tar.gz",12
"2023-07-05T17:01:33Z","quarto-1.4.185-linux-amd64.deb",25
"2023-07-05T17:01:33Z","quarto-1.4.185-linux-arm64.deb",13
"2023-07-05T17:01:33Z","quarto-1.4.185-win.msi",11
"2023-07-05T17:01:33Z","quarto-1.4.185-win.zip",12
"2023-07-05T17:01:33Z","quarto-1.4.185-macos.pkg",19
"2023-07-05T17:01:33Z","quarto-1.4.185-macos.tar.gz",19
"2023-07-05T17:01:33Z","changelog.md",12
"2023-07-05T17:01:33Z","quarto-1.4.185-checksums.txt",12
"2023-06-27T13:47:16Z","quarto-1.4.176.tar.gz",710
"2023-06-27T13:47:16Z","quarto-1.4.176-linux-amd64.tar.gz",1899
"2023-06-27T13:47:16Z","quarto-1.4.176-linux-arm64.tar.gz",720
"2023-06-27T13:47:16Z","quarto-1.4.176-linux-rhel7-amd64.tar.gz",715
"2023-06-27T13:47:16Z","quarto-1.4.176-linux-amd64.deb",1498
"2023-06-27T13:47:16Z","quarto-1.4.176-linux-arm64.deb",720
"2023-06-27T13:47:16Z","quarto-1.4.176-win.msi",774
"2023-06-27T13:47:16Z","quarto-1.4.176-win.zip",735
"2023-06-27T13:47:16Z","quarto-1.4.176-macos.pkg",782
"2023-06-27T13:47:16Z","quarto-1.4.176-macos.tar.gz",721
"2023-06-27T13:47:16Z","changelog.md",715
"2023-06-27T13:47:16Z","quarto-1.4.176-checksums.txt",759
"2023-06-26T20:56:56Z","quarto-1.4.175.tar.gz",11
"2023-06-26T20:56:56Z","quarto-1.4.175-linux-amd64.tar.gz",15
"2023-06-26T20:56:56Z","quarto-1.4.175-linux-arm64.tar.gz",12
"2023-06-26T20:56:56Z","quarto-1.4.175-linux-rhel7-amd64.tar.gz",11
"2023-06-26T20:56:56Z","quarto-1.4.175-linux-amd64.deb",30
"2023-06-26T20:56:56Z","quarto-1.4.175-linux-arm64.deb",11
"2023-06-26T20:56:56Z","quarto-1.4.175-win.msi",12
"2023-06-26T20:56:56Z","quarto-1.4.175-win.zip",12
"2023-06-26T20:56:56Z","quarto-1.4.175-macos.pkg",15
"2023-06-26T20:56:56Z","quarto-1.4.175-macos.tar.gz",16
"2023-06-26T20:56:56Z","changelog.md",16
"2023-06-26T20:56:56Z","quarto-1.4.175-checksums.txt",11
"2023-06-26T15:54:46Z","quarto-1.3.433.tar.gz",3514
"2023-06-26T15:54:46Z","quarto-1.3.433-linux-amd64.tar.gz",47471
"2023-06-26T15:54:46Z","quarto-1.3.433-linux-arm64.tar.gz",3779
"2023-06-26T15:54:46Z","quarto-1.3.433-linux-rhel7-amd64.tar.gz",16849
"2023-06-26T15:54:46Z","quarto-1.3.433-linux-amd64.deb",68086
"2023-06-26T15:54:46Z","quarto-1.3.433-linux-arm64.deb",3991
"2023-06-26T15:54:46Z","quarto-1.3.433-win.msi",11404
"2023-06-26T15:54:46Z","quarto-1.3.433-win.zip",4749
"2023-06-26T15:54:46Z","quarto-1.3.433-macos.pkg",9600
"2023-06-26T15:54:46Z","quarto-1.3.433-macos.tar.gz",3526
"2023-06-26T15:54:46Z","changelog.md",3525
"2023-06-26T15:54:46Z","quarto-1.3.433-checksums.txt",3515
"2023-06-24T00:18:03Z","quarto-1.4.169.tar.gz",309
"2023-06-24T00:18:03Z","quarto-1.4.169-linux-amd64.tar.gz",316
"2023-06-24T00:18:03Z","quarto-1.4.169-linux-arm64.tar.gz",310
"2023-06-24T00:18:03Z","quarto-1.4.169-linux-rhel7-amd64.tar.gz",310
"2023-06-24T00:18:03Z","quarto-1.4.169-linux-amd64.deb",487
"2023-06-24T00:18:03Z","quarto-1.4.169-linux-arm64.deb",311
"2023-06-24T00:18:03Z","quarto-1.4.169-win.msi",336
"2023-06-24T00:18:03Z","quarto-1.4.169-win.zip",323
"2023-06-24T00:18:03Z","quarto-1.4.169-macos.pkg",332
"2023-06-24T00:18:03Z","quarto-1.4.169-macos.tar.gz",316
"2023-06-24T00:18:03Z","changelog.md",312
"2023-06-24T00:18:03Z","quarto-1.4.169-checksums.txt",331
"2023-06-23T20:49:15Z","quarto-1.4.168.tar.gz",14
"2023-06-23T20:49:15Z","quarto-1.4.168-linux-amd64.tar.gz",18
"2023-06-23T20:49:15Z","quarto-1.4.168-linux-arm64.tar.gz",15
"2023-06-23T20:49:15Z","quarto-1.4.168-linux-rhel7-amd64.tar.gz",14
"2023-06-23T20:49:15Z","quarto-1.4.168-linux-amd64.deb",29
"2023-06-23T20:49:15Z","quarto-1.4.168-linux-arm64.deb",15
"2023-06-23T20:49:15Z","quarto-1.4.168-win.msi",13
"2023-06-23T20:49:15Z","quarto-1.4.168-win.zip",13
"2023-06-23T20:49:15Z","quarto-1.4.168-macos.pkg",17
"2023-06-23T20:49:15Z","quarto-1.4.168-macos.tar.gz",19
"2023-06-23T20:49:15Z","changelog.md",13
"2023-06-23T20:49:15Z","quarto-1.4.168-checksums.txt",16
"2023-06-23T18:40:47Z","quarto-1.3.427.tar.gz",277
"2023-06-23T18:40:47Z","quarto-1.3.427-linux-amd64.tar.gz",344
"2023-06-23T18:40:47Z","quarto-1.3.427-linux-arm64.tar.gz",280
"2023-06-23T18:40:47Z","quarto-1.3.427-linux-rhel7-amd64.tar.gz",285
"2023-06-23T18:40:47Z","quarto-1.3.427-linux-amd64.deb",3480
"2023-06-23T18:40:47Z","quarto-1.3.427-linux-arm64.deb",283
"2023-06-23T18:40:47Z","quarto-1.3.427-win.msi",2157
"2023-06-23T18:40:47Z","quarto-1.3.427-win.zip",417
"2023-06-23T18:40:47Z","quarto-1.3.427-macos.pkg",1059
"2023-06-23T18:40:47Z","quarto-1.3.427-macos.tar.gz",269
"2023-06-23T18:40:47Z","changelog.md",259
"2023-06-23T18:40:47Z","quarto-1.3.427-checksums.txt",272
"2023-06-21T01:40:07Z","quarto-1.4.163.tar.gz",196
"2023-06-21T01:40:07Z","quarto-1.4.163-linux-amd64.tar.gz",258
"2023-06-21T01:40:07Z","quarto-1.4.163-linux-arm64.tar.gz",198
"2023-06-21T01:40:07Z","quarto-1.4.163-linux-rhel7-amd64.tar.gz",196
"2023-06-21T01:40:07Z","quarto-1.4.163-linux-amd64.deb",365
"2023-06-21T01:40:07Z","quarto-1.4.163-linux-arm64.deb",203
"2023-06-21T01:40:07Z","quarto-1.4.163-win.msi",215
"2023-06-21T01:40:07Z","quarto-1.4.163-win.zip",208
"2023-06-21T01:40:07Z","quarto-1.4.163-macos.pkg",221
"2023-06-21T01:40:07Z","quarto-1.4.163-macos.tar.gz",205
"2023-06-21T01:40:07Z","changelog.md",199
"2023-06-21T01:40:07Z","quarto-1.4.163-checksums.txt",210
"2023-06-21T01:40:07Z","quarto-1.4.161.tar.gz",62
"2023-06-21T01:40:07Z","quarto-1.4.161-linux-amd64.tar.gz",67
"2023-06-21T01:40:07Z","quarto-1.4.161-linux-arm64.tar.gz",63
"2023-06-21T01:40:07Z","quarto-1.4.161-linux-rhel7-amd64.tar.gz",63
"2023-06-21T01:40:07Z","quarto-1.4.161-linux-amd64.deb",131
"2023-06-21T01:40:07Z","quarto-1.4.161-linux-arm64.deb",62
"2023-06-21T01:40:07Z","quarto-1.4.161-win.msi",68
"2023-06-21T01:40:07Z","quarto-1.4.161-win.zip",64
"2023-06-21T01:40:07Z","quarto-1.4.161-macos.pkg",73
"2023-06-21T01:40:07Z","quarto-1.4.161-macos.tar.gz",67
"2023-06-21T01:40:07Z","changelog.md",63
"2023-06-21T01:40:07Z","quarto-1.4.161-checksums.txt",65
"2023-06-20T21:14:55Z","quarto-1.4.160.tar.gz",16
"2023-06-20T21:14:55Z","quarto-1.4.160-linux-amd64.tar.gz",22
"2023-06-20T21:14:55Z","quarto-1.4.160-linux-arm64.tar.gz",17
"2023-06-20T21:14:55Z","quarto-1.4.160-linux-rhel7-amd64.tar.gz",16
"2023-06-20T21:14:55Z","quarto-1.4.160-linux-amd64.deb",30
"2023-06-20T21:14:55Z","quarto-1.4.160-linux-arm64.deb",16
"2023-06-20T21:14:55Z","quarto-1.4.160-win.msi",15
"2023-06-20T21:14:55Z","quarto-1.4.160-win.zip",19
"2023-06-20T21:14:55Z","quarto-1.4.160-macos.pkg",20
"2023-06-20T21:14:55Z","quarto-1.4.160-macos.tar.gz",21
"2023-06-20T21:14:55Z","changelog.md",15
"2023-06-20T21:14:55Z","quarto-1.4.160-checksums.txt",18
"2023-06-20T18:54:34Z","quarto-1.4.159.tar.gz",13
"2023-06-20T18:54:34Z","quarto-1.4.159-linux-amd64.tar.gz",30
"2023-06-20T18:54:34Z","quarto-1.4.159-linux-arm64.tar.gz",14
"2023-06-20T18:54:34Z","quarto-1.4.159-linux-rhel7-amd64.tar.gz",13
"2023-06-20T18:54:34Z","quarto-1.4.159-linux-amd64.deb",23
"2023-06-20T18:54:34Z","quarto-1.4.159-linux-arm64.deb",13
"2023-06-20T18:54:34Z","quarto-1.4.159-win.msi",14
"2023-06-20T18:54:34Z","quarto-1.4.159-win.zip",16
"2023-06-20T18:54:34Z","quarto-1.4.159-macos.pkg",15
"2023-06-20T18:54:34Z","quarto-1.4.159-macos.tar.gz",19
"2023-06-20T18:54:34Z","changelog.md",13
"2023-06-20T18:54:34Z","quarto-1.4.159-checksums.txt",12
"2023-06-19T12:56:53Z","quarto-1.4.156.tar.gz",112
"2023-06-19T12:56:53Z","quarto-1.4.156-linux-amd64.tar.gz",120
"2023-06-19T12:56:53Z","quarto-1.4.156-linux-arm64.tar.gz",113
"2023-06-19T12:56:53Z","quarto-1.4.156-linux-rhel7-amd64.tar.gz",112
"2023-06-19T12:56:53Z","quarto-1.4.156-linux-amd64.deb",296
"2023-06-19T12:56:53Z","quarto-1.4.156-linux-arm64.deb",119
"2023-06-19T12:56:53Z","quarto-1.4.156-win.msi",124
"2023-06-19T12:56:53Z","quarto-1.4.156-win.zip",120
"2023-06-19T12:56:53Z","quarto-1.4.156-macos.pkg",126
"2023-06-19T12:56:53Z","quarto-1.4.156-macos.tar.gz",117
"2023-06-19T12:56:53Z","changelog.md",115
"2023-06-19T12:56:53Z","quarto-1.4.156-checksums.txt",125
"2023-06-15T13:32:34Z","quarto-1.4.151.tar.gz",358
"2023-06-15T13:32:34Z","quarto-1.4.151-linux-amd64.tar.gz",374
"2023-06-15T13:32:34Z","quarto-1.4.151-linux-arm64.tar.gz",359
"2023-06-15T13:32:34Z","quarto-1.4.151-linux-rhel7-amd64.tar.gz",359
"2023-06-15T13:32:34Z","quarto-1.4.151-linux-amd64.deb",618
"2023-06-15T13:32:34Z","quarto-1.4.151-linux-arm64.deb",363
"2023-06-15T13:32:34Z","quarto-1.4.151-win.msi",391
"2023-06-15T13:32:34Z","quarto-1.4.151-win.zip",373
"2023-06-15T13:32:34Z","quarto-1.4.151-macos.pkg",384
"2023-06-15T13:32:34Z","quarto-1.4.151-macos.tar.gz",366
"2023-06-15T13:32:34Z","changelog.md",362
"2023-06-15T13:32:34Z","quarto-1.4.151-checksums.txt",381
"2023-06-15T13:08:27Z","quarto-1.4.150.tar.gz",9
"2023-06-15T13:08:27Z","quarto-1.4.150-linux-amd64.tar.gz",11
"2023-06-15T13:08:27Z","quarto-1.4.150-linux-arm64.tar.gz",10
"2023-06-15T13:08:27Z","quarto-1.4.150-linux-rhel7-amd64.tar.gz",9
"2023-06-15T13:08:27Z","quarto-1.4.150-linux-amd64.deb",20
"2023-06-15T13:08:27Z","quarto-1.4.150-linux-arm64.deb",10
"2023-06-15T13:08:27Z","quarto-1.4.150-win.msi",11
"2023-06-15T13:08:27Z","quarto-1.4.150-win.zip",10
"2023-06-15T13:08:27Z","quarto-1.4.150-macos.pkg",11
"2023-06-15T13:08:27Z","quarto-1.4.150-macos.tar.gz",14
"2023-06-15T13:08:27Z","changelog.md",10
"2023-06-15T13:08:27Z","quarto-1.4.150-checksums.txt",11
"2023-06-12T23:12:25Z","quarto-1.4.146.tar.gz",233
"2023-06-12T23:12:25Z","quarto-1.4.146-linux-amd64.tar.gz",244
"2023-06-12T23:12:25Z","quarto-1.4.146-linux-arm64.tar.gz",234
"2023-06-12T23:12:25Z","quarto-1.4.146-linux-rhel7-amd64.tar.gz",233
"2023-06-12T23:12:25Z","quarto-1.4.146-linux-amd64.deb",6373
"2023-06-12T23:12:25Z","quarto-1.4.146-linux-arm64.deb",238
"2023-06-12T23:12:25Z","quarto-1.4.146-win.msi",263
"2023-06-12T23:12:25Z","quarto-1.4.146-win.zip",244
"2023-06-12T23:12:25Z","quarto-1.4.146-macos.pkg",260
"2023-06-12T23:12:25Z","quarto-1.4.146-macos.tar.gz",240
"2023-06-12T23:12:25Z","changelog.md",238
"2023-06-12T23:12:25Z","quarto-1.4.146-checksums.txt",250
"2023-06-12T19:04:44Z","quarto-1.4.145.tar.gz",20
"2023-06-12T19:04:44Z","quarto-1.4.145-linux-amd64.tar.gz",22
"2023-06-12T19:04:44Z","quarto-1.4.145-linux-arm64.tar.gz",21
"2023-06-12T19:04:44Z","quarto-1.4.145-linux-rhel7-amd64.tar.gz",20
"2023-06-12T19:04:44Z","quarto-1.4.145-linux-amd64.deb",45
"2023-06-12T19:04:44Z","quarto-1.4.145-linux-arm64.deb",20
"2023-06-12T19:04:44Z","quarto-1.4.145-win.msi",24
"2023-06-12T19:04:44Z","quarto-1.4.145-win.zip",20
"2023-06-12T19:04:44Z","quarto-1.4.145-macos.pkg",21
"2023-06-12T19:04:44Z","quarto-1.4.145-macos.tar.gz",26
"2023-06-12T19:04:44Z","changelog.md",20
"2023-06-12T19:04:44Z","quarto-1.4.145-checksums.txt",21
"2023-06-12T14:39:19Z","quarto-1.4.138.tar.gz",21
"2023-06-12T14:39:19Z","quarto-1.4.138-linux-amd64.tar.gz",29
"2023-06-12T14:39:19Z","quarto-1.4.138-linux-arm64.tar.gz",22
"2023-06-12T14:39:19Z","quarto-1.4.138-linux-rhel7-amd64.tar.gz",21
"2023-06-12T14:39:19Z","quarto-1.4.138-linux-amd64.deb",42
"2023-06-12T14:39:19Z","quarto-1.4.138-linux-arm64.deb",21
"2023-06-12T14:39:19Z","quarto-1.4.138-win.msi",22
"2023-06-12T14:39:19Z","quarto-1.4.138-win.zip",25
"2023-06-12T14:39:19Z","quarto-1.4.138-macos.pkg",27
"2023-06-12T14:39:19Z","quarto-1.4.138-macos.tar.gz",26
"2023-06-12T14:39:19Z","changelog.md",21
"2023-06-12T14:39:19Z","quarto-1.4.138-checksums.txt",21
"2023-06-09T18:59:22Z","quarto-1.4.134.tar.gz",253
"2023-06-09T18:59:22Z","quarto-1.4.134-linux-amd64.tar.gz",264
"2023-06-09T18:59:22Z","quarto-1.4.134-linux-arm64.tar.gz",256
"2023-06-09T18:59:22Z","quarto-1.4.134-linux-rhel7-amd64.tar.gz",254
"2023-06-09T18:59:22Z","quarto-1.4.134-linux-amd64.deb",410
"2023-06-09T18:59:22Z","quarto-1.4.134-linux-arm64.deb",256
"2023-06-09T18:59:22Z","quarto-1.4.134-win.msi",280
"2023-06-09T18:59:22Z","quarto-1.4.134-win.zip",267
"2023-06-09T18:59:22Z","quarto-1.4.134-macos.pkg",272
"2023-06-09T18:59:22Z","quarto-1.4.134-macos.tar.gz",261
"2023-06-09T18:59:22Z","changelog.md",258
"2023-06-09T18:59:22Z","quarto-1.4.134-checksums.txt",259
"2023-06-09T17:40:45Z","quarto-1.4.133.tar.gz",8
"2023-06-09T17:40:45Z","quarto-1.4.133-linux-amd64.tar.gz",11
"2023-06-09T17:40:45Z","quarto-1.4.133-linux-arm64.tar.gz",9
"2023-06-09T17:40:45Z","quarto-1.4.133-linux-rhel7-amd64.tar.gz",8
"2023-06-09T17:40:45Z","quarto-1.4.133-linux-amd64.deb",19
"2023-06-09T17:40:45Z","quarto-1.4.133-linux-arm64.deb",9
"2023-06-09T17:40:45Z","quarto-1.4.133-win.msi",7
"2023-06-09T17:40:45Z","quarto-1.4.133-win.zip",8
"2023-06-09T17:40:45Z","quarto-1.4.133-macos.pkg",10
"2023-06-09T17:40:45Z","quarto-1.4.133-macos.tar.gz",14
"2023-06-09T17:40:45Z","changelog.md",8
"2023-06-09T17:40:45Z","quarto-1.4.133-checksums.txt",8
"2023-06-07T19:00:42Z","quarto-1.4.130.tar.gz",175
"2023-06-07T19:00:42Z","quarto-1.4.130-linux-amd64.tar.gz",187
"2023-06-07T19:00:42Z","quarto-1.4.130-linux-arm64.tar.gz",180
"2023-06-07T19:00:42Z","quarto-1.4.130-linux-rhel7-amd64.tar.gz",175
"2023-06-07T19:00:42Z","quarto-1.4.130-linux-amd64.deb",597
"2023-06-07T19:00:42Z","quarto-1.4.130-linux-arm64.deb",185
"2023-06-07T19:00:42Z","quarto-1.4.130-win.msi",217
"2023-06-07T19:00:42Z","quarto-1.4.130-win.zip",193
"2023-06-07T19:00:42Z","quarto-1.4.130-macos.pkg",194
"2023-06-07T19:00:42Z","quarto-1.4.130-macos.tar.gz",182
"2023-06-07T19:00:42Z","changelog.md",175
"2023-06-07T19:00:42Z","quarto-1.4.130-checksums.txt",187
"2023-06-06T13:24:04Z","quarto-1.4.128.tar.gz",115
"2023-06-06T13:24:04Z","quarto-1.4.128-linux-amd64.tar.gz",125
"2023-06-06T13:24:04Z","quarto-1.4.128-linux-arm64.tar.gz",117
"2023-06-06T13:24:04Z","quarto-1.4.128-linux-rhel7-amd64.tar.gz",116
"2023-06-06T13:24:04Z","quarto-1.4.128-linux-amd64.deb",227
"2023-06-06T13:24:04Z","quarto-1.4.128-linux-arm64.deb",126
"2023-06-06T13:24:04Z","quarto-1.4.128-win.msi",149
"2023-06-06T13:24:04Z","quarto-1.4.128-win.zip",132
"2023-06-06T13:24:04Z","quarto-1.4.128-macos.pkg",132
"2023-06-06T13:24:04Z","quarto-1.4.128-macos.tar.gz",120
"2023-06-06T13:24:04Z","changelog.md",118
"2023-06-06T13:24:04Z","quarto-1.4.128-checksums.txt",125
"2023-06-05T12:35:36Z","quarto-1.4.126.tar.gz",94
"2023-06-05T12:35:36Z","quarto-1.4.126-linux-amd64.tar.gz",103
"2023-06-05T12:35:36Z","quarto-1.4.126-linux-arm64.tar.gz",96
"2023-06-05T12:35:36Z","quarto-1.4.126-linux-rhel7-amd64.tar.gz",94
"2023-06-05T12:35:36Z","quarto-1.4.126-linux-amd64.deb",177
"2023-06-05T12:35:36Z","quarto-1.4.126-linux-arm64.deb",94
"2023-06-05T12:35:36Z","quarto-1.4.126-win.msi",98
"2023-06-05T12:35:36Z","quarto-1.4.126-win.zip",108
"2023-06-05T12:35:36Z","quarto-1.4.126-macos.pkg",104
"2023-06-05T12:35:36Z","quarto-1.4.126-macos.tar.gz",102
"2023-06-05T12:35:36Z","changelog.md",96
"2023-06-05T12:35:36Z","quarto-1.4.126-checksums.txt",103
"2023-06-05T01:45:19Z","quarto-1.4.124.tar.gz",42
"2023-06-05T01:45:19Z","quarto-1.4.124-linux-amd64.tar.gz",46
"2023-06-05T01:45:19Z","quarto-1.4.124-linux-arm64.tar.gz",44
"2023-06-05T01:45:19Z","quarto-1.4.124-linux-rhel7-amd64.tar.gz",43
"2023-06-05T01:45:19Z","quarto-1.4.124-linux-amd64.deb",73
"2023-06-05T01:45:19Z","quarto-1.4.124-linux-arm64.deb",47
"2023-06-05T01:45:19Z","quarto-1.4.124-win.msi",46
"2023-06-05T01:45:19Z","quarto-1.4.124-win.zip",48
"2023-06-05T01:45:19Z","quarto-1.4.124-macos.pkg",48
"2023-06-05T01:45:19Z","quarto-1.4.124-macos.tar.gz",51
"2023-06-05T01:45:19Z","changelog.md",44
"2023-06-05T01:45:19Z","quarto-1.4.124-checksums.txt",45
"2023-06-02T18:11:14Z","quarto-1.4.122.tar.gz",127
"2023-06-02T18:11:14Z","quarto-1.4.122-linux-amd64.tar.gz",133
"2023-06-02T18:11:14Z","quarto-1.4.122-linux-arm64.tar.gz",128
"2023-06-02T18:11:14Z","quarto-1.4.122-linux-rhel7-amd64.tar.gz",125
"2023-06-02T18:11:14Z","quarto-1.4.122-linux-amd64.deb",224
"2023-06-02T18:11:14Z","quarto-1.4.122-linux-arm64.deb",126
"2023-06-02T18:11:14Z","quarto-1.4.122-win.msi",135
"2023-06-02T18:11:14Z","quarto-1.4.122-win.zip",133
"2023-06-02T18:11:14Z","quarto-1.4.122-macos.pkg",140
"2023-06-02T18:11:14Z","quarto-1.4.122-macos.tar.gz",133
"2023-06-02T18:11:14Z","changelog.md",130
"2023-06-02T18:11:14Z","quarto-1.4.122-checksums.txt",135
"2023-06-02T17:13:41Z","quarto-1.4.119.tar.gz",88
"2023-06-02T17:13:41Z","quarto-1.4.119-linux-amd64.tar.gz",92
"2023-06-02T17:13:41Z","quarto-1.4.119-linux-arm64.tar.gz",89
"2023-06-02T17:13:41Z","quarto-1.4.119-linux-rhel7-amd64.tar.gz",88
"2023-06-02T17:13:41Z","quarto-1.4.119-linux-amd64.deb",152
"2023-06-02T17:13:41Z","quarto-1.4.119-linux-arm64.deb",91
"2023-06-02T17:13:41Z","quarto-1.4.119-win.msi",93
"2023-06-02T17:13:41Z","quarto-1.4.119-win.zip",90
"2023-06-02T17:13:41Z","quarto-1.4.119-macos.pkg",100
"2023-06-02T17:13:41Z","quarto-1.4.119-macos.tar.gz",97
"2023-06-02T17:13:41Z","changelog.md",89
"2023-06-02T17:13:41Z","quarto-1.4.119-checksums.txt",96
"2023-06-01T21:42:29Z","quarto-1.4.117.tar.gz",71
"2023-06-01T21:42:29Z","quarto-1.4.117-linux-amd64.tar.gz",75
"2023-06-01T21:42:29Z","quarto-1.4.117-linux-arm64.tar.gz",71
"2023-06-01T21:42:29Z","quarto-1.4.117-linux-rhel7-amd64.tar.gz",71
"2023-06-01T21:42:29Z","quarto-1.4.117-linux-amd64.deb",131
"2023-06-01T21:42:29Z","quarto-1.4.117-linux-arm64.deb",72
"2023-06-01T21:42:29Z","quarto-1.4.117-win.msi",80
"2023-06-01T21:42:29Z","quarto-1.4.117-win.zip",73
"2023-06-01T21:42:29Z","quarto-1.4.117-macos.pkg",80
"2023-06-01T21:42:29Z","quarto-1.4.117-macos.tar.gz",78
"2023-06-01T21:42:29Z","changelog.md",77
"2023-06-01T21:42:29Z","quarto-1.4.117-checksums.txt",74
"2023-05-30T23:09:59Z","quarto-1.4.114.tar.gz",177
"2023-05-30T23:09:59Z","quarto-1.4.114-linux-amd64.tar.gz",191
"2023-05-30T23:09:59Z","quarto-1.4.114-linux-arm64.tar.gz",178
"2023-05-30T23:09:59Z","quarto-1.4.114-linux-rhel7-amd64.tar.gz",178
"2023-05-30T23:09:59Z","quarto-1.4.114-linux-amd64.deb",329
"2023-05-30T23:09:59Z","quarto-1.4.114-linux-arm64.deb",178
"2023-05-30T23:09:59Z","quarto-1.4.114-win.msi",202
"2023-05-30T23:09:59Z","quarto-1.4.114-win.zip",184
"2023-05-30T23:09:59Z","quarto-1.4.114-macos.pkg",192
"2023-05-30T23:09:59Z","quarto-1.4.114-macos.tar.gz",188
"2023-05-30T23:09:59Z","changelog.md",181
"2023-05-30T23:09:59Z","quarto-1.4.114-checksums.txt",191
"2023-05-30T23:01:09Z","quarto-1.4.113.tar.gz",4
"2023-05-30T23:01:09Z","quarto-1.4.113-linux-amd64.tar.gz",7
"2023-05-30T23:01:09Z","quarto-1.4.113-linux-arm64.tar.gz",5
"2023-05-30T23:01:09Z","quarto-1.4.113-linux-rhel7-amd64.tar.gz",3
"2023-05-30T23:01:09Z","quarto-1.4.113-linux-amd64.deb",3
"2023-05-30T23:01:09Z","quarto-1.4.113-linux-arm64.deb",4
"2023-05-30T23:01:09Z","quarto-1.4.113-win.msi",3
"2023-05-30T23:01:09Z","quarto-1.4.113-win.zip",4
"2023-05-30T23:01:09Z","quarto-1.4.113-macos.pkg",4
"2023-05-30T23:01:09Z","quarto-1.4.113-macos.tar.gz",10
"2023-05-30T23:01:09Z","changelog.md",3
"2023-05-30T23:01:09Z","quarto-1.4.113-checksums.txt",3
"2023-05-30T16:19:03Z","quarto-1.4.112.tar.gz",30
"2023-05-30T16:19:03Z","quarto-1.4.112-linux-amd64.tar.gz",32
"2023-05-30T16:19:03Z","quarto-1.4.112-linux-arm64.tar.gz",31
"2023-05-30T16:19:03Z","quarto-1.4.112-linux-rhel7-amd64.tar.gz",30
"2023-05-30T16:19:03Z","quarto-1.4.112-linux-amd64.deb",76
"2023-05-30T16:19:03Z","quarto-1.4.112-linux-arm64.deb",30
"2023-05-30T16:19:03Z","quarto-1.4.112-win.msi",34
"2023-05-30T16:19:03Z","quarto-1.4.112-win.zip",30
"2023-05-30T16:19:03Z","quarto-1.4.112-macos.pkg",34
"2023-05-30T16:19:03Z","quarto-1.4.112-macos.tar.gz",36
"2023-05-30T16:19:03Z","changelog.md",31
"2023-05-30T16:19:03Z","quarto-1.4.112-checksums.txt",34
"2023-05-30T15:27:35Z","quarto-1.4.111.tar.gz",6
"2023-05-30T15:27:35Z","quarto-1.4.111-linux-amd64.tar.gz",18
"2023-05-30T15:27:35Z","quarto-1.4.111-linux-arm64.tar.gz",8
"2023-05-30T15:27:35Z","quarto-1.4.111-linux-rhel7-amd64.tar.gz",6
"2023-05-30T15:27:35Z","quarto-1.4.111-linux-amd64.deb",16
"2023-05-30T15:27:35Z","quarto-1.4.111-linux-arm64.deb",6
"2023-05-30T15:27:35Z","quarto-1.4.111-win.msi",7
"2023-05-30T15:27:35Z","quarto-1.4.111-win.zip",6
"2023-05-30T15:27:35Z","quarto-1.4.111-macos.pkg",11
"2023-05-30T15:27:35Z","quarto-1.4.111-macos.tar.gz",11
"2023-05-30T15:27:35Z","changelog.md",6
"2023-05-30T15:27:35Z","quarto-1.4.111-checksums.txt",6
"2023-05-30T15:08:17Z","quarto-1.4.110.tar.gz",4
"2023-05-30T15:08:17Z","quarto-1.4.110-linux-amd64.tar.gz",6
"2023-05-30T15:08:17Z","quarto-1.4.110-linux-arm64.tar.gz",5
"2023-05-30T15:08:17Z","quarto-1.4.110-linux-rhel7-amd64.tar.gz",4
"2023-05-30T15:08:17Z","quarto-1.4.110-linux-amd64.deb",13
"2023-05-30T15:08:17Z","quarto-1.4.110-linux-arm64.deb",4
"2023-05-30T15:08:17Z","quarto-1.4.110-win.msi",4
"2023-05-30T15:08:17Z","quarto-1.4.110-win.zip",4
"2023-05-30T15:08:17Z","quarto-1.4.110-macos.pkg",8
"2023-05-30T15:08:17Z","quarto-1.4.110-macos.tar.gz",9
"2023-05-30T15:08:17Z","changelog.md",4
"2023-05-30T15:08:17Z","quarto-1.4.110-checksums.txt",4
"2023-05-30T14:42:38Z","quarto-1.4.109.tar.gz",3
"2023-05-30T14:42:38Z","quarto-1.4.109-linux-amd64.tar.gz",5
"2023-05-30T14:42:38Z","quarto-1.4.109-linux-arm64.tar.gz",4
"2023-05-30T14:42:38Z","quarto-1.4.109-linux-rhel7-amd64.tar.gz",3
"2023-05-30T14:42:38Z","quarto-1.4.109-linux-amd64.deb",7
"2023-05-30T14:42:38Z","quarto-1.4.109-linux-arm64.deb",3
"2023-05-30T14:42:38Z","quarto-1.4.109-win.msi",4
"2023-05-30T14:42:38Z","quarto-1.4.109-win.zip",3
"2023-05-30T14:42:38Z","quarto-1.4.109-macos.pkg",4
"2023-05-30T14:42:38Z","quarto-1.4.109-macos.tar.gz",13
"2023-05-30T14:42:38Z","changelog.md",4
"2023-05-30T14:42:38Z","quarto-1.4.109-checksums.txt",3
"2023-05-30T13:36:45Z","quarto-1.4.108.tar.gz",7
"2023-05-30T13:36:45Z","quarto-1.4.108-linux-amd64.tar.gz",9
"2023-05-30T13:36:45Z","quarto-1.4.108-linux-arm64.tar.gz",7
"2023-05-30T13:36:45Z","quarto-1.4.108-linux-rhel7-amd64.tar.gz",7
"2023-05-30T13:36:45Z","quarto-1.4.108-linux-amd64.deb",21
"2023-05-30T13:36:45Z","quarto-1.4.108-linux-arm64.deb",6
"2023-05-30T13:36:45Z","quarto-1.4.108-win.msi",8
"2023-05-30T13:36:45Z","quarto-1.4.108-win.zip",9
"2023-05-30T13:36:45Z","quarto-1.4.108-macos.pkg",9
"2023-05-30T13:36:45Z","quarto-1.4.108-macos.tar.gz",11
"2023-05-30T13:36:45Z","changelog.md",6
"2023-05-30T13:36:45Z","quarto-1.4.108-checksums.txt",7
"2023-05-30T13:11:39Z","quarto-1.4.107.tar.gz",5
"2023-05-30T13:11:39Z","quarto-1.4.107-linux-amd64.tar.gz",7
"2023-05-30T13:11:39Z","quarto-1.4.107-linux-arm64.tar.gz",6
"2023-05-30T13:11:39Z","quarto-1.4.107-linux-rhel7-amd64.tar.gz",5
"2023-05-30T13:11:39Z","quarto-1.4.107-linux-amd64.deb",13
"2023-05-30T13:11:39Z","quarto-1.4.107-linux-arm64.deb",5
"2023-05-30T13:11:39Z","quarto-1.4.107-win.msi",4
"2023-05-30T13:11:39Z","quarto-1.4.107-win.zip",5
"2023-05-30T13:11:39Z","quarto-1.4.107-macos.pkg",6
"2023-05-30T13:11:39Z","quarto-1.4.107-macos.tar.gz",10
"2023-05-30T13:11:39Z","changelog.md",4
"2023-05-30T13:11:39Z","quarto-1.4.107-checksums.txt",4
"2023-05-28T15:53:57Z","quarto-1.4.104.tar.gz",173
"2023-05-28T15:53:57Z","quarto-1.4.104-linux-amd64.tar.gz",175
"2023-05-28T15:53:57Z","quarto-1.4.104-linux-arm64.tar.gz",173
"2023-05-28T15:53:57Z","quarto-1.4.104-linux-rhel7-amd64.tar.gz",174
"2023-05-28T15:53:57Z","quarto-1.4.104-linux-amd64.deb",282
"2023-05-28T15:53:57Z","quarto-1.4.104-linux-arm64.deb",189
"2023-05-28T15:53:57Z","quarto-1.4.104-win.msi",194
"2023-05-28T15:53:57Z","quarto-1.4.104-win.zip",186
"2023-05-28T15:53:57Z","quarto-1.4.104-macos.pkg",200
"2023-05-28T15:53:57Z","quarto-1.4.104-macos.tar.gz",181
"2023-05-28T15:53:57Z","changelog.md",175
"2023-05-28T15:53:57Z","quarto-1.4.104-checksums.txt",185
"2023-05-27T02:24:44Z","quarto-1.4.100.tar.gz",147
"2023-05-27T02:24:44Z","quarto-1.4.100-linux-amd64.tar.gz",181
"2023-05-27T02:24:44Z","quarto-1.4.100-linux-arm64.tar.gz",149
"2023-05-27T02:24:44Z","quarto-1.4.100-linux-rhel7-amd64.tar.gz",146
"2023-05-27T02:24:44Z","quarto-1.4.100-linux-amd64.deb",234
"2023-05-27T02:24:44Z","quarto-1.4.100-linux-arm64.deb",148
"2023-05-27T02:24:44Z","quarto-1.4.100-win.msi",160
"2023-05-27T02:24:44Z","quarto-1.4.100-win.zip",149
"2023-05-27T02:24:44Z","quarto-1.4.100-macos.pkg",162
"2023-05-27T02:24:44Z","quarto-1.4.100-macos.tar.gz",155
"2023-05-27T02:24:44Z","changelog.md",149
"2023-05-27T02:24:44Z","quarto-1.4.100-checksums.txt",157
"2023-05-27T02:13:11Z","quarto-1.4.98.tar.gz",5
"2023-05-27T02:13:11Z","quarto-1.4.98-linux-amd64.tar.gz",9
"2023-05-27T02:13:11Z","quarto-1.4.98-linux-arm64.tar.gz",6
"2023-05-27T02:13:11Z","quarto-1.4.98-linux-rhel7-amd64.tar.gz",4
"2023-05-27T02:13:11Z","quarto-1.4.98-linux-amd64.deb",8
"2023-05-27T02:13:11Z","quarto-1.4.98-linux-arm64.deb",4
"2023-05-27T02:13:11Z","quarto-1.4.98-win.msi",4
"2023-05-27T02:13:11Z","quarto-1.4.98-win.zip",5
"2023-05-27T02:13:11Z","quarto-1.4.98-macos.pkg",6
"2023-05-27T02:13:11Z","quarto-1.4.98-macos.tar.gz",8
"2023-05-27T02:13:11Z","changelog.md",6
"2023-05-27T02:13:11Z","quarto-1.4.98-checksums.txt",5
"2023-05-27T02:25:06Z","quarto-1.3.361.tar.gz",2503
"2023-05-27T02:25:06Z","quarto-1.3.361-linux-amd64.tar.gz",5306
"2023-05-27T02:25:06Z","quarto-1.3.361-linux-arm64.tar.gz",2904
"2023-05-27T02:25:06Z","quarto-1.3.361-linux-rhel7-amd64.tar.gz",2743
"2023-05-27T02:25:06Z","quarto-1.3.361-linux-amd64.deb",43258
"2023-05-27T02:25:06Z","quarto-1.3.361-linux-arm64.deb",3040
"2023-05-27T02:25:06Z","quarto-1.3.361-win.msi",9245
"2023-05-27T02:25:06Z","quarto-1.3.361-win.zip",3528
"2023-05-27T02:25:06Z","quarto-1.3.361-macos.pkg",7205
"2023-05-27T02:25:06Z","quarto-1.3.361-macos.tar.gz",2542
"2023-05-27T02:25:06Z","changelog.md",2514
"2023-05-27T02:25:06Z","quarto-1.3.361-checksums.txt",2509
"2023-05-26T20:59:38Z","quarto-1.4.96.tar.gz",18
"2023-05-26T20:59:38Z","quarto-1.4.96-linux-amd64.tar.gz",22
"2023-05-26T20:59:38Z","quarto-1.4.96-linux-arm64.tar.gz",19
"2023-05-26T20:59:38Z","quarto-1.4.96-linux-rhel7-amd64.tar.gz",19
"2023-05-26T20:59:38Z","quarto-1.4.96-linux-amd64.deb",41
"2023-05-26T20:59:38Z","quarto-1.4.96-linux-arm64.deb",18
"2023-05-26T20:59:38Z","quarto-1.4.96-win.msi",19
"2023-05-26T20:59:38Z","quarto-1.4.96-win.zip",19
"2023-05-26T20:59:38Z","quarto-1.4.96-macos.pkg",23
"2023-05-26T20:59:38Z","quarto-1.4.96-macos.tar.gz",23
"2023-05-26T20:59:38Z","changelog.md",19
"2023-05-26T20:59:38Z","quarto-1.4.96-checksums.txt",22
"2023-05-26T14:10:02Z","quarto-1.4.92.tar.gz",30
"2023-05-26T14:10:02Z","quarto-1.4.92-linux-amd64.tar.gz",33
"2023-05-26T14:10:02Z","quarto-1.4.92-linux-arm64.tar.gz",32
"2023-05-26T14:10:02Z","quarto-1.4.92-linux-rhel7-amd64.tar.gz",30
"2023-05-26T14:10:02Z","quarto-1.4.92-linux-amd64.deb",45
"2023-05-26T14:10:02Z","quarto-1.4.92-linux-arm64.deb",31
"2023-05-26T14:10:02Z","quarto-1.4.92-win.msi",40
"2023-05-26T14:10:02Z","quarto-1.4.92-win.zip",31
"2023-05-26T14:10:02Z","quarto-1.4.92-macos.pkg",38
"2023-05-26T14:10:02Z","quarto-1.4.92-macos.tar.gz",34
"2023-05-26T14:10:02Z","changelog.md",33
"2023-05-26T14:10:02Z","quarto-1.4.92-checksums.txt",32
"2023-05-26T21:08:36Z","quarto-1.3.357.tar.gz",22
"2023-05-26T21:08:36Z","quarto-1.3.357-linux-amd64.tar.gz",32
"2023-05-26T21:08:36Z","quarto-1.3.357-linux-arm64.tar.gz",24
"2023-05-26T21:08:36Z","quarto-1.3.357-linux-rhel7-amd64.tar.gz",27
"2023-05-26T21:08:36Z","quarto-1.3.357-linux-amd64.deb",300
"2023-05-26T21:08:36Z","quarto-1.3.357-linux-arm64.deb",25
"2023-05-26T21:08:36Z","quarto-1.3.357-win.msi",1476
"2023-05-26T21:08:36Z","quarto-1.3.357-win.zip",38
"2023-05-26T21:08:36Z","quarto-1.3.357-macos.pkg",57
"2023-05-26T21:08:36Z","quarto-1.3.357-macos.tar.gz",28
"2023-05-26T21:08:36Z","changelog.md",25
"2023-05-26T21:08:36Z","quarto-1.3.357-checksums.txt",30
"2023-05-26T19:14:44Z","quarto-1.3.354.tar.gz",10
"2023-05-26T19:14:44Z","quarto-1.3.354-linux-amd64.tar.gz",246
"2023-05-26T19:14:44Z","quarto-1.3.354-linux-arm64.tar.gz",12
"2023-05-26T19:14:44Z","quarto-1.3.354-linux-rhel7-amd64.tar.gz",10
"2023-05-26T19:14:44Z","quarto-1.3.354-linux-amd64.deb",66
"2023-05-26T19:14:44Z","quarto-1.3.354-linux-arm64.deb",23
"2023-05-26T19:14:44Z","quarto-1.3.354-win.msi",1457
"2023-05-26T19:14:44Z","quarto-1.3.354-win.zip",13
"2023-05-26T19:14:44Z","quarto-1.3.354-macos.pkg",21
"2023-05-26T19:14:44Z","quarto-1.3.354-macos.tar.gz",18
"2023-05-26T19:14:44Z","changelog.md",11
"2023-05-26T19:14:44Z","quarto-1.3.354-checksums.txt",10
"2023-05-25T22:50:20Z","quarto-1.4.90.tar.gz",60
"2023-05-25T22:50:20Z","quarto-1.4.90-linux-amd64.tar.gz",70
"2023-05-25T22:50:20Z","quarto-1.4.90-linux-arm64.tar.gz",61
"2023-05-25T22:50:20Z","quarto-1.4.90-linux-rhel7-amd64.tar.gz",59
"2023-05-25T22:50:20Z","quarto-1.4.90-linux-amd64.deb",97
"2023-05-25T22:50:20Z","quarto-1.4.90-linux-arm64.deb",60
"2023-05-25T22:50:20Z","quarto-1.4.90-win.msi",68
"2023-05-25T22:50:20Z","quarto-1.4.90-win.zip",61
"2023-05-25T22:50:20Z","quarto-1.4.90-macos.pkg",69
"2023-05-25T22:50:20Z","quarto-1.4.90-macos.tar.gz",66
"2023-05-25T22:50:20Z","changelog.md",63
"2023-05-25T22:50:20Z","quarto-1.4.90-checksums.txt",64
"2023-05-25T11:18:46Z","quarto-1.4.89.tar.gz",49
"2023-05-25T11:18:46Z","quarto-1.4.89-linux-amd64.tar.gz",51
"2023-05-25T11:18:46Z","quarto-1.4.89-linux-arm64.tar.gz",48
"2023-05-25T11:18:46Z","quarto-1.4.89-linux-rhel7-amd64.tar.gz",48
"2023-05-25T11:18:46Z","quarto-1.4.89-linux-amd64.deb",91
"2023-05-25T11:18:46Z","quarto-1.4.89-linux-arm64.deb",49
"2023-05-25T11:18:46Z","quarto-1.4.89-win.msi",55
"2023-05-25T11:18:46Z","quarto-1.4.89-win.zip",50
"2023-05-25T11:18:46Z","quarto-1.4.89-macos.pkg",57
"2023-05-25T11:18:46Z","quarto-1.4.89-macos.tar.gz",53
"2023-05-25T11:18:46Z","changelog.md",50
"2023-05-25T11:18:46Z","quarto-1.4.89-checksums.txt",52
"2023-05-24T16:04:19Z","quarto-1.4.87.tar.gz",75
"2023-05-24T16:04:19Z","quarto-1.4.87-linux-amd64.tar.gz",106
"2023-05-24T16:04:19Z","quarto-1.4.87-linux-arm64.tar.gz",76
"2023-05-24T16:04:19Z","quarto-1.4.87-linux-rhel7-amd64.tar.gz",75
"2023-05-24T16:04:19Z","quarto-1.4.87-linux-amd64.deb",154
"2023-05-24T16:04:19Z","quarto-1.4.87-linux-arm64.deb",81
"2023-05-24T16:04:19Z","quarto-1.4.87-win.msi",85
"2023-05-24T16:04:19Z","quarto-1.4.87-win.zip",83
"2023-05-24T16:04:19Z","quarto-1.4.87-macos.pkg",82
"2023-05-24T16:04:19Z","quarto-1.4.87-macos.tar.gz",80
"2023-05-24T16:04:19Z","changelog.md",78
"2023-05-24T16:04:19Z","quarto-1.4.87-checksums.txt",83
"2023-05-22T13:43:07Z","quarto-1.4.84.tar.gz",193
"2023-05-22T13:43:07Z","quarto-1.4.84-linux-amd64.tar.gz",213
"2023-05-22T13:43:07Z","quarto-1.4.84-linux-arm64.tar.gz",194
"2023-05-22T13:43:07Z","quarto-1.4.84-linux-rhel7-amd64.tar.gz",193
"2023-05-22T13:43:07Z","quarto-1.4.84-linux-amd64.deb",329
"2023-05-22T13:43:07Z","quarto-1.4.84-linux-arm64.deb",193
"2023-05-22T13:43:07Z","quarto-1.4.84-win.msi",207
"2023-05-22T13:43:07Z","quarto-1.4.84-win.zip",202
"2023-05-22T13:43:07Z","quarto-1.4.84-macos.pkg",219
"2023-05-22T13:43:07Z","quarto-1.4.84-macos.tar.gz",199
"2023-05-22T13:43:07Z","changelog.md",197
"2023-05-22T13:43:07Z","quarto-1.4.84-checksums.txt",206
"2023-05-19T20:03:39Z","quarto-1.4.80.tar.gz",249
"2023-05-19T20:03:39Z","quarto-1.4.80-linux-amd64.tar.gz",265
"2023-05-19T20:03:39Z","quarto-1.4.80-linux-arm64.tar.gz",249
"2023-05-19T20:03:39Z","quarto-1.4.80-linux-rhel7-amd64.tar.gz",250
"2023-05-19T20:03:39Z","quarto-1.4.80-linux-amd64.deb",399
"2023-05-19T20:03:39Z","quarto-1.4.80-linux-arm64.deb",268
"2023-05-19T20:03:39Z","quarto-1.4.80-win.msi",266
"2023-05-19T20:03:39Z","quarto-1.4.80-win.zip",266
"2023-05-19T20:03:39Z","quarto-1.4.80-macos.pkg",275
"2023-05-19T20:03:39Z","quarto-1.4.80-macos.tar.gz",254
"2023-05-19T20:03:39Z","changelog.md",252
"2023-05-19T20:03:39Z","quarto-1.4.80-checksums.txt",267
"2023-05-18T21:09:09Z","quarto-1.4.78.tar.gz",89
"2023-05-18T21:09:09Z","quarto-1.4.78-linux-amd64.tar.gz",94
"2023-05-18T21:09:09Z","quarto-1.4.78-linux-arm64.tar.gz",91
"2023-05-18T21:09:09Z","quarto-1.4.78-linux-rhel7-amd64.tar.gz",88
"2023-05-18T21:09:09Z","quarto-1.4.78-linux-amd64.deb",183
"2023-05-18T21:09:09Z","quarto-1.4.78-linux-arm64.deb",92
"2023-05-18T21:09:09Z","quarto-1.4.78-win.msi",100
"2023-05-18T21:09:09Z","quarto-1.4.78-win.zip",91
"2023-05-18T21:09:09Z","quarto-1.4.78-macos.pkg",101
"2023-05-18T21:09:09Z","quarto-1.4.78-macos.tar.gz",95
"2023-05-18T21:09:09Z","changelog.md",91
"2023-05-18T21:09:09Z","quarto-1.4.78-checksums.txt",97
"2023-05-18T19:13:07Z","quarto-1.4.77.tar.gz",11
"2023-05-18T19:13:07Z","quarto-1.4.77-linux-amd64.tar.gz",16
"2023-05-18T19:13:07Z","quarto-1.4.77-linux-arm64.tar.gz",12
"2023-05-18T19:13:07Z","quarto-1.4.77-linux-rhel7-amd64.tar.gz",11
"2023-05-18T19:13:07Z","quarto-1.4.77-linux-amd64.deb",19
"2023-05-18T19:13:07Z","quarto-1.4.77-linux-arm64.deb",10
"2023-05-18T19:13:07Z","quarto-1.4.77-win.msi",10
"2023-05-18T19:13:07Z","quarto-1.4.77-win.zip",10
"2023-05-18T19:13:07Z","quarto-1.4.77-macos.pkg",12
"2023-05-18T19:13:07Z","quarto-1.4.77-macos.tar.gz",17
"2023-05-18T19:13:07Z","changelog.md",10
"2023-05-18T19:13:07Z","quarto-1.4.77-checksums.txt",10
"2023-05-18T17:13:34Z","quarto-1.4.76.tar.gz",12
"2023-05-18T17:13:34Z","quarto-1.4.76-linux-amd64.tar.gz",24
"2023-05-18T17:13:34Z","quarto-1.4.76-linux-arm64.tar.gz",13
"2023-05-18T17:13:34Z","quarto-1.4.76-linux-rhel7-amd64.tar.gz",12
"2023-05-18T17:13:34Z","quarto-1.4.76-linux-amd64.deb",23
"2023-05-18T17:13:34Z","quarto-1.4.76-linux-arm64.deb",11
"2023-05-18T17:13:34Z","quarto-1.4.76-win.msi",11
"2023-05-18T17:13:34Z","quarto-1.4.76-win.zip",12
"2023-05-18T17:13:34Z","quarto-1.4.76-macos.pkg",12
"2023-05-18T17:13:34Z","quarto-1.4.76-macos.tar.gz",24
"2023-05-18T17:13:34Z","changelog.md",12
"2023-05-18T17:13:34Z","quarto-1.4.76-checksums.txt",12
"2023-05-18T00:07:51Z","quarto-1.4.74.tar.gz",67
"2023-05-18T00:07:51Z","quarto-1.4.74-linux-amd64.tar.gz",77
"2023-05-18T00:07:51Z","quarto-1.4.74-linux-arm64.tar.gz",69
"2023-05-18T00:07:51Z","quarto-1.4.74-linux-rhel7-amd64.tar.gz",67
"2023-05-18T00:07:51Z","quarto-1.4.74-linux-amd64.deb",111
"2023-05-18T00:07:51Z","quarto-1.4.74-linux-arm64.deb",68
"2023-05-18T00:07:51Z","quarto-1.4.74-win.msi",79
"2023-05-18T00:07:51Z","quarto-1.4.74-win.zip",67
"2023-05-18T00:07:51Z","quarto-1.4.74-macos.pkg",78
"2023-05-18T00:07:51Z","quarto-1.4.74-macos.tar.gz",79
"2023-05-18T00:07:51Z","changelog.md",70
"2023-05-18T00:07:51Z","quarto-1.4.74-checksums.txt",71
"2023-05-17T21:33:44Z","quarto-1.4.73.tar.gz",11
"2023-05-17T21:33:44Z","quarto-1.4.73-linux-amd64.tar.gz",13
"2023-05-17T21:33:44Z","quarto-1.4.73-linux-arm64.tar.gz",12
"2023-05-17T21:33:44Z","quarto-1.4.73-linux-rhel7-amd64.tar.gz",11
"2023-05-17T21:33:44Z","quarto-1.4.73-linux-amd64.deb",19
"2023-05-17T21:33:44Z","quarto-1.4.73-linux-arm64.deb",11
"2023-05-17T21:33:44Z","quarto-1.4.73-win.msi",10
"2023-05-17T21:33:44Z","quarto-1.4.73-win.zip",14
"2023-05-17T21:33:44Z","quarto-1.4.73-macos.pkg",11
"2023-05-17T21:33:44Z","quarto-1.4.73-macos.tar.gz",14
"2023-05-17T21:33:44Z","changelog.md",10
"2023-05-17T21:33:44Z","quarto-1.4.73-checksums.txt",14
"2023-05-17T14:58:30Z","quarto-1.4.72.tar.gz",30
"2023-05-17T14:58:30Z","quarto-1.4.72-linux-amd64.tar.gz",33
"2023-05-17T14:58:30Z","quarto-1.4.72-linux-arm64.tar.gz",30
"2023-05-17T14:58:30Z","quarto-1.4.72-linux-rhel7-amd64.tar.gz",30
"2023-05-17T14:58:30Z","quarto-1.4.72-linux-amd64.deb",55
"2023-05-17T14:58:30Z","quarto-1.4.72-linux-arm64.deb",30
"2023-05-17T14:58:30Z","quarto-1.4.72-win.msi",34
"2023-05-17T14:58:30Z","quarto-1.4.72-win.zip",33
"2023-05-17T14:58:30Z","quarto-1.4.72-macos.pkg",34
"2023-05-17T14:58:30Z","quarto-1.4.72-macos.tar.gz",34
"2023-05-17T14:58:30Z","changelog.md",31
"2023-05-17T14:58:30Z","quarto-1.4.72-checksums.txt",30
"2023-05-16T23:01:13Z","quarto-1.4.70.tar.gz",62
"2023-05-16T23:01:13Z","quarto-1.4.70-linux-amd64.tar.gz",68
"2023-05-16T23:01:13Z","quarto-1.4.70-linux-arm64.tar.gz",62
"2023-05-16T23:01:13Z","quarto-1.4.70-linux-rhel7-amd64.tar.gz",61
"2023-05-16T23:01:13Z","quarto-1.4.70-linux-amd64.deb",104
"2023-05-16T23:01:13Z","quarto-1.4.70-linux-arm64.deb",63
"2023-05-16T23:01:13Z","quarto-1.4.70-win.msi",67
"2023-05-16T23:01:13Z","quarto-1.4.70-win.zip",64
"2023-05-16T23:01:13Z","quarto-1.4.70-macos.pkg",72
"2023-05-16T23:01:13Z","quarto-1.4.70-macos.tar.gz",71
"2023-05-16T23:01:13Z","changelog.md",67
"2023-05-16T23:01:13Z","quarto-1.4.70-checksums.txt",66
"2023-05-16T18:51:53Z","quarto-1.4.69.tar.gz",20
"2023-05-16T18:51:53Z","quarto-1.4.69-linux-amd64.tar.gz",24
"2023-05-16T18:51:53Z","quarto-1.4.69-linux-arm64.tar.gz",21
"2023-05-16T18:51:53Z","quarto-1.4.69-linux-rhel7-amd64.tar.gz",19
"2023-05-16T18:51:53Z","quarto-1.4.69-linux-amd64.deb",36
"2023-05-16T18:51:53Z","quarto-1.4.69-linux-arm64.deb",20
"2023-05-16T18:51:53Z","quarto-1.4.69-win.msi",24
"2023-05-16T18:51:53Z","quarto-1.4.69-win.zip",24
"2023-05-16T18:51:53Z","quarto-1.4.69-macos.pkg",23
"2023-05-16T18:51:53Z","quarto-1.4.69-macos.tar.gz",26
"2023-05-16T18:51:53Z","changelog.md",19
"2023-05-16T18:51:53Z","quarto-1.4.69-checksums.txt",23
"2023-05-16T17:48:26Z","quarto-1.4.68.tar.gz",5
"2023-05-16T17:48:26Z","quarto-1.4.68-linux-amd64.tar.gz",9
"2023-05-16T17:48:26Z","quarto-1.4.68-linux-arm64.tar.gz",7
"2023-05-16T17:48:26Z","quarto-1.4.68-linux-rhel7-amd64.tar.gz",6
"2023-05-16T17:48:26Z","quarto-1.4.68-linux-amd64.deb",9
"2023-05-16T17:48:26Z","quarto-1.4.68-linux-arm64.deb",5
"2023-05-16T17:48:26Z","quarto-1.4.68-win.msi",5
"2023-05-16T17:48:26Z","quarto-1.4.68-win.zip",5
"2023-05-16T17:48:26Z","quarto-1.4.68-macos.pkg",6
"2023-05-16T17:48:26Z","quarto-1.4.68-macos.tar.gz",10
"2023-05-16T17:48:26Z","changelog.md",6
"2023-05-16T17:48:26Z","quarto-1.4.68-checksums.txt",5
"2023-05-16T14:34:47Z","quarto-1.4.67.tar.gz",19
"2023-05-16T14:34:47Z","quarto-1.4.67-linux-amd64.tar.gz",25
"2023-05-16T14:34:47Z","quarto-1.4.67-linux-arm64.tar.gz",19
"2023-05-16T14:34:47Z","quarto-1.4.67-linux-rhel7-amd64.tar.gz",19
"2023-05-16T14:34:47Z","quarto-1.4.67-linux-amd64.deb",31
"2023-05-16T14:34:47Z","quarto-1.4.67-linux-arm64.deb",19
"2023-05-16T14:34:47Z","quarto-1.4.67-win.msi",24
"2023-05-16T14:34:47Z","quarto-1.4.67-win.zip",18
"2023-05-16T14:34:47Z","quarto-1.4.67-macos.pkg",24
"2023-05-16T14:34:47Z","quarto-1.4.67-macos.tar.gz",26
"2023-05-16T14:34:47Z","changelog.md",19
"2023-05-16T14:34:47Z","quarto-1.4.67-checksums.txt",18
"2023-05-16T13:47:40Z","quarto-1.4.66.tar.gz",6
"2023-05-16T13:47:40Z","quarto-1.4.66-linux-amd64.tar.gz",8
"2023-05-16T13:47:40Z","quarto-1.4.66-linux-arm64.tar.gz",7
"2023-05-16T13:47:40Z","quarto-1.4.66-linux-rhel7-amd64.tar.gz",5
"2023-05-16T13:47:40Z","quarto-1.4.66-linux-amd64.deb",10
"2023-05-16T13:47:40Z","quarto-1.4.66-linux-arm64.deb",6
"2023-05-16T13:47:40Z","quarto-1.4.66-win.msi",6
"2023-05-16T13:47:40Z","quarto-1.4.66-win.zip",7
"2023-05-16T13:47:40Z","quarto-1.4.66-macos.pkg",7
"2023-05-16T13:47:40Z","quarto-1.4.66-macos.tar.gz",12
"2023-05-16T13:47:40Z","changelog.md",5
"2023-05-16T13:47:40Z","quarto-1.4.66-checksums.txt",6
"2023-05-16T13:38:29Z","quarto-1.4.65.tar.gz",2
"2023-05-16T13:38:29Z","quarto-1.4.65-linux-amd64.tar.gz",5
"2023-05-16T13:38:29Z","quarto-1.4.65-linux-arm64.tar.gz",3
"2023-05-16T13:38:29Z","quarto-1.4.65-linux-rhel7-amd64.tar.gz",3
"2023-05-16T13:38:29Z","quarto-1.4.65-linux-amd64.deb",2
"2023-05-16T13:38:29Z","quarto-1.4.65-linux-arm64.deb",3
"2023-05-16T13:38:29Z","quarto-1.4.65-win.msi",2
"2023-05-16T13:38:29Z","quarto-1.4.65-win.zip",3
"2023-05-16T13:38:29Z","quarto-1.4.65-macos.pkg",4
"2023-05-16T13:38:29Z","quarto-1.4.65-macos.tar.gz",7
"2023-05-16T13:38:29Z","changelog.md",3
"2023-05-16T13:38:29Z","quarto-1.4.65-checksums.txt",2
"2023-05-15T16:49:34Z","quarto-1.4.63.tar.gz",76
"2023-05-15T16:49:34Z","quarto-1.4.63-linux-amd64.tar.gz",81
"2023-05-15T16:49:34Z","quarto-1.4.63-linux-arm64.tar.gz",78
"2023-05-15T16:49:34Z","quarto-1.4.63-linux-rhel7-amd64.tar.gz",78
"2023-05-15T16:49:34Z","quarto-1.4.63-linux-amd64.deb",263
"2023-05-15T16:49:34Z","quarto-1.4.63-linux-arm64.deb",78
"2023-05-15T16:49:34Z","quarto-1.4.63-win.msi",79
"2023-05-15T16:49:34Z","quarto-1.4.63-win.zip",83
"2023-05-15T16:49:34Z","quarto-1.4.63-macos.pkg",90
"2023-05-15T16:49:34Z","quarto-1.4.63-macos.tar.gz",80
"2023-05-15T16:49:34Z","changelog.md",80
"2023-05-15T16:49:34Z","quarto-1.4.63-checksums.txt",83
"2023-05-12T23:43:48Z","quarto-1.4.60.tar.gz",185
"2023-05-12T23:43:48Z","quarto-1.4.60-linux-amd64.tar.gz",190
"2023-05-12T23:43:48Z","quarto-1.4.60-linux-arm64.tar.gz",186
"2023-05-12T23:43:48Z","quarto-1.4.60-linux-rhel7-amd64.tar.gz",187
"2023-05-12T23:43:48Z","quarto-1.4.60-linux-amd64.deb",365
"2023-05-12T23:43:48Z","quarto-1.4.60-linux-arm64.deb",186
"2023-05-12T23:43:48Z","quarto-1.4.60-win.msi",195
"2023-05-12T23:43:48Z","quarto-1.4.60-win.zip",197
"2023-05-12T23:43:48Z","quarto-1.4.60-macos.pkg",210
"2023-05-12T23:43:48Z","quarto-1.4.60-macos.tar.gz",188
"2023-05-12T23:43:48Z","changelog.md",190
"2023-05-12T23:43:48Z","quarto-1.4.60-checksums.txt",200
"2023-05-12T21:27:29Z","quarto-1.4.58.tar.gz",78
"2023-05-12T21:27:29Z","quarto-1.4.58-linux-amd64.tar.gz",81
"2023-05-12T21:27:29Z","quarto-1.4.58-linux-arm64.tar.gz",81
"2023-05-12T21:27:29Z","quarto-1.4.58-linux-rhel7-amd64.tar.gz",80
"2023-05-12T21:27:29Z","quarto-1.4.58-linux-amd64.deb",132
"2023-05-12T21:27:29Z","quarto-1.4.58-linux-arm64.deb",79
"2023-05-12T21:27:29Z","quarto-1.4.58-win.msi",86
"2023-05-12T21:27:29Z","quarto-1.4.58-win.zip",87
"2023-05-12T21:27:29Z","quarto-1.4.58-macos.pkg",89
"2023-05-12T21:27:29Z","quarto-1.4.58-macos.tar.gz",83
"2023-05-12T21:27:29Z","changelog.md",81
"2023-05-12T21:27:29Z","quarto-1.4.58-checksums.txt",85
"2023-05-12T21:04:14Z","quarto-1.4.57.tar.gz",4
"2023-05-12T21:04:14Z","quarto-1.4.57-linux-amd64.tar.gz",7
"2023-05-12T21:04:14Z","quarto-1.4.57-linux-arm64.tar.gz",6
"2023-05-12T21:04:14Z","quarto-1.4.57-linux-rhel7-amd64.tar.gz",5
"2023-05-12T21:04:14Z","quarto-1.4.57-linux-amd64.deb",9
"2023-05-12T21:04:14Z","quarto-1.4.57-linux-arm64.deb",5
"2023-05-12T21:04:14Z","quarto-1.4.57-win.msi",5
"2023-05-12T21:04:14Z","quarto-1.4.57-win.zip",7
"2023-05-12T21:04:14Z","quarto-1.4.57-macos.pkg",8
"2023-05-12T21:04:14Z","quarto-1.4.57-macos.tar.gz",10
"2023-05-12T21:04:14Z","changelog.md",4
"2023-05-12T21:04:14Z","quarto-1.4.57-checksums.txt",4
"2023-05-11T19:43:41Z","quarto-1.4.54.tar.gz",102
"2023-05-11T19:43:41Z","quarto-1.4.54-linux-amd64.tar.gz",106
"2023-05-11T19:43:41Z","quarto-1.4.54-linux-arm64.tar.gz",103
"2023-05-11T19:43:41Z","quarto-1.4.54-linux-rhel7-amd64.tar.gz",102
"2023-05-11T19:43:41Z","quarto-1.4.54-linux-amd64.deb",582
"2023-05-11T19:43:41Z","quarto-1.4.54-linux-arm64.deb",103
"2023-05-11T19:43:41Z","quarto-1.4.54-win.msi",111
"2023-05-11T19:43:41Z","quarto-1.4.54-win.zip",104
"2023-05-11T19:43:41Z","quarto-1.4.54-macos.pkg",113
"2023-05-11T19:43:41Z","quarto-1.4.54-macos.tar.gz",106
"2023-05-11T19:43:41Z","changelog.md",106
"2023-05-11T19:43:41Z","quarto-1.4.54-checksums.txt",108
"2023-05-11T12:38:57Z","quarto-1.4.53.tar.gz",31
"2023-05-11T12:38:57Z","quarto-1.4.53-linux-amd64.tar.gz",67
"2023-05-11T12:38:57Z","quarto-1.4.53-linux-arm64.tar.gz",32
"2023-05-11T12:38:57Z","quarto-1.4.53-linux-rhel7-amd64.tar.gz",31
"2023-05-11T12:38:57Z","quarto-1.4.53-linux-amd64.deb",58
"2023-05-11T12:38:57Z","quarto-1.4.53-linux-arm64.deb",31
"2023-05-11T12:38:57Z","quarto-1.4.53-win.msi",37
"2023-05-11T12:38:57Z","quarto-1.4.53-win.zip",34
"2023-05-11T12:38:57Z","quarto-1.4.53-macos.pkg",40
"2023-05-11T12:38:57Z","quarto-1.4.53-macos.tar.gz",36
"2023-05-11T12:38:57Z","changelog.md",34
"2023-05-11T12:38:57Z","quarto-1.4.53-checksums.txt",30
"2023-05-10T18:51:18Z","quarto-1.4.51.tar.gz",66
"2023-05-10T18:51:18Z","quarto-1.4.51-linux-amd64.tar.gz",70
"2023-05-10T18:51:18Z","quarto-1.4.51-linux-arm64.tar.gz",68
"2023-05-10T18:51:18Z","quarto-1.4.51-linux-rhel7-amd64.tar.gz",68
"2023-05-10T18:51:18Z","quarto-1.4.51-linux-amd64.deb",814
"2023-05-10T18:51:18Z","quarto-1.4.51-linux-arm64.deb",66
"2023-05-10T18:51:18Z","quarto-1.4.51-win.msi",70
"2023-05-10T18:51:18Z","quarto-1.4.51-win.zip",79
"2023-05-10T18:51:18Z","quarto-1.4.51-macos.pkg",77
"2023-05-10T18:51:18Z","quarto-1.4.51-macos.tar.gz",71
"2023-05-10T18:51:18Z","changelog.md",72
"2023-05-10T18:51:18Z","quarto-1.4.51-checksums.txt",73
"2023-05-10T18:11:58Z","quarto-1.4.50.tar.gz",4
"2023-05-10T18:11:58Z","quarto-1.4.50-linux-amd64.tar.gz",7
"2023-05-10T18:11:58Z","quarto-1.4.50-linux-arm64.tar.gz",5
"2023-05-10T18:11:58Z","quarto-1.4.50-linux-rhel7-amd64.tar.gz",4
"2023-05-10T18:11:58Z","quarto-1.4.50-linux-amd64.deb",6
"2023-05-10T18:11:58Z","quarto-1.4.50-linux-arm64.deb",3
"2023-05-10T18:11:58Z","quarto-1.4.50-win.msi",3
"2023-05-10T18:11:58Z","quarto-1.4.50-win.zip",4
"2023-05-10T18:11:58Z","quarto-1.4.50-macos.pkg",5
"2023-05-10T18:11:58Z","quarto-1.4.50-macos.tar.gz",7
"2023-05-10T18:11:58Z","changelog.md",4
"2023-05-10T18:11:58Z","quarto-1.4.50-checksums.txt",3
"2023-05-10T14:20:17Z","quarto-1.4.49.tar.gz",11
"2023-05-09T14:30:22Z","quarto-1.4.43.tar.gz",96
"2023-05-09T14:30:22Z","quarto-1.4.43-linux-amd64.tar.gz",99
"2023-05-09T14:30:22Z","quarto-1.4.43-linux-arm64.tar.gz",98
"2023-05-09T14:30:22Z","quarto-1.4.43-linux-rhel7-amd64.tar.gz",95
"2023-05-09T14:30:22Z","quarto-1.4.43-linux-amd64.deb",1434
"2023-05-09T14:30:22Z","quarto-1.4.43-linux-arm64.deb",96
"2023-05-09T14:30:22Z","quarto-1.4.43-win.msi",103
"2023-05-09T14:30:22Z","quarto-1.4.43-win.zip",95
"2023-05-09T14:30:22Z","quarto-1.4.43-macos.pkg",108
"2023-05-09T14:30:22Z","quarto-1.4.43-macos.tar.gz",99
"2023-05-09T14:30:22Z","changelog.md",97
"2023-05-09T14:30:22Z","quarto-1.4.43-checksums.txt",103
"2023-05-09T19:07:20Z","quarto-1.3.353.tar.gz",1295
"2023-05-09T19:07:20Z","quarto-1.3.353-linux-amd64.tar.gz",11356
"2023-05-09T19:07:20Z","quarto-1.3.353-linux-arm64.tar.gz",1332
"2023-05-09T19:07:20Z","quarto-1.3.353-linux-rhel7-amd64.tar.gz",3284
"2023-05-09T19:07:20Z","quarto-1.3.353-linux-amd64.deb",22990
"2023-05-09T19:07:20Z","quarto-1.3.353-linux-arm64.deb",1469
"2023-05-09T19:07:20Z","quarto-1.3.353-win.msi",5641
"2023-05-09T19:07:20Z","quarto-1.3.353-win.zip",1585
"2023-05-09T19:07:20Z","quarto-1.3.353-macos.pkg",3768
"2023-05-09T19:07:20Z","quarto-1.3.353-macos.tar.gz",1306
"2023-05-09T19:07:20Z","quarto-1.3.353-checksums.txt",1302
"2023-05-09T19:07:20Z","changelog.md",1290
"2023-05-04T22:32:06Z","quarto-1.4.37.tar.gz",420
"2023-05-04T22:32:06Z","quarto-1.4.37-linux-amd64.tar.gz",432
"2023-05-04T22:32:06Z","quarto-1.4.37-linux-arm64.tar.gz",422
"2023-05-04T22:32:06Z","quarto-1.4.37-linux-rhel7-amd64.tar.gz",422
"2023-05-04T22:32:06Z","quarto-1.4.37-linux-amd64.deb",744
"2023-05-04T22:32:06Z","quarto-1.4.37-linux-arm64.deb",423
"2023-05-04T22:32:06Z","quarto-1.4.37-win.msi",459
"2023-05-04T22:32:06Z","quarto-1.4.37-win.zip",443
"2023-05-04T22:32:06Z","quarto-1.4.37-macos.pkg",482
"2023-05-04T22:32:06Z","quarto-1.4.37-macos.tar.gz",425
"2023-05-04T22:32:06Z","changelog.md",429
"2023-05-04T22:32:06Z","quarto-1.4.37-checksums.txt",458
"2023-05-04T13:52:51Z","quarto-1.4.36.tar.gz",38
"2023-05-04T13:52:51Z","quarto-1.4.36-linux-amd64.tar.gz",41
"2023-05-04T13:52:51Z","quarto-1.4.36-linux-arm64.tar.gz",38
"2023-05-04T13:52:51Z","quarto-1.4.36-linux-rhel7-amd64.tar.gz",38
"2023-05-04T13:52:51Z","quarto-1.4.36-linux-amd64.deb",69
"2023-05-04T13:52:51Z","quarto-1.4.36-linux-arm64.deb",37
"2023-05-04T13:52:51Z","quarto-1.4.36-win.msi",44
"2023-05-04T13:52:51Z","quarto-1.4.36-win.zip",39
"2023-05-04T13:52:51Z","quarto-1.4.36-macos.pkg",46
"2023-05-04T13:52:51Z","quarto-1.4.36-macos.tar.gz",40
"2023-05-04T13:52:51Z","changelog.md",39
"2023-05-04T13:52:51Z","quarto-1.4.36-checksums.txt",41
"2023-05-04T13:05:46Z","quarto-1.4.35.tar.gz",7
"2023-05-04T13:05:46Z","quarto-1.4.35-linux-amd64.tar.gz",8
"2023-05-04T13:05:46Z","quarto-1.4.35-linux-arm64.tar.gz",7
"2023-05-04T13:05:46Z","quarto-1.4.35-linux-rhel7-amd64.tar.gz",7
"2023-05-04T13:05:46Z","quarto-1.4.35-linux-amd64.deb",12
"2023-05-04T13:05:46Z","quarto-1.4.35-linux-arm64.deb",7
"2023-05-04T13:05:46Z","quarto-1.4.35-win.msi",7
"2023-05-04T13:05:46Z","quarto-1.4.35-win.zip",7
"2023-05-04T13:05:46Z","quarto-1.4.35-macos.pkg",8
"2023-05-04T13:05:46Z","quarto-1.4.35-macos.tar.gz",11
"2023-05-04T13:05:46Z","changelog.md",10
"2023-05-04T13:05:46Z","quarto-1.4.35-checksums.txt",6
"2023-05-03T23:29:50Z","quarto-1.4.30.tar.gz",52
"2023-05-03T23:29:50Z","quarto-1.4.30-linux-amd64.tar.gz",54
"2023-05-03T23:29:50Z","quarto-1.4.30-linux-arm64.tar.gz",52
"2023-05-03T23:29:50Z","quarto-1.4.30-linux-amd64.deb",111
"2023-05-03T23:29:50Z","quarto-1.4.30-linux-arm64.deb",52
"2023-05-03T23:29:50Z","quarto-1.4.30-win.msi",56
"2023-05-03T23:29:50Z","quarto-1.4.30-win.zip",55
"2023-05-03T23:29:50Z","quarto-1.4.30-macos.pkg",62
"2023-05-03T23:29:50Z","quarto-1.4.30-macos.tar.gz",56
"2023-05-03T23:29:50Z","changelog.md",56
"2023-05-03T23:29:50Z","quarto-1.4.30-checksums.txt",54
"2023-05-02T00:55:23Z","quarto-1.4.25.tar.gz",183
"2023-05-02T00:55:23Z","quarto-1.4.25-linux-amd64.tar.gz",187
"2023-05-02T00:55:23Z","quarto-1.4.25-linux-arm64.tar.gz",185
"2023-05-02T00:55:23Z","quarto-1.4.25-linux-rhel7-amd64.tar.gz",185
"2023-05-02T00:55:23Z","quarto-1.4.25-linux-amd64.deb",585
"2023-05-02T00:55:23Z","quarto-1.4.25-linux-arm64.deb",186
"2023-05-02T00:55:23Z","quarto-1.4.25-win.msi",199
"2023-05-02T00:55:23Z","quarto-1.4.25-win.zip",196
"2023-05-02T00:55:23Z","quarto-1.4.25-macos.pkg",210
"2023-05-02T00:55:23Z","quarto-1.4.25-macos.tar.gz",189
"2023-05-02T00:55:23Z","changelog.md",187
"2023-05-02T00:55:23Z","quarto-1.4.25-checksums.txt",196
"2023-05-01T22:05:11Z","quarto-1.4.24.tar.gz",12
"2023-05-01T22:05:11Z","quarto-1.4.24-linux-amd64.tar.gz",13
"2023-05-01T22:05:11Z","quarto-1.4.24-linux-arm64.tar.gz",13
"2023-05-01T22:05:11Z","quarto-1.4.24-linux-rhel7-amd64.tar.gz",12
"2023-05-01T22:05:11Z","quarto-1.4.24-linux-amd64.deb",25
"2023-05-01T22:05:11Z","quarto-1.4.24-linux-arm64.deb",12
"2023-05-01T22:05:11Z","quarto-1.4.24-win.msi",11
"2023-05-01T22:05:11Z","quarto-1.4.24-win.zip",12
"2023-05-01T22:05:11Z","quarto-1.4.24-macos.pkg",13
"2023-05-01T22:05:11Z","quarto-1.4.24-macos.tar.gz",18
"2023-05-01T22:05:11Z","changelog.md",11
"2023-05-01T22:05:11Z","quarto-1.4.24-checksums.txt",12
"2023-05-01T20:52:25Z","quarto-1.4.23.tar.gz",9
"2023-05-01T20:52:25Z","quarto-1.4.23-linux-amd64.tar.gz",10
"2023-05-01T20:52:25Z","quarto-1.4.23-linux-arm64.tar.gz",8
"2023-05-01T20:52:25Z","quarto-1.4.23-linux-rhel7-amd64.tar.gz",9
"2023-05-01T20:52:25Z","quarto-1.4.23-linux-amd64.deb",20
"2023-05-01T20:52:25Z","quarto-1.4.23-linux-arm64.deb",8
"2023-05-01T20:52:25Z","quarto-1.4.23-win.msi",9
"2023-05-01T20:52:25Z","quarto-1.4.23-win.zip",12
"2023-05-01T20:52:25Z","quarto-1.4.23-macos.pkg",9
"2023-05-01T20:52:25Z","quarto-1.4.23-macos.tar.gz",14
"2023-05-01T20:52:25Z","changelog.md",9
"2023-05-01T20:52:25Z","quarto-1.4.23-checksums.txt",9
"2023-05-01T20:07:51Z","quarto-1.4.22.tar.gz",6
"2023-05-01T20:07:51Z","quarto-1.4.22-linux-amd64.tar.gz",9
"2023-05-01T20:07:51Z","quarto-1.4.22-linux-arm64.tar.gz",6
"2023-05-01T20:07:51Z","quarto-1.4.22-linux-rhel7-amd64.tar.gz",6
"2023-05-01T20:07:51Z","quarto-1.4.22-linux-amd64.deb",13
"2023-05-01T20:07:51Z","quarto-1.4.22-linux-arm64.deb",6
"2023-05-01T20:07:51Z","quarto-1.4.22-win.msi",6
"2023-05-01T20:07:51Z","quarto-1.4.22-win.zip",5
"2023-05-01T20:07:51Z","quarto-1.4.22-macos.pkg",5
"2023-05-01T20:07:51Z","quarto-1.4.22-macos.tar.gz",10
"2023-05-01T20:07:51Z","changelog.md",4
"2023-05-01T20:07:51Z","quarto-1.4.22-checksums.txt",4
"2023-05-01T19:10:51Z","quarto-1.4.21.tar.gz",6
"2023-05-01T19:10:51Z","quarto-1.4.21-linux-amd64.tar.gz",7
"2023-05-01T19:10:51Z","quarto-1.4.21-linux-arm64.tar.gz",6
"2023-05-01T19:10:51Z","quarto-1.4.21-linux-rhel7-amd64.tar.gz",6
"2023-05-01T19:10:51Z","quarto-1.4.21-linux-amd64.deb",12
"2023-05-01T19:10:51Z","quarto-1.4.21-linux-arm64.deb",6
"2023-05-01T19:10:51Z","quarto-1.4.21-win.msi",6
"2023-05-01T19:10:51Z","quarto-1.4.21-win.zip",6
"2023-05-01T19:10:51Z","quarto-1.4.21-macos.pkg",6
"2023-05-01T19:10:51Z","quarto-1.4.21-macos.tar.gz",12
"2023-05-01T19:10:51Z","changelog.md",5
"2023-05-01T19:10:51Z","quarto-1.4.21-checksums.txt",5
"2023-05-01T16:56:55Z","quarto-1.4.20.tar.gz",10
"2023-05-01T16:56:55Z","quarto-1.4.20-linux-amd64.tar.gz",11
"2023-05-01T16:56:55Z","quarto-1.4.20-linux-arm64.tar.gz",10
"2023-05-01T16:56:55Z","quarto-1.4.20-linux-rhel7-amd64.tar.gz",10
"2023-05-01T16:56:55Z","quarto-1.4.20-linux-amd64.deb",19
"2023-05-01T16:56:55Z","quarto-1.4.20-linux-arm64.deb",10
"2023-05-01T16:56:55Z","quarto-1.4.20-win.msi",11
"2023-05-01T16:56:55Z","quarto-1.4.20-win.zip",13
"2023-05-01T16:56:55Z","quarto-1.4.20-macos.pkg",13
"2023-05-01T16:56:55Z","quarto-1.4.20-macos.tar.gz",15
"2023-05-01T16:56:55Z","changelog.md",10
"2023-05-01T16:56:55Z","quarto-1.4.20-checksums.txt",10
"2023-04-30T18:31:28Z","quarto-1.4.18.tar.gz",90
"2023-04-30T18:31:28Z","quarto-1.4.18-linux-amd64.tar.gz",95
"2023-04-30T18:31:28Z","quarto-1.4.18-linux-arm64.tar.gz",90
"2023-04-30T18:31:28Z","quarto-1.4.18-linux-rhel7-amd64.tar.gz",90
"2023-04-30T18:31:28Z","quarto-1.4.18-linux-amd64.deb",164
"2023-04-30T18:31:28Z","quarto-1.4.18-linux-arm64.deb",92
"2023-04-30T18:31:28Z","quarto-1.4.18-win.msi",97
"2023-04-30T18:31:28Z","quarto-1.4.18-win.zip",92
"2023-04-30T18:31:28Z","quarto-1.4.18-macos.pkg",100
"2023-04-30T18:31:28Z","quarto-1.4.18-macos.tar.gz",95
"2023-04-30T18:31:28Z","changelog.md",93
"2023-04-30T18:31:28Z","quarto-1.4.18-checksums.txt",97
"2023-04-28T21:42:20Z","quarto-1.4.17.tar.gz",34
"2023-04-28T21:42:20Z","quarto-1.4.17-linux-amd64.tar.gz",35
"2023-04-28T21:42:20Z","quarto-1.4.17-linux-arm64.tar.gz",34
"2023-04-28T21:42:20Z","quarto-1.4.17-linux-rhel7-amd64.tar.gz",34
"2023-04-28T21:42:20Z","quarto-1.4.17-linux-amd64.deb",52
"2023-04-28T21:42:20Z","quarto-1.4.17-linux-arm64.deb",34
"2023-04-28T21:42:20Z","quarto-1.4.17-win.msi",38
"2023-04-28T21:42:20Z","quarto-1.4.17-win.zip",35
"2023-04-28T21:42:20Z","quarto-1.4.17-macos.pkg",37
"2023-04-28T21:42:20Z","quarto-1.4.17-macos.tar.gz",39
"2023-04-28T21:42:20Z","changelog.md",36
"2023-04-28T21:42:20Z","quarto-1.4.17-checksums.txt",35
"2023-04-28T21:42:20Z","quarto-1.4.14.tar.gz",142
"2023-04-28T21:42:20Z","quarto-1.4.14-linux-amd64.tar.gz",147
"2023-04-28T21:42:20Z","quarto-1.4.14-linux-arm64.tar.gz",142
"2023-04-28T21:42:20Z","quarto-1.4.14-linux-rhel7-amd64.tar.gz",142
"2023-04-28T21:42:20Z","quarto-1.4.14-linux-amd64.deb",237
"2023-04-28T21:42:20Z","quarto-1.4.14-linux-arm64.deb",144
"2023-04-28T21:42:20Z","quarto-1.4.14-win.msi",152
"2023-04-28T21:42:20Z","quarto-1.4.14-win.zip",151
"2023-04-28T21:42:20Z","quarto-1.4.14-macos.pkg",151
"2023-04-28T21:42:20Z","quarto-1.4.14-macos.tar.gz",148
"2023-04-28T21:42:20Z","changelog.md",145
"2023-04-28T21:42:20Z","quarto-1.4.14-checksums.txt",154
"2023-04-28T20:28:14Z","changelog.md",8
"2023-04-28T20:28:14Z","quarto-1.4.13-checksums.txt",8
"2023-04-28T20:28:14Z","quarto-1.4.13-linux-amd64.deb",17
"2023-04-28T20:28:14Z","quarto-1.4.13-linux-amd64.tar.gz",14
"2023-04-28T20:28:14Z","quarto-1.4.13-linux-arm64.deb",9
"2023-04-28T20:28:14Z","quarto-1.4.13-linux-arm64.tar.gz",9
"2023-04-28T20:28:14Z","quarto-1.4.13-linux-rhel7-amd64.tar.gz",9
"2023-04-28T20:28:14Z","quarto-1.4.13-macos.pkg",9
"2023-04-28T20:28:14Z","quarto-1.4.13-macos.tar.gz",18
"2023-04-28T20:28:14Z","quarto-1.4.13-win.msi",9
"2023-04-28T20:28:14Z","quarto-1.4.13-win.zip",10
"2023-04-28T20:28:14Z","quarto-1.4.13.tar.gz",9
"2023-04-27T15:28:02Z","changelog.md",107
"2023-04-27T15:28:02Z","quarto-1.4.11-checksums.txt",109
"2023-04-27T15:28:02Z","quarto-1.4.11-linux-amd64.deb",181
"2023-04-27T15:28:02Z","quarto-1.4.11-linux-amd64.tar.gz",120
"2023-04-27T15:28:02Z","quarto-1.4.11-linux-arm64.deb",102
"2023-04-27T15:28:02Z","quarto-1.4.11-linux-arm64.tar.gz",101
"2023-04-27T15:28:02Z","quarto-1.4.11-linux-rhel7-amd64.tar.gz",102
"2023-04-27T15:28:02Z","quarto-1.4.11-macos.pkg",109
"2023-04-27T15:28:02Z","quarto-1.4.11-macos.tar.gz",109
"2023-04-27T15:28:02Z","quarto-1.4.11-win.msi",115
"2023-04-27T15:28:02Z","quarto-1.4.11-win.zip",115
"2023-04-27T15:28:02Z","quarto-1.4.11.tar.gz",102
"2023-04-27T13:32:19Z","changelog.md",23
"2023-04-27T13:32:19Z","quarto-1.4.10-checksums.txt",25
"2023-04-27T13:32:19Z","quarto-1.4.10-linux-amd64.deb",38
"2023-04-27T13:32:19Z","quarto-1.4.10-linux-amd64.tar.gz",30
"2023-04-27T13:32:19Z","quarto-1.4.10-linux-arm64.deb",24
"2023-04-27T13:32:19Z","quarto-1.4.10-linux-arm64.tar.gz",24
"2023-04-27T13:32:19Z","quarto-1.4.10-linux-rhel7-amd64.tar.gz",24
"2023-04-27T13:32:19Z","quarto-1.4.10-macos.pkg",29
"2023-04-27T13:32:19Z","quarto-1.4.10-macos.tar.gz",28
"2023-04-27T13:32:19Z","quarto-1.4.10-win.msi",30
"2023-04-27T13:32:19Z","quarto-1.4.10-win.zip",29
"2023-04-27T13:32:19Z","quarto-1.4.10.tar.gz",24
"2023-04-26T20:30:59Z","changelog.md",71
"2023-04-26T20:30:59Z","quarto-1.4.8-checksums.txt",73
"2023-04-26T20:30:59Z","quarto-1.4.8-linux-amd64.deb",132
"2023-04-26T20:30:59Z","quarto-1.4.8-linux-amd64.tar.gz",81
"2023-04-26T20:30:59Z","quarto-1.4.8-linux-arm64.deb",67
"2023-04-26T20:30:59Z","quarto-1.4.8-linux-arm64.tar.gz",67
"2023-04-26T20:30:59Z","quarto-1.4.8-linux-rhel7-amd64.tar.gz",69
"2023-04-26T20:30:59Z","quarto-1.4.8-macos.pkg",73
"2023-04-26T20:30:59Z","quarto-1.4.8-macos.tar.gz",76
"2023-04-26T20:30:59Z","quarto-1.4.8-win.msi",75
"2023-04-26T20:30:59Z","quarto-1.4.8-win.zip",75
"2023-04-26T20:30:59Z","quarto-1.4.8.tar.gz",66
"2023-04-25T16:18:10Z","changelog.md",127
"2023-04-25T16:18:10Z","quarto-1.4.6-checksums.txt",137
"2023-04-25T16:18:10Z","quarto-1.4.6-linux-amd64.deb",239
"2023-04-25T16:18:10Z","quarto-1.4.6-linux-amd64.tar.gz",140
"2023-04-25T16:18:10Z","quarto-1.4.6-linux-arm64.deb",109
"2023-04-25T16:18:10Z","quarto-1.4.6-linux-arm64.tar.gz",108
"2023-04-25T16:18:10Z","quarto-1.4.6-linux-rhel7-amd64.tar.gz",112
"2023-04-25T16:18:10Z","quarto-1.4.6-macos.pkg",116
"2023-04-25T16:18:10Z","quarto-1.4.6-macos.tar.gz",118
"2023-04-25T16:18:10Z","quarto-1.4.6-win.msi",121
"2023-04-25T16:18:10Z","quarto-1.4.6-win.zip",122
"2023-04-25T16:18:10Z","quarto-1.4.6.tar.gz",108
"2023-04-25T16:03:38Z","changelog.md",16
"2023-04-25T16:03:38Z","quarto-1.4.5-checksums.txt",4
"2023-04-25T16:03:38Z","quarto-1.4.5-linux-amd64.deb",46
"2023-04-25T16:03:38Z","quarto-1.4.5-linux-amd64.tar.gz",14
"2023-04-25T16:03:38Z","quarto-1.4.5-linux-arm64.deb",5
"2023-04-25T16:03:38Z","quarto-1.4.5-linux-arm64.tar.gz",5
"2023-04-25T16:03:38Z","quarto-1.4.5-linux-rhel7-amd64.tar.gz",5
"2023-04-25T16:03:38Z","quarto-1.4.5-macos.pkg",6
"2023-04-25T16:03:38Z","quarto-1.4.5-macos.tar.gz",8
"2023-04-25T16:03:38Z","quarto-1.4.5-win.msi",4
"2023-04-25T16:03:38Z","quarto-1.4.5-win.zip",6
"2023-04-25T16:03:38Z","quarto-1.4.5.tar.gz",5
"2023-04-25T15:17:51Z","changelog.md",31
"2023-04-25T15:17:51Z","quarto-1.4.4-checksums.txt",8
"2023-04-25T15:17:51Z","quarto-1.4.4-linux-amd64.deb",25
"2023-04-25T15:17:51Z","quarto-1.4.4-linux-amd64.tar.gz",32
"2023-04-25T15:17:51Z","quarto-1.4.4-linux-arm64.deb",11
"2023-04-25T15:17:51Z","quarto-1.4.4-linux-arm64.tar.gz",14
"2023-04-25T15:17:51Z","quarto-1.4.4-linux-rhel7-amd64.tar.gz",11
"2023-04-25T15:17:51Z","quarto-1.4.4-macos.pkg",11
"2023-04-25T15:17:51Z","quarto-1.4.4-macos.tar.gz",15
"2023-04-25T15:17:51Z","quarto-1.4.4-win.msi",12
"2023-04-25T15:17:51Z","quarto-1.4.4-win.zip",15
"2023-04-25T15:17:51Z","quarto-1.4.4.tar.gz",13
"2023-04-24T18:12:46Z","changelog.md",1699
"2023-04-24T18:12:46Z","quarto-1.3.340-checksums.txt",1813
"2023-04-24T18:12:46Z","quarto-1.3.340-linux-amd64.deb",39762
"2023-04-24T18:12:46Z","quarto-1.3.340-linux-amd64.tar.gz",14221
"2023-04-24T18:12:46Z","quarto-1.3.340-linux-arm64.deb",1873
"2023-04-24T18:12:46Z","quarto-1.3.340-linux-arm64.tar.gz",1880
"2023-04-24T18:12:46Z","quarto-1.3.340-linux-rhel7-amd64.tar.gz",1727
"2023-04-24T18:12:46Z","quarto-1.3.340-macos.pkg",5037
"2023-04-24T18:12:46Z","quarto-1.3.340-macos.tar.gz",1673
"2023-04-24T18:12:46Z","quarto-1.3.340-win.msi",6782
"2023-04-24T18:12:46Z","quarto-1.3.340-win.zip",2028
"2023-04-24T18:12:46Z","quarto-1.3.340.tar.gz",1755
"2023-04-22T00:32:50Z","changelog.md",256
"2023-04-22T00:32:50Z","quarto-1.3.336-checksums.txt",316
"2023-04-22T00:32:50Z","quarto-1.3.336-linux-amd64.deb",870
"2023-04-22T00:32:50Z","quarto-1.3.336-linux-amd64.tar.gz",332
"2023-04-22T00:32:50Z","quarto-1.3.336-linux-arm64.deb",286
"2023-04-22T00:32:50Z","quarto-1.3.336-linux-arm64.tar.gz",255
"2023-04-22T00:32:50Z","quarto-1.3.336-linux-rhel7-amd64.tar.gz",261
"2023-04-22T00:32:50Z","quarto-1.3.336-macos.pkg",503
"2023-04-22T00:32:50Z","quarto-1.3.336-macos.tar.gz",265
"2023-04-22T00:32:50Z","quarto-1.3.336-win.msi",705
"2023-04-22T00:32:50Z","quarto-1.3.336-win.zip",268
"2023-04-22T00:32:50Z","quarto-1.3.336.tar.gz",252
"2023-04-19T10:47:37Z","changelog.md",244
"2023-04-19T10:47:37Z","quarto-1.3.333-checksums.txt",299
"2023-04-19T10:47:37Z","quarto-1.3.333-linux-amd64.deb",932
"2023-04-19T10:47:37Z","quarto-1.3.333-linux-amd64.tar.gz",336
"2023-04-19T10:47:37Z","quarto-1.3.333-linux-arm64.deb",264
"2023-04-19T10:47:37Z","quarto-1.3.333-linux-arm64.tar.gz",245
"2023-04-19T10:47:37Z","quarto-1.3.333-linux-rhel7-amd64.tar.gz",258
"2023-04-19T10:47:37Z","quarto-1.3.333-macos.pkg",575
"2023-04-19T10:47:37Z","quarto-1.3.333-macos.tar.gz",252
"2023-04-19T10:47:37Z","quarto-1.3.333-win.msi",801
"2023-04-19T10:47:37Z","quarto-1.3.333-win.zip",272
"2023-04-19T10:47:37Z","quarto-1.3.333.tar.gz",238
"2023-04-17T19:12:08Z","changelog.md",153
"2023-04-17T19:12:08Z","quarto-1.3.330-checksums.txt",187
"2023-04-17T19:12:08Z","quarto-1.3.330-linux-amd64.deb",373
"2023-04-17T19:12:08Z","quarto-1.3.330-linux-amd64.tar.gz",257
"2023-04-17T19:12:08Z","quarto-1.3.330-linux-arm64.deb",149
"2023-04-17T19:12:08Z","quarto-1.3.330-linux-arm64.tar.gz",149
"2023-04-17T19:12:08Z","quarto-1.3.330-linux-rhel7-amd64.tar.gz",157
"2023-04-17T19:12:08Z","quarto-1.3.330-macos.pkg",341
"2023-04-17T19:12:08Z","quarto-1.3.330-macos.tar.gz",162
"2023-04-17T19:12:08Z","quarto-1.3.330-win.msi",443
"2023-04-17T19:12:08Z","quarto-1.3.330-win.zip",167
"2023-04-17T19:12:08Z","quarto-1.3.330.tar.gz",148
"2023-04-14T19:45:01Z","changelog.md",277
"2023-04-14T19:45:01Z","quarto-1.3.326-checksums.txt",347
"2023-04-14T19:45:01Z","quarto-1.3.326-linux-amd64.deb",620
"2023-04-14T19:45:01Z","quarto-1.3.326-linux-amd64.tar.gz",388
"2023-04-14T19:45:01Z","quarto-1.3.326-linux-arm64.deb",287
"2023-04-14T19:45:01Z","quarto-1.3.326-linux-arm64.tar.gz",278
"2023-04-14T19:45:01Z","quarto-1.3.326-linux-rhel7-amd64.tar.gz",298
"2023-04-14T19:45:01Z","quarto-1.3.326-macos.pkg",525
"2023-04-14T19:45:01Z","quarto-1.3.326-macos.tar.gz",312
"2023-04-14T19:45:01Z","quarto-1.3.326-win.msi",703
"2023-04-14T19:45:01Z","quarto-1.3.326-win.zip",312
"2023-04-14T19:45:01Z","quarto-1.3.326.tar.gz",276
"2023-04-13T22:45:00Z","changelog.md",82
"2023-04-13T22:45:00Z","quarto-1.3.324-checksums.txt",102
"2023-04-13T22:45:00Z","quarto-1.3.324-linux-amd64.deb",316
"2023-04-13T22:45:00Z","quarto-1.3.324-linux-amd64.tar.gz",115
"2023-04-13T22:45:00Z","quarto-1.3.324-linux-arm64.deb",86
"2023-04-13T22:45:00Z","quarto-1.3.324-linux-arm64.tar.gz",82
"2023-04-13T22:45:00Z","quarto-1.3.324-linux-rhel7-amd64.tar.gz",90
"2023-04-13T22:45:00Z","quarto-1.3.324-macos.pkg",169
"2023-04-13T22:45:00Z","quarto-1.3.324-macos.tar.gz",93
"2023-04-13T22:45:00Z","quarto-1.3.324-win.msi",276
"2023-04-13T22:45:00Z","quarto-1.3.324-win.zip",96
"2023-04-13T22:45:00Z","quarto-1.3.324.tar.gz",82
"2023-04-13T12:24:19Z","changelog.md",34
"2023-04-13T12:24:19Z","quarto-1.3.323-checksums.txt",42
"2023-04-13T12:24:19Z","quarto-1.3.323-linux-amd64.deb",93
"2023-04-13T12:24:19Z","quarto-1.3.323-linux-amd64.tar.gz",49
"2023-04-13T12:24:19Z","quarto-1.3.323-linux-arm64.deb",35
"2023-04-13T12:24:19Z","quarto-1.3.323-linux-arm64.tar.gz",34
"2023-04-13T12:24:19Z","quarto-1.3.323-linux-rhel7-amd64.tar.gz",36
"2023-04-13T12:24:19Z","quarto-1.3.323-macos.pkg",77
"2023-04-13T12:24:19Z","quarto-1.3.323-macos.tar.gz",44
"2023-04-13T12:24:19Z","quarto-1.3.323-win.msi",97
"2023-04-13T12:24:19Z","quarto-1.3.323-win.zip",42
"2023-04-13T12:24:19Z","quarto-1.3.323.tar.gz",34
"2023-04-12T23:31:03Z","changelog.md",63
"2023-04-12T23:31:03Z","quarto-1.3.321-checksums.txt",74
"2023-04-12T23:31:03Z","quarto-1.3.321-linux-amd64.deb",149
"2023-04-12T23:31:03Z","quarto-1.3.321-linux-amd64.tar.gz",73
"2023-04-12T23:31:03Z","quarto-1.3.321-linux-arm64.deb",61
"2023-04-12T23:31:03Z","quarto-1.3.321-linux-arm64.tar.gz",60
"2023-04-12T23:31:03Z","quarto-1.3.321-linux-rhel7-amd64.tar.gz",66
"2023-04-12T23:31:03Z","quarto-1.3.321-macos.pkg",162
"2023-04-12T23:31:03Z","quarto-1.3.321-macos.tar.gz",69
"2023-04-12T23:31:03Z","quarto-1.3.321-win.msi",218
"2023-04-12T23:31:03Z","quarto-1.3.321-win.zip",70
"2023-04-12T23:31:03Z","quarto-1.3.321.tar.gz",60
"2023-04-11T18:05:18Z","changelog.md",118
"2023-04-11T18:05:18Z","quarto-1.3.319-checksums.txt",145
"2023-04-11T18:05:18Z","quarto-1.3.319-linux-amd64.deb",660
"2023-04-11T18:05:18Z","quarto-1.3.319-linux-amd64.tar.gz",165
"2023-04-11T18:05:18Z","quarto-1.3.319-linux-arm64.deb",122
"2023-04-11T18:05:18Z","quarto-1.3.319-linux-arm64.tar.gz",116
"2023-04-11T18:05:18Z","quarto-1.3.319-linux-rhel7-amd64.tar.gz",123
"2023-04-11T18:05:18Z","quarto-1.3.319-macos.pkg",278
"2023-04-11T18:05:18Z","quarto-1.3.319-macos.tar.gz",128
"2023-04-11T18:05:18Z","quarto-1.3.319-win.msi",366
"2023-04-11T18:05:18Z","quarto-1.3.319-win.zip",133
"2023-04-11T18:05:18Z","quarto-1.3.319.tar.gz",116
"2023-04-11T17:30:15Z","changelog.md",4
"2023-04-11T17:30:15Z","quarto-1.3.318-checksums.txt",4
"2023-04-11T17:30:15Z","quarto-1.3.318-linux-amd64.deb",13
"2023-04-11T17:30:15Z","quarto-1.3.318-linux-amd64.tar.gz",6
"2023-04-11T17:30:15Z","quarto-1.3.318-linux-arm64.deb",5
"2023-04-11T17:30:15Z","quarto-1.3.318-linux-arm64.tar.gz",5
"2023-04-11T17:30:15Z","quarto-1.3.318-linux-rhel7-amd64.tar.gz",5
"2023-04-11T17:30:15Z","quarto-1.3.318-macos.pkg",9
"2023-04-11T17:30:15Z","quarto-1.3.318-macos.tar.gz",11
"2023-04-11T17:30:15Z","quarto-1.3.318-win.msi",6
"2023-04-11T17:30:15Z","quarto-1.3.318-win.zip",6
"2023-04-11T17:30:15Z","quarto-1.3.318.tar.gz",5
"2023-04-07T14:18:19Z","changelog.md",382
"2023-04-07T14:18:19Z","quarto-1.3.313-checksums.txt",437
"2023-04-07T14:18:19Z","quarto-1.3.313-linux-amd64.deb",961
"2023-04-07T14:18:19Z","quarto-1.3.313-linux-amd64.tar.gz",957
"2023-04-07T14:18:19Z","quarto-1.3.313-linux-arm64.deb",404
"2023-04-07T14:18:19Z","quarto-1.3.313-linux-arm64.tar.gz",454
"2023-04-07T14:18:19Z","quarto-1.3.313-linux-rhel7-amd64.tar.gz",398
"2023-04-07T14:18:19Z","quarto-1.3.313-macos.pkg",712
"2023-04-07T14:18:19Z","quarto-1.3.313-macos.tar.gz",401
"2023-04-07T14:18:19Z","quarto-1.3.313-win.msi",978
"2023-04-07T14:18:19Z","quarto-1.3.313-win.zip",412
"2023-04-07T14:18:19Z","quarto-1.3.313.tar.gz",380
"2023-04-05T22:43:10Z","changelog.md",155
"2023-04-05T22:43:10Z","quarto-1.3.310-checksums.txt",151
"2023-04-05T22:43:10Z","quarto-1.3.310-linux-amd64.deb",366
"2023-04-05T22:43:10Z","quarto-1.3.310-linux-amd64.tar.gz",260
"2023-04-05T22:43:10Z","quarto-1.3.310-linux-arm64.deb",161
"2023-04-05T22:43:10Z","quarto-1.3.310-linux-arm64.tar.gz",151
"2023-04-05T22:43:10Z","quarto-1.3.310-linux-rhel7-amd64.tar.gz",161
"2023-04-05T22:43:10Z","quarto-1.3.310-macos.pkg",315
"2023-04-05T22:43:10Z","quarto-1.3.310-macos.tar.gz",169
"2023-04-05T22:43:10Z","quarto-1.3.310-win.msi",444
"2023-04-05T22:43:10Z","quarto-1.3.310-win.zip",175
"2023-04-05T22:43:10Z","quarto-1.3.310.tar.gz",151
"2023-04-05T12:56:09Z","changelog.md",46
"2023-04-05T12:56:09Z","quarto-1.3.309-checksums.txt",42
"2023-04-05T12:56:09Z","quarto-1.3.309-linux-amd64.deb",158
"2023-04-05T12:56:09Z","quarto-1.3.309-linux-amd64.tar.gz",67
"2023-04-05T12:56:09Z","quarto-1.3.309-linux-arm64.deb",46
"2023-04-05T12:56:09Z","quarto-1.3.309-linux-arm64.tar.gz",43
"2023-04-05T12:56:09Z","quarto-1.3.309-linux-rhel7-amd64.tar.gz",66
"2023-04-05T12:56:09Z","quarto-1.3.309-macos.pkg",107
"2023-04-05T12:56:09Z","quarto-1.3.309-macos.tar.gz",53
"2023-04-05T12:56:09Z","quarto-1.3.309-win.msi",137
"2023-04-05T12:56:09Z","quarto-1.3.309-win.zip",52
"2023-04-05T12:56:09Z","quarto-1.3.309.tar.gz",43
"2023-04-03T15:32:07Z","changelog.md",177
"2023-04-03T15:32:07Z","quarto-1.3.306-checksums.txt",172
"2023-04-03T15:32:07Z","quarto-1.3.306-linux-amd64.deb",781
"2023-04-03T15:32:07Z","quarto-1.3.306-linux-amd64.tar.gz",295
"2023-04-03T15:32:07Z","quarto-1.3.306-linux-arm64.deb",204
"2023-04-03T15:32:07Z","quarto-1.3.306-linux-arm64.tar.gz",171
"2023-04-03T15:32:07Z","quarto-1.3.306-linux-rhel7-amd64.tar.gz",180
"2023-04-03T15:32:07Z","quarto-1.3.306-macos.pkg",473
"2023-04-03T15:32:07Z","quarto-1.3.306-macos.tar.gz",202
"2023-04-03T15:32:07Z","quarto-1.3.306-win.msi",586
"2023-04-03T15:32:07Z","quarto-1.3.306-win.zip",199
"2023-04-03T15:32:07Z","quarto-1.3.306.tar.gz",171
"2023-03-31T18:01:42Z","changelog.md",269
"2023-03-31T18:01:42Z","quarto-1.3.302-checksums.txt",266
"2023-03-31T18:01:42Z","quarto-1.3.302-linux-amd64.deb",706
"2023-03-31T18:01:42Z","quarto-1.3.302-linux-amd64.tar.gz",334
"2023-03-31T18:01:42Z","quarto-1.3.302-linux-arm64.deb",299
"2023-03-31T18:01:42Z","quarto-1.3.302-linux-arm64.tar.gz",268
"2023-03-31T18:01:42Z","quarto-1.3.302-linux-rhel7-amd64.tar.gz",281
"2023-03-31T18:01:42Z","quarto-1.3.302-macos.pkg",498
"2023-03-31T18:01:42Z","quarto-1.3.302-macos.tar.gz",281
"2023-03-31T18:01:42Z","quarto-1.3.302-win.msi",636
"2023-03-31T18:01:42Z","quarto-1.3.302-win.zip",282
"2023-03-31T18:01:42Z","quarto-1.3.302.tar.gz",267
"2023-03-31T15:56:29Z","changelog.md",11
"2023-03-31T15:56:29Z","quarto-1.3.301-checksums.txt",12
"2023-03-31T15:56:29Z","quarto-1.3.301-linux-amd64.deb",24
"2023-03-31T15:56:29Z","quarto-1.3.301-linux-amd64.tar.gz",12
"2023-03-31T15:56:29Z","quarto-1.3.301-linux-arm64.deb",11
"2023-03-31T15:56:29Z","quarto-1.3.301-linux-arm64.tar.gz",11
"2023-03-31T15:56:29Z","quarto-1.3.301-linux-rhel7-amd64.tar.gz",12
"2023-03-31T15:56:29Z","quarto-1.3.301-macos.pkg",35
"2023-03-31T15:56:29Z","quarto-1.3.301-macos.tar.gz",21
"2023-03-31T15:56:29Z","quarto-1.3.301-win.msi",29
"2023-03-31T15:56:29Z","quarto-1.3.301-win.zip",12
"2023-03-31T15:56:29Z","quarto-1.3.301.tar.gz",11
"2023-03-30T21:54:22Z","changelog.md",71
"2023-03-30T21:54:22Z","quarto-1.3.299-checksums.txt",71
"2023-03-30T21:54:22Z","quarto-1.3.299-linux-amd64.deb",187
"2023-03-30T21:54:22Z","quarto-1.3.299-linux-amd64.tar.gz",88
"2023-03-30T21:54:22Z","quarto-1.3.299-linux-arm64.deb",74
"2023-03-30T21:54:22Z","quarto-1.3.299-linux-arm64.tar.gz",70
"2023-03-30T21:54:22Z","quarto-1.3.299-linux-rhel7-amd64.tar.gz",72
"2023-03-30T21:54:22Z","quarto-1.3.299-macos.pkg",155
"2023-03-30T21:54:22Z","quarto-1.3.299-macos.tar.gz",79
"2023-03-30T21:54:22Z","quarto-1.3.299-win.msi",208
"2023-03-30T21:54:22Z","quarto-1.3.299-win.zip",88
"2023-03-30T21:54:22Z","quarto-1.3.299.tar.gz",70
"2023-03-30T18:21:00Z","changelog.md",17
"2023-03-30T18:21:00Z","quarto-1.3.298-checksums.txt",18
"2023-03-30T18:21:00Z","quarto-1.3.298-linux-amd64.deb",189
"2023-03-30T18:21:00Z","quarto-1.3.298-linux-amd64.tar.gz",203
"2023-03-30T18:21:00Z","quarto-1.3.298-linux-arm64.deb",19
"2023-03-30T18:21:00Z","quarto-1.3.298-linux-arm64.tar.gz",16
"2023-03-30T18:21:00Z","quarto-1.3.298-linux-rhel7-amd64.tar.gz",18
"2023-03-30T18:21:00Z","quarto-1.3.298-macos.pkg",40
"2023-03-30T18:21:00Z","quarto-1.3.298-macos.tar.gz",26
"2023-03-30T18:21:00Z","quarto-1.3.298-win.msi",40
"2023-03-30T18:21:00Z","quarto-1.3.298-win.zip",23
"2023-03-30T18:21:00Z","quarto-1.3.298.tar.gz",17
"2023-03-29T17:08:05Z","changelog.md",101
"2023-03-29T17:08:05Z","quarto-1.3.296-checksums.txt",99
"2023-03-29T17:08:05Z","quarto-1.3.296-linux-amd64.deb",336
"2023-03-29T17:08:05Z","quarto-1.3.296-linux-amd64.tar.gz",126
"2023-03-29T17:08:05Z","quarto-1.3.296-linux-arm64.deb",120
"2023-03-29T17:08:05Z","quarto-1.3.296-linux-arm64.tar.gz",100
"2023-03-29T17:08:05Z","quarto-1.3.296-linux-rhel7-amd64.tar.gz",110
"2023-03-29T17:08:05Z","quarto-1.3.296-macos.pkg",248
"2023-03-29T17:08:05Z","quarto-1.3.296-macos.tar.gz",110
"2023-03-29T17:08:05Z","quarto-1.3.296-win.msi",312
"2023-03-29T17:08:05Z","quarto-1.3.296-win.zip",118
"2023-03-29T17:08:05Z","quarto-1.3.296.tar.gz",98
"2023-03-28T20:10:19Z","changelog.md",78
"2023-03-28T20:10:19Z","quarto-1.3.294-checksums.txt",73
"2023-03-28T20:10:19Z","quarto-1.3.294-linux-amd64.deb",228
"2023-03-28T20:10:19Z","quarto-1.3.294-linux-amd64.tar.gz",126
"2023-03-28T20:10:19Z","quarto-1.3.294-linux-arm64.deb",77
"2023-03-28T20:10:19Z","quarto-1.3.294-linux-arm64.tar.gz",73
"2023-03-28T20:10:19Z","quarto-1.3.294-linux-rhel7-amd64.tar.gz",76
"2023-03-28T20:10:19Z","quarto-1.3.294-macos.pkg",197
"2023-03-28T20:10:19Z","quarto-1.3.294-macos.tar.gz",82
"2023-03-28T20:10:19Z","quarto-1.3.294-win.msi",274
"2023-03-28T20:10:19Z","quarto-1.3.294-win.zip",88
"2023-03-28T20:10:19Z","quarto-1.3.294.tar.gz",70
"2023-03-25T12:16:53Z","changelog.md",304
"2023-03-25T12:16:53Z","quarto-1.3.290-checksums.txt",294
"2023-03-25T12:16:53Z","quarto-1.3.290-linux-amd64.deb",833
"2023-03-25T12:16:53Z","quarto-1.3.290-linux-amd64.tar.gz",404
"2023-03-25T12:16:53Z","quarto-1.3.290-linux-arm64.deb",332
"2023-03-25T12:16:53Z","quarto-1.3.290-linux-arm64.tar.gz",300
"2023-03-25T12:16:53Z","quarto-1.3.290-linux-rhel7-amd64.tar.gz",314
"2023-03-25T12:16:53Z","quarto-1.3.290-macos.pkg",661
"2023-03-25T12:16:53Z","quarto-1.3.290-macos.tar.gz",330
"2023-03-25T12:16:53Z","quarto-1.3.290-win.msi",848
"2023-03-25T12:16:53Z","quarto-1.3.290-win.zip",344
"2023-03-25T12:16:53Z","quarto-1.3.290.tar.gz",294
"2023-03-24T02:14:41Z","changelog.md",144
"2023-03-24T02:14:41Z","quarto-1.3.287-checksums.txt",139
"2023-03-24T02:14:41Z","quarto-1.3.287-linux-amd64.deb",297
"2023-03-24T02:14:41Z","quarto-1.3.287-linux-amd64.tar.gz",185
"2023-03-24T02:14:41Z","quarto-1.3.287-linux-arm64.deb",156
"2023-03-24T02:14:41Z","quarto-1.3.287-linux-arm64.tar.gz",139
"2023-03-24T02:14:41Z","quarto-1.3.287-linux-rhel7-amd64.tar.gz",149
"2023-03-24T02:14:41Z","quarto-1.3.287-macos.pkg",243
"2023-03-24T02:14:41Z","quarto-1.3.287-macos.tar.gz",154
"2023-03-24T02:14:41Z","quarto-1.3.287-win.msi",305
"2023-03-24T02:14:41Z","quarto-1.3.287-win.zip",160
"2023-03-24T02:14:41Z","quarto-1.3.287.tar.gz",138
"2023-03-22T14:12:01Z","changelog.md",3120
"2023-03-22T14:12:01Z","quarto-1.2.475-checksums.txt",3307
"2023-03-22T14:12:01Z","quarto-1.2.475-linux-amd64.deb",42015
"2023-03-22T14:12:01Z","quarto-1.2.475-linux-amd64.tar.gz",8172
"2023-03-22T14:12:01Z","quarto-1.2.475-linux-rhel7-amd64.tar.gz",3800
"2023-03-22T14:12:01Z","quarto-1.2.475-macos.pkg",5512
"2023-03-22T14:12:01Z","quarto-1.2.475-macos.tar.gz",3653
"2023-03-22T14:12:01Z","quarto-1.2.475-win.msi",5994
"2023-03-22T14:12:01Z","quarto-1.2.475-win.zip",3523
"2023-03-22T14:12:01Z","quarto-1.2.475.tar.gz",3134
"2023-03-21T22:08:51Z","changelog.md",201
"2023-03-21T22:08:51Z","quarto-1.3.283-checksums.txt",199
"2023-03-21T22:08:51Z","quarto-1.3.283-linux-amd64.deb",327
"2023-03-21T22:08:51Z","quarto-1.3.283-linux-amd64.tar.gz",301
"2023-03-21T22:08:51Z","quarto-1.3.283-linux-arm64.deb",204
"2023-03-21T22:08:51Z","quarto-1.3.283-linux-arm64.tar.gz",200
"2023-03-21T22:08:51Z","quarto-1.3.283-linux-rhel7-amd64.tar.gz",214
"2023-03-21T22:08:51Z","quarto-1.3.283-macos.pkg",231
"2023-03-21T22:08:51Z","quarto-1.3.283-macos.tar.gz",214
"2023-03-21T22:08:51Z","quarto-1.3.283-win.msi",254
"2023-03-21T22:08:51Z","quarto-1.3.283-win.zip",228
"2023-03-21T22:08:51Z","quarto-1.3.283.tar.gz",198
"2023-03-21T18:11:55Z","changelog.md",19
"2023-03-21T18:11:55Z","quarto-1.3.282-checksums.txt",19
"2023-03-21T18:11:55Z","quarto-1.3.282-linux-amd64.deb",42
"2023-03-21T18:11:55Z","quarto-1.3.282-linux-amd64.tar.gz",41
"2023-03-21T18:11:55Z","quarto-1.3.282-linux-arm64.deb",19
"2023-03-21T18:11:55Z","quarto-1.3.282-linux-arm64.tar.gz",19
"2023-03-21T18:11:55Z","quarto-1.3.282-linux-rhel7-amd64.tar.gz",25
"2023-03-21T18:11:55Z","quarto-1.3.282-macos.pkg",25
"2023-03-21T18:11:55Z","quarto-1.3.282-macos.tar.gz",26
"2023-03-21T18:11:55Z","quarto-1.3.282-win.msi",23
"2023-03-21T18:11:55Z","quarto-1.3.282-win.zip",25
"2023-03-21T18:11:55Z","quarto-1.3.282.tar.gz",19
"2023-03-20T14:53:38Z","changelog.md",107
"2023-03-20T14:53:38Z","quarto-1.3.280-checksums.txt",104
"2023-03-20T14:53:38Z","quarto-1.3.280-linux-amd64.deb",187
"2023-03-20T14:53:38Z","quarto-1.3.280-linux-amd64.tar.gz",178
"2023-03-20T14:53:38Z","quarto-1.3.280-linux-arm64.deb",105
"2023-03-20T14:53:38Z","quarto-1.3.280-linux-arm64.tar.gz",104
"2023-03-20T14:53:38Z","quarto-1.3.280-linux-rhel7-amd64.tar.gz",114
"2023-03-20T14:53:38Z","quarto-1.3.280-macos.pkg",139
"2023-03-20T14:53:38Z","quarto-1.3.280-macos.tar.gz",115
"2023-03-20T14:53:38Z","quarto-1.3.280-win.msi",140
"2023-03-20T14:53:38Z","quarto-1.3.280-win.zip",112
"2023-03-20T14:53:38Z","quarto-1.3.280.tar.gz",104
"2023-03-17T17:33:18Z","changelog.md",246
"2023-03-17T17:33:18Z","quarto-1.3.276-checksums.txt",240
"2023-03-17T17:33:18Z","quarto-1.3.276-linux-amd64.deb",410
"2023-03-17T17:33:18Z","quarto-1.3.276-linux-amd64.tar.gz",279
"2023-03-17T17:33:18Z","quarto-1.3.276-linux-arm64.deb",252
"2023-03-17T17:33:18Z","quarto-1.3.276-linux-arm64.tar.gz",244
"2023-03-17T17:33:18Z","quarto-1.3.276-linux-rhel7-amd64.tar.gz",249
"2023-03-17T17:33:18Z","quarto-1.3.276-macos.pkg",286
"2023-03-17T17:33:18Z","quarto-1.3.276-macos.tar.gz",246
"2023-03-17T17:33:18Z","quarto-1.3.276-win.msi",269
"2023-03-17T17:33:18Z","quarto-1.3.276-win.zip",265
"2023-03-17T17:33:18Z","quarto-1.3.276.tar.gz",240
"2023-03-17T13:39:01Z","changelog.md",43
"2023-03-17T13:39:01Z","quarto-1.3.275-checksums.txt",42
"2023-03-17T13:39:01Z","quarto-1.3.275-linux-amd64.deb",103
"2023-03-17T13:39:01Z","quarto-1.3.275-linux-amd64.tar.gz",61
"2023-03-17T13:39:01Z","quarto-1.3.275-linux-arm64.deb",44
"2023-03-17T13:39:01Z","quarto-1.3.275-linux-arm64.tar.gz",43
"2023-03-17T13:39:01Z","quarto-1.3.275-linux-rhel7-amd64.tar.gz",46
"2023-03-17T13:39:01Z","quarto-1.3.275-macos.pkg",53
"2023-03-17T13:39:01Z","quarto-1.3.275-macos.tar.gz",48
"2023-03-17T13:39:01Z","quarto-1.3.275-win.msi",54
"2023-03-17T13:39:01Z","quarto-1.3.275-win.zip",49
"2023-03-17T13:39:01Z","quarto-1.3.275.tar.gz",42
"2023-03-15T14:51:08Z","changelog.md",181
"2023-03-15T14:51:08Z","quarto-1.3.272-checksums.txt",178
"2023-03-15T14:51:08Z","quarto-1.3.272-linux-amd64.deb",621
"2023-03-15T14:51:08Z","quarto-1.3.272-linux-amd64.tar.gz",277
"2023-03-15T14:51:08Z","quarto-1.3.272-linux-arm64.deb",184
"2023-03-15T14:51:08Z","quarto-1.3.272-linux-arm64.tar.gz",178
"2023-03-15T14:51:08Z","quarto-1.3.272-linux-rhel7-amd64.tar.gz",196
"2023-03-15T14:51:08Z","quarto-1.3.272-macos.pkg",218
"2023-03-15T14:51:08Z","quarto-1.3.272-macos.tar.gz",190
"2023-03-15T14:51:08Z","quarto-1.3.272-win.msi",217
"2023-03-15T14:51:08Z","quarto-1.3.272-win.zip",202
"2023-03-15T14:51:08Z","quarto-1.3.272.tar.gz",179
"2023-03-15T13:29:16Z","changelog.md",10
"2023-03-15T13:29:16Z","quarto-1.3.271-checksums.txt",9
"2023-03-15T13:29:16Z","quarto-1.3.271-linux-amd64.deb",20
"2023-03-15T13:29:16Z","quarto-1.3.271-linux-amd64.tar.gz",11
"2023-03-15T13:29:16Z","quarto-1.3.271-linux-arm64.deb",8
"2023-03-15T13:29:16Z","quarto-1.3.271-linux-arm64.tar.gz",8
"2023-03-15T13:29:16Z","quarto-1.3.271-linux-rhel7-amd64.tar.gz",9
"2023-03-15T13:29:16Z","quarto-1.3.271-macos.pkg",14
"2023-03-15T13:29:16Z","quarto-1.3.271-macos.tar.gz",12
"2023-03-15T13:29:16Z","quarto-1.3.271-win.msi",15
"2023-03-15T13:29:16Z","quarto-1.3.271-win.zip",12
"2023-03-15T13:29:16Z","quarto-1.3.271.tar.gz",8
"2023-03-15T00:20:24Z","changelog.md",49
"2023-03-15T00:20:24Z","quarto-1.3.269-checksums.txt",49
"2023-03-15T00:20:24Z","quarto-1.3.269-linux-amd64.deb",89
"2023-03-15T00:20:24Z","quarto-1.3.269-linux-amd64.tar.gz",55
"2023-03-15T00:20:24Z","quarto-1.3.269-linux-arm64.deb",51
"2023-03-15T00:20:24Z","quarto-1.3.269-linux-arm64.tar.gz",51
"2023-03-15T00:20:24Z","quarto-1.3.269-linux-rhel7-amd64.tar.gz",51
"2023-03-15T00:20:24Z","quarto-1.3.269-macos.pkg",60
"2023-03-15T00:20:24Z","quarto-1.3.269-macos.tar.gz",54
"2023-03-15T00:20:24Z","quarto-1.3.269-win.msi",66
"2023-03-15T00:20:24Z","quarto-1.3.269-win.zip",60
"2023-03-15T00:20:24Z","quarto-1.3.269.tar.gz",49
"2023-03-14T19:43:00Z","changelog.md",27
"2023-03-14T19:43:00Z","quarto-1.3.268-checksums.txt",19
"2023-03-14T19:43:00Z","quarto-1.3.268-linux-amd64.deb",29
"2023-03-14T19:43:00Z","quarto-1.3.268-linux-amd64.tar.gz",22
"2023-03-14T19:43:00Z","quarto-1.3.268-linux-arm64.deb",20
"2023-03-14T19:43:00Z","quarto-1.3.268-linux-arm64.tar.gz",19
"2023-03-14T19:43:00Z","quarto-1.3.268-linux-rhel7-amd64.tar.gz",20
"2023-03-14T19:43:00Z","quarto-1.3.268-macos.pkg",29
"2023-03-14T19:43:00Z","quarto-1.3.268-macos.tar.gz",24
"2023-03-14T19:43:00Z","quarto-1.3.268-win.msi",22
"2023-03-14T19:43:00Z","quarto-1.3.268-win.zip",23
"2023-03-14T19:43:00Z","quarto-1.3.268.tar.gz",19
"2023-03-14T14:41:35Z","changelog.md",30
"2023-03-14T14:41:35Z","quarto-1.3.266-checksums.txt",27
"2023-03-14T14:41:35Z","quarto-1.3.266-linux-amd64.deb",44
"2023-03-14T14:41:35Z","quarto-1.3.266-linux-amd64.tar.gz",39
"2023-03-14T14:41:35Z","quarto-1.3.266-linux-arm64.deb",27
"2023-03-14T14:41:35Z","quarto-1.3.266-linux-arm64.tar.gz",30
"2023-03-14T14:41:35Z","quarto-1.3.266-linux-rhel7-amd64.tar.gz",30
"2023-03-14T14:41:35Z","quarto-1.3.266-macos.pkg",41
"2023-03-14T14:41:35Z","quarto-1.3.266-macos.tar.gz",35
"2023-03-14T14:41:35Z","quarto-1.3.266-win.msi",42
"2023-03-14T14:41:35Z","quarto-1.3.266-win.zip",32
"2023-03-14T14:41:35Z","quarto-1.3.266.tar.gz",27
"2023-03-14T00:36:16Z","changelog.md",56
"2023-03-14T00:36:16Z","quarto-1.3.264-checksums.txt",54
"2023-03-14T00:36:16Z","quarto-1.3.264-linux-amd64.deb",111
"2023-03-14T00:36:16Z","quarto-1.3.264-linux-amd64.tar.gz",65
"2023-03-14T00:36:16Z","quarto-1.3.264-linux-arm64.deb",56
"2023-03-14T00:36:16Z","quarto-1.3.264-linux-arm64.tar.gz",54
"2023-03-14T00:36:16Z","quarto-1.3.264-linux-rhel7-amd64.tar.gz",55
"2023-03-14T00:36:16Z","quarto-1.3.264-macos.pkg",78
"2023-03-14T00:36:16Z","quarto-1.3.264-macos.tar.gz",61
"2023-03-14T00:36:16Z","quarto-1.3.264-win.msi",78
"2023-03-14T00:36:16Z","quarto-1.3.264-win.zip",59
"2023-03-14T00:36:16Z","quarto-1.3.264.tar.gz",53
"2023-03-13T20:04:50Z","changelog.md",19
"2023-03-13T20:04:50Z","quarto-1.3.263-checksums.txt",19
"2023-03-13T20:04:50Z","quarto-1.3.263-linux-amd64.deb",39
"2023-03-13T20:04:50Z","quarto-1.3.263-linux-amd64.tar.gz",118
"2023-03-13T20:04:50Z","quarto-1.3.263-linux-arm64.deb",20
"2023-03-13T20:04:50Z","quarto-1.3.263-linux-arm64.tar.gz",21
"2023-03-13T20:04:50Z","quarto-1.3.263-linux-rhel7-amd64.tar.gz",28
"2023-03-13T20:04:50Z","quarto-1.3.263-macos.pkg",27
"2023-03-13T20:04:50Z","quarto-1.3.263-macos.tar.gz",26
"2023-03-13T20:04:50Z","quarto-1.3.263-win.msi",26
"2023-03-13T20:04:50Z","quarto-1.3.263-win.zip",32
"2023-03-13T20:04:50Z","quarto-1.3.263.tar.gz",19
"2023-03-13T12:38:34Z","changelog.md",33
"2023-03-13T12:38:34Z","quarto-1.3.262-checksums.txt",32
"2023-03-13T12:38:34Z","quarto-1.3.262-linux-amd64.deb",67
"2023-03-13T12:38:34Z","quarto-1.3.262-linux-amd64.tar.gz",52
"2023-03-13T12:38:34Z","quarto-1.3.262-linux-arm64.deb",32
"2023-03-13T12:38:34Z","quarto-1.3.262-linux-arm64.tar.gz",32
"2023-03-13T12:38:34Z","quarto-1.3.262-linux-rhel7-amd64.tar.gz",35
"2023-03-13T12:38:34Z","quarto-1.3.262-macos.pkg",55
"2023-03-13T12:38:34Z","quarto-1.3.262-macos.tar.gz",38
"2023-03-13T12:38:34Z","quarto-1.3.262-win.msi",50
"2023-03-13T12:38:34Z","quarto-1.3.262-win.zip",35
"2023-03-13T12:38:34Z","quarto-1.3.262.tar.gz",32
"2023-03-12T17:52:23Z","changelog.md",75
"2023-03-12T17:52:23Z","quarto-1.3.260-checksums.txt",72
"2023-03-12T17:52:23Z","quarto-1.3.260-linux-amd64.deb",137
"2023-03-12T17:52:23Z","quarto-1.3.260-linux-amd64.tar.gz",72
"2023-03-12T17:52:23Z","quarto-1.3.260-linux-arm64.deb",78
"2023-03-12T17:52:23Z","quarto-1.3.260-linux-arm64.tar.gz",75
"2023-03-12T17:52:23Z","quarto-1.3.260-linux-rhel7-amd64.tar.gz",72
"2023-03-12T17:52:23Z","quarto-1.3.260-macos.pkg",90
"2023-03-12T17:52:23Z","quarto-1.3.260-macos.tar.gz",76
"2023-03-12T17:52:23Z","quarto-1.3.260-win.msi",89
"2023-03-12T17:52:23Z","quarto-1.3.260-win.zip",81
"2023-03-12T17:52:23Z","quarto-1.3.260.tar.gz",72
"2023-03-11T23:49:23Z","changelog.md",58
"2023-03-11T23:49:23Z","quarto-1.3.258-checksums.txt",60
"2023-03-11T23:49:23Z","quarto-1.3.258-linux-amd64.deb",98
"2023-03-11T23:49:23Z","quarto-1.3.258-linux-amd64.tar.gz",59
"2023-03-11T23:49:23Z","quarto-1.3.258-linux-arm64.deb",59
"2023-03-11T23:49:23Z","quarto-1.3.258-linux-arm64.tar.gz",58
"2023-03-11T23:49:23Z","quarto-1.3.258-linux-rhel7-amd64.tar.gz",58
"2023-03-11T23:49:23Z","quarto-1.3.258-macos.pkg",67
"2023-03-11T23:49:23Z","quarto-1.3.258-macos.tar.gz",61
"2023-03-11T23:49:23Z","quarto-1.3.258-win.msi",64
"2023-03-11T23:49:23Z","quarto-1.3.258-win.zip",66
"2023-03-11T23:49:23Z","quarto-1.3.258.tar.gz",58
"2023-03-11T13:45:07Z","changelog.md",53
"2023-03-11T13:45:07Z","quarto-1.3.257-checksums.txt",53
"2023-03-11T13:45:07Z","quarto-1.3.257-linux-amd64.deb",93
"2023-03-11T13:45:07Z","quarto-1.3.257-linux-amd64.tar.gz",55
"2023-03-11T13:45:07Z","quarto-1.3.257-linux-arm64.deb",54
"2023-03-11T13:45:07Z","quarto-1.3.257-linux-arm64.tar.gz",53
"2023-03-11T13:45:07Z","quarto-1.3.257-linux-rhel7-amd64.tar.gz",54
"2023-03-11T13:45:07Z","quarto-1.3.257-macos.pkg",68
"2023-03-11T13:45:07Z","quarto-1.3.257-macos.tar.gz",58
"2023-03-11T13:45:07Z","quarto-1.3.257-win.msi",59
"2023-03-11T13:45:07Z","quarto-1.3.257-win.zip",64
"2023-03-11T13:45:07Z","quarto-1.3.257.tar.gz",53
"2023-03-10T19:49:47Z","changelog.md",62
"2023-03-10T19:49:47Z","quarto-1.3.255-checksums.txt",61
"2023-03-10T19:49:47Z","quarto-1.3.255-linux-amd64.deb",91
"2023-03-10T19:49:47Z","quarto-1.3.255-linux-amd64.tar.gz",78
"2023-03-10T19:49:47Z","quarto-1.3.255-linux-arm64.deb",61
"2023-03-10T19:49:47Z","quarto-1.3.255-linux-arm64.tar.gz",61
"2023-03-10T19:49:47Z","quarto-1.3.255-linux-rhel7-amd64.tar.gz",65
"2023-03-10T19:49:47Z","quarto-1.3.255-macos.pkg",72
"2023-03-10T19:49:47Z","quarto-1.3.255-macos.tar.gz",71
"2023-03-10T19:49:47Z","quarto-1.3.255-win.msi",68
"2023-03-10T19:49:47Z","quarto-1.3.255-win.zip",65
"2023-03-10T19:49:47Z","quarto-1.3.255.tar.gz",61
"2023-03-09T20:45:05Z","changelog.md",99
"2023-03-09T20:45:05Z","quarto-1.3.253-checksums.txt",96
"2023-03-09T20:45:05Z","quarto-1.3.253-linux-amd64.deb",221
"2023-03-09T20:45:05Z","quarto-1.3.253-linux-amd64.tar.gz",204
"2023-03-09T20:45:05Z","quarto-1.3.253-linux-arm64.deb",98
"2023-03-09T20:45:05Z","quarto-1.3.253-linux-arm64.tar.gz",155
"2023-03-09T20:45:05Z","quarto-1.3.253-linux-rhel7-amd64.tar.gz",103
"2023-03-09T20:45:05Z","quarto-1.3.253-macos.pkg",123
"2023-03-09T20:45:05Z","quarto-1.3.253-macos.tar.gz",105
"2023-03-09T20:45:05Z","quarto-1.3.253-win.msi",108
"2023-03-09T20:45:05Z","quarto-1.3.253-win.zip",115
"2023-03-09T20:45:05Z","quarto-1.3.253.tar.gz",96
"2023-03-07T21:10:56Z","changelog.md",176
"2023-03-07T21:10:56Z","quarto-1.3.250-checksums.txt",174
"2023-03-07T21:10:56Z","quarto-1.3.250-linux-amd64.deb",348
"2023-03-07T21:10:56Z","quarto-1.3.250-linux-amd64.tar.gz",273
"2023-03-07T21:10:56Z","quarto-1.3.250-linux-arm64.deb",185
"2023-03-07T21:10:56Z","quarto-1.3.250-linux-arm64.tar.gz",175
"2023-03-07T21:10:56Z","quarto-1.3.250-linux-rhel7-amd64.tar.gz",192
"2023-03-07T21:10:56Z","quarto-1.3.250-macos.pkg",204
"2023-03-07T21:10:56Z","quarto-1.3.250-macos.tar.gz",192
"2023-03-07T21:10:56Z","quarto-1.3.250-win.msi",199
"2023-03-07T21:10:56Z","quarto-1.3.250-win.zip",199
"2023-03-07T21:10:56Z","quarto-1.3.250.tar.gz",174
"2023-03-07T19:23:32Z","changelog.md",12
"2023-03-07T19:23:32Z","quarto-1.3.249-checksums.txt",11
"2023-03-07T19:23:32Z","quarto-1.3.249-linux-amd64.deb",18
"2023-03-07T19:23:32Z","quarto-1.3.249-linux-amd64.tar.gz",22
"2023-03-07T19:23:32Z","quarto-1.3.249-linux-arm64.deb",12
"2023-03-07T19:23:32Z","quarto-1.3.249-linux-arm64.tar.gz",11
"2023-03-07T19:23:32Z","quarto-1.3.249-linux-rhel7-amd64.tar.gz",13
"2023-03-07T19:23:32Z","quarto-1.3.249-macos.pkg",16
"2023-03-07T19:23:32Z","quarto-1.3.249-macos.tar.gz",17
"2023-03-07T19:23:32Z","quarto-1.3.249-win.msi",13
"2023-03-07T19:23:32Z","quarto-1.3.249-win.zip",18
"2023-03-07T19:23:32Z","quarto-1.3.249.tar.gz",11
"2023-03-06T19:46:07Z","changelog.md",92
"2023-03-06T19:46:07Z","quarto-1.3.247-checksums.txt",92
"2023-03-06T19:46:07Z","quarto-1.3.247-linux-amd64.deb",174
"2023-03-06T19:46:07Z","quarto-1.3.247-linux-amd64.tar.gz",139
"2023-03-06T19:46:07Z","quarto-1.3.247-linux-arm64.deb",99
"2023-03-06T19:46:07Z","quarto-1.3.247-linux-arm64.tar.gz",91
"2023-03-06T19:46:07Z","quarto-1.3.247-linux-rhel7-amd64.tar.gz",102
"2023-03-06T19:46:07Z","quarto-1.3.247-macos.pkg",112
"2023-03-06T19:46:07Z","quarto-1.3.247-macos.tar.gz",106
"2023-03-06T19:46:07Z","quarto-1.3.247-win.msi",106
"2023-03-06T19:46:07Z","quarto-1.3.247-win.zip",104
"2023-03-06T19:46:07Z","quarto-1.3.247.tar.gz",92
"2023-03-02T22:15:30Z","changelog.md",338
"2023-03-02T22:15:30Z","quarto-1.3.242-checksums.txt",338
"2023-03-02T22:15:30Z","quarto-1.3.242-linux-amd64.deb",703
"2023-03-02T22:15:30Z","quarto-1.3.242-linux-amd64.tar.gz",431
"2023-03-02T22:15:30Z","quarto-1.3.242-linux-arm64.deb",363
"2023-03-02T22:15:30Z","quarto-1.3.242-linux-arm64.tar.gz",338
"2023-03-02T22:15:30Z","quarto-1.3.242-linux-rhel7-amd64.tar.gz",349
"2023-03-02T22:15:30Z","quarto-1.3.242-macos.pkg",385
"2023-03-02T22:15:30Z","quarto-1.3.242-macos.tar.gz",361
"2023-03-02T22:15:30Z","quarto-1.3.242-win.msi",382
"2023-03-02T22:15:30Z","quarto-1.3.242-win.zip",366
"2023-03-02T22:15:30Z","quarto-1.3.242.tar.gz",337
"2023-03-02T17:32:36Z","changelog.md",24
"2023-03-02T17:32:36Z","quarto-1.3.241-checksums.txt",23
"2023-03-02T17:32:36Z","quarto-1.3.241-linux-amd64.deb",34
"2023-03-02T17:32:36Z","quarto-1.3.241-linux-amd64.tar.gz",28
"2023-03-02T17:32:36Z","quarto-1.3.241-linux-arm64.deb",23
"2023-03-02T17:32:36Z","quarto-1.3.241-linux-arm64.tar.gz",24
"2023-03-02T17:32:36Z","quarto-1.3.241-linux-rhel7-amd64.tar.gz",24
"2023-03-02T17:32:36Z","quarto-1.3.241-macos.pkg",27
"2023-03-02T17:32:36Z","quarto-1.3.241-macos.tar.gz",29
"2023-03-02T17:32:36Z","quarto-1.3.241-win.msi",26
"2023-03-02T17:32:36Z","quarto-1.3.241-win.zip",27
"2023-03-02T17:32:36Z","quarto-1.3.241.tar.gz",24
"2023-03-02T14:59:49Z","changelog.md",13
"2023-03-02T14:59:49Z","quarto-1.3.240-checksums.txt",14
"2023-03-02T14:59:49Z","quarto-1.3.240-linux-amd64.deb",27
"2023-03-02T14:59:49Z","quarto-1.3.240-linux-amd64.tar.gz",31
"2023-03-02T14:59:49Z","quarto-1.3.240-linux-arm64.deb",13
"2023-03-02T14:59:49Z","quarto-1.3.240-linux-arm64.tar.gz",13
"2023-03-02T14:59:49Z","quarto-1.3.240-linux-rhel7-amd64.tar.gz",13
"2023-03-02T14:59:49Z","quarto-1.3.240-macos.pkg",17
"2023-03-02T14:59:49Z","quarto-1.3.240-macos.tar.gz",17
"2023-03-02T14:59:49Z","quarto-1.3.240-win.msi",14
"2023-03-02T14:59:49Z","quarto-1.3.240-win.zip",14
"2023-03-02T14:59:49Z","quarto-1.3.240.tar.gz",13
"2023-03-01T22:38:04Z","changelog.md",62
"2023-03-01T22:38:04Z","quarto-1.3.238-checksums.txt",61
"2023-03-01T22:38:04Z","quarto-1.3.238-linux-amd64.deb",166
"2023-03-01T22:38:04Z","quarto-1.3.238-linux-amd64.tar.gz",67
"2023-03-01T22:38:04Z","quarto-1.3.238-linux-arm64.deb",62
"2023-03-01T22:38:04Z","quarto-1.3.238-linux-arm64.tar.gz",60
"2023-03-01T22:38:04Z","quarto-1.3.238-linux-rhel7-amd64.tar.gz",61
"2023-03-01T22:38:04Z","quarto-1.3.238-macos.pkg",75
"2023-03-01T22:38:04Z","quarto-1.3.238-macos.tar.gz",63
"2023-03-01T22:38:04Z","quarto-1.3.238-win.msi",73
"2023-03-01T22:38:04Z","quarto-1.3.238-win.zip",65
"2023-03-01T22:38:04Z","quarto-1.3.238.tar.gz",60
"2023-03-01T19:45:33Z","changelog.md",14
"2023-03-01T19:45:33Z","quarto-1.3.237-checksums.txt",15
"2023-03-01T19:45:33Z","quarto-1.3.237-linux-amd64.deb",21
"2023-03-01T19:45:33Z","quarto-1.3.237-linux-amd64.tar.gz",14
"2023-03-01T19:45:33Z","quarto-1.3.237-linux-arm64.deb",15
"2023-03-01T19:45:33Z","quarto-1.3.237-linux-arm64.tar.gz",14
"2023-03-01T19:45:33Z","quarto-1.3.237-linux-rhel7-amd64.tar.gz",14
"2023-03-01T19:45:33Z","quarto-1.3.237-macos.pkg",19
"2023-03-01T19:45:33Z","quarto-1.3.237-macos.tar.gz",18
"2023-03-01T19:45:33Z","quarto-1.3.237-win.msi",15
"2023-03-01T19:45:33Z","quarto-1.3.237-win.zip",19
"2023-03-01T19:45:33Z","quarto-1.3.237.tar.gz",14
"2023-02-28T23:24:45Z","changelog.md",79
"2023-02-28T23:24:45Z","quarto-1.3.235-checksums.txt",76
"2023-02-28T23:24:45Z","quarto-1.3.235-linux-amd64.deb",205
"2023-02-28T23:24:45Z","quarto-1.3.235-linux-amd64.tar.gz",80
"2023-02-28T23:24:45Z","quarto-1.3.235-linux-arm64.deb",78
"2023-02-28T23:24:45Z","quarto-1.3.235-linux-arm64.tar.gz",76
"2023-02-28T23:24:45Z","quarto-1.3.235-linux-rhel7-amd64.tar.gz",77
"2023-02-28T23:24:45Z","quarto-1.3.235-macos.pkg",90
"2023-02-28T23:24:45Z","quarto-1.3.235-macos.tar.gz",85
"2023-02-28T23:24:45Z","quarto-1.3.235-win.msi",88
"2023-02-28T23:24:45Z","quarto-1.3.235-win.zip",85
"2023-02-28T23:24:45Z","quarto-1.3.235.tar.gz",76
"2023-02-28T16:41:07Z","changelog.md",30
"2023-02-28T16:41:07Z","quarto-1.3.234-checksums.txt",30
"2023-02-28T16:41:07Z","quarto-1.3.234-linux-amd64.deb",66
"2023-02-28T16:41:07Z","quarto-1.3.234-linux-amd64.tar.gz",34
"2023-02-28T16:41:07Z","quarto-1.3.234-linux-arm64.deb",31
"2023-02-28T16:41:07Z","quarto-1.3.234-linux-arm64.tar.gz",31
"2023-02-28T16:41:07Z","quarto-1.3.234-linux-rhel7-amd64.tar.gz",30
"2023-02-28T16:41:07Z","quarto-1.3.234-macos.pkg",40
"2023-02-28T16:41:07Z","quarto-1.3.234-macos.tar.gz",33
"2023-02-28T16:41:07Z","quarto-1.3.234-win.msi",31
"2023-02-28T16:41:07Z","quarto-1.3.234-win.zip",38
"2023-02-28T16:41:07Z","quarto-1.3.234.tar.gz",31
"2023-02-26T21:31:15Z","changelog.md",165
"2023-02-26T21:31:15Z","quarto-1.3.231-checksums.txt",162
"2023-02-26T21:31:15Z","quarto-1.3.231-linux-amd64.deb",339
"2023-02-26T21:31:15Z","quarto-1.3.231-linux-amd64.tar.gz",167
"2023-02-26T21:31:15Z","quarto-1.3.231-linux-arm64.deb",166
"2023-02-26T21:31:15Z","quarto-1.3.231-linux-arm64.tar.gz",162
"2023-02-26T21:31:15Z","quarto-1.3.231-linux-rhel7-amd64.tar.gz",163
"2023-02-26T21:31:15Z","quarto-1.3.231-macos.pkg",189
"2023-02-26T21:31:15Z","quarto-1.3.231-macos.tar.gz",172
"2023-02-26T21:31:15Z","quarto-1.3.231-win.msi",181
"2023-02-26T21:31:15Z","quarto-1.3.231-win.zip",177
"2023-02-26T21:31:15Z","quarto-1.3.231.tar.gz",161
"2023-02-26T15:49:06Z","changelog.md",26
"2023-02-26T15:49:06Z","quarto-1.3.230-checksums.txt",26
"2023-02-26T15:49:06Z","quarto-1.3.230-linux-amd64.deb",43
"2023-02-26T15:49:06Z","quarto-1.3.230-linux-amd64.tar.gz",26
"2023-02-26T15:49:06Z","quarto-1.3.230-linux-arm64.deb",27
"2023-02-26T15:49:06Z","quarto-1.3.230-linux-arm64.tar.gz",26
"2023-02-26T15:49:06Z","quarto-1.3.230-linux-rhel7-amd64.tar.gz",26
"2023-02-26T15:49:06Z","quarto-1.3.230-macos.pkg",33
"2023-02-26T15:49:06Z","quarto-1.3.230-macos.tar.gz",29
"2023-02-26T15:49:06Z","quarto-1.3.230-win.msi",30
"2023-02-26T15:49:06Z","quarto-1.3.230-win.zip",27
"2023-02-26T15:49:06Z","quarto-1.3.230.tar.gz",26
"2023-02-26T00:39:35Z","changelog.md",61
"2023-02-26T00:39:35Z","quarto-1.3.228-checksums.txt",59
"2023-02-26T00:39:35Z","quarto-1.3.228-linux-amd64.deb",176
"2023-02-26T00:39:35Z","quarto-1.3.228-linux-amd64.tar.gz",61
"2023-02-26T00:39:35Z","quarto-1.3.228-linux-arm64.deb",61
"2023-02-26T00:39:35Z","quarto-1.3.228-linux-arm64.tar.gz",61
"2023-02-26T00:39:35Z","quarto-1.3.228-linux-rhel7-amd64.tar.gz",60
"2023-02-26T00:39:35Z","quarto-1.3.228-macos.pkg",67
"2023-02-26T00:39:35Z","quarto-1.3.228-macos.tar.gz",62
"2023-02-26T00:39:35Z","quarto-1.3.228-win.msi",68
"2023-02-26T00:39:35Z","quarto-1.3.228-win.zip",70
"2023-02-26T00:39:35Z","quarto-1.3.228.tar.gz",59
"2023-02-26T00:01:54Z","changelog.md",4
"2023-02-26T00:01:54Z","quarto-1.3.227-checksums.txt",4
"2023-02-26T00:01:54Z","quarto-1.3.227-linux-amd64.deb",12
"2023-02-26T00:01:54Z","quarto-1.3.227-linux-amd64.tar.gz",5
"2023-02-26T00:01:54Z","quarto-1.3.227-linux-arm64.deb",4
"2023-02-26T00:01:54Z","quarto-1.3.227-linux-arm64.tar.gz",4
"2023-02-26T00:01:54Z","quarto-1.3.227-linux-rhel7-amd64.tar.gz",4
"2023-02-26T00:01:54Z","quarto-1.3.227-macos.pkg",6
"2023-02-26T00:01:54Z","quarto-1.3.227-macos.tar.gz",7
"2023-02-26T00:01:54Z","quarto-1.3.227-win.msi",6
"2023-02-26T00:01:54Z","quarto-1.3.227-win.zip",4
"2023-02-26T00:01:54Z","quarto-1.3.227.tar.gz",4
"2023-02-25T23:49:10Z","changelog.md",3
"2023-02-25T23:49:10Z","quarto-1.3.226-checksums.txt",3
"2023-02-25T23:49:10Z","quarto-1.3.226-linux-amd64.deb",3
"2023-02-25T23:49:10Z","quarto-1.3.226-linux-amd64.tar.gz",4
"2023-02-25T23:49:10Z","quarto-1.3.226-linux-arm64.deb",3
"2023-02-25T23:49:10Z","quarto-1.3.226-linux-arm64.tar.gz",3
"2023-02-25T23:49:10Z","quarto-1.3.226-linux-rhel7-amd64.tar.gz",3
"2023-02-25T23:49:10Z","quarto-1.3.226-macos.pkg",4
"2023-02-25T23:49:10Z","quarto-1.3.226-macos.tar.gz",9
"2023-02-25T23:49:10Z","quarto-1.3.226-win.msi",4
"2023-02-25T23:49:10Z","quarto-1.3.226-win.zip",4
"2023-02-25T23:49:10Z","quarto-1.3.226.tar.gz",3
"2023-02-25T23:43:21Z","changelog.md",4
"2023-02-25T23:43:21Z","quarto-1.3.225-checksums.txt",4
"2023-02-25T23:43:21Z","quarto-1.3.225-linux-amd64.deb",3
"2023-02-25T23:43:21Z","quarto-1.3.225-linux-amd64.tar.gz",5
"2023-02-25T23:43:21Z","quarto-1.3.225-linux-arm64.deb",4
"2023-02-25T23:43:21Z","quarto-1.3.225-linux-arm64.tar.gz",3
"2023-02-25T23:43:21Z","quarto-1.3.225-linux-rhel7-amd64.tar.gz",3
"2023-02-25T23:43:21Z","quarto-1.3.225-macos.pkg",4
"2023-02-25T23:43:21Z","quarto-1.3.225-macos.tar.gz",8
"2023-02-25T23:43:21Z","quarto-1.3.225-win.msi",3
"2023-02-25T23:43:21Z","quarto-1.3.225-win.zip",3
"2023-02-25T23:43:21Z","quarto-1.3.225.tar.gz",3
"2023-02-25T17:29:04Z","changelog.md",32
"2023-02-25T17:29:04Z","quarto-1.3.224-checksums.txt",28
"2023-02-25T17:29:04Z","quarto-1.3.224-linux-amd64.deb",50
"2023-02-25T17:29:04Z","quarto-1.3.224-linux-amd64.tar.gz",28
"2023-02-25T17:29:04Z","quarto-1.3.224-linux-arm64.deb",28
"2023-02-25T17:29:04Z","quarto-1.3.224-linux-arm64.tar.gz",28
"2023-02-25T17:29:04Z","quarto-1.3.224-linux-rhel7-amd64.tar.gz",28
"2023-02-25T17:29:04Z","quarto-1.3.224-macos.pkg",36
"2023-02-25T17:29:04Z","quarto-1.3.224-macos.tar.gz",32
"2023-02-25T17:29:04Z","quarto-1.3.224-win.msi",31
"2023-02-25T17:29:04Z","quarto-1.3.224-win.zip",31
"2023-02-25T17:29:04Z","quarto-1.3.224.tar.gz",29
"2023-02-24T22:13:27Z","changelog.md",79
"2023-02-24T22:13:27Z","quarto-1.3.222-checksums.txt",75
"2023-02-24T22:13:27Z","quarto-1.3.222-linux-amd64.deb",125
"2023-02-24T22:13:27Z","quarto-1.3.222-linux-amd64.tar.gz",75
"2023-02-24T22:13:27Z","quarto-1.3.222-linux-arm64.deb",78
"2023-02-24T22:13:27Z","quarto-1.3.222-linux-arm64.tar.gz",74
"2023-02-24T22:13:27Z","quarto-1.3.222-linux-rhel7-amd64.tar.gz",75
"2023-02-24T22:13:27Z","quarto-1.3.222-macos.pkg",80
"2023-02-24T22:13:27Z","quarto-1.3.222-macos.tar.gz",81
"2023-02-24T22:13:27Z","quarto-1.3.222-win.msi",80
"2023-02-24T22:13:27Z","quarto-1.3.222-win.zip",85
"2023-02-24T22:13:27Z","quarto-1.3.222.tar.gz",74
"2023-02-23T08:28:39Z","changelog.md",134
"2023-02-23T08:28:39Z","quarto-1.3.220-checksums.txt",130
"2023-02-23T08:28:39Z","quarto-1.3.220-linux-amd64.deb",231
"2023-02-23T08:28:39Z","quarto-1.3.220-linux-amd64.tar.gz",131
"2023-02-23T08:28:39Z","quarto-1.3.220-linux-arm64.deb",133
"2023-02-23T08:28:39Z","quarto-1.3.220-linux-arm64.tar.gz",129
"2023-02-23T08:28:39Z","quarto-1.3.220-linux-rhel7-amd64.tar.gz",129
"2023-02-23T08:28:39Z","quarto-1.3.220-macos.pkg",157
"2023-02-23T08:28:39Z","quarto-1.3.220-macos.tar.gz",136
"2023-02-23T08:28:39Z","quarto-1.3.220-win.msi",148
"2023-02-23T08:28:39Z","quarto-1.3.220-win.zip",140
"2023-02-23T08:28:39Z","quarto-1.3.220.tar.gz",130
"2023-02-21T21:56:30Z","changelog.md",149
"2023-02-21T21:56:30Z","quarto-1.3.217-checksums.txt",146
"2023-02-21T21:56:30Z","quarto-1.3.217-linux-amd64.deb",458
"2023-02-21T21:56:30Z","quarto-1.3.217-linux-amd64.tar.gz",150
"2023-02-21T21:56:30Z","quarto-1.3.217-linux-arm64.deb",162
"2023-02-21T21:56:30Z","quarto-1.3.217-linux-arm64.tar.gz",147
"2023-02-21T21:56:30Z","quarto-1.3.217-linux-rhel7-amd64.tar.gz",146
"2023-02-21T21:56:30Z","quarto-1.3.217-macos.pkg",172
"2023-02-21T21:56:30Z","quarto-1.3.217-macos.tar.gz",151
"2023-02-21T21:56:30Z","quarto-1.3.217-win.msi",168
"2023-02-21T21:56:30Z","quarto-1.3.217-win.zip",155
"2023-02-21T21:56:30Z","quarto-1.3.217.tar.gz",146
"2023-02-21T21:04:36Z","changelog.md",9
"2023-02-21T21:04:36Z","quarto-1.3.216-checksums.txt",7
"2023-02-21T21:04:36Z","quarto-1.3.216-linux-amd64.deb",12
"2023-02-21T21:04:36Z","quarto-1.3.216-linux-amd64.tar.gz",8
"2023-02-21T21:04:36Z","quarto-1.3.216-linux-arm64.deb",7
"2023-02-21T21:04:36Z","quarto-1.3.216-linux-arm64.tar.gz",7
"2023-02-21T21:04:36Z","quarto-1.3.216-linux-rhel7-amd64.tar.gz",7
"2023-02-21T21:04:36Z","quarto-1.3.216-macos.pkg",10
"2023-02-21T21:04:36Z","quarto-1.3.216-macos.tar.gz",10
"2023-02-21T21:04:36Z","quarto-1.3.216-win.msi",8
"2023-02-21T21:04:36Z","quarto-1.3.216-win.zip",12
"2023-02-21T21:04:36Z","quarto-1.3.216.tar.gz",7
"2023-02-21T17:03:26Z","changelog.md",25
"2023-02-21T17:03:26Z","quarto-1.3.213-checksums.txt",20
"2023-02-21T17:03:26Z","quarto-1.3.213-linux-amd64.deb",39
"2023-02-21T17:03:26Z","quarto-1.3.213-linux-amd64.tar.gz",20
"2023-02-21T17:03:26Z","quarto-1.3.213-linux-arm64.deb",19
"2023-02-21T17:03:26Z","quarto-1.3.213-linux-arm64.tar.gz",19
"2023-02-21T17:03:26Z","quarto-1.3.213-linux-rhel7-amd64.tar.gz",20
"2023-02-21T17:03:26Z","quarto-1.3.213-macos.pkg",24
"2023-02-21T17:03:26Z","quarto-1.3.213-macos.tar.gz",24
"2023-02-21T17:03:26Z","quarto-1.3.213-win.msi",25
"2023-02-21T17:03:26Z","quarto-1.3.213-win.zip",19
"2023-02-21T17:03:26Z","quarto-1.3.213.tar.gz",19
"2023-02-20T15:23:48Z","changelog.md",97
"2023-02-20T15:23:48Z","quarto-1.3.211-checksums.txt",94
"2023-02-20T15:23:48Z","quarto-1.3.211-linux-amd64.deb",193
"2023-02-20T15:23:48Z","quarto-1.3.211-linux-amd64.tar.gz",96
"2023-02-20T15:23:48Z","quarto-1.3.211-linux-arm64.deb",101
"2023-02-20T15:23:48Z","quarto-1.3.211-linux-arm64.tar.gz",94
"2023-02-20T15:23:48Z","quarto-1.3.211-linux-rhel7-amd64.tar.gz",94
"2023-02-20T15:23:48Z","quarto-1.3.211-macos.pkg",115
"2023-02-20T15:23:48Z","quarto-1.3.211-macos.tar.gz",99
"2023-02-20T15:23:48Z","quarto-1.3.211-win.msi",104
"2023-02-20T15:23:48Z","quarto-1.3.211-win.zip",101
"2023-02-20T15:23:48Z","quarto-1.3.211.tar.gz",94
"2023-02-17T22:36:26Z","changelog.md",250
"2023-02-17T22:36:26Z","quarto-1.3.208-checksums.txt",244
"2023-02-17T22:36:26Z","quarto-1.3.208-linux-amd64.deb",387
"2023-02-17T22:36:26Z","quarto-1.3.208-linux-amd64.tar.gz",248
"2023-02-17T22:36:26Z","quarto-1.3.208-linux-arm64.deb",251
"2023-02-17T22:36:26Z","quarto-1.3.208-linux-arm64.tar.gz",244
"2023-02-17T22:36:26Z","quarto-1.3.208-linux-rhel7-amd64.tar.gz",243
"2023-02-17T22:36:26Z","quarto-1.3.208-macos.pkg",271
"2023-02-17T22:36:26Z","quarto-1.3.208-macos.tar.gz",252
"2023-02-17T22:36:26Z","quarto-1.3.208-win.msi",268
"2023-02-17T22:36:26Z","quarto-1.3.208-win.zip",248
"2023-02-17T22:36:26Z","quarto-1.3.208.tar.gz",243
"2023-02-15T14:48:58Z","changelog.md",218
"2023-02-15T14:48:58Z","quarto-1.3.203-checksums.txt",210
"2023-02-15T14:48:58Z","quarto-1.3.203-linux-amd64.deb",359
"2023-02-15T14:48:58Z","quarto-1.3.203-linux-amd64.tar.gz",218
"2023-02-15T14:48:58Z","quarto-1.3.203-linux-arm64.deb",219
"2023-02-15T14:48:58Z","quarto-1.3.203-linux-arm64.tar.gz",211
"2023-02-15T14:48:58Z","quarto-1.3.203-linux-rhel7-amd64.tar.gz",210
"2023-02-15T14:48:58Z","quarto-1.3.203-macos.pkg",246
"2023-02-15T14:48:58Z","quarto-1.3.203-macos.tar.gz",216
"2023-02-15T14:48:58Z","quarto-1.3.203-win.msi",229
"2023-02-15T14:48:58Z","quarto-1.3.203-win.zip",225
"2023-02-15T14:48:58Z","quarto-1.3.203.tar.gz",210
"2023-02-15T14:01:11Z","changelog.md",7
"2023-02-15T14:01:11Z","quarto-1.3.202-checksums.txt",7
"2023-02-15T14:01:11Z","quarto-1.3.202-linux-amd64.deb",31
"2023-02-15T14:01:11Z","quarto-1.3.202-linux-amd64.tar.gz",8
"2023-02-15T14:01:11Z","quarto-1.3.202-linux-arm64.deb",8
"2023-02-15T14:01:11Z","quarto-1.3.202-linux-arm64.tar.gz",7
"2023-02-15T14:01:11Z","quarto-1.3.202-linux-rhel7-amd64.tar.gz",7
"2023-02-15T14:01:11Z","quarto-1.3.202-macos.pkg",11
"2023-02-15T14:01:11Z","quarto-1.3.202-macos.tar.gz",12
"2023-02-15T14:01:11Z","quarto-1.3.202-win.msi",11
"2023-02-15T14:01:11Z","quarto-1.3.202-win.zip",8
"2023-02-15T14:01:11Z","quarto-1.3.202.tar.gz",7
"2023-02-14T23:05:22Z","changelog.md",55
"2023-02-14T23:05:22Z","quarto-1.3.200-checksums.txt",55
"2023-02-14T23:05:22Z","quarto-1.3.200-linux-amd64.deb",221
"2023-02-14T23:05:22Z","quarto-1.3.200-linux-amd64.tar.gz",58
"2023-02-14T23:05:22Z","quarto-1.3.200-linux-arm64.deb",55
"2023-02-14T23:05:22Z","quarto-1.3.200-linux-arm64.tar.gz",55
"2023-02-14T23:05:22Z","quarto-1.3.200-linux-rhel7-amd64.tar.gz",55
"2023-02-14T23:05:22Z","quarto-1.3.200-macos.pkg",66
"2023-02-14T23:05:22Z","quarto-1.3.200-macos.tar.gz",60
"2023-02-14T23:05:22Z","quarto-1.3.200-win.msi",63
"2023-02-14T23:05:22Z","quarto-1.3.200-win.zip",62
"2023-02-14T23:05:22Z","quarto-1.3.200.tar.gz",56
"2023-02-14T20:50:24Z","changelog.md",6
"2023-02-14T20:50:24Z","quarto-1.3.199-checksums.txt",5
"2023-02-14T20:50:24Z","quarto-1.3.199-linux-amd64.deb",7
"2023-02-14T20:50:24Z","quarto-1.3.199-linux-amd64.tar.gz",6
"2023-02-14T20:50:24Z","quarto-1.3.199-linux-arm64.deb",5
"2023-02-14T20:50:24Z","quarto-1.3.199-linux-arm64.tar.gz",5
"2023-02-14T20:50:24Z","quarto-1.3.199-linux-rhel7-amd64.tar.gz",6
"2023-02-14T20:50:24Z","quarto-1.3.199-macos.pkg",8
"2023-02-14T20:50:24Z","quarto-1.3.199-macos.tar.gz",8
"2023-02-14T20:50:24Z","quarto-1.3.199-win.msi",6
"2023-02-14T20:50:24Z","quarto-1.3.199-win.zip",5
"2023-02-14T20:50:24Z","quarto-1.3.199.tar.gz",5
"2023-02-13T16:27:03Z","changelog.md",116
"2023-02-13T16:27:03Z","quarto-1.3.197-checksums.txt",114
"2023-02-13T16:27:03Z","quarto-1.3.197-linux-amd64.deb",177
"2023-02-13T16:27:03Z","quarto-1.3.197-linux-amd64.tar.gz",132
"2023-02-13T16:27:03Z","quarto-1.3.197-linux-arm64.deb",114
"2023-02-13T16:27:03Z","quarto-1.3.197-linux-arm64.tar.gz",114
"2023-02-13T16:27:03Z","quarto-1.3.197-linux-rhel7-amd64.tar.gz",115
"2023-02-13T16:27:03Z","quarto-1.3.197-macos.pkg",130
"2023-02-13T16:27:03Z","quarto-1.3.197-macos.tar.gz",121
"2023-02-13T16:27:03Z","quarto-1.3.197-win.msi",128
"2023-02-13T16:27:03Z","quarto-1.3.197-win.zip",123
"2023-02-13T16:27:03Z","quarto-1.3.197.tar.gz",114
"2023-02-13T15:05:55Z","changelog.md",11
"2023-02-13T15:05:55Z","quarto-1.3.196-checksums.txt",11
"2023-02-13T15:05:55Z","quarto-1.3.196-linux-amd64.deb",15
"2023-02-13T15:05:55Z","quarto-1.3.196-linux-amd64.tar.gz",12
"2023-02-13T15:05:55Z","quarto-1.3.196-linux-arm64.deb",11
"2023-02-13T15:05:55Z","quarto-1.3.196-linux-arm64.tar.gz",11
"2023-02-13T15:05:55Z","quarto-1.3.196-linux-rhel7-amd64.tar.gz",11
"2023-02-13T15:05:55Z","quarto-1.3.196-macos.pkg",14
"2023-02-13T15:05:55Z","quarto-1.3.196-macos.tar.gz",14
"2023-02-13T15:05:55Z","quarto-1.3.196-win.msi",13
"2023-02-13T15:05:55Z","quarto-1.3.196-win.zip",11
"2023-02-13T15:05:55Z","quarto-1.3.196.tar.gz",11
"2023-02-13T13:31:25Z","changelog.md",10
"2023-02-13T13:31:25Z","quarto-1.3.195-checksums.txt",9
"2023-02-13T13:31:25Z","quarto-1.3.195-linux-amd64.deb",17
"2023-02-13T13:31:25Z","quarto-1.3.195-linux-amd64.tar.gz",9
"2023-02-13T13:31:25Z","quarto-1.3.195-linux-arm64.deb",9
"2023-02-13T13:31:25Z","quarto-1.3.195-linux-arm64.tar.gz",9
"2023-02-13T13:31:25Z","quarto-1.3.195-linux-rhel7-amd64.tar.gz",9
"2023-02-13T13:31:25Z","quarto-1.3.195-macos.pkg",12
"2023-02-13T13:31:25Z","quarto-1.3.195-macos.tar.gz",12
"2023-02-13T13:31:25Z","quarto-1.3.195-win.msi",10
"2023-02-13T13:31:25Z","quarto-1.3.195-win.zip",9
"2023-02-13T13:31:25Z","quarto-1.3.195.tar.gz",9
"2023-02-10T16:43:07Z","changelog.md",259
"2023-02-10T16:43:07Z","quarto-1.3.191-checksums.txt",257
"2023-02-10T16:43:07Z","quarto-1.3.191-linux-amd64.deb",463
"2023-02-10T16:43:07Z","quarto-1.3.191-linux-amd64.tar.gz",262
"2023-02-10T16:43:07Z","quarto-1.3.191-linux-arm64.deb",295
"2023-02-10T16:43:07Z","quarto-1.3.191-linux-arm64.tar.gz",260
"2023-02-10T16:43:07Z","quarto-1.3.191-linux-rhel7-amd64.tar.gz",259
"2023-02-10T16:43:07Z","quarto-1.3.191-macos.pkg",290
"2023-02-10T16:43:07Z","quarto-1.3.191-macos.tar.gz",268
"2023-02-10T16:43:07Z","quarto-1.3.191-win.msi",277
"2023-02-10T16:43:07Z","quarto-1.3.191-win.zip",279
"2023-02-10T16:43:07Z","quarto-1.3.191.tar.gz",257
"2023-02-09T21:33:44Z","changelog.md",76
"2023-02-09T21:33:44Z","quarto-1.3.189-checksums.txt",73
"2023-02-09T21:33:44Z","quarto-1.3.189-linux-amd64.deb",128
"2023-02-09T21:33:44Z","quarto-1.3.189-linux-amd64.tar.gz",83
"2023-02-09T21:33:44Z","quarto-1.3.189-linux-arm64.deb",75
"2023-02-09T21:33:44Z","quarto-1.3.189-linux-arm64.tar.gz",74
"2023-02-09T21:33:44Z","quarto-1.3.189-linux-rhel7-amd64.tar.gz",73
"2023-02-09T21:33:44Z","quarto-1.3.189-macos.pkg",83
"2023-02-09T21:33:44Z","quarto-1.3.189-macos.tar.gz",77
"2023-02-09T21:33:44Z","quarto-1.3.189-win.msi",84
"2023-02-09T21:33:44Z","quarto-1.3.189-win.zip",79
"2023-02-09T21:33:44Z","quarto-1.3.189.tar.gz",73
"2023-02-09T17:02:48Z","changelog.md",26
"2023-02-09T17:02:48Z","quarto-1.3.188-checksums.txt",21
"2023-02-09T17:02:48Z","quarto-1.3.188-linux-amd64.deb",99
"2023-02-09T17:02:48Z","quarto-1.3.188-linux-amd64.tar.gz",23
"2023-02-09T17:02:48Z","quarto-1.3.188-linux-arm64.deb",24
"2023-02-09T17:02:48Z","quarto-1.3.188-linux-arm64.tar.gz",23
"2023-02-09T17:02:48Z","quarto-1.3.188-linux-rhel7-amd64.tar.gz",25
"2023-02-09T17:02:48Z","quarto-1.3.188-macos.pkg",28
"2023-02-09T17:02:48Z","quarto-1.3.188-macos.tar.gz",27
"2023-02-09T17:02:48Z","quarto-1.3.188-win.msi",28
"2023-02-09T17:02:48Z","quarto-1.3.188-win.zip",23
"2023-02-09T17:02:48Z","quarto-1.3.188.tar.gz",24
"2023-02-08T19:02:42Z","changelog.md",86
"2023-02-08T19:02:42Z","quarto-1.3.186-checksums.txt",85
"2023-02-08T19:02:42Z","quarto-1.3.186-linux-amd64.deb",128
"2023-02-08T19:02:42Z","quarto-1.3.186-linux-amd64.tar.gz",90
"2023-02-08T19:02:42Z","quarto-1.3.186-linux-arm64.deb",87
"2023-02-08T19:02:42Z","quarto-1.3.186-linux-arm64.tar.gz",85
"2023-02-08T19:02:42Z","quarto-1.3.186-linux-rhel7-amd64.tar.gz",86
"2023-02-08T19:02:42Z","quarto-1.3.186-macos.pkg",98
"2023-02-08T19:02:42Z","quarto-1.3.186-macos.tar.gz",93
"2023-02-08T19:02:42Z","quarto-1.3.186-win.msi",104
"2023-02-08T19:02:42Z","quarto-1.3.186-win.zip",94
"2023-02-08T19:02:42Z","quarto-1.3.186.tar.gz",86
"2023-02-08T14:29:27Z","changelog.md",26
"2023-02-08T14:29:27Z","quarto-1.3.185-checksums.txt",24
"2023-02-08T14:29:27Z","quarto-1.3.185-linux-amd64.deb",43
"2023-02-08T14:29:27Z","quarto-1.3.185-linux-amd64.tar.gz",25
"2023-02-08T14:29:27Z","quarto-1.3.185-linux-arm64.deb",24
"2023-02-08T14:29:27Z","quarto-1.3.185-linux-arm64.tar.gz",25
"2023-02-08T14:29:27Z","quarto-1.3.185-linux-rhel7-amd64.tar.gz",24
"2023-02-08T14:29:27Z","quarto-1.3.185-macos.pkg",33
"2023-02-08T14:29:27Z","quarto-1.3.185-macos.tar.gz",28
"2023-02-08T14:29:27Z","quarto-1.3.185-win.msi",35
"2023-02-08T14:29:27Z","quarto-1.3.185-win.zip",26
"2023-02-08T14:29:27Z","quarto-1.3.185.tar.gz",24
"2023-02-08T13:51:42Z","changelog.md",7
"2023-02-08T13:51:42Z","quarto-1.3.184-checksums.txt",8
"2023-02-08T13:51:42Z","quarto-1.3.184-linux-amd64.deb",13
"2023-02-08T13:51:42Z","quarto-1.3.184-linux-amd64.tar.gz",7
"2023-02-08T13:51:42Z","quarto-1.3.184-linux-arm64.deb",8
"2023-02-08T13:51:42Z","quarto-1.3.184-linux-arm64.tar.gz",8
"2023-02-08T13:51:42Z","quarto-1.3.184-linux-rhel7-amd64.tar.gz",8
"2023-02-08T13:51:42Z","quarto-1.3.184-macos.pkg",10
"2023-02-08T13:51:42Z","quarto-1.3.184-macos.tar.gz",10
"2023-02-08T13:51:42Z","quarto-1.3.184-win.msi",10
"2023-02-08T13:51:42Z","quarto-1.3.184-win.zip",13
"2023-02-08T13:51:42Z","quarto-1.3.184.tar.gz",7
"2023-02-08T13:20:56Z","changelog.md",6
"2023-02-08T13:20:56Z","quarto-1.3.182-checksums.txt",6
"2023-02-08T13:20:56Z","quarto-1.3.182-linux-amd64.deb",12
"2023-02-08T13:20:56Z","quarto-1.3.182-linux-amd64.tar.gz",6
"2023-02-08T13:20:56Z","quarto-1.3.182-linux-arm64.deb",6
"2023-02-08T13:20:56Z","quarto-1.3.182-linux-arm64.tar.gz",6
"2023-02-08T13:20:56Z","quarto-1.3.182-linux-rhel7-amd64.tar.gz",6
"2023-02-08T13:20:56Z","quarto-1.3.182-macos.pkg",12
"2023-02-08T13:20:56Z","quarto-1.3.182-macos.tar.gz",12
"2023-02-08T13:20:56Z","quarto-1.3.182-win.msi",6
"2023-02-08T13:20:56Z","quarto-1.3.182-win.zip",6
"2023-02-08T13:20:56Z","quarto-1.3.182.tar.gz",6
"2023-02-08T12:54:27Z","changelog.md",6
"2023-02-08T12:54:27Z","quarto-1.3.181-checksums.txt",6
"2023-02-08T12:54:27Z","quarto-1.3.181-linux-amd64.deb",14
"2023-02-08T12:54:27Z","quarto-1.3.181-linux-amd64.tar.gz",5
"2023-02-08T12:54:27Z","quarto-1.3.181-linux-arm64.deb",6
"2023-02-08T12:54:27Z","quarto-1.3.181-linux-arm64.tar.gz",6
"2023-02-08T12:54:27Z","quarto-1.3.181-linux-rhel7-amd64.tar.gz",6
"2023-02-08T12:54:27Z","quarto-1.3.181-macos.pkg",8
"2023-02-08T12:54:27Z","quarto-1.3.181-macos.tar.gz",9
"2023-02-08T12:54:27Z","quarto-1.3.181-win.msi",6
"2023-02-08T12:54:27Z","quarto-1.3.181-win.zip",6
"2023-02-08T12:54:27Z","quarto-1.3.181.tar.gz",6
"2023-02-07T21:51:05Z","changelog.md",60
"2023-02-07T21:51:05Z","quarto-1.3.179-checksums.txt",79
"2023-02-07T21:51:05Z","quarto-1.3.179-linux-amd64.deb",120
"2023-02-07T21:51:05Z","quarto-1.3.179-linux-amd64.tar.gz",65
"2023-02-07T21:51:05Z","quarto-1.3.179-linux-rhel7-amd64.tar.gz",58
"2023-02-07T21:51:05Z","quarto-1.3.179-macos.pkg",68
"2023-02-07T21:51:05Z","quarto-1.3.179-macos.tar.gz",71
"2023-02-07T21:51:05Z","quarto-1.3.179-win.msi",67
"2023-02-07T21:51:05Z","quarto-1.3.179-win.zip",76
"2023-02-07T21:51:05Z","quarto-1.3.179.tar.gz",57
"2023-02-07T18:20:24Z","changelog.md",15
"2023-02-07T18:20:24Z","quarto-1.3.178-checksums.txt",15
"2023-02-07T18:20:24Z","quarto-1.3.178-linux-amd64.deb",25
"2023-02-07T18:20:24Z","quarto-1.3.178-linux-amd64.tar.gz",15
"2023-02-07T18:20:24Z","quarto-1.3.178-linux-rhel7-amd64.tar.gz",15
"2023-02-07T18:20:24Z","quarto-1.3.178-macos.pkg",20
"2023-02-07T18:20:24Z","quarto-1.3.178-macos.tar.gz",22
"2023-02-07T18:20:24Z","quarto-1.3.178-win.msi",19
"2023-02-07T18:20:24Z","quarto-1.3.178-win.zip",16
"2023-02-07T18:20:24Z","quarto-1.3.178.tar.gz",15
"2023-02-07T15:00:01Z","changelog.md",16
"2023-02-07T15:00:01Z","quarto-1.3.167-checksums.txt",15
"2023-02-07T15:00:01Z","quarto-1.3.167-linux-amd64.deb",23
"2023-02-07T15:00:01Z","quarto-1.3.167-linux-amd64.tar.gz",16
"2023-02-07T15:00:01Z","quarto-1.3.167-linux-rhel7-amd64.tar.gz",15
"2023-02-07T15:00:01Z","quarto-1.3.167-macos.pkg",19
"2023-02-07T15:00:01Z","quarto-1.3.167-macos.tar.gz",18
"2023-02-07T15:00:01Z","quarto-1.3.167-win.msi",21
"2023-02-07T15:00:01Z","quarto-1.3.167-win.zip",15
"2023-02-07T15:00:01Z","quarto-1.3.167.tar.gz",15
"2023-02-06T15:04:37Z","changelog.md",93
"2023-02-06T15:04:37Z","quarto-1.3.159-checksums.txt",92
"2023-02-06T15:04:37Z","quarto-1.3.159-linux-amd64.deb",146
"2023-02-06T15:04:37Z","quarto-1.3.159-linux-amd64.tar.gz",97
"2023-02-06T15:04:37Z","quarto-1.3.159-linux-rhel7-amd64.tar.gz",92
"2023-02-06T15:04:37Z","quarto-1.3.159-macos.pkg",110
"2023-02-06T15:04:37Z","quarto-1.3.159-macos.tar.gz",97
"2023-02-06T15:04:37Z","quarto-1.3.159-win.msi",102
"2023-02-06T15:04:37Z","quarto-1.3.159-win.zip",105
"2023-02-06T15:04:37Z","quarto-1.3.159.tar.gz",93
"2023-02-06T14:18:21Z","changelog.md",4
"2023-02-06T14:18:21Z","quarto-1.3.158-checksums.txt",4
"2023-02-06T14:18:21Z","quarto-1.3.158-linux-amd64.deb",6
"2023-02-06T14:18:21Z","quarto-1.3.158-linux-amd64.tar.gz",4
"2023-02-06T14:18:21Z","quarto-1.3.158-linux-rhel7-amd64.tar.gz",4
"2023-02-06T14:18:21Z","quarto-1.3.158-macos.pkg",7
"2023-02-06T14:18:21Z","quarto-1.3.158-macos.tar.gz",7
"2023-02-06T14:18:21Z","quarto-1.3.158-win.msi",4
"2023-02-06T14:18:21Z","quarto-1.3.158-win.zip",4
"2023-02-06T14:18:21Z","quarto-1.3.158.tar.gz",4
"2023-02-03T19:07:46Z","changelog.md",254
"2023-02-03T19:07:46Z","quarto-1.3.154-checksums.txt",253
"2023-02-03T19:07:46Z","quarto-1.3.154-linux-amd64.deb",420
"2023-02-03T19:07:46Z","quarto-1.3.154-linux-amd64.tar.gz",313
"2023-02-03T19:07:46Z","quarto-1.3.154-linux-rhel7-amd64.tar.gz",255
"2023-02-03T19:07:46Z","quarto-1.3.154-macos.pkg",272
"2023-02-03T19:07:46Z","quarto-1.3.154-macos.tar.gz",258
"2023-02-03T19:07:46Z","quarto-1.3.154-win.msi",266
"2023-02-03T19:07:46Z","quarto-1.3.154-win.zip",270
"2023-02-03T19:07:46Z","quarto-1.3.154.tar.gz",252
"2023-02-03T16:44:25Z","changelog.md",12
"2023-02-03T16:44:25Z","quarto-1.3.153-checksums.txt",13
"2023-02-03T16:44:25Z","quarto-1.3.153-linux-amd64.deb",18
"2023-02-03T16:44:25Z","quarto-1.3.153-linux-amd64.tar.gz",16
"2023-02-03T16:44:25Z","quarto-1.3.153-linux-rhel7-amd64.tar.gz",12
"2023-02-03T16:44:25Z","quarto-1.3.153-macos.pkg",16
"2023-02-03T16:44:25Z","quarto-1.3.153-macos.tar.gz",16
"2023-02-03T16:44:25Z","quarto-1.3.153-win.msi",12
"2023-02-03T16:44:25Z","quarto-1.3.153-win.zip",12
"2023-02-03T16:44:25Z","quarto-1.3.153.tar.gz",13
"2023-02-02T19:08:44Z","changelog.md",87
"2023-02-02T19:08:44Z","quarto-1.3.151-checksums.txt",84
"2023-02-02T19:08:44Z","quarto-1.3.151-linux-amd64.deb",166
"2023-02-02T19:08:44Z","quarto-1.3.151-linux-amd64.tar.gz",112
"2023-02-02T19:08:44Z","quarto-1.3.151-linux-rhel7-amd64.tar.gz",85
"2023-02-02T19:08:44Z","quarto-1.3.151-macos.pkg",93
"2023-02-02T19:08:44Z","quarto-1.3.151-macos.tar.gz",92
"2023-02-02T19:08:44Z","quarto-1.3.151-win.msi",97
"2023-02-02T19:08:44Z","quarto-1.3.151-win.zip",95
"2023-02-02T19:08:44Z","quarto-1.3.151.tar.gz",84
"2023-02-02T18:30:50Z","changelog.md",4
"2023-02-02T18:30:50Z","quarto-1.3.150-checksums.txt",4
"2023-02-02T18:30:50Z","quarto-1.3.150-linux-amd64.deb",8
"2023-02-02T18:30:50Z","quarto-1.3.150-linux-amd64.tar.gz",5
"2023-02-02T18:30:50Z","quarto-1.3.150-linux-rhel7-amd64.tar.gz",4
"2023-02-02T18:30:50Z","quarto-1.3.150-macos.pkg",8
"2023-02-02T18:30:50Z","quarto-1.3.150-macos.tar.gz",7
"2023-02-02T18:30:50Z","quarto-1.3.150-win.msi",4
"2023-02-02T18:30:50Z","quarto-1.3.150-win.zip",4
"2023-02-02T18:30:50Z","quarto-1.3.150.tar.gz",4
"2023-02-02T08:40:18Z","changelog.md",18
"2023-02-02T08:40:18Z","quarto-1.3.149-checksums.txt",17
"2023-02-02T08:40:18Z","quarto-1.3.149-linux-amd64.deb",49
"2023-02-02T08:40:18Z","quarto-1.3.149-linux-amd64.tar.gz",17
"2023-02-02T08:40:18Z","quarto-1.3.149-linux-rhel7-amd64.tar.gz",16
"2023-02-02T08:40:18Z","quarto-1.3.149-macos.pkg",20
"2023-02-02T08:40:18Z","quarto-1.3.149-macos.tar.gz",20
"2023-02-02T08:40:18Z","quarto-1.3.149-win.msi",18
"2023-02-02T08:40:18Z","quarto-1.3.149-win.zip",22
"2023-02-02T08:40:18Z","quarto-1.3.149.tar.gz",17
"2023-01-31T19:21:15Z","changelog.md",171
"2023-01-31T19:21:15Z","quarto-1.3.146-checksums.txt",166
"2023-01-31T19:21:15Z","quarto-1.3.146-linux-amd64.deb",410
"2023-01-31T19:21:15Z","quarto-1.3.146-linux-amd64.tar.gz",172
"2023-01-31T19:21:15Z","quarto-1.3.146-linux-rhel7-amd64.tar.gz",166
"2023-01-31T19:21:15Z","quarto-1.3.146-macos.pkg",182
"2023-01-31T19:21:15Z","quarto-1.3.146-macos.tar.gz",176
"2023-01-31T19:21:15Z","quarto-1.3.146-win.msi",182
"2023-01-31T19:21:15Z","quarto-1.3.146-win.zip",177
"2023-01-31T19:21:15Z","quarto-1.3.146.tar.gz",165
"2023-01-31T13:42:08Z","changelog.md",4504
"2023-01-31T13:42:08Z","quarto-1.2.335-checksums.txt",4482
"2023-01-31T13:42:08Z","quarto-1.2.335-linux-amd64.deb",49139
"2023-01-31T13:42:08Z","quarto-1.2.335-linux-amd64.tar.gz",6896
"2023-01-31T13:42:08Z","quarto-1.2.335-linux-rhel7-amd64.tar.gz",4722
"2023-01-31T13:42:08Z","quarto-1.2.335-macos.pkg",12213
"2023-01-31T13:42:08Z","quarto-1.2.335-macos.tar.gz",4522
"2023-01-31T13:42:08Z","quarto-1.2.335-win.msi",12629
"2023-01-31T13:42:08Z","quarto-1.2.335-win.zip",5480
"2023-01-31T13:42:08Z","quarto-1.2.335.tar.gz",4565
"2023-01-29T23:49:41Z","changelog.md",168
"2023-01-29T23:49:41Z","quarto-1.3.142-checksums.txt",163
"2023-01-29T23:49:41Z","quarto-1.3.142-linux-amd64.deb",273
"2023-01-29T23:49:41Z","quarto-1.3.142-linux-amd64.tar.gz",176
"2023-01-29T23:49:41Z","quarto-1.3.142-linux-rhel7-amd64.tar.gz",165
"2023-01-29T23:49:41Z","quarto-1.3.142-macos.pkg",184
"2023-01-29T23:49:41Z","quarto-1.3.142-macos.tar.gz",171
"2023-01-29T23:49:41Z","quarto-1.3.142-win.msi",179
"2023-01-29T23:49:41Z","quarto-1.3.142-win.zip",176
"2023-01-29T23:49:41Z","quarto-1.3.142.tar.gz",163
"2023-01-27T15:27:15Z","changelog.md",163
"2023-01-27T15:27:15Z","quarto-1.3.134-checksums.txt",162
"2023-01-27T15:27:15Z","quarto-1.3.134-linux-amd64.deb",234
"2023-01-27T15:27:15Z","quarto-1.3.134-linux-amd64.tar.gz",163
"2023-01-27T15:27:15Z","quarto-1.3.134-linux-rhel7-amd64.tar.gz",162
"2023-01-27T15:27:15Z","quarto-1.3.134-macos.pkg",172
"2023-01-27T15:27:15Z","quarto-1.3.134-macos.tar.gz",171
"2023-01-27T15:27:15Z","quarto-1.3.134-win.msi",176
"2023-01-27T15:27:15Z","quarto-1.3.134-win.zip",173
"2023-01-27T15:27:15Z","quarto-1.3.134.tar.gz",162
"2023-01-27T14:02:53Z","changelog.md",10
"2023-01-27T14:02:53Z","quarto-1.3.133-checksums.txt",10
"2023-01-27T14:02:53Z","quarto-1.3.133-linux-amd64.deb",15
"2023-01-27T14:02:53Z","quarto-1.3.133-linux-amd64.tar.gz",12
"2023-01-27T14:02:53Z","quarto-1.3.133-linux-rhel7-amd64.tar.gz",10
"2023-01-27T14:02:53Z","quarto-1.3.133-macos.pkg",11
"2023-01-27T14:02:53Z","quarto-1.3.133-macos.tar.gz",15
"2023-01-27T14:02:53Z","quarto-1.3.133-win.msi",18
"2023-01-27T14:02:53Z","quarto-1.3.133-win.zip",10
"2023-01-27T14:02:53Z","quarto-1.3.133.tar.gz",10
"2023-01-27T04:56:28Z","changelog.md",38
"2023-01-27T04:56:28Z","quarto-1.3.132-checksums.txt",38
"2023-01-27T04:56:28Z","quarto-1.3.132-linux-amd64.deb",67
"2023-01-27T04:56:28Z","quarto-1.3.132-linux-amd64.tar.gz",48
"2023-01-27T04:56:28Z","quarto-1.3.132-linux-rhel7-amd64.tar.gz",38
"2023-01-27T04:56:28Z","quarto-1.3.132-macos.pkg",42
"2023-01-27T04:56:28Z","quarto-1.3.132-macos.tar.gz",47
"2023-01-27T04:56:28Z","quarto-1.3.132-win.msi",42
"2023-01-27T04:56:28Z","quarto-1.3.132-win.zip",42
"2023-01-27T04:56:28Z","quarto-1.3.132.tar.gz",39
"2023-01-25T16:20:43Z","changelog.md",140
"2023-01-25T16:20:43Z","quarto-1.3.129-checksums.txt",138
"2023-01-25T16:20:43Z","quarto-1.3.129-linux-amd64.deb",278
"2023-01-25T16:20:43Z","quarto-1.3.129-linux-amd64.tar.gz",171
"2023-01-25T16:20:43Z","quarto-1.3.129-linux-rhel7-amd64.tar.gz",137
"2023-01-25T16:20:43Z","quarto-1.3.129-macos.pkg",159
"2023-01-25T16:20:43Z","quarto-1.3.129-macos.tar.gz",144
"2023-01-25T16:20:43Z","quarto-1.3.129-win.msi",157
"2023-01-25T16:20:43Z","quarto-1.3.129-win.zip",151
"2023-01-25T16:20:43Z","quarto-1.3.129.tar.gz",138
"2023-01-25T13:23:19Z","changelog.md",17
"2023-01-25T13:23:19Z","quarto-1.3.128-checksums.txt",17
"2023-01-25T13:23:19Z","quarto-1.3.128-linux-amd64.deb",139
"2023-01-25T13:23:19Z","quarto-1.3.128-linux-amd64.tar.gz",20
"2023-01-25T13:23:19Z","quarto-1.3.128-linux-rhel7-amd64.tar.gz",16
"2023-01-25T13:23:19Z","quarto-1.3.128-macos.pkg",24
"2023-01-25T13:23:19Z","quarto-1.3.128-macos.tar.gz",22
"2023-01-25T13:23:19Z","quarto-1.3.128-win.msi",22
"2023-01-25T13:23:19Z","quarto-1.3.128-win.zip",16
"2023-01-25T13:23:19Z","quarto-1.3.128.tar.gz",16
"2023-01-22T15:22:10Z","changelog.md",266
"2023-01-22T15:22:10Z","quarto-1.3.124-checksums.txt",262
"2023-01-22T15:22:10Z","quarto-1.3.124-linux-amd64.deb",413
"2023-01-22T15:22:10Z","quarto-1.3.124-linux-amd64.tar.gz",282
"2023-01-22T15:22:10Z","quarto-1.3.124-linux-rhel7-amd64.tar.gz",264
"2023-01-22T15:22:10Z","quarto-1.3.124-macos.pkg",293
"2023-01-22T15:22:10Z","quarto-1.3.124-macos.tar.gz",272
"2023-01-22T15:22:10Z","quarto-1.3.124-win.msi",288
"2023-01-22T15:22:10Z","quarto-1.3.124-win.zip",278
"2023-01-22T15:22:10Z","quarto-1.3.124.tar.gz",264
"2023-01-20T23:11:32Z","changelog.md",155
"2023-01-20T23:11:32Z","quarto-1.3.121-checksums.txt",152
"2023-01-20T23:11:32Z","quarto-1.3.121-linux-amd64.deb",220
"2023-01-20T23:11:32Z","quarto-1.3.121-linux-amd64.tar.gz",161
"2023-01-20T23:11:32Z","quarto-1.3.121-linux-rhel7-amd64.tar.gz",153
"2023-01-20T23:11:32Z","quarto-1.3.121-macos.pkg",161
"2023-01-20T23:11:32Z","quarto-1.3.121-macos.tar.gz",162
"2023-01-20T23:11:32Z","quarto-1.3.121-win.msi",165
"2023-01-20T23:11:32Z","quarto-1.3.121-win.zip",155
"2023-01-20T23:11:32Z","quarto-1.3.121.tar.gz",152
"2023-01-19T14:22:26Z","changelog.md",130
"2023-01-19T14:22:26Z","quarto-1.3.119-checksums.txt",126
"2023-01-19T14:22:26Z","quarto-1.3.119-linux-amd64.deb",195
"2023-01-19T14:22:26Z","quarto-1.3.119-linux-amd64.tar.gz",133
"2023-01-19T14:22:26Z","quarto-1.3.119-linux-rhel7-amd64.tar.gz",128
"2023-01-19T14:22:26Z","quarto-1.3.119-macos.pkg",145
"2023-01-19T14:22:26Z","quarto-1.3.119-macos.tar.gz",133
"2023-01-19T14:22:26Z","quarto-1.3.119-win.msi",144
"2023-01-19T14:22:26Z","quarto-1.3.119-win.zip",138
"2023-01-19T14:22:26Z","quarto-1.3.119.tar.gz",126
"2023-01-18T23:52:27Z","changelog.md",55
"2023-01-18T23:52:27Z","quarto-1.3.117-checksums.txt",53
"2023-01-18T23:52:27Z","quarto-1.3.117-linux-amd64.deb",86
"2023-01-18T23:52:27Z","quarto-1.3.117-linux-amd64.tar.gz",56
"2023-01-18T23:52:27Z","quarto-1.3.117-linux-rhel7-amd64.tar.gz",54
"2023-01-18T23:52:27Z","quarto-1.3.117-macos.pkg",59
"2023-01-18T23:52:27Z","quarto-1.3.117-macos.tar.gz",57
"2023-01-18T23:52:27Z","quarto-1.3.117-win.msi",55
"2023-01-18T23:52:27Z","quarto-1.3.117-win.zip",63
"2023-01-18T23:52:27Z","quarto-1.3.117.tar.gz",53
"2023-01-17T13:11:32Z","changelog.md",143
"2023-01-17T13:11:32Z","quarto-1.3.115-checksums.txt",138
"2023-01-17T13:11:32Z","quarto-1.3.115-linux-amd64.deb",288
"2023-01-17T13:11:32Z","quarto-1.3.115-linux-amd64.tar.gz",155
"2023-01-17T13:11:32Z","quarto-1.3.115-linux-rhel7-amd64.tar.gz",140
"2023-01-17T13:11:32Z","quarto-1.3.115-macos.pkg",154
"2023-01-17T13:11:32Z","quarto-1.3.115-macos.tar.gz",150
"2023-01-17T13:11:32Z","quarto-1.3.115-win.msi",163
"2023-01-17T13:11:32Z","quarto-1.3.115-win.zip",156
"2023-01-17T13:11:32Z","quarto-1.3.115.tar.gz",139
"2023-01-17T04:00:24Z","changelog.md",39
"2023-01-17T04:00:24Z","quarto-1.3.113-checksums.txt",39
"2023-01-17T04:00:24Z","quarto-1.3.113-linux-amd64.deb",55
"2023-01-17T04:00:24Z","quarto-1.3.113-linux-amd64.tar.gz",39
"2023-01-17T04:00:24Z","quarto-1.3.113-linux-rhel7-amd64.tar.gz",38
"2023-01-17T04:00:24Z","quarto-1.3.113-macos.pkg",47
"2023-01-17T04:00:24Z","quarto-1.3.113-macos.tar.gz",43
"2023-01-17T04:00:24Z","quarto-1.3.113-win.msi",42
"2023-01-17T04:00:24Z","quarto-1.3.113-win.zip",41
"2023-01-17T04:00:24Z","quarto-1.3.113.tar.gz",38
"2023-01-16T17:36:37Z","changelog.md",39
"2023-01-16T17:36:37Z","quarto-1.3.112-checksums.txt",39
"2023-01-16T17:36:37Z","quarto-1.3.112-linux-amd64.deb",66
"2023-01-16T17:36:37Z","quarto-1.3.112-linux-amd64.tar.gz",46
"2023-01-16T17:36:37Z","quarto-1.3.112-linux-rhel7-amd64.tar.gz",39
"2023-01-16T17:36:37Z","quarto-1.3.112-macos.pkg",44
"2023-01-16T17:36:37Z","quarto-1.3.112-macos.tar.gz",46
"2023-01-16T17:36:37Z","quarto-1.3.112-win.msi",44
"2023-01-16T17:36:37Z","quarto-1.3.112-win.zip",40
"2023-01-16T17:36:37Z","quarto-1.3.112.tar.gz",39
"2023-01-16T15:31:16Z","changelog.md",11
"2023-01-16T15:31:16Z","quarto-1.3.111-checksums.txt",11
"2023-01-16T15:31:16Z","quarto-1.3.111-linux-amd64.deb",19
"2023-01-16T15:31:16Z","quarto-1.3.111-linux-amd64.tar.gz",14
"2023-01-16T15:31:16Z","quarto-1.3.111-linux-rhel7-amd64.tar.gz",11
"2023-01-16T15:31:16Z","quarto-1.3.111-macos.pkg",12
"2023-01-16T15:31:16Z","quarto-1.3.111-macos.tar.gz",14
"2023-01-16T15:31:16Z","quarto-1.3.111-win.msi",12
"2023-01-16T15:31:16Z","quarto-1.3.111-win.zip",12
"2023-01-16T15:31:16Z","quarto-1.3.111.tar.gz",11
"2023-01-13T23:09:09Z","changelog.md",249
"2023-01-13T23:09:09Z","quarto-1.3.107-checksums.txt",243
"2023-01-13T23:09:09Z","quarto-1.3.107-linux-amd64.deb",394
"2023-01-13T23:09:09Z","quarto-1.3.107-linux-amd64.tar.gz",247
"2023-01-13T23:09:09Z","quarto-1.3.107-linux-rhel7-amd64.tar.gz",243
"2023-01-13T23:09:09Z","quarto-1.3.107-macos.pkg",267
"2023-01-13T23:09:09Z","quarto-1.3.107-macos.tar.gz",249
"2023-01-13T23:09:09Z","quarto-1.3.107-win.msi",260
"2023-01-13T23:09:09Z","quarto-1.3.107-win.zip",252
"2023-01-13T23:09:09Z","quarto-1.3.107.tar.gz",243
"2023-01-13T20:21:49Z","changelog.md",14
"2023-01-13T20:21:49Z","quarto-1.3.106-checksums.txt",14
"2023-01-13T20:21:49Z","quarto-1.3.106-linux-amd64.deb",22
"2023-01-13T20:21:49Z","quarto-1.3.106-linux-amd64.tar.gz",14
"2023-01-13T20:21:49Z","quarto-1.3.106-linux-rhel7-amd64.tar.gz",14
"2023-01-13T20:21:49Z","quarto-1.3.106-macos.pkg",16
"2023-01-13T20:21:49Z","quarto-1.3.106-macos.tar.gz",20
"2023-01-13T20:21:49Z","quarto-1.3.106-win.msi",16
"2023-01-13T20:21:49Z","quarto-1.3.106-win.zip",14
"2023-01-13T20:21:49Z","quarto-1.3.106.tar.gz",14
"2023-01-13T15:51:30Z","changelog.md",21
"2023-01-13T15:51:30Z","quarto-1.3.105-checksums.txt",21
"2023-01-13T15:51:30Z","quarto-1.3.105-linux-amd64.deb",35
"2023-01-13T15:51:30Z","quarto-1.3.105-linux-amd64.tar.gz",23
"2023-01-13T15:51:30Z","quarto-1.3.105-linux-rhel7-amd64.tar.gz",23
"2023-01-13T15:51:30Z","quarto-1.3.105-macos.pkg",26
"2023-01-13T15:51:30Z","quarto-1.3.105-macos.tar.gz",24
"2023-01-13T15:51:30Z","quarto-1.3.105-win.msi",23
"2023-01-13T15:51:30Z","quarto-1.3.105-win.zip",21
"2023-01-13T15:51:30Z","quarto-1.3.105.tar.gz",21
"2023-01-13T02:09:42Z","changelog.md",59
"2023-01-13T02:09:42Z","quarto-1.3.103-checksums.txt",59
"2023-01-13T02:09:42Z","quarto-1.3.103-linux-amd64.deb",87
"2023-01-13T02:09:42Z","quarto-1.3.103-linux-amd64.tar.gz",60
"2023-01-13T02:09:42Z","quarto-1.3.103-linux-rhel7-amd64.tar.gz",59
"2023-01-13T02:09:42Z","quarto-1.3.103-macos.pkg",74
"2023-01-13T02:09:42Z","quarto-1.3.103-macos.tar.gz",65
"2023-01-13T02:09:42Z","quarto-1.3.103-win.msi",65
"2023-01-13T02:09:42Z","quarto-1.3.103-win.zip",69
"2023-01-13T02:09:42Z","quarto-1.3.103.tar.gz",60
"2023-01-12T23:09:50Z","changelog.md",11
"2023-01-12T23:09:50Z","quarto-1.3.102-checksums.txt",10
"2023-01-12T23:09:50Z","quarto-1.3.102-linux-amd64.deb",19
"2023-01-12T23:09:50Z","quarto-1.3.102-linux-amd64.tar.gz",10
"2023-01-12T23:09:50Z","quarto-1.3.102-linux-rhel7-amd64.tar.gz",11
"2023-01-12T23:09:50Z","quarto-1.3.102-macos.pkg",15
"2023-01-12T23:09:50Z","quarto-1.3.102-macos.tar.gz",13
"2023-01-12T23:09:50Z","quarto-1.3.102-win.msi",11
"2023-01-12T23:09:50Z","quarto-1.3.102-win.zip",11
"2023-01-12T23:09:50Z","quarto-1.3.102.tar.gz",10
"2023-01-12T20:18:01Z","changelog.md",15
"2023-01-12T20:18:01Z","quarto-1.3.101-checksums.txt",14
"2023-01-12T20:18:01Z","quarto-1.3.101-linux-amd64.deb",22
"2023-01-12T20:18:01Z","quarto-1.3.101-linux-amd64.tar.gz",15
"2023-01-12T20:18:01Z","quarto-1.3.101-linux-rhel7-amd64.tar.gz",14
"2023-01-12T20:18:01Z","quarto-1.3.101-macos.pkg",20
"2023-01-12T20:18:01Z","quarto-1.3.101-macos.tar.gz",20
"2023-01-12T20:18:01Z","quarto-1.3.101-win.msi",16
"2023-01-12T20:18:01Z","quarto-1.3.101-win.zip",17
"2023-01-12T20:18:01Z","quarto-1.3.101.tar.gz",14
"2023-01-12T20:00:14Z","changelog.md",4
"2023-01-12T20:00:14Z","quarto-1.3.100-checksums.txt",4
"2023-01-12T20:00:14Z","quarto-1.3.100-linux-amd64.deb",15
"2023-01-12T20:00:14Z","quarto-1.3.100-linux-amd64.tar.gz",4
"2023-01-12T20:00:14Z","quarto-1.3.100-linux-rhel7-amd64.tar.gz",4
"2023-01-12T20:00:14Z","quarto-1.3.100-macos.pkg",9
"2023-01-12T20:00:14Z","quarto-1.3.100-macos.tar.gz",10
"2023-01-12T20:00:14Z","quarto-1.3.100-win.msi",4
"2023-01-12T20:00:14Z","quarto-1.3.100-win.zip",5
"2023-01-12T20:00:14Z","quarto-1.3.100.tar.gz",4
"2023-01-10T14:50:22Z","changelog.md",202
"2023-01-10T14:50:22Z","quarto-1.3.97-checksums.txt",199
"2023-01-10T14:50:22Z","quarto-1.3.97-linux-amd64.deb",334
"2023-01-10T14:50:22Z","quarto-1.3.97-linux-amd64.tar.gz",338
"2023-01-10T14:50:22Z","quarto-1.3.97-linux-rhel7-amd64.tar.gz",201
"2023-01-10T14:50:22Z","quarto-1.3.97-macos.pkg",227
"2023-01-10T14:50:22Z","quarto-1.3.97-macos.tar.gz",210
"2023-01-10T14:50:22Z","quarto-1.3.97-win.msi",213
"2023-01-10T14:50:22Z","quarto-1.3.97-win.zip",208
"2023-01-10T14:50:22Z","quarto-1.3.97.tar.gz",200
"2023-01-06T19:16:21Z","changelog.md",346
"2023-01-06T19:16:21Z","quarto-1.3.91-checksums.txt",341
"2023-01-06T19:16:21Z","quarto-1.3.91-linux-amd64.deb",542
"2023-01-06T19:16:21Z","quarto-1.3.91-linux-amd64.tar.gz",348
"2023-01-06T19:16:21Z","quarto-1.3.91-linux-rhel7-amd64.tar.gz",341
"2023-01-06T19:16:21Z","quarto-1.3.91-macos.pkg",375
"2023-01-06T19:16:21Z","quarto-1.3.91-macos.tar.gz",352
"2023-01-06T19:16:21Z","quarto-1.3.91-win.msi",364
"2023-01-06T19:16:21Z","quarto-1.3.91-win.zip",353
"2023-01-06T19:16:21Z","quarto-1.3.91.tar.gz",341
"2023-01-06T14:21:25Z","changelog.md",25
"2023-01-06T14:21:25Z","quarto-1.3.90-checksums.txt",25
"2023-01-06T14:21:25Z","quarto-1.3.90-linux-amd64.deb",32
"2023-01-06T14:21:25Z","quarto-1.3.90-linux-amd64.tar.gz",29
"2023-01-06T14:21:25Z","quarto-1.3.90-linux-rhel7-amd64.tar.gz",25
"2023-01-06T14:21:25Z","quarto-1.3.90-macos.pkg",29
"2023-01-06T14:21:25Z","quarto-1.3.90-macos.tar.gz",29
"2023-01-06T14:21:25Z","quarto-1.3.90-win.msi",39
"2023-01-06T14:21:25Z","quarto-1.3.90-win.zip",25
"2023-01-06T14:21:25Z","quarto-1.3.90.tar.gz",25
"2023-01-06T20:02:32Z","changelog.md",2231
"2023-01-06T20:02:32Z","quarto-1.2.313-checksums.txt",2200
"2023-01-06T20:02:32Z","quarto-1.2.313-linux-amd64.deb",25842
"2023-01-06T20:02:32Z","quarto-1.2.313-linux-amd64.tar.gz",3392
"2023-01-06T20:02:32Z","quarto-1.2.313-linux-rhel7-amd64.tar.gz",2436
"2023-01-06T20:02:32Z","quarto-1.2.313-macos.pkg",7075
"2023-01-06T20:02:32Z","quarto-1.2.313-macos.tar.gz",2221
"2023-01-06T20:02:32Z","quarto-1.2.313-win.msi",6850
"2023-01-06T20:02:32Z","quarto-1.2.313-win.zip",2529
"2023-01-06T20:02:32Z","quarto-1.2.313.tar.gz",2188
"2023-01-05T23:11:59Z","changelog.md",61
"2023-01-05T23:11:59Z","quarto-1.3.88-checksums.txt",59
"2023-01-05T23:11:59Z","quarto-1.3.88-linux-amd64.deb",96
"2023-01-05T23:11:59Z","quarto-1.3.88-linux-amd64.tar.gz",59
"2023-01-05T23:11:59Z","quarto-1.3.88-linux-rhel7-amd64.tar.gz",59
"2023-01-05T23:11:59Z","quarto-1.3.88-macos.pkg",63
"2023-01-05T23:11:59Z","quarto-1.3.88-macos.tar.gz",68
"2023-01-05T23:11:59Z","quarto-1.3.88-win.msi",62
"2023-01-05T23:11:59Z","quarto-1.3.88-win.zip",61
"2023-01-05T23:11:59Z","quarto-1.3.88.tar.gz",58
"2023-01-05T22:25:25Z","changelog.md",5
"2023-01-05T22:25:25Z","quarto-1.3.87-checksums.txt",5
"2023-01-05T22:25:25Z","quarto-1.3.87-linux-amd64.deb",10
"2023-01-05T22:25:25Z","quarto-1.3.87-linux-amd64.tar.gz",6
"2023-01-05T22:25:25Z","quarto-1.3.87-linux-rhel7-amd64.tar.gz",6
"2023-01-05T22:25:25Z","quarto-1.3.87-macos.pkg",7
"2023-01-05T22:25:25Z","quarto-1.3.87-macos.tar.gz",13
"2023-01-05T22:25:25Z","quarto-1.3.87-win.msi",7
"2023-01-05T22:25:25Z","quarto-1.3.87-win.zip",6
"2023-01-05T22:25:25Z","quarto-1.3.87.tar.gz",6
"2023-01-05T19:44:30Z","changelog.md",11
"2023-01-05T19:44:30Z","quarto-1.3.86-checksums.txt",8
"2023-01-05T19:44:30Z","quarto-1.3.86-linux-amd64.deb",17
"2023-01-05T19:44:30Z","quarto-1.3.86-linux-amd64.tar.gz",8
"2023-01-05T19:44:30Z","quarto-1.3.86-linux-rhel7-amd64.tar.gz",8
"2023-01-05T19:44:30Z","quarto-1.3.86-macos.pkg",9
"2023-01-05T19:44:30Z","quarto-1.3.86-macos.tar.gz",13
"2023-01-05T19:44:30Z","quarto-1.3.86-win.msi",9
"2023-01-05T19:44:30Z","quarto-1.3.86-win.zip",11
"2023-01-05T19:44:30Z","quarto-1.3.86.tar.gz",8
"2023-01-03T18:19:04Z","changelog.md",200
"2023-01-03T18:19:04Z","quarto-1.3.83-checksums.txt",192
"2023-01-03T18:19:04Z","quarto-1.3.83-linux-amd64.deb",277
"2023-01-03T18:19:04Z","quarto-1.3.83-linux-amd64.tar.gz",195
"2023-01-03T18:19:04Z","quarto-1.3.83-linux-rhel7-amd64.tar.gz",196
"2023-01-03T18:19:04Z","quarto-1.3.83-macos.pkg",211
"2023-01-03T18:19:04Z","quarto-1.3.83-macos.tar.gz",200
"2023-01-03T18:19:04Z","quarto-1.3.83-win.msi",208
"2023-01-03T18:19:04Z","quarto-1.3.83-win.zip",200
"2023-01-03T18:19:04Z","quarto-1.3.83.tar.gz",192
"2022-12-30T16:18:29Z","changelog.md",382
"2022-12-30T16:18:29Z","quarto-1.3.78-checksums.txt",373
"2022-12-30T16:18:29Z","quarto-1.3.78-linux-amd64.deb",521
"2022-12-30T16:18:29Z","quarto-1.3.78-linux-amd64.tar.gz",373
"2022-12-30T16:18:29Z","quarto-1.3.78-linux-rhel7-amd64.tar.gz",373
"2022-12-30T16:18:29Z","quarto-1.3.78-macos.pkg",396
"2022-12-30T16:18:29Z","quarto-1.3.78-macos.tar.gz",379
"2022-12-30T16:18:29Z","quarto-1.3.78-win.msi",392
"2022-12-30T16:18:29Z","quarto-1.3.78-win.zip",393
"2022-12-30T16:18:29Z","quarto-1.3.78.tar.gz",374
"2022-12-30T15:58:15Z","changelog.md",5
"2022-12-30T15:58:15Z","quarto-1.3.77-checksums.txt",6
"2022-12-30T15:58:15Z","quarto-1.3.77-linux-amd64.deb",6
"2022-12-30T15:58:15Z","quarto-1.3.77-linux-amd64.tar.gz",6
"2022-12-30T15:58:15Z","quarto-1.3.77-linux-rhel7-amd64.tar.gz",5
"2022-12-30T15:58:15Z","quarto-1.3.77-macos.pkg",8
"2022-12-30T15:58:15Z","quarto-1.3.77-macos.tar.gz",9
"2022-12-30T15:58:15Z","quarto-1.3.77-win.msi",8
"2022-12-30T15:58:15Z","quarto-1.3.77-win.zip",6
"2022-12-30T15:58:15Z","quarto-1.3.77.tar.gz",5
"2022-12-29T14:10:10Z","changelog.md",113
"2022-12-29T14:10:10Z","quarto-1.3.75-checksums.txt",103
"2022-12-29T14:10:10Z","quarto-1.3.75-linux-amd64.deb",142
"2022-12-29T14:10:10Z","quarto-1.3.75-linux-amd64.tar.gz",103
"2022-12-29T14:10:10Z","quarto-1.3.75-linux-rhel7-amd64.tar.gz",101
"2022-12-29T14:10:10Z","quarto-1.3.75-macos.pkg",109
"2022-12-29T14:10:10Z","quarto-1.3.75-macos.tar.gz",109
"2022-12-29T14:10:10Z","quarto-1.3.75-win.msi",116
"2022-12-29T14:10:10Z","quarto-1.3.75-win.zip",116
"2022-12-29T14:10:10Z","quarto-1.3.75.tar.gz",101
"2022-12-14T20:43:55Z","changelog.md",2097
"2022-12-14T20:43:55Z","quarto-1.2.280-checksums.txt",2097
"2022-12-14T20:43:55Z","quarto-1.2.280-linux-amd64.deb",22157
"2022-12-14T20:43:55Z","quarto-1.2.280-linux-amd64.tar.gz",3681
"2022-12-14T20:43:55Z","quarto-1.2.280-linux-rhel7-amd64.tar.gz",2357
"2022-12-14T20:43:55Z","quarto-1.2.280-macos.pkg",5340
"2022-12-14T20:43:55Z","quarto-1.2.280-macos.tar.gz",2176
"2022-12-14T20:43:55Z","quarto-1.2.280-win.msi",4551
"2022-12-14T20:43:55Z","quarto-1.2.280-win.zip",2610
"2022-12-14T20:43:55Z","quarto-1.2.280.tar.gz",2090
"2022-12-13T22:38:44Z","changelog.md",1423
"2022-12-13T22:38:44Z","quarto-1.3.56-checksums.txt",1414
"2022-12-13T22:38:44Z","quarto-1.3.56-linux-amd64.deb",1820
"2022-12-13T22:38:44Z","quarto-1.3.56-linux-amd64.tar.gz",1428
"2022-12-13T22:38:44Z","quarto-1.3.56-linux-rhel7-amd64.tar.gz",1414
"2022-12-13T22:38:44Z","quarto-1.3.56-macos.pkg",1467
"2022-12-13T22:38:44Z","quarto-1.3.56-macos.tar.gz",1425
"2022-12-13T22:38:44Z","quarto-1.3.56-win.msi",1564
"2022-12-13T22:38:44Z","quarto-1.3.56-win.zip",1442
"2022-12-13T22:38:44Z","quarto-1.3.56.tar.gz",1414
"2022-12-13T17:16:29Z","changelog.md",26
"2022-12-13T17:16:29Z","quarto-1.3.55-checksums.txt",25
"2022-12-13T17:16:29Z","quarto-1.3.55-linux-amd64.deb",42
"2022-12-13T17:16:29Z","quarto-1.3.55-linux-amd64.tar.gz",26
"2022-12-13T17:16:29Z","quarto-1.3.55-linux-rhel7-amd64.tar.gz",25
"2022-12-13T17:16:29Z","quarto-1.3.55-macos.pkg",28
"2022-12-13T17:16:29Z","quarto-1.3.55-macos.tar.gz",31
"2022-12-13T17:16:29Z","quarto-1.3.55-win.msi",28
"2022-12-13T17:16:29Z","quarto-1.3.55-win.zip",32
"2022-12-13T17:16:29Z","quarto-1.3.55.tar.gz",26
"2022-12-08T19:34:39Z","changelog.md",442
"2022-12-08T19:34:39Z","quarto-1.3.49-checksums.txt",440
"2022-12-08T19:34:39Z","quarto-1.3.49-linux-amd64.deb",748
"2022-12-08T19:34:39Z","quarto-1.3.49-linux-amd64.tar.gz",445
"2022-12-08T19:34:39Z","quarto-1.3.49-linux-rhel7-amd64.tar.gz",441
"2022-12-08T19:34:39Z","quarto-1.3.49-macos.pkg",467
"2022-12-08T19:34:39Z","quarto-1.3.49-macos.tar.gz",449
"2022-12-08T19:34:39Z","quarto-1.3.49-win.msi",465
"2022-12-08T19:34:39Z","quarto-1.3.49-win.zip",460
"2022-12-08T19:34:39Z","quarto-1.3.49.tar.gz",441
"2022-12-07T13:53:21Z","changelog.md",109
"2022-12-07T13:53:21Z","quarto-1.3.47-checksums.txt",105
"2022-12-07T13:53:21Z","quarto-1.3.47-linux-amd64.deb",180
"2022-12-07T13:53:21Z","quarto-1.3.47-linux-amd64.tar.gz",107
"2022-12-07T13:53:21Z","quarto-1.3.47-linux-rhel7-amd64.tar.gz",105
"2022-12-07T13:53:21Z","quarto-1.3.47-macos.pkg",116
"2022-12-07T13:53:21Z","quarto-1.3.47-macos.tar.gz",114
"2022-12-07T13:53:21Z","quarto-1.3.47-win.msi",121
"2022-12-07T13:53:21Z","quarto-1.3.47-win.zip",121
"2022-12-07T13:53:21Z","quarto-1.3.47.tar.gz",105
"2022-11-28T15:53:14Z","changelog.md",798
"2022-11-28T15:53:14Z","quarto-1.3.34-checksums.txt",797
"2022-11-28T15:53:14Z","quarto-1.3.34-linux-amd64.deb",1513
"2022-11-28T15:53:14Z","quarto-1.3.34-linux-amd64.tar.gz",810
"2022-11-28T15:53:14Z","quarto-1.3.34-linux-rhel7-amd64.tar.gz",805
"2022-11-28T15:53:14Z","quarto-1.3.34-macos.pkg",838
"2022-11-28T15:53:14Z","quarto-1.3.34-macos.tar.gz",813
"2022-11-28T15:53:14Z","quarto-1.3.34-win.msi",848
"2022-11-28T15:53:14Z","quarto-1.3.34-win.zip",827
"2022-11-28T15:53:14Z","quarto-1.3.34.tar.gz",799
"2022-11-28T14:08:44Z","changelog.md",12
"2022-11-28T14:08:44Z","quarto-1.3.33-checksums.txt",9
"2022-11-28T14:08:44Z","quarto-1.3.33-linux-amd64.deb",15
"2022-11-28T14:08:44Z","quarto-1.3.33-linux-amd64.tar.gz",10
"2022-11-28T14:08:44Z","quarto-1.3.33-linux-rhel7-amd64.tar.gz",11
"2022-11-28T14:08:44Z","quarto-1.3.33-macos.pkg",10
"2022-11-28T14:08:44Z","quarto-1.3.33-macos.tar.gz",17
"2022-11-28T14:08:44Z","quarto-1.3.33-win.msi",10
"2022-11-28T14:08:44Z","quarto-1.3.33-win.zip",9
"2022-11-28T14:08:44Z","quarto-1.3.33.tar.gz",10
"2022-11-27T02:03:21Z","changelog.md",142
"2022-11-27T02:03:21Z","quarto-1.3.30-checksums.txt",139
"2022-11-27T02:03:21Z","quarto-1.3.30-linux-amd64.deb",224
"2022-11-27T02:03:21Z","quarto-1.3.30-linux-amd64.tar.gz",144
"2022-11-27T02:03:21Z","quarto-1.3.30-linux-rhel7-amd64.tar.gz",139
"2022-11-27T02:03:21Z","quarto-1.3.30-macos.pkg",145
"2022-11-27T02:03:21Z","quarto-1.3.30-macos.tar.gz",141
"2022-11-27T02:03:21Z","quarto-1.3.30-win.msi",158
"2022-11-27T02:03:21Z","quarto-1.3.30-win.zip",146
"2022-11-27T02:03:21Z","quarto-1.3.30.tar.gz",139
"2022-11-23T03:18:52Z","changelog.md",283
"2022-11-23T03:18:52Z","quarto-1.3.26-checksums.txt",276
"2022-11-23T03:18:52Z","quarto-1.3.26-linux-amd64.deb",462
"2022-11-23T03:18:52Z","quarto-1.3.26-linux-amd64.tar.gz",287
"2022-11-23T03:18:52Z","quarto-1.3.26-linux-rhel7-amd64.tar.gz",276
"2022-11-23T03:18:52Z","quarto-1.3.26-macos.pkg",291
"2022-11-23T03:18:52Z","quarto-1.3.26-macos.tar.gz",284
"2022-11-23T03:18:52Z","quarto-1.3.26-win.msi",296
"2022-11-23T03:18:52Z","quarto-1.3.26-win.zip",289
"2022-11-23T03:18:52Z","quarto-1.3.26.tar.gz",276
"2022-11-22T19:52:25Z","changelog.md",110
"2022-11-22T19:52:25Z","quarto-1.3.24-checksums.txt",102
"2022-11-22T19:52:25Z","quarto-1.3.24-linux-amd64.deb",177
"2022-11-22T19:52:25Z","quarto-1.3.24-linux-amd64.tar.gz",107
"2022-11-22T19:52:25Z","quarto-1.3.24-linux-rhel7-amd64.tar.gz",102
"2022-11-22T19:52:25Z","quarto-1.3.24-macos.pkg",113
"2022-11-22T19:52:25Z","quarto-1.3.24-macos.tar.gz",113
"2022-11-22T19:52:25Z","quarto-1.3.24-win.msi",112
"2022-11-22T19:52:25Z","quarto-1.3.24-win.zip",113
"2022-11-22T19:52:25Z","quarto-1.3.24.tar.gz",103
"2022-11-22T19:12:15Z","changelog.md",8
"2022-11-22T19:12:15Z","quarto-1.3.23-checksums.txt",6
"2022-11-22T19:12:15Z","quarto-1.3.23-linux-amd64.deb",10
"2022-11-22T19:12:15Z","quarto-1.3.23-linux-amd64.tar.gz",7
"2022-11-22T19:12:15Z","quarto-1.3.23-linux-rhel7-amd64.tar.gz",7
"2022-11-22T19:12:15Z","quarto-1.3.23-macos.pkg",7
"2022-11-22T19:12:15Z","quarto-1.3.23-macos.tar.gz",10
"2022-11-22T19:12:15Z","quarto-1.3.23-win.msi",8
"2022-11-22T19:12:15Z","quarto-1.3.23-win.zip",6
"2022-11-22T19:12:15Z","quarto-1.3.23.tar.gz",8
"2022-11-21T21:04:20Z","changelog.md",83
"2022-11-21T21:04:20Z","quarto-1.3.21-checksums.txt",82
"2022-11-21T21:04:20Z","quarto-1.3.21-linux-amd64.deb",152
"2022-11-21T21:04:20Z","quarto-1.3.21-linux-amd64.tar.gz",85
"2022-11-21T21:04:20Z","quarto-1.3.21-linux-rhel7-amd64.tar.gz",81
"2022-11-21T21:04:20Z","quarto-1.3.21-macos.pkg",88
"2022-11-21T21:04:20Z","quarto-1.3.21-macos.tar.gz",84
"2022-11-21T21:04:20Z","quarto-1.3.21-win.msi",92
"2022-11-21T21:04:20Z","quarto-1.3.21-win.zip",87
"2022-11-21T21:04:20Z","quarto-1.3.21.tar.gz",81
"2022-11-21T18:02:38Z","changelog.md",17
"2022-11-21T18:02:38Z","quarto-1.3.20-checksums.txt",16
"2022-11-21T18:02:38Z","quarto-1.3.20-linux-amd64.deb",23
"2022-11-21T18:02:38Z","quarto-1.3.20-linux-amd64.tar.gz",17
"2022-11-21T18:02:38Z","quarto-1.3.20-linux-rhel7-amd64.tar.gz",16
"2022-11-21T18:02:38Z","quarto-1.3.20-macos.pkg",26
"2022-11-21T18:02:38Z","quarto-1.3.20-macos.tar.gz",19
"2022-11-21T18:02:38Z","quarto-1.3.20-win.msi",19
"2022-11-21T18:02:38Z","quarto-1.3.20-win.zip",17
"2022-11-21T18:02:38Z","quarto-1.3.20.tar.gz",16
"2022-11-21T13:22:12Z","changelog.md",24
"2022-11-21T13:22:12Z","quarto-1.3.19-checksums.txt",22
"2022-11-21T13:22:12Z","quarto-1.3.19-linux-amd64.deb",43
"2022-11-21T13:22:12Z","quarto-1.3.19-linux-amd64.tar.gz",27
"2022-11-21T13:22:12Z","quarto-1.3.19-linux-rhel7-amd64.tar.gz",22
"2022-11-21T13:22:12Z","quarto-1.3.19-macos.pkg",30
"2022-11-21T13:22:12Z","quarto-1.3.19-macos.tar.gz",29
"2022-11-21T13:22:12Z","quarto-1.3.19-win.msi",24
"2022-11-21T13:22:12Z","quarto-1.3.19-win.zip",28
"2022-11-21T13:22:12Z","quarto-1.3.19.tar.gz",22
"2022-11-21T12:51:14Z","changelog.md",6
"2022-11-21T12:51:14Z","quarto-1.3.18-checksums.txt",5
"2022-11-21T12:51:14Z","quarto-1.3.18-linux-amd64.deb",10
"2022-11-21T12:51:14Z","quarto-1.3.18-linux-amd64.tar.gz",5
"2022-11-21T12:51:14Z","quarto-1.3.18-linux-rhel7-amd64.tar.gz",5
"2022-11-21T12:51:14Z","quarto-1.3.18-macos.pkg",7
"2022-11-21T12:51:14Z","quarto-1.3.18-macos.tar.gz",8
"2022-11-21T12:51:14Z","quarto-1.3.18-win.msi",8
"2022-11-21T12:51:14Z","quarto-1.3.18-win.zip",6
"2022-11-21T12:51:14Z","quarto-1.3.18.tar.gz",5
"2022-11-18T20:26:53Z","changelog.md",234
"2022-11-18T20:26:53Z","quarto-1.3.14-checksums.txt",231
"2022-11-18T20:26:53Z","quarto-1.3.14-linux-amd64.deb",571
"2022-11-18T20:26:53Z","quarto-1.3.14-linux-amd64.tar.gz",238
"2022-11-18T20:26:53Z","quarto-1.3.14-linux-rhel7-amd64.tar.gz",233
"2022-11-18T20:26:53Z","quarto-1.3.14-macos.pkg",250
"2022-11-18T20:26:53Z","quarto-1.3.14-macos.tar.gz",238
"2022-11-18T20:26:53Z","quarto-1.3.14-win.msi",242
"2022-11-18T20:26:53Z","quarto-1.3.14-win.zip",240
"2022-11-18T20:26:53Z","quarto-1.3.14.tar.gz",231
"2022-11-16T18:25:40Z","changelog.md",195
"2022-11-16T18:25:40Z","quarto-1.3.11-checksums.txt",181
"2022-11-16T18:25:40Z","quarto-1.3.11-linux-amd64.deb",328
"2022-11-16T18:25:40Z","quarto-1.3.11-linux-amd64.tar.gz",186
"2022-11-16T18:25:40Z","quarto-1.3.11-linux-rhel7-amd64.tar.gz",181
"2022-11-16T18:25:40Z","quarto-1.3.11-macos.pkg",204
"2022-11-16T18:25:40Z","quarto-1.3.11-macos.tar.gz",189
"2022-11-16T18:25:40Z","quarto-1.3.11-win.msi",186
"2022-11-16T18:25:40Z","quarto-1.3.11-win.zip",186
"2022-11-16T18:25:40Z","quarto-1.3.11.tar.gz",179
"2022-11-14T20:05:42Z","changelog.md",191
"2022-11-14T20:05:42Z","quarto-1.3.8-checksums.txt",172
"2022-11-14T20:05:42Z","quarto-1.3.8-linux-amd64.deb",287
"2022-11-14T20:05:42Z","quarto-1.3.8-linux-amd64.tar.gz",205
"2022-11-14T20:05:42Z","quarto-1.3.8-linux-rhel7-amd64.tar.gz",178
"2022-11-14T20:05:42Z","quarto-1.3.8-macos.pkg",193
"2022-11-14T20:05:42Z","quarto-1.3.8-macos.tar.gz",187
"2022-11-14T20:05:42Z","quarto-1.3.8-win.msi",191
"2022-11-14T20:05:42Z","quarto-1.3.8-win.zip",198
"2022-11-14T20:05:42Z","quarto-1.3.8.tar.gz",171
"2022-11-14T18:08:08Z","changelog.md",41
"2022-11-14T18:08:08Z","quarto-1.3.7-checksums.txt",12
"2022-11-14T18:08:08Z","quarto-1.3.7-linux-amd64.deb",17
"2022-11-14T18:08:08Z","quarto-1.3.7-linux-amd64.tar.gz",21
"2022-11-14T18:08:08Z","quarto-1.3.7-linux-rhel7-amd64.tar.gz",14
"2022-11-14T18:08:08Z","quarto-1.3.7-macos.pkg",15
"2022-11-14T18:08:08Z","quarto-1.3.7-macos.tar.gz",19
"2022-11-14T18:08:08Z","quarto-1.3.7-win.msi",14
"2022-11-14T18:08:08Z","quarto-1.3.7-win.zip",19
"2022-11-14T18:08:08Z","quarto-1.3.7.tar.gz",13
"2022-11-14T17:59:32Z","quarto-1.3.6-linux-amd64.deb",8
"2022-11-14T17:59:32Z","quarto-1.3.6-linux-amd64.tar.gz",4
"2022-11-14T17:59:32Z","quarto-1.3.6-linux-rhel7-amd64.tar.gz",5
"2022-11-14T17:59:32Z","quarto-1.3.6-macos.pkg",7
"2022-11-14T17:59:32Z","quarto-1.3.6-macos.tar.gz",9
"2022-11-14T17:59:32Z","quarto-1.3.6-win.msi",6
"2022-11-14T17:59:32Z","quarto-1.3.6-win.zip",6
"2022-11-14T17:59:32Z","quarto-1.3.6.tar.gz",4
"2022-11-08T19:30:49Z","changelog.md",3152
"2022-11-08T19:30:49Z","quarto-1.2.269-checksums.txt",3148
"2022-11-08T19:30:49Z","quarto-1.2.269-linux-amd64.deb",35109
"2022-11-08T19:30:49Z","quarto-1.2.269-linux-amd64.tar.gz",6666
"2022-11-08T19:30:49Z","quarto-1.2.269-linux-rhel7-amd64.tar.gz",3555
"2022-11-08T19:30:49Z","quarto-1.2.269-macos.pkg",8655
"2022-11-08T19:30:49Z","quarto-1.2.269-macos.tar.gz",3228
"2022-11-08T19:30:49Z","quarto-1.2.269-win.msi",11005
"2022-11-08T19:30:49Z","quarto-1.2.269-win.zip",3816
"2022-11-08T19:30:49Z","quarto-1.2.269.tar.gz",3195
"2022-11-06T19:41:03Z","changelog.md",75
"2022-11-06T19:41:03Z","quarto-1.2.267-checksums.txt",73
"2022-11-06T19:41:03Z","quarto-1.2.267-linux-amd64.deb",243
"2022-11-06T19:41:03Z","quarto-1.2.267-linux-amd64.tar.gz",99
"2022-11-06T19:41:03Z","quarto-1.2.267-linux-rhel7-amd64.tar.gz",82
"2022-11-06T19:41:03Z","quarto-1.2.267-macos.pkg",177
"2022-11-06T19:41:03Z","quarto-1.2.267-macos.tar.gz",87
"2022-11-06T19:41:03Z","quarto-1.2.267-win.msi",265
"2022-11-06T19:41:03Z","quarto-1.2.267-win.zip",88
"2022-11-06T19:41:03Z","quarto-1.2.267.tar.gz",74
"2022-11-04T17:39:47Z","changelog.md",269
"2022-11-04T17:39:47Z","quarto-1.2.262-checksums.txt",269
"2022-11-04T17:39:47Z","quarto-1.2.262-linux-amd64.deb",2252
"2022-11-04T17:39:47Z","quarto-1.2.262-linux-amd64.tar.gz",5044
"2022-11-04T17:39:47Z","quarto-1.2.262-linux-rhel7-amd64.tar.gz",365
"2022-11-04T17:39:47Z","quarto-1.2.262-macos.pkg",536
"2022-11-04T17:39:47Z","quarto-1.2.262-macos.tar.gz",286
"2022-11-04T17:39:47Z","quarto-1.2.262-win.msi",660
"2022-11-04T17:39:47Z","quarto-1.2.262-win.zip",312
"2022-11-04T17:39:47Z","quarto-1.2.262.tar.gz",272
"2022-11-04T15:41:21Z","changelog.md",12
"2022-11-04T15:41:21Z","quarto-1.2.261-checksums.txt",12
"2022-11-04T15:41:21Z","quarto-1.2.261-linux-amd64.deb",28
"2022-11-04T15:41:21Z","quarto-1.2.261-linux-amd64.tar.gz",19
"2022-11-04T15:41:21Z","quarto-1.2.261-linux-rhel7-amd64.tar.gz",16
"2022-11-04T15:41:21Z","quarto-1.2.261-macos.pkg",25
"2022-11-04T15:41:21Z","quarto-1.2.261-macos.tar.gz",19
"2022-11-04T15:41:21Z","quarto-1.2.261-win.msi",37
"2022-11-04T15:41:21Z","quarto-1.2.261-win.zip",14
"2022-11-04T15:41:21Z","quarto-1.2.261.tar.gz",12
"2022-11-02T13:32:41Z","changelog.md",175
"2022-11-02T13:32:41Z","quarto-1.2.258-checksums.txt",174
"2022-11-02T13:32:41Z","quarto-1.2.258-linux-amd64.deb",493
"2022-11-02T13:32:41Z","quarto-1.2.258-linux-amd64.tar.gz",494
"2022-11-02T13:32:41Z","quarto-1.2.258-linux-rhel7-amd64.tar.gz",194
"2022-11-02T13:32:41Z","quarto-1.2.258-macos.pkg",426
"2022-11-02T13:32:41Z","quarto-1.2.258-macos.tar.gz",189
"2022-11-02T13:32:41Z","quarto-1.2.258-win.msi",636
"2022-11-02T13:32:41Z","quarto-1.2.258-win.zip",225
"2022-11-02T13:32:41Z","quarto-1.2.258.tar.gz",172
"2022-11-01T16:43:02Z","changelog.md",69
"2022-11-01T16:43:02Z","quarto-1.2.256-checksums.txt",68
"2022-11-01T16:43:02Z","quarto-1.2.256-linux-amd64.deb",229
"2022-11-01T16:43:02Z","quarto-1.2.256-linux-amd64.tar.gz",102
"2022-11-01T16:43:02Z","quarto-1.2.256-linux-rhel7-amd64.tar.gz",78
"2022-11-01T16:43:02Z","quarto-1.2.256-macos.pkg",175
"2022-11-01T16:43:02Z","quarto-1.2.256-macos.tar.gz",74
"2022-11-01T16:43:02Z","quarto-1.2.256-win.msi",257
"2022-11-01T16:43:02Z","quarto-1.2.256-win.zip",99
"2022-11-01T16:43:02Z","quarto-1.2.256.tar.gz",68
"2022-10-30T12:54:42Z","changelog.md",173
"2022-10-30T12:54:42Z","quarto-1.2.253-checksums.txt",174
"2022-10-30T12:54:42Z","quarto-1.2.253-linux-amd64.deb",534
"2022-10-30T12:54:42Z","quarto-1.2.253-linux-amd64.tar.gz",362
"2022-10-30T12:54:42Z","quarto-1.2.253-linux-rhel7-amd64.tar.gz",187
"2022-10-30T12:54:42Z","quarto-1.2.253-macos.pkg",421
"2022-10-30T12:54:42Z","quarto-1.2.253-macos.tar.gz",179
"2022-10-30T12:54:42Z","quarto-1.2.253-win.msi",585
"2022-10-30T12:54:42Z","quarto-1.2.253-win.zip",217
"2022-10-30T12:54:42Z","quarto-1.2.253.tar.gz",171
"2022-10-30T12:33:50Z","changelog.md",5
"2022-10-30T12:33:50Z","quarto-1.2.252-checksums.txt",5
"2022-10-30T12:33:50Z","quarto-1.2.252-linux-amd64.deb",13
"2022-10-30T12:33:50Z","quarto-1.2.252-linux-amd64.tar.gz",7
"2022-10-30T12:33:50Z","quarto-1.2.252-linux-rhel7-amd64.tar.gz",5
"2022-10-30T12:33:50Z","quarto-1.2.252-macos.pkg",6
"2022-10-30T12:33:50Z","quarto-1.2.252-macos.tar.gz",7
"2022-10-30T12:33:50Z","quarto-1.2.252-win.msi",7
"2022-10-30T12:33:50Z","quarto-1.2.252-win.zip",7
"2022-10-30T12:33:50Z","quarto-1.2.252.tar.gz",5
"2022-10-26T20:14:08Z","changelog.md",298
"2022-10-26T20:14:08Z","quarto-1.2.247-checksums.txt",302
"2022-10-26T20:14:08Z","quarto-1.2.247-linux-amd64.deb",658
"2022-10-26T20:14:08Z","quarto-1.2.247-linux-amd64.tar.gz",880
"2022-10-26T20:14:08Z","quarto-1.2.247-linux-rhel7-amd64.tar.gz",316
"2022-10-26T20:14:08Z","quarto-1.2.247-macos.pkg",648
"2022-10-26T20:14:08Z","quarto-1.2.247-macos.tar.gz",316
"2022-10-26T20:14:08Z","quarto-1.2.247-win.msi",895
"2022-10-26T20:14:08Z","quarto-1.2.247-win.zip",332
"2022-10-26T20:14:08Z","quarto-1.2.247.tar.gz",295
"2022-10-26T18:36:01Z","changelog.md",12
"2022-10-26T18:36:01Z","quarto-1.2.246-checksums.txt",12
"2022-10-26T18:36:01Z","quarto-1.2.246-linux-amd64.deb",32
"2022-10-26T18:36:01Z","quarto-1.2.246-linux-amd64.tar.gz",18
"2022-10-26T18:36:01Z","quarto-1.2.246-linux-rhel7-amd64.tar.gz",15
"2022-10-26T18:36:01Z","quarto-1.2.246-macos.pkg",32
"2022-10-26T18:36:01Z","quarto-1.2.246-macos.tar.gz",17
"2022-10-26T18:36:01Z","quarto-1.2.246-win.msi",33
"2022-10-26T18:36:01Z","quarto-1.2.246-win.zip",14
"2022-10-26T18:36:01Z","quarto-1.2.246.tar.gz",12
"2022-10-25T21:16:40Z","changelog.md",19
"2022-10-25T21:16:40Z","quarto-1.2.245-checksums.txt",16
"2022-10-25T21:16:40Z","quarto-1.2.245-linux-amd64.deb",37
"2022-10-25T21:16:40Z","quarto-1.2.245-linux-amd64.tar.gz",32
"2022-10-25T21:16:40Z","quarto-1.2.245-linux-rhel7-amd64.tar.gz",18
"2022-10-25T21:16:40Z","quarto-1.2.245-macos.pkg",41
"2022-10-25T21:16:40Z","quarto-1.2.245-macos.tar.gz",18
"2022-10-25T21:16:40Z","quarto-1.2.245-win.msi",69
"2022-10-25T21:16:40Z","quarto-1.2.245-win.zip",22
"2022-10-25T21:16:40Z","quarto-1.2.245.tar.gz",16
"2022-10-24T17:42:18Z","changelog.md",135
"2022-10-24T17:42:18Z","quarto-1.2.242-checksums.txt",136
"2022-10-24T17:42:18Z","quarto-1.2.242-linux-amd64.deb",354
"2022-10-24T17:42:18Z","quarto-1.2.242-linux-amd64.tar.gz",556
"2022-10-24T17:42:18Z","quarto-1.2.242-linux-rhel7-amd64.tar.gz",152
"2022-10-24T17:42:18Z","quarto-1.2.242-macos.pkg",465
"2022-10-24T17:42:18Z","quarto-1.2.242-macos.tar.gz",148
"2022-10-24T17:42:18Z","quarto-1.2.242-win.msi",1259
"2022-10-24T17:42:18Z","quarto-1.2.242-win.zip",164
"2022-10-24T17:42:18Z","quarto-1.2.242.tar.gz",134
"2022-10-24T16:36:52Z","changelog.md",5
"2022-10-24T16:36:52Z","quarto-1.2.241-checksums.txt",6
"2022-10-24T16:36:52Z","quarto-1.2.241-linux-amd64.deb",9
"2022-10-24T16:36:52Z","quarto-1.2.241-linux-amd64.tar.gz",5
"2022-10-24T16:36:52Z","quarto-1.2.241-linux-rhel7-amd64.tar.gz",6
"2022-10-24T16:36:52Z","quarto-1.2.241-macos.pkg",8
"2022-10-24T16:36:52Z","quarto-1.2.241-macos.tar.gz",7
"2022-10-24T16:36:52Z","quarto-1.2.241-win.msi",7
"2022-10-24T16:36:52Z","quarto-1.2.241-win.zip",5
"2022-10-24T16:36:52Z","quarto-1.2.241.tar.gz",5
"2022-10-24T15:59:29Z","changelog.md",8
"2022-10-24T15:59:29Z","quarto-1.2.240-checksums.txt",8
"2022-10-24T15:59:29Z","quarto-1.2.240-linux-amd64.deb",34
"2022-10-24T15:59:29Z","quarto-1.2.240-linux-amd64.tar.gz",13
"2022-10-24T15:59:29Z","quarto-1.2.240-linux-rhel7-amd64.tar.gz",9
"2022-10-24T15:59:29Z","quarto-1.2.240-macos.pkg",20
"2022-10-24T15:59:29Z","quarto-1.2.240-macos.tar.gz",10
"2022-10-24T15:59:29Z","quarto-1.2.240-win.msi",26
"2022-10-24T15:59:29Z","quarto-1.2.240-win.zip",8
"2022-10-24T15:59:29Z","quarto-1.2.240.tar.gz",9
"2022-10-22T10:49:45Z","changelog.md",162
"2022-10-22T10:49:45Z","quarto-1.2.237-checksums.txt",162
"2022-10-22T10:49:45Z","quarto-1.2.237-linux-amd64.deb",399
"2022-10-22T10:49:45Z","quarto-1.2.237-linux-amd64.tar.gz",175
"2022-10-22T10:49:45Z","quarto-1.2.237-linux-rhel7-amd64.tar.gz",164
"2022-10-22T10:49:45Z","quarto-1.2.237-macos.pkg",244
"2022-10-22T10:49:45Z","quarto-1.2.237-macos.tar.gz",173
"2022-10-22T10:49:45Z","quarto-1.2.237-win.msi",350
"2022-10-22T10:49:45Z","quarto-1.2.237-win.zip",173
"2022-10-22T10:49:45Z","quarto-1.2.237.tar.gz",161
"2022-10-21T20:42:30Z","changelog.md",42
"2022-10-21T20:42:30Z","quarto-1.2.235-checksums.txt",42
"2022-10-21T20:42:30Z","quarto-1.2.235-linux-amd64.deb",70
"2022-10-21T20:42:30Z","quarto-1.2.235-linux-amd64.tar.gz",42
"2022-10-21T20:42:30Z","quarto-1.2.235-linux-rhel7-amd64.tar.gz",42
"2022-10-21T20:42:30Z","quarto-1.2.235-macos.pkg",45
"2022-10-21T20:42:30Z","quarto-1.2.235-macos.tar.gz",44
"2022-10-21T20:42:30Z","quarto-1.2.235-win.msi",57
"2022-10-21T20:42:30Z","quarto-1.2.235-win.zip",45
"2022-10-21T20:42:30Z","quarto-1.2.235.tar.gz",42
"2022-10-20T20:57:54Z","changelog.md",70
"2022-10-20T20:57:54Z","quarto-1.2.233-checksums.txt",68
"2022-10-20T20:57:54Z","quarto-1.2.233-linux-amd64.deb",146
"2022-10-20T20:57:54Z","quarto-1.2.233-linux-amd64.tar.gz",85
"2022-10-20T20:57:54Z","quarto-1.2.233-linux-rhel7-amd64.tar.gz",72
"2022-10-20T20:57:54Z","quarto-1.2.233-macos.pkg",85
"2022-10-20T20:57:54Z","quarto-1.2.233-macos.tar.gz",75
"2022-10-20T20:57:54Z","quarto-1.2.233-win.msi",91
"2022-10-20T20:57:54Z","quarto-1.2.233-win.zip",77
"2022-10-20T20:57:54Z","quarto-1.2.233.tar.gz",68
"2022-10-19T19:18:59Z","changelog.md",84
"2022-10-19T19:18:59Z","quarto-1.2.231-checksums.txt",83
"2022-10-19T19:18:59Z","quarto-1.2.231-linux-amd64.deb",155
"2022-10-19T19:18:59Z","quarto-1.2.231-linux-amd64.tar.gz",96
"2022-10-19T19:18:59Z","quarto-1.2.231-linux-rhel7-amd64.tar.gz",89
"2022-10-19T19:18:59Z","quarto-1.2.231-macos.pkg",104
"2022-10-19T19:18:59Z","quarto-1.2.231-macos.tar.gz",84
"2022-10-19T19:18:59Z","quarto-1.2.231-win.msi",106
"2022-10-19T19:18:59Z","quarto-1.2.231-win.zip",89
"2022-10-19T19:18:59Z","quarto-1.2.231.tar.gz",80
"2022-10-19T16:32:19Z","changelog.md",12
"2022-10-19T16:32:19Z","quarto-1.2.230-checksums.txt",11
"2022-10-19T16:32:19Z","quarto-1.2.230-linux-amd64.deb",22
"2022-10-19T16:32:19Z","quarto-1.2.230-linux-amd64.tar.gz",15
"2022-10-19T16:32:19Z","quarto-1.2.230-linux-rhel7-amd64.tar.gz",13
"2022-10-19T16:32:19Z","quarto-1.2.230-macos.pkg",14
"2022-10-19T16:32:19Z","quarto-1.2.230-macos.tar.gz",16
"2022-10-19T16:32:19Z","quarto-1.2.230-win.msi",15
"2022-10-19T16:32:19Z","quarto-1.2.230-win.zip",13
"2022-10-19T16:32:19Z","quarto-1.2.230.tar.gz",11
"2022-10-19T14:39:47Z","changelog.md",9
"2022-10-19T14:39:47Z","quarto-1.2.229-checksums.txt",8
"2022-10-19T14:39:47Z","quarto-1.2.229-linux-amd64.deb",15
"2022-10-19T14:39:47Z","quarto-1.2.229-linux-amd64.tar.gz",15
"2022-10-19T14:39:47Z","quarto-1.2.229-linux-rhel7-amd64.tar.gz",10
"2022-10-19T14:39:47Z","quarto-1.2.229-macos.pkg",10
"2022-10-19T14:39:47Z","quarto-1.2.229-macos.tar.gz",16
"2022-10-19T14:39:47Z","quarto-1.2.229-win.msi",10
"2022-10-19T14:39:47Z","quarto-1.2.229-win.zip",9
"2022-10-19T14:39:47Z","quarto-1.2.229.tar.gz",8
"2022-10-19T11:49:53Z","changelog.md",9
"2022-10-19T11:49:53Z","quarto-1.2.228-checksums.txt",8
"2022-10-19T11:49:53Z","quarto-1.2.228-linux-amd64.deb",29
"2022-10-19T11:49:53Z","quarto-1.2.228-linux-amd64.tar.gz",8
"2022-10-19T11:49:53Z","quarto-1.2.228-linux-rhel7-amd64.tar.gz",8
"2022-10-19T11:49:53Z","quarto-1.2.228-macos.pkg",16
"2022-10-19T11:49:53Z","quarto-1.2.228-macos.tar.gz",12
"2022-10-19T11:49:53Z","quarto-1.2.228-win.msi",20
"2022-10-19T11:49:53Z","quarto-1.2.228-win.zip",8
"2022-10-19T11:49:53Z","quarto-1.2.228.tar.gz",8
"2022-10-18T19:20:25Z","changelog.md",49
"2022-10-18T19:20:25Z","quarto-1.2.226-checksums.txt",48
"2022-10-18T19:20:25Z","quarto-1.2.226-linux-amd64.deb",127
"2022-10-18T19:20:25Z","quarto-1.2.226-linux-amd64.tar.gz",57
"2022-10-18T19:20:25Z","quarto-1.2.226-linux-rhel7-amd64.tar.gz",51
"2022-10-18T19:20:25Z","quarto-1.2.226-macos.pkg",65
"2022-10-18T19:20:25Z","quarto-1.2.226-macos.tar.gz",55
"2022-10-18T19:20:25Z","quarto-1.2.226-win.msi",58
"2022-10-18T19:20:25Z","quarto-1.2.226-win.zip",54
"2022-10-18T19:20:25Z","quarto-1.2.226.tar.gz",49
"2022-10-18T16:25:30Z","changelog.md",12
"2022-10-18T16:25:30Z","quarto-1.2.225-checksums.txt",12
"2022-10-18T16:25:30Z","quarto-1.2.225-linux-amd64.deb",22
"2022-10-18T16:25:30Z","quarto-1.2.225-linux-amd64.tar.gz",18
"2022-10-18T16:25:30Z","quarto-1.2.225-linux-rhel7-amd64.tar.gz",14
"2022-10-18T16:25:30Z","quarto-1.2.225-macos.pkg",15
"2022-10-18T16:25:30Z","quarto-1.2.225-macos.tar.gz",22
"2022-10-18T16:25:30Z","quarto-1.2.225-win.msi",14
"2022-10-18T16:25:30Z","quarto-1.2.225-win.zip",16
"2022-10-18T16:25:30Z","quarto-1.2.225.tar.gz",12
"2022-10-17T21:38:47Z","changelog.md",44
"2022-10-17T21:38:47Z","quarto-1.2.223-checksums.txt",41
"2022-10-17T21:38:47Z","quarto-1.2.223-linux-amd64.deb",84
"2022-10-17T21:38:47Z","quarto-1.2.223-linux-amd64.tar.gz",47
"2022-10-17T21:38:47Z","quarto-1.2.223-linux-rhel7-amd64.tar.gz",42
"2022-10-17T21:38:47Z","quarto-1.2.223-macos.pkg",64
"2022-10-17T21:38:47Z","quarto-1.2.223-macos.tar.gz",48
"2022-10-17T21:38:47Z","quarto-1.2.223-win.msi",69
"2022-10-17T21:38:47Z","quarto-1.2.223-win.zip",50
"2022-10-17T21:38:47Z","quarto-1.2.223.tar.gz",41
"2022-10-17T14:37:34Z","changelog.md",39
"2022-10-17T14:37:34Z","quarto-1.2.222-checksums.txt",37
"2022-10-17T14:37:34Z","quarto-1.2.222-linux-amd64.deb",65
"2022-10-17T14:37:34Z","quarto-1.2.222-linux-amd64.tar.gz",43
"2022-10-17T14:37:34Z","quarto-1.2.222-linux-rhel7-amd64.tar.gz",39
"2022-10-17T14:37:34Z","quarto-1.2.222-macos.pkg",47
"2022-10-17T14:37:34Z","quarto-1.2.222-macos.tar.gz",47
"2022-10-17T14:37:34Z","quarto-1.2.222-win.msi",47
"2022-10-17T14:37:34Z","quarto-1.2.222-win.zip",42
"2022-10-17T14:37:34Z","quarto-1.2.222.tar.gz",37
"2022-10-17T13:11:18Z","changelog.md",7
"2022-10-17T13:11:18Z","quarto-1.2.221-checksums.txt",7
"2022-10-17T13:11:18Z","quarto-1.2.221-linux-amd64.deb",13
"2022-10-17T13:11:18Z","quarto-1.2.221-linux-amd64.tar.gz",7
"2022-10-17T13:11:18Z","quarto-1.2.221-linux-rhel7-amd64.tar.gz",7
"2022-10-17T13:11:18Z","quarto-1.2.221-macos.pkg",9
"2022-10-17T13:11:18Z","quarto-1.2.221-macos.tar.gz",12
"2022-10-17T13:11:18Z","quarto-1.2.221-win.msi",10
"2022-10-17T13:11:18Z","quarto-1.2.221-win.zip",7
"2022-10-17T13:11:18Z","quarto-1.2.221.tar.gz",8
"2022-10-16T13:30:07Z","changelog.md",62
"2022-10-16T13:30:07Z","quarto-1.2.219-checksums.txt",60
"2022-10-16T13:30:07Z","quarto-1.2.219-linux-amd64.deb",107
"2022-10-16T13:30:07Z","quarto-1.2.219-linux-amd64.tar.gz",62
"2022-10-16T13:30:07Z","quarto-1.2.219-linux-rhel7-amd64.tar.gz",60
"2022-10-16T13:30:07Z","quarto-1.2.219-macos.pkg",74
"2022-10-16T13:30:07Z","quarto-1.2.219-macos.tar.gz",68
"2022-10-16T13:30:07Z","quarto-1.2.219-win.msi",77
"2022-10-16T13:30:07Z","quarto-1.2.219-win.zip",63
"2022-10-16T13:30:07Z","quarto-1.2.219.tar.gz",60
"2022-10-16T11:16:53Z","changelog.md",20
"2022-10-16T11:16:53Z","quarto-1.2.218-checksums.txt",20
"2022-10-16T11:16:53Z","quarto-1.2.218-linux-amd64.deb",74
"2022-10-16T11:16:53Z","quarto-1.2.218-linux-amd64.tar.gz",26
"2022-10-16T11:16:53Z","quarto-1.2.218-linux-rhel7-amd64.tar.gz",20
"2022-10-16T11:16:53Z","quarto-1.2.218-macos.pkg",27
"2022-10-16T11:16:53Z","quarto-1.2.218-macos.tar.gz",25
"2022-10-16T11:16:53Z","quarto-1.2.218-win.msi",21
"2022-10-16T11:16:53Z","quarto-1.2.218-win.zip",21
"2022-10-16T11:16:53Z","quarto-1.2.218.tar.gz",20
"2022-10-14T16:21:50Z","changelog.md",137
"2022-10-14T16:21:50Z","quarto-1.2.215-checksums.txt",137
"2022-10-14T16:21:50Z","quarto-1.2.215-linux-amd64.deb",233
"2022-10-14T16:21:50Z","quarto-1.2.215-linux-amd64.tar.gz",150
"2022-10-14T16:21:50Z","quarto-1.2.215-linux-rhel7-amd64.tar.gz",138
"2022-10-14T16:21:50Z","quarto-1.2.215-macos.pkg",155
"2022-10-14T16:21:50Z","quarto-1.2.215-macos.tar.gz",144
"2022-10-14T16:21:50Z","quarto-1.2.215-win.msi",155
"2022-10-14T16:21:50Z","quarto-1.2.215-win.zip",142
"2022-10-14T16:21:50Z","quarto-1.2.215.tar.gz",136
"2022-10-14T14:05:54Z","changelog.md",13
"2022-10-14T14:05:54Z","quarto-1.2.214-checksums.txt",13
"2022-10-14T14:05:54Z","quarto-1.2.214-linux-amd64.deb",32
"2022-10-14T14:05:54Z","quarto-1.2.214-linux-amd64.tar.gz",23
"2022-10-14T14:05:54Z","quarto-1.2.214-linux-rhel7-amd64.tar.gz",16
"2022-10-14T14:05:54Z","quarto-1.2.214-macos.pkg",20
"2022-10-14T14:05:54Z","quarto-1.2.214-macos.tar.gz",20
"2022-10-14T14:05:54Z","quarto-1.2.214-win.msi",25
"2022-10-14T14:05:54Z","quarto-1.2.214-win.zip",17
"2022-10-14T14:05:54Z","quarto-1.2.214.tar.gz",13
"2022-10-14T13:54:00Z","changelog.md",2
"2022-10-14T13:54:00Z","quarto-1.2.213-checksums.txt",1
"2022-10-14T13:54:00Z","quarto-1.2.213-linux-amd64.deb",5
"2022-10-14T13:54:00Z","quarto-1.2.213-linux-amd64.tar.gz",1
"2022-10-14T13:54:00Z","quarto-1.2.213-linux-rhel7-amd64.tar.gz",1
"2022-10-14T13:54:00Z","quarto-1.2.213-macos.pkg",2
"2022-10-14T13:54:00Z","quarto-1.2.213-macos.tar.gz",7
"2022-10-14T13:54:00Z","quarto-1.2.213-win.msi",1
"2022-10-14T13:54:00Z","quarto-1.2.213-win.zip",1
"2022-10-14T13:54:00Z","quarto-1.2.213.tar.gz",1
"2022-10-13T01:39:09Z","changelog.md",105
"2022-10-13T01:39:09Z","quarto-1.2.210-checksums.txt",105
"2022-10-13T01:39:09Z","quarto-1.2.210-linux-amd64.deb",199
"2022-10-13T01:39:09Z","quarto-1.2.210-linux-amd64.tar.gz",134
"2022-10-13T01:39:09Z","quarto-1.2.210-linux-rhel7-amd64.tar.gz",111
"2022-10-13T01:39:09Z","quarto-1.2.210-macos.pkg",129
"2022-10-13T01:39:09Z","quarto-1.2.210-macos.tar.gz",110
"2022-10-13T01:39:09Z","quarto-1.2.210-win.msi",119
"2022-10-13T01:39:09Z","quarto-1.2.210-win.zip",115
"2022-10-13T01:39:09Z","quarto-1.2.210.tar.gz",102
"2022-10-12T19:38:19Z","changelog.md",21
"2022-10-12T19:38:19Z","quarto-1.2.209-checksums.txt",21
"2022-10-12T19:38:19Z","quarto-1.2.209-linux-amd64.deb",28
"2022-10-12T19:38:19Z","quarto-1.2.209-linux-amd64.tar.gz",29
"2022-10-12T19:38:19Z","quarto-1.2.209-linux-rhel7-amd64.tar.gz",21
"2022-10-12T19:38:19Z","quarto-1.2.209-macos.pkg",26
"2022-10-12T19:38:19Z","quarto-1.2.209-macos.tar.gz",28
"2022-10-12T19:38:19Z","quarto-1.2.209-win.msi",23
"2022-10-12T19:38:19Z","quarto-1.2.209-win.zip",23
"2022-10-12T19:38:19Z","quarto-1.2.209.tar.gz",20
"2022-10-11T18:43:30Z","changelog.md",82
"2022-10-11T18:43:30Z","quarto-1.2.207-checksums.txt",80
"2022-10-11T18:43:30Z","quarto-1.2.207-linux-amd64.deb",147
"2022-10-11T18:43:30Z","quarto-1.2.207-linux-amd64.tar.gz",196
"2022-10-11T18:43:30Z","quarto-1.2.207-linux-rhel7-amd64.tar.gz",83
"2022-10-11T18:43:30Z","quarto-1.2.207-macos.pkg",94
"2022-10-11T18:43:30Z","quarto-1.2.207-macos.tar.gz",94
"2022-10-11T18:43:30Z","quarto-1.2.207-win.msi",102
"2022-10-11T18:43:30Z","quarto-1.2.207-win.zip",96
"2022-10-11T18:43:30Z","quarto-1.2.207.tar.gz",80
"2022-10-11T18:26:02Z","changelog.md",5
"2022-10-11T18:26:02Z","quarto-1.2.205-checksums.txt",5
"2022-10-11T18:26:02Z","quarto-1.2.205-linux-amd64.deb",8
"2022-10-11T18:26:02Z","quarto-1.2.205-linux-amd64.tar.gz",8
"2022-10-11T18:26:02Z","quarto-1.2.205-linux-rhel7-amd64.tar.gz",6
"2022-10-11T18:26:02Z","quarto-1.2.205-macos.pkg",9
"2022-10-11T18:26:02Z","quarto-1.2.205-macos.tar.gz",7
"2022-10-11T18:26:02Z","quarto-1.2.205-win.msi",6
"2022-10-11T18:26:02Z","quarto-1.2.205-win.zip",5
"2022-10-11T18:26:02Z","quarto-1.2.205.tar.gz",5
"2022-10-10T14:28:51Z","changelog.md",86
"2022-10-10T14:28:51Z","quarto-1.2.203-checksums.txt",83
"2022-10-10T14:28:51Z","quarto-1.2.203-linux-amd64.deb",137
"2022-10-10T14:28:51Z","quarto-1.2.203-linux-amd64.tar.gz",96
"2022-10-10T14:28:51Z","quarto-1.2.203-linux-rhel7-amd64.tar.gz",85
"2022-10-10T14:28:51Z","quarto-1.2.203-macos.pkg",106
"2022-10-10T14:28:51Z","quarto-1.2.203-macos.tar.gz",91
"2022-10-10T14:28:51Z","quarto-1.2.203-win.msi",98
"2022-10-10T14:28:51Z","quarto-1.2.203-win.zip",90
"2022-10-10T14:28:51Z","quarto-1.2.203.tar.gz",83
"2022-10-10T11:25:01Z","changelog.md",13
"2022-10-10T11:25:01Z","quarto-1.2.202-checksums.txt",13
"2022-10-10T11:25:01Z","quarto-1.2.202-linux-amd64.deb",18
"2022-10-10T11:25:01Z","quarto-1.2.202-linux-amd64.tar.gz",12
"2022-10-10T11:25:01Z","quarto-1.2.202-linux-rhel7-amd64.tar.gz",12
"2022-10-10T11:25:01Z","quarto-1.2.202-macos.pkg",14
"2022-10-10T11:25:01Z","quarto-1.2.202-macos.tar.gz",16
"2022-10-10T11:25:01Z","quarto-1.2.202-win.msi",21
"2022-10-10T11:25:01Z","quarto-1.2.202-win.zip",13
"2022-10-10T11:25:01Z","quarto-1.2.202.tar.gz",12
"2022-10-07T23:00:48Z","changelog.md",185
"2022-10-07T23:00:48Z","quarto-1.2.198-checksums.txt",182
"2022-10-07T23:00:48Z","quarto-1.2.198-linux-amd64.deb",295
"2022-10-07T23:00:48Z","quarto-1.2.198-linux-amd64.tar.gz",195
"2022-10-07T23:00:48Z","quarto-1.2.198-linux-rhel7-amd64.tar.gz",182
"2022-10-07T23:00:48Z","quarto-1.2.198-macos.pkg",202
"2022-10-07T23:00:48Z","quarto-1.2.198-macos.tar.gz",191
"2022-10-07T23:00:48Z","quarto-1.2.198-win.msi",220
"2022-10-07T23:00:48Z","quarto-1.2.198-win.zip",188
"2022-10-07T23:00:48Z","quarto-1.2.198.tar.gz",182
"2022-10-07T14:26:31Z","changelog.md",42
"2022-10-07T14:26:31Z","quarto-1.2.197-checksums.txt",41
"2022-10-07T14:26:31Z","quarto-1.2.197-linux-amd64.deb",61
"2022-10-07T14:26:31Z","quarto-1.2.197-linux-amd64.tar.gz",56
"2022-10-07T14:26:31Z","quarto-1.2.197-linux-rhel7-amd64.tar.gz",41
"2022-10-07T14:26:31Z","quarto-1.2.197-macos.pkg",49
"2022-10-07T14:26:31Z","quarto-1.2.197-macos.tar.gz",43
"2022-10-07T14:26:31Z","quarto-1.2.197-win.msi",45
"2022-10-07T14:26:31Z","quarto-1.2.197-win.zip",49
"2022-10-07T14:26:31Z","quarto-1.2.197.tar.gz",41
"2022-10-07T14:20:20Z","changelog.md",5
"2022-10-07T14:20:20Z","quarto-1.2.196-checksums.txt",5
"2022-10-07T14:20:20Z","quarto-1.2.196-linux-amd64.deb",5
"2022-10-07T14:20:20Z","quarto-1.2.196-linux-amd64.tar.gz",4
"2022-10-07T14:20:20Z","quarto-1.2.196-linux-rhel7-amd64.tar.gz",4
"2022-10-07T14:20:20Z","quarto-1.2.196-macos.pkg",6
"2022-10-07T14:20:20Z","quarto-1.2.196-macos.tar.gz",8
"2022-10-07T14:20:20Z","quarto-1.2.196-win.msi",4
"2022-10-07T14:20:20Z","quarto-1.2.196-win.zip",4
"2022-10-07T14:20:20Z","quarto-1.2.196.tar.gz",4
"2022-10-07T12:05:08Z","changelog.md",9
"2022-10-07T12:05:08Z","quarto-1.2.192-checksums.txt",9
"2022-10-07T12:05:08Z","quarto-1.2.192-linux-amd64.deb",15
"2022-10-07T12:05:08Z","quarto-1.2.192-linux-amd64.tar.gz",9
"2022-10-07T12:05:08Z","quarto-1.2.192-linux-rhel7-amd64.tar.gz",9
"2022-10-07T12:05:08Z","quarto-1.2.192-macos.pkg",10
"2022-10-07T12:05:08Z","quarto-1.2.192-macos.tar.gz",12
"2022-10-07T12:05:08Z","quarto-1.2.192-win.msi",14
"2022-10-07T12:05:08Z","quarto-1.2.192-win.zip",10
"2022-10-07T12:05:08Z","quarto-1.2.192.tar.gz",10
"2022-10-06T12:10:59Z","changelog.md",76
"2022-10-06T12:10:59Z","quarto-1.2.190-checksums.txt",76
"2022-10-06T12:10:59Z","quarto-1.2.190-linux-amd64.deb",130
"2022-10-06T12:10:59Z","quarto-1.2.190-linux-amd64.tar.gz",88
"2022-10-06T12:10:59Z","quarto-1.2.190-linux-rhel7-amd64.tar.gz",78
"2022-10-06T12:10:59Z","quarto-1.2.190-macos.pkg",80
"2022-10-06T12:10:59Z","quarto-1.2.190-macos.tar.gz",82
"2022-10-06T12:10:59Z","quarto-1.2.190-win.msi",90
"2022-10-06T12:10:59Z","quarto-1.2.190-win.zip",86
"2022-10-06T12:10:59Z","quarto-1.2.190.tar.gz",75
"2022-10-05T22:55:39Z","changelog.md",35
"2022-10-05T22:55:39Z","quarto-1.2.188-checksums.txt",36
"2022-10-05T22:55:39Z","quarto-1.2.188-linux-amd64.deb",51
"2022-10-05T22:55:39Z","quarto-1.2.188-linux-amd64.tar.gz",40
"2022-10-05T22:55:39Z","quarto-1.2.188-linux-rhel7-amd64.tar.gz",35
"2022-10-05T22:55:39Z","quarto-1.2.188-macos.pkg",37
"2022-10-05T22:55:39Z","quarto-1.2.188-macos.tar.gz",38
"2022-10-05T22:55:39Z","quarto-1.2.188-win.msi",46
"2022-10-05T22:55:39Z","quarto-1.2.188-win.zip",40
"2022-10-05T22:55:39Z","quarto-1.2.188.tar.gz",35
"2022-10-04T19:52:10Z","changelog.md",93
"2022-10-04T19:52:10Z","quarto-1.2.186-checksums.txt",89
"2022-10-04T19:52:10Z","quarto-1.2.186-linux-amd64.deb",153
"2022-10-04T19:52:10Z","quarto-1.2.186-linux-amd64.tar.gz",111
"2022-10-04T19:52:10Z","quarto-1.2.186-linux-rhel7-amd64.tar.gz",92
"2022-10-04T19:52:10Z","quarto-1.2.186-macos.pkg",103
"2022-10-04T19:52:10Z","quarto-1.2.186-macos.tar.gz",97
"2022-10-04T19:52:10Z","quarto-1.2.186-win.msi",99
"2022-10-04T19:52:10Z","quarto-1.2.186-win.zip",108
"2022-10-04T19:52:10Z","quarto-1.2.186.tar.gz",89
"2022-10-04T13:58:15Z","changelog.md",23
"2022-10-04T13:58:15Z","quarto-1.2.185-checksums.txt",24
"2022-10-04T13:58:15Z","quarto-1.2.185-linux-amd64.deb",52
"2022-10-04T13:58:15Z","quarto-1.2.185-linux-amd64.tar.gz",30
"2022-10-04T13:58:15Z","quarto-1.2.185-linux-rhel7-amd64.tar.gz",23
"2022-10-04T13:58:15Z","quarto-1.2.185-macos.pkg",29
"2022-10-04T13:58:15Z","quarto-1.2.185-macos.tar.gz",30
"2022-10-04T13:58:15Z","quarto-1.2.185-win.msi",26
"2022-10-04T13:58:15Z","quarto-1.2.185-win.zip",26
"2022-10-04T13:58:15Z","quarto-1.2.185.tar.gz",23
"2022-10-04T12:55:36Z","changelog.md",3
"2022-10-04T12:55:36Z","quarto-1.2.184-checksums.txt",3
"2022-10-04T12:55:36Z","quarto-1.2.184-linux-amd64.deb",8
"2022-10-04T12:55:36Z","quarto-1.2.184-linux-amd64.tar.gz",4
"2022-10-04T12:55:36Z","quarto-1.2.184-linux-rhel7-amd64.tar.gz",3
"2022-10-04T12:55:36Z","quarto-1.2.184-macos.pkg",5
"2022-10-04T12:55:36Z","quarto-1.2.184-macos.tar.gz",5
"2022-10-04T12:55:36Z","quarto-1.2.184-win.msi",4
"2022-10-04T12:55:36Z","quarto-1.2.184-win.zip",3
"2022-10-04T12:55:36Z","quarto-1.2.184.tar.gz",3
"2022-10-04T01:16:03Z","changelog.md",37
"2022-10-04T01:16:03Z","quarto-1.2.182-checksums.txt",35
"2022-10-04T01:16:03Z","quarto-1.2.182-linux-amd64.deb",52
"2022-10-04T01:16:03Z","quarto-1.2.182-linux-amd64.tar.gz",37
"2022-10-04T01:16:03Z","quarto-1.2.182-linux-rhel7-amd64.tar.gz",36
"2022-10-04T01:16:03Z","quarto-1.2.182-macos.pkg",39
"2022-10-04T01:16:03Z","quarto-1.2.182-macos.tar.gz",39
"2022-10-04T01:16:03Z","quarto-1.2.182-win.msi",44
"2022-10-04T01:16:03Z","quarto-1.2.182-win.zip",43
"2022-10-04T01:16:03Z","quarto-1.2.182.tar.gz",35
"2022-10-03T14:05:15Z","changelog.md",34
"2022-10-03T14:05:15Z","quarto-1.2.181-checksums.txt",33
"2022-10-03T14:05:15Z","quarto-1.2.181-linux-amd64.deb",48
"2022-10-03T14:05:15Z","quarto-1.2.181-linux-amd64.tar.gz",40
"2022-10-03T14:05:15Z","quarto-1.2.181-linux-rhel7-amd64.tar.gz",33
"2022-10-03T14:05:15Z","quarto-1.2.181-macos.pkg",38
"2022-10-03T14:05:15Z","quarto-1.2.181-macos.tar.gz",37
"2022-10-03T14:05:15Z","quarto-1.2.181-win.msi",36
"2022-10-03T14:05:15Z","quarto-1.2.181-win.zip",46
"2022-10-03T14:05:15Z","quarto-1.2.181.tar.gz",33
"2022-10-03T14:05:15Z","changelog.md",14
"2022-10-03T14:05:15Z","quarto-1.2.180-checksums.txt",13
"2022-10-03T14:05:15Z","quarto-1.2.180-linux-amd64.deb",22
"2022-10-03T14:05:15Z","quarto-1.2.180-linux-amd64.tar.gz",14
"2022-10-03T14:05:15Z","quarto-1.2.180-linux-rhel7-amd64.tar.gz",14
"2022-10-03T14:05:15Z","quarto-1.2.180-macos.pkg",14
"2022-10-03T14:05:15Z","quarto-1.2.180-macos.tar.gz",17
"2022-10-03T14:05:15Z","quarto-1.2.180-win.msi",16
"2022-10-03T14:05:15Z","quarto-1.2.180-win.zip",12
"2022-10-03T14:05:15Z","quarto-1.2.180.tar.gz",12
"2022-10-03T13:34:01Z","quarto-1.2.179.tar.gz",7
"2022-10-03T13:34:01Z","quarto-1.2.179-linux-amd64.tar.gz",6
"2022-10-03T13:34:01Z","quarto-1.2.179-linux-rhel7-amd64.tar.gz",6
"2022-10-03T13:34:01Z","quarto-1.2.179-linux-amd64.deb",8
"2022-10-03T13:34:01Z","quarto-1.2.179-win.msi",6
"2022-10-03T13:34:01Z","quarto-1.2.179-win.zip",6
"2022-10-03T13:34:01Z","quarto-1.2.179-macos.pkg",7
"2022-10-03T13:34:01Z","quarto-1.2.179-macos.tar.gz",8
"2022-10-03T13:34:01Z","changelog.md",6
"2022-10-03T13:34:01Z","quarto-1.2.179-checksums.txt",6
"2022-09-30T19:41:15Z","quarto-1.2.174.tar.gz",203
"2022-09-30T19:41:15Z","quarto-1.2.174-linux-amd64.tar.gz",226
"2022-09-30T19:41:15Z","quarto-1.2.174-linux-rhel7-amd64.tar.gz",204
"2022-09-30T19:41:15Z","quarto-1.2.174-linux-amd64.deb",411
"2022-09-30T19:41:15Z","quarto-1.2.174-win.msi",219
"2022-09-30T19:41:15Z","quarto-1.2.174-win.zip",208
"2022-09-30T19:41:15Z","quarto-1.2.174-macos.pkg",216
"2022-09-30T19:41:15Z","quarto-1.2.174-macos.tar.gz",208
"2022-09-30T19:41:15Z","changelog.md",209
"2022-09-30T19:41:15Z","quarto-1.2.174-checksums.txt",204
"2022-09-30T15:53:59Z","quarto-1.2.172.tar.gz",17
"2022-09-30T15:53:59Z","quarto-1.2.172-linux-amd64.tar.gz",19
"2022-09-30T15:53:59Z","quarto-1.2.172-linux-amd64.deb",24
"2022-09-30T15:53:59Z","quarto-1.2.172-win.msi",19
"2022-09-30T15:53:59Z","quarto-1.2.172-win.zip",19
"2022-09-30T15:53:59Z","quarto-1.2.172-macos.pkg",23
"2022-09-30T15:53:59Z","quarto-1.2.172-macos.tar.gz",19
"2022-09-30T15:53:59Z","changelog.md",19
"2022-09-30T15:53:59Z","quarto-1.2.172-checksums.txt",17
"2022-09-30T12:57:22Z","quarto-1.2.171.tar.gz",13
"2022-09-30T12:57:22Z","quarto-1.2.171-linux-amd64.tar.gz",17
"2022-09-30T12:57:22Z","quarto-1.2.171-linux-amd64.deb",19
"2022-09-30T12:57:22Z","quarto-1.2.171-win.msi",15
"2022-09-30T12:57:22Z","quarto-1.2.171-win.zip",14
"2022-09-30T12:57:22Z","quarto-1.2.171-macos.pkg",16
"2022-09-30T12:57:22Z","quarto-1.2.171-macos.tar.gz",15
"2022-09-30T12:57:22Z","changelog.md",14
"2022-09-30T12:57:22Z","quarto-1.2.171-checksums.txt",13
"2022-09-29T12:16:33Z","quarto-1.2.169.tar.gz",73
"2022-09-29T12:16:33Z","quarto-1.2.169-linux-amd64.tar.gz",75
"2022-09-29T12:16:33Z","quarto-1.2.169-linux-amd64.deb",126
"2022-09-29T12:16:33Z","quarto-1.2.169-win.msi",78
"2022-09-29T12:16:33Z","quarto-1.2.169-win.zip",79
"2022-09-29T12:16:33Z","quarto-1.2.169-macos.pkg",83
"2022-09-29T12:16:33Z","quarto-1.2.169-macos.tar.gz",82
"2022-09-29T12:16:33Z","changelog.md",74
"2022-09-29T12:16:33Z","quarto-1.2.169-checksums.txt",72
"2022-09-28T23:11:34Z","quarto-1.2.167.tar.gz",37
"2022-09-28T23:11:34Z","quarto-1.2.167-linux-amd64.tar.gz",36
"2022-09-28T23:11:34Z","quarto-1.2.167-linux-amd64.deb",516
"2022-09-28T23:11:34Z","quarto-1.2.167-win.msi",35
"2022-09-28T23:11:34Z","quarto-1.2.167-win.zip",42
"2022-09-28T23:11:34Z","quarto-1.2.167-macos.pkg",44
"2022-09-28T23:11:34Z","quarto-1.2.167-macos.tar.gz",37
"2022-09-28T23:11:34Z","changelog.md",36
"2022-09-28T23:11:34Z","quarto-1.2.167-checksums.txt",36
"2022-09-28T22:50:39Z","quarto-1.2.166.tar.gz",5
"2022-09-28T22:50:39Z","quarto-1.2.166-linux-amd64.tar.gz",5
"2022-09-28T22:50:39Z","quarto-1.2.166-linux-amd64.deb",8
"2022-09-28T22:50:39Z","quarto-1.2.166-win.msi",5
"2022-09-28T22:50:39Z","quarto-1.2.166-win.zip",7
"2022-09-28T22:50:39Z","quarto-1.2.166-macos.pkg",7
"2022-09-28T22:50:39Z","quarto-1.2.166-macos.tar.gz",7
"2022-09-28T22:50:39Z","changelog.md",6
"2022-09-28T22:50:39Z","quarto-1.2.166-checksums.txt",5
"2022-09-28T21:55:32Z","quarto-1.2.165.tar.gz",8
"2022-09-28T21:55:32Z","quarto-1.2.165-linux-amd64.tar.gz",9
"2022-09-28T21:55:32Z","quarto-1.2.165-linux-amd64.deb",15
"2022-09-28T21:55:32Z","quarto-1.2.165-win.msi",9
"2022-09-28T21:55:32Z","quarto-1.2.165-win.zip",13
"2022-09-28T21:55:32Z","quarto-1.2.165-macos.pkg",9
"2022-09-28T21:55:32Z","quarto-1.2.165-macos.tar.gz",10
"2022-09-28T21:55:32Z","changelog.md",8
"2022-09-28T21:55:32Z","quarto-1.2.165-checksums.txt",8
"2022-09-28T21:32:32Z","quarto-1.2.164.tar.gz",5
"2022-09-28T21:32:32Z","quarto-1.2.164-linux-amd64.tar.gz",5
"2022-09-28T21:32:32Z","quarto-1.2.164-linux-amd64.deb",11
"2022-09-28T21:32:32Z","quarto-1.2.164-win.msi",5
"2022-09-28T21:32:32Z","quarto-1.2.164-win.zip",6
"2022-09-28T21:32:32Z","quarto-1.2.164-macos.pkg",8
"2022-09-28T21:32:32Z","quarto-1.2.164-macos.tar.gz",7
"2022-09-28T21:32:32Z","changelog.md",7
"2022-09-28T21:32:32Z","quarto-1.2.164-checksums.txt",6
"2022-09-28T19:51:16Z","quarto-1.2.163.tar.gz",11
"2022-09-28T19:51:16Z","quarto-1.2.163-linux-amd64.tar.gz",10
"2022-09-28T19:51:16Z","quarto-1.2.163-linux-amd64.deb",16
"2022-09-28T19:51:16Z","quarto-1.2.163-win.msi",13
"2022-09-28T19:51:16Z","quarto-1.2.163-win.zip",11
"2022-09-28T19:51:16Z","quarto-1.2.163-macos.pkg",12
"2022-09-28T19:51:16Z","quarto-1.2.163-macos.tar.gz",13
"2022-09-28T19:51:16Z","changelog.md",11
"2022-09-28T19:51:16Z","quarto-1.2.163-checksums.txt",11
"2022-09-28T00:42:12Z","quarto-1.2.161.tar.gz",54
"2022-09-28T00:42:12Z","quarto-1.2.161-linux-amd64.tar.gz",57
"2022-09-28T00:42:12Z","quarto-1.2.161-linux-amd64.deb",93
"2022-09-28T00:42:12Z","quarto-1.2.161-win.msi",63
"2022-09-28T00:42:12Z","quarto-1.2.161-win.zip",67
"2022-09-28T00:42:12Z","quarto-1.2.161-macos.pkg",58
"2022-09-28T00:42:12Z","quarto-1.2.161-macos.tar.gz",58
"2022-09-28T00:42:12Z","changelog.md",54
"2022-09-28T00:42:12Z","quarto-1.2.161-checksums.txt",54
"2022-09-27T20:53:01Z","quarto-1.2.160.tar.gz",16
"2022-09-27T20:53:01Z","quarto-1.2.160-linux-amd64.tar.gz",17
"2022-09-27T20:53:01Z","quarto-1.2.160-linux-amd64.deb",28
"2022-09-27T20:53:01Z","quarto-1.2.160-win.msi",21
"2022-09-27T20:53:01Z","quarto-1.2.160-win.zip",18
"2022-09-27T20:53:01Z","quarto-1.2.160-macos.pkg",19
"2022-09-27T20:53:01Z","quarto-1.2.160-macos.tar.gz",22
"2022-09-27T20:53:01Z","changelog.md",17
"2022-09-27T20:53:01Z","quarto-1.2.160-checksums.txt",17
"2022-09-26T01:25:59Z","quarto-1.2.157.tar.gz",129
"2022-09-26T01:25:59Z","quarto-1.2.157-linux-amd64.tar.gz",150
"2022-09-26T01:25:59Z","quarto-1.2.157-linux-amd64.deb",274
"2022-09-26T01:25:59Z","quarto-1.2.157-win.msi",145
"2022-09-26T01:25:59Z","quarto-1.2.157-win.zip",135
"2022-09-26T01:25:59Z","quarto-1.2.157-macos.pkg",143
"2022-09-26T01:25:59Z","quarto-1.2.157-macos.tar.gz",130
"2022-09-26T01:25:59Z","changelog.md",132
"2022-09-26T01:25:59Z","quarto-1.2.157-checksums.txt",132
"2022-09-25T20:28:25Z","quarto-1.2.156.tar.gz",20
"2022-09-25T20:28:25Z","quarto-1.2.156-linux-amd64.tar.gz",21
"2022-09-25T20:28:25Z","quarto-1.2.156-linux-amd64.deb",35
"2022-09-25T20:28:25Z","quarto-1.2.156-win.msi",21
"2022-09-25T20:28:25Z","quarto-1.2.156-win.zip",24
"2022-09-25T20:28:25Z","quarto-1.2.156-macos.pkg",24
"2022-09-25T20:28:25Z","quarto-1.2.156-macos.tar.gz",22
"2022-09-25T20:28:25Z","changelog.md",23
"2022-09-25T20:28:25Z","quarto-1.2.156-checksums.txt",20
"2022-09-24T15:30:09Z","quarto-1.2.154.tar.gz",101
"2022-09-24T15:30:09Z","quarto-1.2.154-linux-amd64.tar.gz",102
"2022-09-24T15:30:09Z","quarto-1.2.154-linux-amd64.deb",150
"2022-09-24T15:30:09Z","quarto-1.2.154-win.msi",112
"2022-09-24T15:30:09Z","quarto-1.2.154-win.zip",106
"2022-09-24T15:30:09Z","quarto-1.2.154-macos.pkg",105
"2022-09-24T15:30:09Z","quarto-1.2.154-macos.tar.gz",106
"2022-09-24T15:30:09Z","changelog.md",105
"2022-09-24T15:30:09Z","quarto-1.2.154-checksums.txt",101
"2022-09-23T17:31:03Z","quarto-1.2.151.tar.gz",74
"2022-09-23T17:31:03Z","quarto-1.2.151-linux-amd64.tar.gz",76
"2022-09-23T17:31:03Z","quarto-1.2.151-linux-amd64.deb",111
"2022-09-23T17:31:03Z","quarto-1.2.151-win.msi",79
"2022-09-23T17:31:03Z","quarto-1.2.151-win.zip",85
"2022-09-23T17:31:03Z","quarto-1.2.151-macos.pkg",78
"2022-09-23T17:31:03Z","quarto-1.2.151-macos.tar.gz",77
"2022-09-23T17:31:03Z","changelog.md",77
"2022-09-23T17:31:03Z","quarto-1.2.151-checksums.txt",74
"2022-09-23T10:20:18Z","quarto-1.2.150.tar.gz",27
"2022-09-23T10:20:18Z","quarto-1.2.150-linux-amd64.tar.gz",30
"2022-09-23T10:20:18Z","quarto-1.2.150-linux-amd64.deb",43
"2022-09-23T10:20:18Z","quarto-1.2.150-win.msi",36
"2022-09-23T10:20:18Z","quarto-1.2.150-win.zip",31
"2022-09-23T10:20:18Z","quarto-1.2.150-macos.pkg",32
"2022-09-23T10:20:18Z","quarto-1.2.150-macos.tar.gz",29
"2022-09-23T10:20:18Z","changelog.md",27
"2022-09-23T10:20:18Z","quarto-1.2.150-checksums.txt",28
"2022-09-22T14:26:00Z","quarto-1.2.148.tar.gz",59
"2022-09-22T14:26:00Z","quarto-1.2.148-linux-amd64.tar.gz",62
"2022-09-22T14:26:00Z","quarto-1.2.148-linux-amd64.deb",104
"2022-09-22T14:26:00Z","quarto-1.2.148-win.msi",71
"2022-09-22T14:26:00Z","quarto-1.2.148-win.zip",69
"2022-09-22T14:26:00Z","quarto-1.2.148-macos.pkg",67
"2022-09-22T14:26:00Z","quarto-1.2.148-macos.tar.gz",64
"2022-09-22T14:26:00Z","changelog.md",60
"2022-09-22T14:26:00Z","quarto-1.2.148-checksums.txt",61
"2022-09-22T13:22:18Z","quarto-1.2.147.tar.gz",10
"2022-09-22T13:22:18Z","quarto-1.2.147-linux-amd64.tar.gz",9
"2022-09-22T13:22:18Z","quarto-1.2.147-linux-amd64.deb",12
"2022-09-22T13:22:18Z","quarto-1.2.147-win.msi",9
"2022-09-22T13:22:18Z","quarto-1.2.147-win.zip",9
"2022-09-22T13:22:18Z","quarto-1.2.147-macos.pkg",11
"2022-09-22T13:22:18Z","quarto-1.2.147-macos.tar.gz",16
"2022-09-22T13:22:18Z","changelog.md",9
"2022-09-22T13:22:18Z","quarto-1.2.147-checksums.txt",9
"2022-09-22T00:57:02Z","quarto-1.2.145.tar.gz",34
"2022-09-22T00:57:02Z","quarto-1.2.145-linux-amd64.tar.gz",34
"2022-09-22T00:57:02Z","quarto-1.2.145-linux-amd64.deb",56
"2022-09-22T00:57:02Z","quarto-1.2.145-win.msi",43
"2022-09-22T00:57:02Z","quarto-1.2.145-win.zip",40
"2022-09-22T00:57:02Z","quarto-1.2.145-macos.pkg",37
"2022-09-22T00:57:02Z","quarto-1.2.145-macos.tar.gz",36
"2022-09-22T00:57:02Z","changelog.md",34
"2022-09-22T00:57:02Z","quarto-1.2.145-checksums.txt",34
"2022-09-21T18:25:48Z","quarto-1.2.144.tar.gz",29
"2022-09-21T18:25:48Z","quarto-1.2.144-linux-amd64.tar.gz",31
"2022-09-21T18:25:48Z","quarto-1.2.144-linux-amd64.deb",44
"2022-09-21T18:25:48Z","quarto-1.2.144-win.msi",35
"2022-09-21T18:25:48Z","quarto-1.2.144-win.zip",29
"2022-09-21T18:25:48Z","quarto-1.2.144-macos.pkg",34
"2022-09-21T18:25:48Z","quarto-1.2.144-macos.tar.gz",31
"2022-09-21T18:25:48Z","changelog.md",30
"2022-09-21T18:25:48Z","quarto-1.2.144-checksums.txt",29
"2022-09-21T17:40:22Z","quarto-1.2.143.tar.gz",8
"2022-09-21T17:40:22Z","quarto-1.2.143-linux-amd64.tar.gz",8
"2022-09-21T17:40:22Z","quarto-1.2.143-linux-amd64.deb",10
"2022-09-21T17:40:22Z","quarto-1.2.143-win.msi",10
"2022-09-21T17:40:22Z","quarto-1.2.143-win.zip",8
"2022-09-21T17:40:22Z","quarto-1.2.143-macos.pkg",9
"2022-09-21T17:40:22Z","quarto-1.2.143-macos.tar.gz",10
"2022-09-21T17:40:22Z","changelog.md",8
"2022-09-21T17:40:22Z","quarto-1.2.143-checksums.txt",8
"2022-09-21T14:12:01Z","quarto-1.2.142.tar.gz",15
"2022-09-21T14:12:01Z","quarto-1.2.142-linux-amd64.tar.gz",16
"2022-09-21T14:12:01Z","quarto-1.2.142-linux-amd64.deb",32
"2022-09-21T14:12:01Z","quarto-1.2.142-win.msi",17
"2022-09-21T14:12:01Z","quarto-1.2.142-win.zip",21
"2022-09-21T14:12:01Z","quarto-1.2.142-macos.pkg",22
"2022-09-21T14:12:01Z","quarto-1.2.142-macos.tar.gz",20
"2022-09-21T14:12:01Z","changelog.md",15
"2022-09-21T14:12:01Z","quarto-1.2.142-checksums.txt",15
"2022-09-21T12:31:11Z","quarto-1.2.141.tar.gz",6
"2022-09-21T12:31:11Z","quarto-1.2.141-linux-amd64.tar.gz",6
"2022-09-21T12:31:11Z","quarto-1.2.141-linux-amd64.deb",9
"2022-09-21T12:31:11Z","quarto-1.2.141-win.msi",8
"2022-09-21T12:31:11Z","quarto-1.2.141-win.zip",7
"2022-09-21T12:31:11Z","quarto-1.2.141-macos.pkg",8
"2022-09-21T12:31:11Z","quarto-1.2.141-macos.tar.gz",8
"2022-09-21T12:31:11Z","changelog.md",6
"2022-09-21T12:31:11Z","quarto-1.2.141-checksums.txt",6
"2022-09-21T11:59:20Z","quarto-1.2.140.tar.gz",8
"2022-09-21T11:59:20Z","quarto-1.2.140-linux-amd64.tar.gz",10
"2022-09-21T11:59:20Z","quarto-1.2.140-linux-amd64.deb",12
"2022-09-21T11:59:20Z","quarto-1.2.140-win.msi",10
"2022-09-21T11:59:20Z","quarto-1.2.140-win.zip",9
"2022-09-21T11:59:20Z","quarto-1.2.140-macos.pkg",11
"2022-09-21T11:59:20Z","quarto-1.2.140-macos.tar.gz",10
"2022-09-21T11:59:20Z","changelog.md",8
"2022-09-21T11:59:20Z","quarto-1.2.140-checksums.txt",8
"2022-09-21T10:05:03Z","quarto-1.2.139.tar.gz",12
"2022-09-21T10:05:03Z","quarto-1.2.139-linux-amd64.tar.gz",12
"2022-09-21T10:05:03Z","quarto-1.2.139-linux-amd64.deb",15
"2022-09-21T10:05:03Z","quarto-1.2.139-win.msi",14
"2022-09-21T10:05:03Z","quarto-1.2.139-win.zip",12
"2022-09-21T10:05:03Z","quarto-1.2.139-macos.pkg",16
"2022-09-21T10:05:03Z","quarto-1.2.139-macos.tar.gz",14
"2022-09-21T10:05:03Z","changelog.md",12
"2022-09-21T10:05:03Z","quarto-1.2.139-checksums.txt",12
"2022-09-20T17:52:33Z","quarto-1.2.137.tar.gz",48
"2022-09-20T17:52:33Z","quarto-1.2.137-linux-amd64.tar.gz",47
"2022-09-20T17:52:33Z","quarto-1.2.137-linux-amd64.deb",119
"2022-09-20T17:52:33Z","quarto-1.2.137-win.msi",55
"2022-09-20T17:52:33Z","quarto-1.2.137-win.zip",52
"2022-09-20T17:52:33Z","quarto-1.2.137-macos.pkg",52
"2022-09-20T17:52:33Z","quarto-1.2.137-macos.tar.gz",50
"2022-09-20T17:52:33Z","changelog.md",52
"2022-09-20T17:52:33Z","quarto-1.2.137-checksums.txt",50
"2022-09-20T17:16:39Z","quarto-1.2.136.tar.gz",9
"2022-09-20T17:16:39Z","quarto-1.2.136-linux-amd64.tar.gz",9
"2022-09-20T17:16:39Z","quarto-1.2.136-linux-amd64.deb",12
"2022-09-20T17:16:39Z","quarto-1.2.136-win.msi",10
"2022-09-20T17:16:39Z","quarto-1.2.136-win.zip",9
"2022-09-20T17:16:39Z","quarto-1.2.136-macos.pkg",11
"2022-09-20T17:16:39Z","quarto-1.2.136-macos.tar.gz",11
"2022-09-20T17:16:39Z","changelog.md",9
"2022-09-20T17:16:39Z","quarto-1.2.136-checksums.txt",9
"2022-09-19T22:59:25Z","quarto-1.2.134.tar.gz",59
"2022-09-19T22:59:25Z","quarto-1.2.134-linux-amd64.tar.gz",59
"2022-09-19T22:59:25Z","quarto-1.2.134-linux-amd64.deb",104
"2022-09-19T22:59:25Z","quarto-1.2.134-win.msi",63
"2022-09-19T22:59:25Z","quarto-1.2.134-win.zip",58
"2022-09-19T22:59:25Z","quarto-1.2.134-macos.pkg",66
"2022-09-19T22:59:25Z","quarto-1.2.134-macos.tar.gz",56
"2022-09-19T22:59:25Z","changelog.md",55
"2022-09-19T22:59:25Z","quarto-1.2.134-checksums.txt",54
"2022-09-19T18:43:40Z","quarto-1.2.133.tar.gz",24
"2022-09-19T18:43:40Z","quarto-1.2.133-linux-amd64.tar.gz",25
"2022-09-19T18:43:40Z","quarto-1.2.133-linux-amd64.deb",45
"2022-09-19T18:43:40Z","quarto-1.2.133-win.msi",27
"2022-09-19T18:43:40Z","quarto-1.2.133-win.zip",26
"2022-09-19T18:43:40Z","quarto-1.2.133-macos.pkg",27
"2022-09-19T18:43:40Z","quarto-1.2.133-macos.tar.gz",28
"2022-09-19T18:43:40Z","changelog.md",23
"2022-09-19T18:43:40Z","quarto-1.2.133-checksums.txt",23
"2022-09-18T16:54:09Z","quarto-1.2.131.tar.gz",80
"2022-09-18T16:54:09Z","quarto-1.2.131-linux-amd64.tar.gz",83
"2022-09-18T16:54:09Z","quarto-1.2.131-linux-amd64.deb",146
"2022-09-18T16:54:09Z","quarto-1.2.131-win.msi",85
"2022-09-18T16:54:09Z","quarto-1.2.131-win.zip",82
"2022-09-18T16:54:09Z","quarto-1.2.131-macos.pkg",87
"2022-09-18T16:54:09Z","quarto-1.2.131-macos.tar.gz",83
"2022-09-18T16:54:09Z","changelog.md",82
"2022-09-18T16:54:09Z","quarto-1.2.131-checksums.txt",81
"2022-09-18T12:47:22Z","quarto-1.2.130.tar.gz",19
"2022-09-18T12:47:22Z","quarto-1.2.130-linux-amd64.tar.gz",19
"2022-09-18T12:47:22Z","quarto-1.2.130-linux-amd64.deb",50
"2022-09-18T12:47:22Z","quarto-1.2.130-win.msi",22
"2022-09-18T12:47:22Z","quarto-1.2.130-win.zip",20
"2022-09-18T12:47:22Z","quarto-1.2.130-macos.pkg",22
"2022-09-18T12:47:22Z","quarto-1.2.130-macos.tar.gz",23
"2022-09-18T12:47:22Z","changelog.md",20
"2022-09-18T12:47:22Z","quarto-1.2.130-checksums.txt",19
"2022-09-18T00:27:25Z","quarto-1.2.129.tar.gz",10
"2022-09-18T00:27:25Z","quarto-1.2.129-linux-amd64.tar.gz",10
"2022-09-18T00:27:25Z","quarto-1.2.129-linux-amd64.deb",12
"2022-09-18T00:27:25Z","quarto-1.2.129-win.msi",10
"2022-09-18T00:27:25Z","quarto-1.2.129-win.zip",11
"2022-09-18T00:27:25Z","quarto-1.2.129-macos.pkg",12
"2022-09-18T00:27:25Z","quarto-1.2.129-macos.tar.gz",15
"2022-09-18T00:27:25Z","changelog.md",10
"2022-09-18T00:27:25Z","quarto-1.2.129-checksums.txt",10
"2022-09-18T00:27:25Z","quarto-1.2.127.tar.gz",34
"2022-09-18T00:27:25Z","quarto-1.2.127-linux-amd64.tar.gz",39
"2022-09-17T10:44:21Z","quarto-1.2.126.tar.gz",54
"2022-09-17T10:44:21Z","quarto-1.2.126-linux-amd64.tar.gz",54
"2022-09-17T10:44:21Z","quarto-1.2.126-linux-amd64.deb",94
"2022-09-17T10:44:21Z","quarto-1.2.126-win.msi",60
"2022-09-17T10:44:21Z","quarto-1.2.126-win.zip",55
"2022-09-17T10:44:21Z","quarto-1.2.126-macos.pkg",60
"2022-09-17T10:44:21Z","quarto-1.2.126-macos.tar.gz",60
"2022-09-17T10:44:21Z","changelog.md",54
"2022-09-17T10:44:21Z","quarto-1.2.126-checksums.txt",54
"2022-09-16T21:35:45Z","quarto-1.2.124.tar.gz",44
"2022-09-16T21:35:45Z","quarto-1.2.124-linux-amd64.tar.gz",43
"2022-09-16T21:35:45Z","quarto-1.2.124-linux-amd64.deb",74
"2022-09-16T21:35:45Z","quarto-1.2.124-win.msi",49
"2022-09-16T21:35:45Z","quarto-1.2.124-win.zip",44
"2022-09-16T21:35:45Z","quarto-1.2.124-macos.pkg",46
"2022-09-16T21:35:45Z","quarto-1.2.124-macos.tar.gz",45
"2022-09-16T21:35:45Z","changelog.md",45
"2022-09-16T21:35:45Z","quarto-1.2.124-checksums.txt",43
"2022-09-16T18:20:50Z","quarto-1.2.123.tar.gz",13
"2022-09-16T18:20:50Z","quarto-1.2.123-linux-amd64.tar.gz",12
"2022-09-16T18:20:50Z","quarto-1.2.123-linux-amd64.deb",18
"2022-09-16T18:20:50Z","quarto-1.2.123-win.msi",13
"2022-09-16T18:20:50Z","quarto-1.2.123-win.zip",12
"2022-09-16T18:20:50Z","quarto-1.2.123-macos.pkg",14
"2022-09-16T18:20:50Z","quarto-1.2.123-macos.tar.gz",14
"2022-09-16T18:20:50Z","changelog.md",14
"2022-09-16T18:20:50Z","quarto-1.2.123-checksums.txt",12
"2022-09-16T18:20:50Z","quarto-1.2.122.tar.gz",9
"2022-09-16T18:20:50Z","quarto-1.2.122-linux-amd64.tar.gz",9
"2022-09-16T18:20:50Z","quarto-1.2.122-linux-amd64.deb",13
"2022-09-16T18:20:50Z","quarto-1.2.122-win.msi",13
"2022-09-16T18:20:50Z","quarto-1.2.122-win.zip",9
"2022-09-16T18:20:50Z","quarto-1.2.122-macos.pkg",12
"2022-09-16T18:20:50Z","quarto-1.2.122-macos.tar.gz",13
"2022-09-16T18:20:50Z","changelog.md",12
"2022-09-16T18:20:50Z","quarto-1.2.122-checksums.txt",9
"2022-09-16T16:39:11Z","quarto-1.2.121.tar.gz",9
"2022-09-16T16:39:11Z","quarto-1.2.121-linux-amd64.tar.gz",10
"2022-09-16T16:39:11Z","quarto-1.2.121-linux-amd64.deb",13
"2022-09-16T16:39:11Z","quarto-1.2.121-win.msi",11
"2022-09-16T16:39:11Z","quarto-1.2.121-win.zip",9
"2022-09-16T16:39:11Z","quarto-1.2.121-macos.pkg",12
"2022-09-16T16:39:11Z","quarto-1.2.121-macos.tar.gz",11
"2022-09-16T16:39:11Z","changelog.md",10
"2022-09-16T16:39:11Z","quarto-1.2.121-checksums.txt",9
"2022-09-16T13:28:47Z","quarto-1.2.119.tar.gz",16
"2022-09-16T13:28:47Z","quarto-1.2.119-linux-amd64.tar.gz",19
"2022-09-16T13:28:47Z","quarto-1.2.119-linux-amd64.deb",83
"2022-09-16T13:28:47Z","quarto-1.2.119-win.msi",19
"2022-09-16T13:28:47Z","quarto-1.2.119-win.zip",17
"2022-09-16T13:28:47Z","quarto-1.2.119-macos.pkg",19
"2022-09-16T13:28:47Z","quarto-1.2.119-macos.tar.gz",19
"2022-09-16T13:28:47Z","changelog.md",17
"2022-09-16T13:28:47Z","quarto-1.2.119-checksums.txt",16
"2022-09-16T13:30:16Z","quarto-1.1.251.tar.gz",5701
"2022-09-16T13:30:16Z","quarto-1.1.251-linux-amd64.tar.gz",8951
"2022-09-16T13:30:16Z","quarto-1.1.251-linux-amd64.deb",38292
"2022-09-16T13:30:16Z","quarto-1.1.251-linux-rhel7-amd64.tar.gz",6174
"2022-09-16T13:30:16Z","quarto-1.1.251-win.msi",13329
"2022-09-16T13:30:16Z","quarto-1.1.251-win.zip",6336
"2022-09-16T13:30:16Z","quarto-1.1.251-macos.pkg",12331
"2022-09-16T13:30:16Z","quarto-1.1.251-macos.tar.gz",5762
"2022-09-16T13:30:16Z","changelog.md",5760
"2022-09-16T13:30:16Z","quarto-1.1.251-checksums.txt",5703
"2022-09-15T18:59:53Z","quarto-1.2.117.tar.gz",49
"2022-09-15T18:59:53Z","quarto-1.2.117-linux-amd64.tar.gz",48
"2022-09-15T18:59:53Z","quarto-1.2.117-linux-amd64.deb",92
"2022-09-15T18:59:53Z","quarto-1.2.117-win.msi",57
"2022-09-15T18:59:53Z","quarto-1.2.117-win.zip",52
"2022-09-15T18:59:53Z","quarto-1.2.117-macos.pkg",54
"2022-09-15T18:59:53Z","quarto-1.2.117-macos.tar.gz",53
"2022-09-15T18:59:53Z","changelog.md",49
"2022-09-15T18:59:53Z","quarto-1.2.117-checksums.txt",48
"2022-09-15T18:07:05Z","quarto-1.2.116.tar.gz",17
"2022-09-15T18:07:05Z","quarto-1.2.116-linux-amd64.tar.gz",16
"2022-09-15T18:07:05Z","quarto-1.2.116-linux-amd64.deb",25
"2022-09-15T18:07:05Z","quarto-1.2.116-win.msi",17
"2022-09-15T18:07:05Z","quarto-1.2.116-win.zip",16
"2022-09-15T18:07:05Z","quarto-1.2.116-macos.pkg",19
"2022-09-15T18:07:05Z","quarto-1.2.116-macos.tar.gz",18
"2022-09-15T18:07:05Z","changelog.md",16
"2022-09-15T18:07:05Z","quarto-1.2.116-checksums.txt",16
"2022-09-15T15:57:27Z","quarto-1.2.113.tar.gz",12
"2022-09-15T15:57:27Z","quarto-1.2.113-linux-amd64.tar.gz",14
"2022-09-15T15:57:27Z","quarto-1.2.113-linux-amd64.deb",18
"2022-09-15T15:57:27Z","quarto-1.2.113-win.msi",12
"2022-09-15T15:57:27Z","quarto-1.2.113-win.zip",12
"2022-09-15T15:57:27Z","quarto-1.2.113-macos.pkg",14
"2022-09-15T15:57:27Z","quarto-1.2.113-macos.tar.gz",14
"2022-09-15T15:57:27Z","changelog.md",12
"2022-09-15T15:57:27Z","quarto-1.2.113-checksums.txt",12
"2022-09-15T13:14:58Z","quarto-1.2.112.tar.gz",14
"2022-09-15T13:14:58Z","quarto-1.2.112-linux-amd64.tar.gz",13
"2022-09-15T13:14:58Z","quarto-1.2.112-linux-amd64.deb",511
"2022-09-15T13:14:58Z","quarto-1.2.112-win.msi",19
"2022-09-15T13:14:58Z","quarto-1.2.112-win.zip",17
"2022-09-15T13:14:58Z","quarto-1.2.112-macos.pkg",16
"2022-09-15T13:14:58Z","quarto-1.2.112-macos.tar.gz",20
"2022-09-15T13:14:58Z","changelog.md",13
"2022-09-15T13:14:58Z","quarto-1.2.112-checksums.txt",14
"2022-09-15T10:06:07Z","quarto-1.2.110.tar.gz",16
"2022-09-15T10:06:07Z","quarto-1.2.110-linux-amd64.tar.gz",16
"2022-09-15T10:06:07Z","quarto-1.2.110-linux-amd64.deb",25
"2022-09-15T10:06:07Z","quarto-1.2.110-win.msi",17
"2022-09-15T10:06:07Z","quarto-1.2.110-win.zip",19
"2022-09-15T10:06:07Z","quarto-1.2.110-macos.pkg",20
"2022-09-15T10:06:07Z","quarto-1.2.110-macos.tar.gz",19
"2022-09-15T10:06:07Z","changelog.md",16
"2022-09-15T10:06:07Z","quarto-1.2.110-checksums.txt",17
"2022-09-15T16:19:27Z","quarto-1.1.245.tar.gz",110
"2022-09-15T16:19:27Z","quarto-1.1.245-linux-amd64.tar.gz",172
"2022-09-15T16:19:27Z","quarto-1.1.245-linux-amd64.deb",812
"2022-09-15T16:19:27Z","quarto-1.1.245-linux-rhel7-amd64.tar.gz",214
"2022-09-15T16:19:27Z","quarto-1.1.245-win.msi",267
"2022-09-15T16:19:27Z","quarto-1.1.245-win.zip",190
"2022-09-15T16:19:27Z","quarto-1.1.245-macos.pkg",355
"2022-09-15T16:19:27Z","quarto-1.1.245-macos.tar.gz",115
"2022-09-15T16:19:27Z","changelog.md",116
"2022-09-15T16:19:27Z","quarto-1.1.245-checksums.txt",124
"2022-09-15T10:06:39Z","quarto-1.1.242.tar.gz",42
"2022-09-15T10:06:39Z","quarto-1.1.242-linux-amd64.tar.gz",82
"2022-09-15T10:06:39Z","quarto-1.1.242-linux-amd64.deb",373
"2022-09-15T10:06:39Z","quarto-1.1.242-linux-rhel7-amd64.tar.gz",56
"2022-09-15T10:06:39Z","quarto-1.1.242-win.msi",104
"2022-09-15T10:06:39Z","quarto-1.1.242-win.zip",66
"2022-09-15T10:06:39Z","quarto-1.1.242-macos.pkg",82
"2022-09-15T10:06:39Z","quarto-1.1.242-macos.tar.gz",46
"2022-09-15T10:06:39Z","changelog.md",46
"2022-09-15T10:06:39Z","quarto-1.1.242-checksums.txt",53
"2022-09-14T18:08:54Z","quarto-1.2.108.tar.gz",50
"2022-09-14T18:08:54Z","quarto-1.2.108-linux-amd64.tar.gz",50
"2022-09-14T18:08:54Z","quarto-1.2.108-linux-amd64.deb",92
"2022-09-14T18:08:54Z","quarto-1.2.108-win.msi",67
"2022-09-14T18:08:54Z","quarto-1.2.108-win.zip",50
"2022-09-14T18:08:54Z","quarto-1.2.108-macos.pkg",54
"2022-09-14T18:08:54Z","quarto-1.2.108-macos.tar.gz",51
"2022-09-14T18:08:54Z","changelog.md",50
"2022-09-14T18:08:54Z","quarto-1.2.108-checksums.txt",50
"2022-09-14T13:47:18Z","quarto-1.2.107.tar.gz",21
"2022-09-14T13:47:18Z","quarto-1.2.107-linux-amd64.tar.gz",22
"2022-09-14T13:47:18Z","quarto-1.2.107-linux-amd64.deb",31
"2022-09-14T13:47:18Z","quarto-1.2.107-win.msi",23
"2022-09-14T13:47:18Z","quarto-1.2.107-win.zip",22
"2022-09-14T13:47:18Z","quarto-1.2.107-macos.pkg",27
"2022-09-14T13:47:18Z","quarto-1.2.107-macos.tar.gz",28
"2022-09-14T13:47:18Z","changelog.md",21
"2022-09-14T13:47:18Z","quarto-1.2.107-checksums.txt",21
"2022-09-14T12:27:30Z","quarto-1.2.106.tar.gz",7
"2022-09-14T12:27:30Z","quarto-1.2.106-linux-amd64.tar.gz",7
"2022-09-14T12:27:30Z","quarto-1.2.106-linux-amd64.deb",10
"2022-09-14T12:27:30Z","quarto-1.2.106-win.msi",7
"2022-09-14T12:27:30Z","quarto-1.2.106-win.zip",8
"2022-09-14T12:27:30Z","quarto-1.2.106-macos.pkg",11
"2022-09-14T12:27:30Z","quarto-1.2.106-macos.tar.gz",10
"2022-09-14T12:27:30Z","changelog.md",9
"2022-09-14T12:27:30Z","quarto-1.2.106-checksums.txt",7
"2022-09-14T12:08:26Z","quarto-1.2.105.tar.gz",5
"2022-09-14T12:08:26Z","quarto-1.2.105-linux-amd64.tar.gz",5
"2022-09-14T12:08:26Z","quarto-1.2.105-linux-amd64.deb",6
"2022-09-14T12:08:26Z","quarto-1.2.105-win.msi",5
"2022-09-14T12:08:26Z","quarto-1.2.105-win.zip",8
"2022-09-14T12:08:26Z","quarto-1.2.105-macos.pkg",7
"2022-09-14T12:08:26Z","quarto-1.2.105-macos.tar.gz",7
"2022-09-14T12:08:26Z","changelog.md",5
"2022-09-14T12:08:26Z","quarto-1.2.105-checksums.txt",6
"2022-09-13T20:58:15Z","quarto-1.2.102.tar.gz",46
"2022-09-13T20:58:15Z","quarto-1.2.102-linux-amd64.tar.gz",46
"2022-09-13T20:58:15Z","quarto-1.2.102-linux-amd64.deb",78
"2022-09-13T20:58:15Z","quarto-1.2.102-win.msi",57
"2022-09-13T20:58:15Z","quarto-1.2.102-win.zip",49
"2022-09-13T20:58:15Z","quarto-1.2.102-macos.pkg",51
"2022-09-13T20:58:15Z","quarto-1.2.102-macos.tar.gz",47
"2022-09-13T20:58:15Z","changelog.md",49
"2022-09-13T20:58:15Z","quarto-1.2.102-checksums.txt",45
"2022-09-13T18:11:25Z","quarto-1.2.101.tar.gz",16
"2022-09-13T18:11:25Z","quarto-1.2.101-linux-amd64.tar.gz",16
"2022-09-13T18:11:25Z","quarto-1.2.101-linux-amd64.deb",21
"2022-09-13T18:11:25Z","quarto-1.2.101-win.msi",17
"2022-09-13T18:11:25Z","quarto-1.2.101-win.zip",16
"2022-09-13T18:11:25Z","quarto-1.2.101-macos.pkg",20
"2022-09-13T18:11:25Z","quarto-1.2.101-macos.tar.gz",19
"2022-09-13T18:11:25Z","changelog.md",18
"2022-09-13T18:11:25Z","quarto-1.2.101-checksums.txt",16
"2022-09-13T16:38:24Z","quarto-1.2.100.tar.gz",10
"2022-09-13T16:38:24Z","quarto-1.2.100-linux-amd64.tar.gz",11
"2022-09-13T16:38:24Z","quarto-1.2.100-linux-amd64.deb",13
"2022-09-13T16:38:24Z","quarto-1.2.100-win.msi",13
"2022-09-13T16:38:24Z","quarto-1.2.100-win.zip",12
"2022-09-13T16:38:24Z","quarto-1.2.100-macos.pkg",11
"2022-09-13T16:38:24Z","quarto-1.2.100-macos.tar.gz",19
"2022-09-13T16:38:24Z","changelog.md",10
"2022-09-13T16:38:24Z","quarto-1.2.100-checksums.txt",11
"2022-09-13T11:42:25Z","quarto-1.2.99.tar.gz",24
"2022-09-13T11:42:25Z","quarto-1.2.99-linux-amd64.tar.gz",20
"2022-09-13T11:42:25Z","quarto-1.2.99-linux-amd64.deb",39
"2022-09-13T11:42:25Z","quarto-1.2.99-win.msi",27
"2022-09-13T11:42:25Z","quarto-1.2.99-win.zip",20
"2022-09-13T11:42:25Z","quarto-1.2.99-macos.pkg",25
"2022-09-13T11:42:25Z","quarto-1.2.99-macos.tar.gz",22
"2022-09-13T11:42:25Z","changelog.md",20
"2022-09-13T11:42:25Z","quarto-1.2.99-checksums.txt",20
"2022-09-13T10:41:35Z","quarto-1.2.98.tar.gz",8
"2022-09-13T10:41:35Z","quarto-1.2.98-linux-amd64.tar.gz",8
"2022-09-13T10:41:35Z","quarto-1.2.98-linux-amd64.deb",11
"2022-09-13T10:41:35Z","quarto-1.2.98-win.msi",8
"2022-09-13T10:41:35Z","quarto-1.2.98-win.zip",8
"2022-09-13T10:41:35Z","quarto-1.2.98-macos.pkg",9
"2022-09-13T10:41:35Z","quarto-1.2.98-macos.tar.gz",10
"2022-09-13T10:41:35Z","changelog.md",9
"2022-09-13T10:41:35Z","quarto-1.2.98-checksums.txt",8
"2022-09-13T00:37:48Z","quarto-1.2.96.tar.gz",26
"2022-09-13T00:37:48Z","quarto-1.2.96-linux-amd64.tar.gz",28
"2022-09-13T00:37:48Z","quarto-1.2.96-linux-amd64.deb",52
"2022-09-13T00:37:48Z","quarto-1.2.96-win.msi",40
"2022-09-13T00:37:48Z","quarto-1.2.96-win.zip",26
"2022-09-13T00:37:48Z","quarto-1.2.96-macos.pkg",33
"2022-09-13T00:37:48Z","quarto-1.2.96-macos.tar.gz",32
"2022-09-13T00:37:48Z","changelog.md",28
"2022-09-13T00:37:48Z","quarto-1.2.96-checksums.txt",26
"2022-09-12T19:25:49Z","quarto-1.2.95.tar.gz",23
"2022-09-12T19:25:49Z","quarto-1.2.95-linux-amd64.tar.gz",23
"2022-09-12T19:25:49Z","quarto-1.2.95-linux-amd64.deb",34
"2022-09-12T19:25:49Z","quarto-1.2.95-win.msi",29
"2022-09-12T19:25:49Z","quarto-1.2.95-win.zip",23
"2022-09-12T19:25:49Z","quarto-1.2.95-macos.pkg",28
"2022-09-12T19:25:49Z","quarto-1.2.95-macos.tar.gz",29
"2022-09-12T19:25:49Z","changelog.md",24
"2022-09-12T19:25:49Z","quarto-1.2.95-checksums.txt",23
"2022-09-12T15:43:23Z","quarto-1.2.94.tar.gz",16
"2022-09-12T15:43:23Z","quarto-1.2.94-linux-amd64.tar.gz",17
"2022-09-12T15:43:23Z","quarto-1.2.94-linux-amd64.deb",71
"2022-09-12T15:43:23Z","quarto-1.2.94-win.msi",16
"2022-09-12T15:43:23Z","quarto-1.2.94-win.zip",16
"2022-09-12T15:43:23Z","quarto-1.2.94-macos.pkg",21
"2022-09-12T15:43:23Z","quarto-1.2.94-macos.tar.gz",18
"2022-09-12T15:43:23Z","changelog.md",20
"2022-09-12T15:43:23Z","quarto-1.2.94-checksums.txt",16
"2022-09-11T17:15:33Z","quarto-1.2.92.tar.gz",69
"2022-09-11T17:15:33Z","quarto-1.2.92-linux-amd64.tar.gz",69
"2022-09-11T17:15:33Z","quarto-1.2.92-linux-amd64.deb",115
"2022-09-11T17:15:33Z","quarto-1.2.92-win.msi",81
"2022-09-11T17:15:33Z","quarto-1.2.92-win.zip",72
"2022-09-11T17:15:33Z","quarto-1.2.92-macos.pkg",83
"2022-09-11T17:15:33Z","quarto-1.2.92-macos.tar.gz",71
"2022-09-11T17:15:33Z","changelog.md",70
"2022-09-11T17:15:33Z","quarto-1.2.92-checksums.txt",71
"2022-09-10T22:12:08Z","quarto-1.2.90.tar.gz",62
"2022-09-10T22:12:08Z","quarto-1.2.90-linux-amd64.tar.gz",62
"2022-09-10T22:12:08Z","quarto-1.2.90-linux-amd64.deb",459
"2022-09-10T22:12:08Z","quarto-1.2.90-win.msi",73
"2022-09-10T22:12:08Z","quarto-1.2.90-win.zip",66
"2022-09-10T22:12:08Z","quarto-1.2.90-macos.pkg",66
"2022-09-10T22:12:08Z","quarto-1.2.90-macos.tar.gz",66
"2022-09-10T22:12:08Z","changelog.md",64
"2022-09-10T22:12:08Z","quarto-1.2.90-checksums.txt",63
"2022-09-10T16:27:58Z","quarto-1.2.89.tar.gz",28
"2022-09-10T16:27:58Z","quarto-1.2.89-linux-amd64.tar.gz",28
"2022-09-10T16:27:58Z","quarto-1.2.89-linux-amd64.deb",45
"2022-09-10T16:27:58Z","quarto-1.2.89-win.msi",31
"2022-09-10T16:27:58Z","quarto-1.2.89-win.zip",29
"2022-09-10T16:27:58Z","quarto-1.2.89-macos.pkg",33
"2022-09-10T16:27:58Z","quarto-1.2.89-macos.tar.gz",38
"2022-09-10T16:27:58Z","changelog.md",31
"2022-09-10T16:27:58Z","quarto-1.2.89-checksums.txt",28
"2022-09-10T15:37:23Z","quarto-1.2.88.tar.gz",7
"2022-09-10T15:37:23Z","quarto-1.2.88-linux-amd64.tar.gz",7
"2022-09-10T15:37:23Z","quarto-1.2.88-linux-amd64.deb",9
"2022-09-10T15:37:23Z","quarto-1.2.88-win.msi",7
"2022-09-10T15:37:23Z","quarto-1.2.88-win.zip",7
"2022-09-10T15:37:23Z","quarto-1.2.88-macos.pkg",9
"2022-09-10T15:37:23Z","quarto-1.2.88-macos.tar.gz",14
"2022-09-10T15:37:23Z","changelog.md",7
"2022-09-10T15:37:23Z","quarto-1.2.88-checksums.txt",7
"2022-09-10T15:19:11Z","quarto-1.2.87.tar.gz",6
"2022-09-10T15:19:11Z","quarto-1.2.87-linux-amd64.tar.gz",5
"2022-09-10T15:19:11Z","quarto-1.2.87-linux-amd64.deb",7
"2022-09-10T15:19:11Z","quarto-1.2.87-win.msi",6
"2022-09-10T15:19:11Z","quarto-1.2.87-win.zip",6
"2022-09-10T15:19:11Z","quarto-1.2.87-macos.pkg",7
"2022-09-10T15:19:11Z","quarto-1.2.87-macos.tar.gz",10
"2022-09-10T15:19:11Z","changelog.md",5
"2022-09-10T15:19:11Z","quarto-1.2.87-checksums.txt",5
"2022-09-10T15:07:20Z","quarto-1.2.86.tar.gz",5
"2022-09-10T15:07:20Z","quarto-1.2.86-linux-amd64.tar.gz",5
"2022-09-10T15:07:20Z","quarto-1.2.86-linux-amd64.deb",6
"2022-09-10T15:07:20Z","quarto-1.2.86-win.msi",8
"2022-09-10T15:07:20Z","quarto-1.2.86-win.zip",5
"2022-09-10T15:07:20Z","quarto-1.2.86-macos.pkg",6
"2022-09-10T15:07:20Z","quarto-1.2.86-macos.tar.gz",10
"2022-09-10T15:07:20Z","changelog.md",5
"2022-09-10T15:07:20Z","quarto-1.2.86-checksums.txt",5
"2022-09-10T13:24:43Z","quarto-1.2.85.tar.gz",10
"2022-09-10T13:24:43Z","quarto-1.2.85-linux-amd64.tar.gz",10
"2022-09-10T13:24:43Z","quarto-1.2.85-linux-amd64.deb",18
"2022-09-10T13:24:43Z","quarto-1.2.85-win.msi",18
"2022-09-10T13:24:43Z","quarto-1.2.85-win.zip",10
"2022-09-10T13:24:43Z","quarto-1.2.85-macos.pkg",13
"2022-09-10T13:24:43Z","quarto-1.2.85-macos.tar.gz",12
"2022-09-10T13:24:43Z","changelog.md",13
"2022-09-10T13:24:43Z","quarto-1.2.85-checksums.txt",10
"2022-09-09T22:45:20Z","quarto-1.2.83.tar.gz",47
"2022-09-09T22:45:20Z","quarto-1.2.83-linux-amd64.tar.gz",47
"2022-09-09T22:45:20Z","quarto-1.2.83-linux-amd64.deb",131
"2022-09-09T22:45:20Z","quarto-1.2.83-win.msi",52
"2022-09-09T22:45:20Z","quarto-1.2.83-win.zip",47
"2022-09-09T22:45:20Z","quarto-1.2.83-macos.pkg",49
"2022-09-09T22:45:20Z","quarto-1.2.83-macos.tar.gz",50
"2022-09-09T22:45:20Z","changelog.md",46
"2022-09-09T22:45:20Z","quarto-1.2.83-checksums.txt",47
"2022-09-09T21:37:28Z","quarto-1.2.82.tar.gz",8
"2022-09-09T21:37:28Z","quarto-1.2.82-linux-amd64.tar.gz",8
"2022-09-09T21:37:28Z","quarto-1.2.82-linux-amd64.deb",18
"2022-09-09T21:37:28Z","quarto-1.2.82-win.msi",9
"2022-09-09T21:37:28Z","quarto-1.2.82-win.zip",8
"2022-09-09T21:37:28Z","quarto-1.2.82-macos.pkg",11
"2022-09-09T21:37:28Z","quarto-1.2.82-macos.tar.gz",11
"2022-09-09T21:37:28Z","changelog.md",8
"2022-09-09T21:37:28Z","quarto-1.2.82-checksums.txt",8
"2022-09-09T16:31:12Z","quarto-1.2.81.tar.gz",25
"2022-09-09T16:31:12Z","quarto-1.2.81-linux-amd64.tar.gz",24
"2022-09-09T16:31:12Z","quarto-1.2.81-linux-amd64.deb",49
"2022-09-09T16:31:12Z","quarto-1.2.81-win.msi",27
"2022-09-09T16:31:12Z","quarto-1.2.81-win.zip",24
"2022-09-09T16:31:12Z","quarto-1.2.81-macos.pkg",30
"2022-09-09T16:31:12Z","quarto-1.2.81-macos.tar.gz",28
"2022-09-09T16:31:12Z","changelog.md",24
"2022-09-09T16:31:12Z","quarto-1.2.81-checksums.txt",24
"2022-09-09T00:58:43Z","quarto-1.2.79.tar.gz",50
"2022-09-09T00:58:43Z","quarto-1.2.79-linux-amd64.tar.gz",50
"2022-09-09T00:58:43Z","quarto-1.2.79-linux-amd64.deb",75
"2022-09-09T00:58:43Z","quarto-1.2.79-win.msi",55
"2022-09-09T00:58:43Z","quarto-1.2.79-win.zip",55
"2022-09-09T00:58:43Z","quarto-1.2.79-macos.pkg",55
"2022-09-09T00:58:43Z","quarto-1.2.79-macos.tar.gz",52
"2022-09-09T00:58:43Z","changelog.md",50
"2022-09-09T00:58:43Z","quarto-1.2.79-checksums.txt",50
"2022-09-08T16:23:48Z","quarto-1.2.78.tar.gz",34
"2022-09-08T16:23:48Z","quarto-1.2.78-linux-amd64.tar.gz",34
"2022-09-08T16:23:48Z","quarto-1.2.78-linux-amd64.deb",43
"2022-09-08T16:23:48Z","quarto-1.2.78-win.msi",37
"2022-09-08T16:23:48Z","quarto-1.2.78-win.zip",38
"2022-09-08T16:23:48Z","quarto-1.2.78-macos.pkg",37
"2022-09-08T16:23:48Z","quarto-1.2.78-macos.tar.gz",41
"2022-09-08T16:23:48Z","changelog.md",34
"2022-09-08T16:23:48Z","quarto-1.2.78-checksums.txt",34
"2022-09-08T15:53:23Z","quarto-1.2.77.tar.gz",6
"2022-09-08T15:53:23Z","quarto-1.2.77-linux-amd64.tar.gz",7
"2022-09-08T15:53:23Z","quarto-1.2.77-linux-amd64.deb",8
"2022-09-08T15:53:23Z","quarto-1.2.77-win.msi",6
"2022-09-08T15:53:23Z","quarto-1.2.77-win.zip",6
"2022-09-08T15:53:23Z","quarto-1.2.77-macos.pkg",8
"2022-09-08T15:53:23Z","quarto-1.2.77-macos.tar.gz",8
"2022-09-08T15:53:23Z","changelog.md",6
"2022-09-08T15:53:23Z","quarto-1.2.77-checksums.txt",7
"2022-09-08T14:36:34Z","quarto-1.2.76.tar.gz",9
"2022-09-08T14:36:34Z","quarto-1.2.76-linux-amd64.tar.gz",9
"2022-09-08T14:36:34Z","quarto-1.2.76-linux-amd64.deb",24
"2022-09-08T14:36:34Z","quarto-1.2.76-win.msi",9
"2022-09-08T14:36:34Z","quarto-1.2.76-win.zip",9
"2022-09-08T14:36:34Z","quarto-1.2.76-macos.pkg",12
"2022-09-08T14:36:34Z","quarto-1.2.76-macos.tar.gz",14
"2022-09-08T14:36:34Z","changelog.md",10
"2022-09-08T14:36:34Z","quarto-1.2.76-checksums.txt",9
"2022-09-08T02:34:14Z","quarto-1.2.75.tar.gz",19
"2022-09-08T02:34:14Z","quarto-1.2.75-linux-amd64.tar.gz",19
"2022-09-08T02:34:14Z","quarto-1.2.75-linux-amd64.deb",349
"2022-09-08T02:34:14Z","quarto-1.2.75-win.msi",24
"2022-09-08T02:34:14Z","quarto-1.2.75-win.zip",19
"2022-09-08T02:34:14Z","quarto-1.2.75-macos.pkg",23
"2022-09-08T02:34:14Z","quarto-1.2.75-macos.tar.gz",21
"2022-09-08T02:34:14Z","changelog.md",19
"2022-09-08T02:34:14Z","quarto-1.2.75-checksums.txt",20
"2022-09-07T23:38:12Z","quarto-1.2.73.tar.gz",30
"2022-09-07T23:38:12Z","quarto-1.2.73-linux-amd64.tar.gz",30
"2022-09-07T23:38:12Z","quarto-1.2.73-linux-amd64.deb",57
"2022-09-07T23:38:12Z","quarto-1.2.73-win.msi",36
"2022-09-07T23:38:12Z","quarto-1.2.73-win.zip",35
"2022-09-07T23:38:12Z","quarto-1.2.73-macos.pkg",35
"2022-09-07T23:38:12Z","quarto-1.2.73-macos.tar.gz",33
"2022-09-07T23:38:12Z","changelog.md",29
"2022-09-07T23:38:12Z","quarto-1.2.73-checksums.txt",31
"2022-09-07T19:33:26Z","quarto-1.2.72.tar.gz",19
"2022-09-07T19:33:26Z","quarto-1.2.72-linux-amd64.tar.gz",19
"2022-09-07T19:33:26Z","quarto-1.2.72-linux-amd64.deb",33
"2022-09-07T19:33:26Z","quarto-1.2.72-win.msi",20
"2022-09-07T19:33:26Z","quarto-1.2.72-win.zip",20
"2022-09-07T19:33:26Z","quarto-1.2.72-macos.pkg",23
"2022-09-07T19:33:26Z","quarto-1.2.72-macos.tar.gz",22
"2022-09-07T19:33:26Z","changelog.md",19
"2022-09-07T19:33:26Z","quarto-1.2.72-checksums.txt",19
"2022-09-07T11:55:27Z","quarto-1.2.71.tar.gz",30
"2022-09-07T11:55:27Z","quarto-1.2.71-linux-amd64.tar.gz",30
"2022-09-07T11:55:27Z","quarto-1.2.71-linux-amd64.deb",35
"2022-09-07T11:55:27Z","quarto-1.2.71-win.msi",34
"2022-09-07T11:55:27Z","quarto-1.2.71-win.zip",31
"2022-09-07T11:55:27Z","quarto-1.2.71-macos.pkg",36
"2022-09-07T11:55:27Z","quarto-1.2.71-macos.tar.gz",34
"2022-09-07T11:55:27Z","changelog.md",32
"2022-09-07T11:55:27Z","quarto-1.2.71-checksums.txt",30
"2022-09-06T23:06:19Z","quarto-1.2.69.tar.gz",36
"2022-09-06T23:06:19Z","quarto-1.2.69-linux-amd64.tar.gz",37
"2022-09-06T23:06:19Z","quarto-1.2.69-linux-amd64.deb",59
"2022-09-06T23:06:19Z","quarto-1.2.69-win.msi",43
"2022-09-06T23:06:19Z","quarto-1.2.69-win.zip",38
"2022-09-06T23:06:19Z","quarto-1.2.69-macos.pkg",41
"2022-09-06T23:06:19Z","quarto-1.2.69-macos.tar.gz",38
"2022-09-06T23:06:19Z","changelog.md",35
"2022-09-06T23:06:19Z","quarto-1.2.69-checksums.txt",35
"2022-09-06T19:14:41Z","quarto-1.2.68.tar.gz",19
"2022-09-06T19:14:41Z","quarto-1.2.68-linux-amd64.tar.gz",21
"2022-09-06T19:14:41Z","quarto-1.2.68-linux-amd64.deb",21
"2022-09-06T19:14:41Z","quarto-1.2.68-win.msi",24
"2022-09-06T19:14:41Z","quarto-1.2.68-win.zip",20
"2022-09-06T19:14:41Z","quarto-1.2.68-macos.pkg",20
"2022-09-06T19:14:41Z","quarto-1.2.68-macos.tar.gz",22
"2022-09-06T19:14:41Z","changelog.md",21
"2022-09-06T19:14:41Z","quarto-1.2.68-checksums.txt",20
"2022-09-06T18:25:56Z","quarto-1.2.67.tar.gz",6
"2022-09-06T18:25:56Z","quarto-1.2.67-linux-amd64.tar.gz",5
"2022-09-06T18:25:56Z","quarto-1.2.67-linux-amd64.deb",6
"2022-09-06T18:25:56Z","quarto-1.2.67-win.msi",7
"2022-09-06T18:25:56Z","quarto-1.2.67-win.zip",5
"2022-09-06T18:25:56Z","quarto-1.2.67-macos.pkg",8
"2022-09-06T18:25:56Z","quarto-1.2.67-macos.tar.gz",10
"2022-09-06T18:25:56Z","changelog.md",5
"2022-09-06T18:25:56Z","quarto-1.2.67-checksums.txt",6
"2022-09-06T10:17:12Z","quarto-1.2.66.tar.gz",37
"2022-09-06T10:17:12Z","quarto-1.2.66-linux-amd64.tar.gz",36
"2022-09-06T10:17:12Z","quarto-1.2.66-linux-amd64.deb",93
"2022-09-06T10:17:12Z","quarto-1.2.66-win.msi",38
"2022-09-06T10:17:12Z","quarto-1.2.66-win.zip",41
"2022-09-06T10:17:12Z","quarto-1.2.66-macos.pkg",39
"2022-09-06T10:17:12Z","quarto-1.2.66-macos.tar.gz",40
"2022-09-06T10:17:12Z","changelog.md",40
"2022-09-06T10:17:12Z","quarto-1.2.66-checksums.txt",35
"2022-09-05T23:27:35Z","quarto-1.2.64.tar.gz",29
"2022-09-05T23:27:35Z","quarto-1.2.64-linux-amd64.tar.gz",28
"2022-09-05T23:27:35Z","quarto-1.2.64-linux-amd64.deb",49
"2022-09-05T23:27:35Z","quarto-1.2.64-win.msi",36
"2022-09-05T23:27:35Z","quarto-1.2.64-win.zip",28
"2022-09-05T23:27:35Z","quarto-1.2.64-macos.pkg",32
"2022-09-05T23:27:35Z","quarto-1.2.64-macos.tar.gz",30
"2022-09-05T23:27:35Z","changelog.md",31
"2022-09-05T23:27:35Z","quarto-1.2.64-checksums.txt",27
"2022-09-05T20:44:14Z","quarto-1.2.63.tar.gz",15
"2022-09-05T20:44:14Z","quarto-1.2.63-linux-amd64.tar.gz",15
"2022-09-05T20:44:14Z","quarto-1.2.63-linux-amd64.deb",17
"2022-09-05T20:44:14Z","quarto-1.2.63-win.msi",14
"2022-09-05T20:44:14Z","quarto-1.2.63-win.zip",14
"2022-09-05T20:44:14Z","quarto-1.2.63-macos.pkg",21
"2022-09-05T20:44:14Z","quarto-1.2.63-macos.tar.gz",18
"2022-09-05T20:44:14Z","changelog.md",14
"2022-09-05T20:44:14Z","quarto-1.2.63-checksums.txt",14
"2022-09-05T18:41:50Z","quarto-1.2.62.tar.gz",9
"2022-09-05T18:41:50Z","quarto-1.2.62-linux-amd64.tar.gz",9
"2022-09-05T18:41:50Z","quarto-1.2.62-linux-amd64.deb",11
"2022-09-05T18:41:50Z","quarto-1.2.62-win.msi",10
"2022-09-05T18:41:50Z","quarto-1.2.62-win.zip",9
"2022-09-05T18:41:50Z","quarto-1.2.62-macos.pkg",15
"2022-09-05T18:41:50Z","quarto-1.2.62-macos.tar.gz",20
"2022-09-05T18:41:50Z","changelog.md",9
"2022-09-05T18:41:50Z","quarto-1.2.62-checksums.txt",9
"2022-09-05T10:49:53Z","quarto-1.2.61.tar.gz",34
"2022-09-05T10:49:53Z","quarto-1.2.61-linux-amd64.tar.gz",33
"2022-09-05T10:49:53Z","quarto-1.2.61-linux-amd64.deb",37
"2022-09-05T10:49:53Z","quarto-1.2.61-win.msi",34
"2022-09-05T10:49:53Z","quarto-1.2.61-win.zip",34
"2022-09-05T10:49:53Z","quarto-1.2.61-macos.pkg",41
"2022-09-05T10:49:53Z","quarto-1.2.61-macos.tar.gz",37
"2022-09-05T10:49:53Z","changelog.md",33
"2022-09-05T10:49:53Z","quarto-1.2.61-checksums.txt",34
"2022-09-04T17:24:15Z","quarto-1.2.59.tar.gz",52
"2022-09-04T17:24:15Z","quarto-1.2.59-linux-amd64.tar.gz",52
"2022-09-04T17:24:15Z","quarto-1.2.59-linux-amd64.deb",58
"2022-09-04T17:24:15Z","quarto-1.2.59-win.msi",58
"2022-09-04T17:24:15Z","quarto-1.2.59-win.zip",54
"2022-09-04T17:24:15Z","quarto-1.2.59-macos.pkg",59
"2022-09-04T17:24:15Z","quarto-1.2.59-macos.tar.gz",55
"2022-09-04T17:24:15Z","changelog.md",58
"2022-09-04T17:24:15Z","quarto-1.2.59-checksums.txt",53
"2022-09-04T15:40:15Z","quarto-1.2.57.tar.gz",14
"2022-09-04T15:40:15Z","quarto-1.2.57-linux-amd64.tar.gz",15
"2022-09-04T15:40:15Z","quarto-1.2.57-linux-amd64.deb",14
"2022-09-04T15:40:15Z","quarto-1.2.57-win.msi",17
"2022-09-04T15:40:15Z","quarto-1.2.57-win.zip",14
"2022-09-04T15:40:15Z","quarto-1.2.57-macos.pkg",16
"2022-09-04T15:40:15Z","quarto-1.2.57-macos.tar.gz",19
"2022-09-04T15:40:15Z","changelog.md",13
"2022-09-04T15:40:15Z","quarto-1.2.57-checksums.txt",14
"2022-09-04T15:21:13Z","quarto-1.2.56.tar.gz",5
"2022-09-04T15:21:13Z","quarto-1.2.56-linux-amd64.tar.gz",5
"2022-09-04T15:21:13Z","quarto-1.2.56-linux-amd64.deb",6
"2022-09-04T15:21:13Z","quarto-1.2.56-win.msi",7
"2022-09-04T15:21:13Z","quarto-1.2.56-win.zip",5
"2022-09-04T15:21:13Z","quarto-1.2.56-macos.pkg",8
"2022-09-04T15:21:13Z","quarto-1.2.56-macos.tar.gz",10
"2022-09-04T15:21:13Z","changelog.md",5
"2022-09-04T15:21:13Z","quarto-1.2.56-checksums.txt",5
"2022-09-04T17:39:43Z","quarto-1.1.189.tar.gz",1346
"2022-09-04T17:39:43Z","quarto-1.1.189-linux-amd64.tar.gz",61873
"2022-09-04T17:39:43Z","quarto-1.1.189-linux-amd64.deb",10145
"2022-09-04T17:39:43Z","quarto-1.1.189-linux-rhel7-amd64.tar.gz",13862
"2022-09-04T17:39:43Z","quarto-1.1.189-win.msi",5210
"2022-09-04T17:39:43Z","quarto-1.1.189-win.zip",1858
"2022-09-04T17:39:43Z","quarto-1.1.189-macos.pkg",3262
"2022-09-04T17:39:43Z","quarto-1.1.189-macos.tar.gz",1378
"2022-09-04T17:39:43Z","changelog.md",1381
"2022-09-04T17:39:43Z","quarto-1.1.189-checksums.txt",1352
"2022-09-03T17:42:24Z","quarto-1.2.54.tar.gz",74
"2022-09-03T17:42:24Z","quarto-1.2.54-linux-amd64.tar.gz",74
"2022-09-03T17:42:24Z","quarto-1.2.54-linux-amd64.deb",97
"2022-09-03T17:42:24Z","quarto-1.2.54-win.msi",84
"2022-09-03T17:42:24Z","quarto-1.2.54-win.zip",74
"2022-09-03T17:42:24Z","quarto-1.2.54-macos.pkg",80
"2022-09-03T17:42:24Z","quarto-1.2.54-macos.tar.gz",77
"2022-09-03T17:42:24Z","changelog.md",78
"2022-09-03T17:42:24Z","quarto-1.2.54-checksums.txt",75
"2022-09-03T14:06:54Z","quarto-1.2.53.tar.gz",19
"2022-09-03T14:06:54Z","quarto-1.2.53-linux-amd64.tar.gz",20
"2022-09-03T14:06:54Z","quarto-1.2.53-linux-amd64.deb",23
"2022-09-03T14:06:54Z","quarto-1.2.53-win.msi",22
"2022-09-03T14:06:54Z","quarto-1.2.53-win.zip",19
"2022-09-03T14:06:54Z","quarto-1.2.53-macos.pkg",23
"2022-09-03T14:06:54Z","quarto-1.2.53-macos.tar.gz",23
"2022-09-03T14:06:54Z","changelog.md",19
"2022-09-03T14:06:54Z","quarto-1.2.53-checksums.txt",19
"2022-09-02T20:19:26Z","quarto-1.2.50.tar.gz",57
"2022-09-02T20:19:26Z","quarto-1.2.50-linux-amd64.tar.gz",56
"2022-09-02T20:19:26Z","quarto-1.2.50-linux-amd64.deb",61
"2022-09-02T20:19:26Z","quarto-1.2.50-win.msi",67
"2022-09-02T20:19:26Z","quarto-1.2.50-win.zip",58
"2022-09-02T20:19:26Z","quarto-1.2.50-macos.pkg",60
"2022-09-02T20:19:26Z","quarto-1.2.50-macos.tar.gz",58
"2022-09-02T20:19:26Z","changelog.md",60
"2022-09-02T20:19:26Z","quarto-1.2.50-checksums.txt",57
"2022-09-02T11:22:29Z","quarto-1.2.47.tar.gz",45
"2022-09-02T11:22:29Z","quarto-1.2.47-linux-amd64.tar.gz",43
"2022-09-02T11:22:29Z","quarto-1.2.47-linux-amd64.deb",54
"2022-09-02T11:22:29Z","quarto-1.2.47-win.msi",55
"2022-09-02T11:22:29Z","quarto-1.2.47-win.zip",44
"2022-09-02T11:22:29Z","quarto-1.2.47-macos.pkg",46
"2022-09-02T11:22:29Z","quarto-1.2.47-macos.tar.gz",49
"2022-09-02T11:22:29Z","changelog.md",48
"2022-09-02T11:22:29Z","quarto-1.2.47-checksums.txt",43
"2022-09-02T11:22:54Z","quarto-1.1.179.tar.gz",328
"2022-09-02T11:22:54Z","quarto-1.1.179-linux-amd64.tar.gz",516
"2022-09-02T11:22:54Z","quarto-1.1.179-linux-amd64.deb",1341
"2022-09-02T11:22:54Z","quarto-1.1.179-linux-rhel7-amd64.tar.gz",326
"2022-09-02T11:22:54Z","quarto-1.1.179-win.msi",579
"2022-09-02T11:22:54Z","quarto-1.1.179-win.zip",395
"2022-09-02T11:22:54Z","quarto-1.1.179-macos.pkg",823
"2022-09-02T11:22:54Z","quarto-1.1.179-macos.tar.gz",335
"2022-09-02T11:22:54Z","changelog.md",353
"2022-09-02T11:22:54Z","quarto-1.1.179-checksums.txt",333
"2022-09-01T16:49:50Z","quarto-1.1.175.tar.gz",105
"2022-09-01T16:49:50Z","quarto-1.1.175-linux-amd64.tar.gz",150
"2022-09-01T16:49:50Z","quarto-1.1.175-linux-amd64.deb",543
"2022-09-01T16:49:50Z","quarto-1.1.175-linux-rhel7-amd64.tar.gz",115
"2022-09-01T16:49:50Z","quarto-1.1.175-win.msi",228
"2022-09-01T16:49:50Z","quarto-1.1.175-win.zip",146
"2022-09-01T16:49:50Z","quarto-1.1.175-macos.pkg",370
"2022-09-01T16:49:50Z","quarto-1.1.175-macos.tar.gz",109
"2022-09-01T16:49:50Z","changelog.md",111
"2022-09-01T16:49:50Z","quarto-1.1.175-checksums.txt",115
"2022-08-31T16:20:26Z","quarto-1.1.168.tar.gz",140
"2022-08-31T16:20:26Z","quarto-1.1.168-linux-amd64.tar.gz",205
"2022-08-31T16:20:26Z","quarto-1.1.168-linux-amd64.deb",808
"2022-08-31T16:20:26Z","quarto-1.1.168-win.msi",435
"2022-08-31T16:20:26Z","quarto-1.1.168-win.zip",202
"2022-08-31T16:20:26Z","quarto-1.1.168-macos.pkg",539
"2022-08-31T16:20:26Z","quarto-1.1.168-macos.tar.gz",146
"2022-08-31T16:20:26Z","changelog.md",163
"2022-08-31T16:20:26Z","quarto-1.1.168-checksums.txt",145
"2022-08-31T14:52:13Z","quarto-1.1.167.tar.gz",14
"2022-08-31T14:52:13Z","quarto-1.1.167-linux-amd64.tar.gz",17
"2022-08-31T14:52:13Z","quarto-1.1.167-linux-amd64.deb",66
"2022-08-31T14:52:13Z","quarto-1.1.167-win.msi",39
"2022-08-31T14:52:13Z","quarto-1.1.167-win.zip",24
"2022-08-31T14:52:13Z","quarto-1.1.167-macos.pkg",30
"2022-08-31T14:52:13Z","quarto-1.1.167-macos.tar.gz",21
"2022-08-31T14:52:13Z","changelog.md",17
"2022-08-31T14:52:13Z","quarto-1.1.167-checksums.txt",18
"2022-08-30T20:00:59Z","quarto-1.1.165.tar.gz",94
"2022-08-30T20:00:59Z","quarto-1.1.165-linux-amd64.tar.gz",135
"2022-08-30T20:00:59Z","quarto-1.1.165-linux-amd64.deb",538
"2022-08-30T20:00:59Z","quarto-1.1.165-win.msi",2673
"2022-08-30T20:00:59Z","quarto-1.1.165-win.zip",144
"2022-08-30T20:00:59Z","quarto-1.1.165-macos.pkg",362
"2022-08-30T20:00:59Z","quarto-1.1.165-macos.tar.gz",99
"2022-08-30T20:00:59Z","changelog.md",98
"2022-08-30T20:00:59Z","quarto-1.1.165-checksums.txt",100
"2022-08-29T18:39:35Z","quarto-1.1.163.tar.gz",183
"2022-08-29T18:39:35Z","quarto-1.1.163-linux-amd64.tar.gz",246
"2022-08-29T18:39:35Z","quarto-1.1.163-linux-amd64.deb",998
"2022-08-29T18:39:35Z","quarto-1.1.163-win.msi",525
"2022-08-29T18:39:35Z","quarto-1.1.163-win.zip",263
"2022-08-29T18:39:35Z","quarto-1.1.163-macos.pkg",545
"2022-08-29T18:39:35Z","quarto-1.1.163-macos.tar.gz",189
"2022-08-29T18:39:35Z","changelog.md",201
"2022-08-29T18:39:35Z","quarto-1.1.163-checksums.txt",187
"2022-08-27T14:36:40Z","changelog.md",436
"2022-08-27T14:36:40Z","quarto-1.1.149-checksums.txt",417
"2022-08-27T14:36:40Z","quarto-1.1.149-linux-amd64.deb",2092
"2022-08-27T14:36:40Z","quarto-1.1.149-linux-amd64.tar.gz",475
"2022-08-27T14:36:40Z","quarto-1.1.149-macos.pkg",982
"2022-08-27T14:36:40Z","quarto-1.1.149-macos.tar.gz",414
"2022-08-27T14:36:40Z","quarto-1.1.149-win.msi",2771
"2022-08-27T14:36:40Z","quarto-1.1.149-win.zip",493
"2022-08-27T14:36:40Z","quarto-1.1.149.tar.gz",409
"2022-08-27T02:18:36Z","changelog.md",107
"2022-08-27T02:18:36Z","quarto-1.1.147-checksums.txt",114
"2022-08-27T02:18:36Z","quarto-1.1.147-linux-amd64.deb",316
"2022-08-27T02:18:36Z","quarto-1.1.147-linux-amd64.tar.gz",113
"2022-08-27T02:18:36Z","quarto-1.1.147-macos.pkg",157
"2022-08-27T02:18:36Z","quarto-1.1.147-macos.tar.gz",109
"2022-08-27T02:18:36Z","quarto-1.1.147-win.msi",164
"2022-08-27T02:18:36Z","quarto-1.1.147-win.zip",119
"2022-08-27T02:18:36Z","quarto-1.1.147.tar.gz",105
"2022-08-26T22:33:43Z","changelog.md",687
"2022-08-26T22:33:43Z","quarto-1.2.15-checksums.txt",675
"2022-08-26T22:33:43Z","quarto-1.2.15-linux-amd64.deb",742
"2022-08-26T22:33:43Z","quarto-1.2.15-linux-amd64.tar.gz",675
"2022-08-26T22:33:43Z","quarto-1.2.15-macos.pkg",683
"2022-08-26T22:33:43Z","quarto-1.2.15-macos.tar.gz",678
"2022-08-26T22:33:43Z","quarto-1.2.15-win.msi",703
"2022-08-26T22:33:43Z","quarto-1.2.15-win.zip",677
"2022-08-26T22:33:43Z","quarto-1.2.15.tar.gz",671
"2022-08-26T16:19:27Z","changelog.md",69
"2022-08-26T16:19:27Z","quarto-1.2.8-checksums.txt",68
"2022-08-26T16:19:27Z","quarto-1.2.8-linux-amd64.deb",77
"2022-08-26T16:19:27Z","quarto-1.2.8-linux-amd64.tar.gz",69
"2022-08-26T16:19:27Z","quarto-1.2.8-macos.pkg",73
"2022-08-26T16:19:27Z","quarto-1.2.8-macos.tar.gz",71
"2022-08-26T16:19:27Z","quarto-1.2.8-win.msi",74
"2022-08-26T16:19:27Z","quarto-1.2.8-win.zip",67
"2022-08-26T16:19:27Z","quarto-1.2.8.tar.gz",66
"2022-08-26T16:09:48Z","quarto-1.2.7-linux-amd64.deb",8
"2022-08-26T16:09:48Z","quarto-1.2.7-linux-amd64.tar.gz",12
"2022-08-26T16:09:48Z","quarto-1.2.7-macos.pkg",8
"2022-08-26T16:09:48Z","quarto-1.2.7-macos.tar.gz",21
"2022-08-26T16:09:48Z","quarto-1.2.7-win.msi",6
"2022-08-26T16:09:48Z","quarto-1.2.7-win.zip",7
"2022-08-26T16:09:48Z","quarto-1.2.7.tar.gz",6
"2022-08-26T15:57:16Z","quarto-1.2.6-linux-amd64.deb",10
"2022-08-26T15:57:16Z","quarto-1.2.6-linux-amd64.tar.gz",10
"2022-08-26T15:57:16Z","quarto-1.2.6-macos.pkg",6
"2022-08-26T15:57:16Z","quarto-1.2.6-macos.tar.gz",7
"2022-08-26T15:57:16Z","quarto-1.2.6-win.msi",8
"2022-08-26T15:57:16Z","quarto-1.2.6-win.zip",5
"2022-08-26T15:57:16Z","quarto-1.2.6.tar.gz",6
"2022-08-26T15:44:43Z","quarto-1.2.5-linux-amd64.deb",7
"2022-08-26T15:44:43Z","quarto-1.2.5-linux-amd64.tar.gz",6
"2022-08-26T15:44:43Z","quarto-1.2.5-macos.pkg",8
"2022-08-26T15:44:43Z","quarto-1.2.5-macos.tar.gz",7
"2022-08-26T15:44:43Z","quarto-1.2.5-win.msi",4
"2022-08-26T15:44:43Z","quarto-1.2.5-win.zip",4
"2022-08-26T15:44:43Z","quarto-1.2.5.tar.gz",4
"2022-08-26T15:04:16Z","changelog.md",17
"2022-08-26T15:04:16Z","quarto-1.2.3-checksums.txt",26
"2022-08-26T15:04:16Z","quarto-1.2.3-linux-amd64.deb",16
"2022-08-26T15:04:16Z","quarto-1.2.3-linux-amd64.tar.gz",20
"2022-08-26T15:04:16Z","quarto-1.2.3-macos.pkg",18
"2022-08-26T15:04:16Z","quarto-1.2.3-macos.tar.gz",28
"2022-08-26T15:04:16Z","quarto-1.2.3-win.msi",19
"2022-08-26T15:04:16Z","quarto-1.2.3-win.zip",16
"2022-08-26T15:04:16Z","quarto-1.2.3.tar.gz",13
"2022-08-26T21:11:28Z","changelog.md",45
"2022-08-26T21:11:28Z","quarto-1.1.145-checksums.txt",49
"2022-08-26T21:11:28Z","quarto-1.1.145-linux-amd64.deb",108
"2022-08-26T21:11:28Z","quarto-1.1.145-linux-amd64.tar.gz",49
"2022-08-26T21:11:28Z","quarto-1.1.145-macos.pkg",159
"2022-08-26T21:11:28Z","quarto-1.1.145-macos.tar.gz",45
"2022-08-26T21:11:28Z","quarto-1.1.145-win.msi",71
"2022-08-26T21:11:28Z","quarto-1.1.145-win.zip",49
"2022-08-26T21:11:28Z","quarto-1.1.145.tar.gz",127
"2022-08-26T18:39:21Z","changelog.md",35
"2022-08-26T18:39:21Z","quarto-1.1.141-checksums.txt",40
"2022-08-26T18:39:21Z","quarto-1.1.141-linux-amd64.deb",137
"2022-08-26T18:39:21Z","quarto-1.1.141-linux-amd64.tar.gz",44
"2022-08-26T18:39:21Z","quarto-1.1.141-macos.pkg",75
"2022-08-26T18:39:21Z","quarto-1.1.141-macos.tar.gz",36
"2022-08-26T18:39:21Z","quarto-1.1.141-win.msi",50
"2022-08-26T18:39:21Z","quarto-1.1.141-win.zip",52
"2022-08-26T18:39:21Z","quarto-1.1.141.tar.gz",34
"2022-08-26T16:36:42Z","changelog.md",34
"2022-08-26T16:36:42Z","quarto-1.1.140-checksums.txt",29
"2022-08-26T16:36:42Z","quarto-1.1.140-linux-amd64.deb",84
"2022-08-26T16:36:42Z","quarto-1.1.140-linux-amd64.tar.gz",42
"2022-08-26T16:36:42Z","quarto-1.1.140-macos.pkg",55
"2022-08-26T16:36:42Z","quarto-1.1.140-macos.tar.gz",32
"2022-08-26T16:36:42Z","quarto-1.1.140-win.msi",61
"2022-08-26T16:36:42Z","quarto-1.1.140-win.zip",33
"2022-08-26T16:36:42Z","quarto-1.1.140.tar.gz",29
"2022-08-25T19:21:32Z","changelog.md",143
"2022-08-25T19:21:32Z","quarto-1.1.132-checksums.txt",146
"2022-08-25T19:21:32Z","quarto-1.1.132-linux-amd64.deb",222
"2022-08-25T19:21:32Z","quarto-1.1.132-linux-amd64.tar.gz",151
"2022-08-25T19:21:32Z","quarto-1.1.132-macos.pkg",313
"2022-08-25T19:21:32Z","quarto-1.1.132-macos.tar.gz",148
"2022-08-25T19:21:32Z","quarto-1.1.132-win.msi",363
"2022-08-25T19:21:32Z","quarto-1.1.132-win.zip",163
"2022-08-25T19:21:32Z","quarto-1.1.132.tar.gz",136
"2022-08-25T16:39:37Z","changelog.md",32
"2022-08-25T16:39:37Z","quarto-1.1.131-checksums.txt",29
"2022-08-25T16:39:37Z","quarto-1.1.131-linux-amd64.deb",28
"2022-08-25T16:39:37Z","quarto-1.1.131-linux-amd64.tar.gz",27
"2022-08-25T16:39:37Z","quarto-1.1.131-macos.pkg",30
"2022-08-25T16:39:37Z","quarto-1.1.131-macos.tar.gz",29
"2022-08-25T16:39:37Z","quarto-1.1.131-win.msi",29
"2022-08-25T16:39:37Z","quarto-1.1.131-win.zip",28
"2022-08-25T16:39:37Z","quarto-1.1.131.tar.gz",27
"2022-08-25T00:49:57Z","changelog.md",82
"2022-08-25T00:49:57Z","quarto-1.1.120-checksums.txt",81
"2022-08-25T00:49:57Z","quarto-1.1.120-linux-amd64.deb",157
"2022-08-25T00:49:57Z","quarto-1.1.120-linux-amd64.tar.gz",108
"2022-08-25T00:49:57Z","quarto-1.1.120-macos.pkg",162
"2022-08-25T00:49:57Z","quarto-1.1.120-macos.tar.gz",80
"2022-08-25T00:49:57Z","quarto-1.1.120-win.msi",258
"2022-08-25T00:49:57Z","quarto-1.1.120-win.zip",83
"2022-08-25T00:49:57Z","quarto-1.1.120.tar.gz",79
"2022-08-24T19:43:00Z","changelog.md",33
"2022-08-24T19:43:00Z","quarto-1.1.119-checksums.txt",34
"2022-08-24T19:43:00Z","quarto-1.1.119-linux-amd64.deb",34
"2022-08-24T19:43:00Z","quarto-1.1.119-linux-amd64.tar.gz",34
"2022-08-24T19:43:00Z","quarto-1.1.119-macos.pkg",38
"2022-08-24T19:43:00Z","quarto-1.1.119-macos.tar.gz",36
"2022-08-24T19:43:00Z","quarto-1.1.119-win.msi",36
"2022-08-24T19:43:00Z","quarto-1.1.119-win.zip",32
"2022-08-24T19:43:00Z","quarto-1.1.119.tar.gz",34
"2022-08-24T18:35:37Z","changelog.md",15
"2022-08-24T18:35:37Z","quarto-1.1.118-checksums.txt",16
"2022-08-24T18:35:37Z","quarto-1.1.118-linux-amd64.deb",15
"2022-08-24T18:35:37Z","quarto-1.1.118-linux-amd64.tar.gz",15
"2022-08-24T18:35:37Z","quarto-1.1.118-macos.pkg",16
"2022-08-24T18:35:37Z","quarto-1.1.118-macos.tar.gz",17
"2022-08-24T18:35:37Z","quarto-1.1.118-win.msi",15
"2022-08-24T18:35:37Z","quarto-1.1.118-win.zip",16
"2022-08-24T18:35:37Z","quarto-1.1.118.tar.gz",15
"2022-08-24T18:10:31Z","changelog.md",8
"2022-08-24T18:10:31Z","quarto-1.1.117-checksums.txt",6
"2022-08-24T18:10:31Z","quarto-1.1.117-linux-amd64.deb",7
"2022-08-24T18:10:31Z","quarto-1.1.117-linux-amd64.tar.gz",4
"2022-08-24T18:10:31Z","quarto-1.1.117-macos.pkg",8
"2022-08-24T18:10:31Z","quarto-1.1.117-macos.tar.gz",8
"2022-08-24T18:10:31Z","quarto-1.1.117-win.msi",4
"2022-08-24T18:10:31Z","quarto-1.1.117-win.zip",6
"2022-08-24T18:10:31Z","quarto-1.1.117.tar.gz",6
"2022-08-24T17:00:00Z","changelog.md",9
"2022-08-24T17:00:00Z","quarto-1.1.116-checksums.txt",9
"2022-08-24T17:00:00Z","quarto-1.1.116-linux-amd64.deb",9
"2022-08-24T17:00:00Z","quarto-1.1.116-linux-amd64.tar.gz",10
"2022-08-24T17:00:00Z","quarto-1.1.116-macos.pkg",10
"2022-08-24T17:00:00Z","quarto-1.1.116-macos.tar.gz",11
"2022-08-24T17:00:00Z","quarto-1.1.116-win.msi",11
"2022-08-24T17:00:00Z","quarto-1.1.116-win.zip",9
"2022-08-24T17:00:00Z","quarto-1.1.116.tar.gz",9
"2022-08-22T19:37:59Z","changelog.md",278
"2022-08-22T19:37:59Z","quarto-1.1.113-checksums.txt",253
"2022-08-22T19:37:59Z","quarto-1.1.113-linux-amd64.deb",383
"2022-08-22T19:37:59Z","quarto-1.1.113-linux-amd64.tar.gz",275
"2022-08-22T19:37:59Z","quarto-1.1.113-macos.pkg",400
"2022-08-22T19:37:59Z","quarto-1.1.113-macos.tar.gz",255
"2022-08-22T19:37:59Z","quarto-1.1.113-win.msi",519
"2022-08-22T19:37:59Z","quarto-1.1.113-win.zip",262
"2022-08-22T19:37:59Z","quarto-1.1.113.tar.gz",252
"2022-08-22T17:41:21Z","quarto-1.1.110-checksums.txt",18
"2022-08-22T17:41:21Z","quarto-1.1.110-linux-amd64.deb",19
"2022-08-22T17:41:21Z","quarto-1.1.110-linux-amd64.tar.gz",19
"2022-08-22T17:41:21Z","quarto-1.1.110-macos.pkg",21
"2022-08-22T17:41:21Z","quarto-1.1.110-macos.tar.gz",20
"2022-08-22T17:41:21Z","quarto-1.1.110-win.msi",20
"2022-08-22T17:41:21Z","quarto-1.1.110-win.zip",19
"2022-08-22T17:41:21Z","quarto-1.1.110.tar.gz",18
"2022-08-22T12:52:47Z","quarto-1.1.109-checksums.txt",39
"2022-08-22T12:52:47Z","quarto-1.1.109-linux-amd64.deb",41
"2022-08-22T12:52:47Z","quarto-1.1.109-linux-amd64.tar.gz",37
"2022-08-22T12:52:47Z","quarto-1.1.109-macos.pkg",42
"2022-08-22T12:52:47Z","quarto-1.1.109-macos.tar.gz",42
"2022-08-22T12:52:47Z","quarto-1.1.109-win.msi",42
"2022-08-22T12:52:47Z","quarto-1.1.109-win.zip",45
"2022-08-22T12:52:47Z","quarto-1.1.109.tar.gz",61
"2022-08-21T21:57:39Z","quarto-1.1.107-checksums.txt",75
"2022-08-21T21:57:39Z","quarto-1.1.107-linux-amd64.deb",307
"2022-08-21T21:57:39Z","quarto-1.1.107-linux-amd64.tar.gz",76
"2022-08-21T21:57:39Z","quarto-1.1.107-macos.pkg",79
"2022-08-21T21:57:39Z","quarto-1.1.107-macos.tar.gz",76
"2022-08-21T21:57:39Z","quarto-1.1.107-win.msi",85
"2022-08-21T21:57:39Z","quarto-1.1.107-win.zip",77
"2022-08-21T21:57:39Z","quarto-1.1.107.tar.gz",86
"2022-08-21T20:46:16Z","quarto-1.1.106-linux-amd64.deb",12
"2022-08-21T20:46:16Z","quarto-1.1.106-linux-amd64.tar.gz",17
"2022-08-21T20:46:16Z","quarto-1.1.106-macos.pkg",13
"2022-08-21T20:46:16Z","quarto-1.1.106-macos.tar.gz",25
"2022-08-21T20:46:16Z","quarto-1.1.106-win.msi",14
"2022-08-21T20:46:16Z","quarto-1.1.106-win.zip",13
"2022-08-21T20:46:16Z","quarto-1.1.106.tar.gz",12
"2022-08-19T11:49:54Z","quarto-1.1.84-checksums.txt",338
"2022-08-19T11:49:54Z","quarto-1.1.84-linux-amd64.deb",361
"2022-08-19T11:49:54Z","quarto-1.1.84-linux-amd64.tar.gz",344
"2022-08-19T11:49:54Z","quarto-1.1.84-macos.pkg",346
"2022-08-19T11:49:54Z","quarto-1.1.84-macos.tar.gz",346
"2022-08-19T11:49:54Z","quarto-1.1.84-win.msi",342
"2022-08-19T11:49:54Z","quarto-1.1.84-win.zip",347
"2022-08-19T00:21:48Z","quarto-1.1.82-checksums.txt",60
"2022-08-19T00:21:48Z","quarto-1.1.82-linux-amd64.deb",62
"2022-08-19T00:21:48Z","quarto-1.1.82-linux-amd64.tar.gz",62
"2022-08-19T00:21:48Z","quarto-1.1.82-macos.pkg",64
"2022-08-19T00:21:48Z","quarto-1.1.82-macos.tar.gz",63
"2022-08-19T00:21:48Z","quarto-1.1.82-win.msi",65
"2022-08-19T00:21:48Z","quarto-1.1.82-win.zip",61
"2022-08-17T21:33:24Z","quarto-1.1.80-checksums.txt",146
"2022-08-17T21:33:24Z","quarto-1.1.80-linux-amd64.deb",150
"2022-08-17T21:33:24Z","quarto-1.1.80-linux-amd64.tar.gz",154
"2022-08-17T21:33:24Z","quarto-1.1.80-macos.pkg",153
"2022-08-17T21:33:24Z","quarto-1.1.80-macos.tar.gz",154
"2022-08-17T21:33:24Z","quarto-1.1.80-win.msi",159
"2022-08-17T21:33:24Z","quarto-1.1.80-win.zip",148
"2022-08-16T23:08:27Z","quarto-1.1.78-checksums.txt",121
"2022-08-16T23:08:27Z","quarto-1.1.78-linux-amd64.deb",132
"2022-08-16T23:08:27Z","quarto-1.1.78-linux-amd64.tar.gz",118
"2022-08-16T23:08:27Z","quarto-1.1.78-macos.pkg",123
"2022-08-16T23:08:27Z","quarto-1.1.78-macos.tar.gz",120
"2022-08-16T23:08:27Z","quarto-1.1.78-win.msi",137
"2022-08-16T23:08:27Z","quarto-1.1.78-win.zip",122
"2022-08-16T20:46:04Z","quarto-1.1.77-checksums.txt",22
"2022-08-16T20:46:04Z","quarto-1.1.77-linux-amd64.deb",27
"2022-08-16T20:46:04Z","quarto-1.1.77-linux-amd64.tar.gz",22
"2022-08-16T20:46:04Z","quarto-1.1.77-macos.pkg",28
"2022-08-16T20:46:04Z","quarto-1.1.77-macos.tar.gz",24
"2022-08-16T20:46:04Z","quarto-1.1.77-win.msi",26
"2022-08-16T20:46:04Z","quarto-1.1.77-win.zip",24
"2022-08-15T18:23:44Z","quarto-1.1.75-checksums.txt",160
"2022-08-15T18:23:44Z","quarto-1.1.75-linux-amd64.deb",1764
"2022-08-15T18:23:44Z","quarto-1.1.75-linux-amd64.tar.gz",164
"2022-08-15T18:23:44Z","quarto-1.1.75-macos.pkg",198
"2022-08-15T18:23:44Z","quarto-1.1.75-macos.tar.gz",167
"2022-08-15T18:23:44Z","quarto-1.1.75-win.msi",170
"2022-08-15T18:23:44Z","quarto-1.1.75-win.zip",166
"2022-08-15T17:23:15Z","quarto-1.1.74-checksums.txt",10
"2022-08-15T17:23:15Z","quarto-1.1.74-linux-amd64.deb",12
"2022-08-15T17:23:15Z","quarto-1.1.74-linux-amd64.tar.gz",11
"2022-08-15T17:23:15Z","quarto-1.1.74-macos.pkg",12
"2022-08-15T17:23:15Z","quarto-1.1.74-macos.tar.gz",13
"2022-08-15T17:23:15Z","quarto-1.1.74-win.msi",13
"2022-08-15T17:23:15Z","quarto-1.1.74-win.zip",10
"2022-08-15T16:57:12Z","quarto-1.1.73-checksums.txt",7
"2022-08-15T16:57:12Z","quarto-1.1.73-linux-amd64.deb",7
"2022-08-15T16:57:12Z","quarto-1.1.73-linux-amd64.tar.gz",7
"2022-08-15T16:57:12Z","quarto-1.1.73-macos.pkg",8
"2022-08-15T16:57:12Z","quarto-1.1.73-macos.tar.gz",9
"2022-08-15T16:57:12Z","quarto-1.1.73-win.msi",7
"2022-08-15T16:57:12Z","quarto-1.1.73-win.zip",7
"2022-08-15T13:35:41Z","quarto-1.1.72-checksums.txt",27
"2022-08-15T13:35:41Z","quarto-1.1.72-linux-amd64.deb",31
"2022-08-15T13:35:41Z","quarto-1.1.72-linux-amd64.tar.gz",25
"2022-08-15T13:35:41Z","quarto-1.1.72-macos.pkg",28
"2022-08-15T13:35:41Z","quarto-1.1.72-macos.tar.gz",27
"2022-08-15T13:35:41Z","quarto-1.1.72-win.msi",28
"2022-08-15T13:35:41Z","quarto-1.1.72-win.zip",25
"2022-08-14T19:46:26Z","quarto-1.1.70-checksums.txt",96
"2022-08-14T19:46:26Z","quarto-1.1.70-linux-amd64.deb",99
"2022-08-14T19:46:26Z","quarto-1.1.70-linux-amd64.tar.gz",99
"2022-08-14T19:46:26Z","quarto-1.1.70-macos.pkg",104
"2022-08-14T19:46:26Z","quarto-1.1.70-macos.tar.gz",100
"2022-08-14T19:46:26Z","quarto-1.1.70-win.msi",111
"2022-08-14T19:46:26Z","quarto-1.1.70-win.zip",96
"2022-08-14T14:23:22Z","quarto-1.1.69-checksums.txt",43
"2022-08-14T14:23:22Z","quarto-1.1.69-linux-amd64.deb",53
"2022-08-14T14:23:22Z","quarto-1.1.69-linux-amd64.tar.gz",43
"2022-08-14T14:23:22Z","quarto-1.1.69-macos.pkg",45
"2022-08-14T14:23:22Z","quarto-1.1.69-macos.tar.gz",44
"2022-08-14T14:23:22Z","quarto-1.1.69-win.msi",45
"2022-08-14T14:23:22Z","quarto-1.1.69-win.zip",42
"2022-08-14T02:08:03Z","quarto-1.1.67-checksums.txt",79
"2022-08-14T02:08:03Z","quarto-1.1.67-linux-amd64.deb",97
"2022-08-14T02:08:03Z","quarto-1.1.67-linux-amd64.tar.gz",80
"2022-08-14T02:08:03Z","quarto-1.1.67-macos.pkg",82
"2022-08-14T02:08:03Z","quarto-1.1.67-macos.tar.gz",82
"2022-08-14T02:08:03Z","quarto-1.1.67-win.msi",90
"2022-08-14T02:08:03Z","quarto-1.1.67-win.zip",80
"2022-08-14T00:05:32Z","quarto-1.1.66-checksums.txt",8
"2022-08-14T00:05:32Z","quarto-1.1.66-linux-amd64.deb",8
"2022-08-14T00:05:32Z","quarto-1.1.66-linux-amd64.tar.gz",8
"2022-08-14T00:05:32Z","quarto-1.1.66-macos.pkg",10
"2022-08-14T00:05:32Z","quarto-1.1.66-macos.tar.gz",11
"2022-08-14T00:05:32Z","quarto-1.1.66-win.msi",8
"2022-08-14T00:05:32Z","quarto-1.1.66-win.zip",8
"2022-08-13T13:00:28Z","quarto-1.1.65-checksums.txt",81
"2022-08-13T13:00:28Z","quarto-1.1.65-linux-amd64.deb",84
"2022-08-13T13:00:28Z","quarto-1.1.65-linux-amd64.tar.gz",80
"2022-08-13T13:00:28Z","quarto-1.1.65-macos.pkg",83
"2022-08-13T13:00:28Z","quarto-1.1.65-macos.tar.gz",86
"2022-08-13T13:00:28Z","quarto-1.1.65-win.msi",79
"2022-08-13T13:00:28Z","quarto-1.1.65-win.zip",79
"2022-08-13T00:10:18Z","quarto-1.1.63-checksums.txt",76
"2022-08-13T00:10:18Z","quarto-1.1.63-linux-amd64.deb",78
"2022-08-13T00:10:18Z","quarto-1.1.63-linux-amd64.tar.gz",75
"2022-08-13T00:10:18Z","quarto-1.1.63-macos.pkg",78
"2022-08-13T00:10:18Z","quarto-1.1.63-macos.tar.gz",80
"2022-08-13T00:10:18Z","quarto-1.1.63-win.msi",81
"2022-08-13T00:10:18Z","quarto-1.1.63-win.zip",76
"2022-08-12T13:01:00Z","quarto-1.1.62-checksums.txt",75
"2022-08-12T13:01:00Z","quarto-1.1.62-linux-amd64.deb",81
"2022-08-12T13:01:00Z","quarto-1.1.62-linux-amd64.tar.gz",75
"2022-08-12T13:01:00Z","quarto-1.1.62-macos.pkg",82
"2022-08-12T13:01:00Z","quarto-1.1.62-macos.tar.gz",78
"2022-08-12T13:01:00Z","quarto-1.1.62-win.msi",74
"2022-08-12T13:01:00Z","quarto-1.1.62-win.zip",75
"2022-08-11T16:03:20Z","quarto-1.1.60-checksums.txt",165
"2022-08-11T16:03:20Z","quarto-1.1.60-linux-amd64.deb",164
"2022-08-11T16:03:20Z","quarto-1.1.60-linux-amd64.tar.gz",163
"2022-08-11T16:03:20Z","quarto-1.1.60-macos.pkg",165
"2022-08-11T16:03:20Z","quarto-1.1.60-macos.tar.gz",164
"2022-08-11T16:03:20Z","quarto-1.1.60-win.msi",166
"2022-08-11T16:03:20Z","quarto-1.1.60-win.zip",164
"2022-08-09T14:29:02Z","quarto-1.1.57-checksums.txt",424
"2022-08-09T14:29:02Z","quarto-1.1.57-linux-amd64.deb",439
"2022-08-09T14:29:02Z","quarto-1.1.57-linux-amd64.tar.gz",431
"2022-08-09T14:29:02Z","quarto-1.1.57-macos.pkg",425
"2022-08-09T14:29:02Z","quarto-1.1.57-macos.tar.gz",427
"2022-08-09T14:29:02Z","quarto-1.1.57-win.msi",455
"2022-08-09T14:29:02Z","quarto-1.1.57-win.zip",434
"2022-08-08T12:20:33Z","quarto-1.1.55-checksums.txt",165
"2022-08-08T12:20:33Z","quarto-1.1.55-linux-amd64.deb",188
"2022-08-08T12:20:33Z","quarto-1.1.55-linux-amd64.tar.gz",164
"2022-08-08T12:20:33Z","quarto-1.1.55-macos.pkg",168
"2022-08-08T12:20:33Z","quarto-1.1.55-macos.tar.gz",169
"2022-08-08T12:20:33Z","quarto-1.1.55-win.msi",177
"2022-08-08T12:20:33Z","quarto-1.1.55-win.zip",167
"2022-08-08T00:44:20Z","quarto-1.1.53-checksums.txt",67
"2022-08-08T00:44:20Z","quarto-1.1.53-linux-amd64.deb",72
"2022-08-08T00:44:20Z","quarto-1.1.53-linux-amd64.tar.gz",66
"2022-08-08T00:44:20Z","quarto-1.1.53-macos.pkg",69
"2022-08-08T00:44:20Z","quarto-1.1.53-macos.tar.gz",72
"2022-08-08T00:44:20Z","quarto-1.1.53-win.msi",70
"2022-08-08T00:44:20Z","quarto-1.1.53-win.zip",66
"2022-08-07T18:40:19Z","quarto-1.1.52-checksums.txt",42
"2022-08-07T18:40:19Z","quarto-1.1.52-linux-amd64.deb",51
"2022-08-07T18:40:19Z","quarto-1.1.52-linux-amd64.tar.gz",44
"2022-08-07T18:40:19Z","quarto-1.1.52-macos.pkg",48
"2022-08-07T18:40:19Z","quarto-1.1.52-macos.tar.gz",48
"2022-08-07T18:40:19Z","quarto-1.1.52-win.msi",51
"2022-08-07T18:40:19Z","quarto-1.1.52-win.zip",47
"2022-08-07T17:08:07Z","quarto-1.1.51-checksums.txt",13
"2022-08-07T17:08:07Z","quarto-1.1.51-linux-amd64.deb",14
"2022-08-07T17:08:07Z","quarto-1.1.51-linux-amd64.tar.gz",13
"2022-08-07T17:08:07Z","quarto-1.1.51-macos.pkg",17
"2022-08-07T17:08:07Z","quarto-1.1.51-macos.tar.gz",18
"2022-08-07T17:08:07Z","quarto-1.1.51-win.msi",15
"2022-08-07T17:08:07Z","quarto-1.1.51-win.zip",14
"2022-08-06T17:54:35Z","quarto-1.1.49-checksums.txt",96
"2022-08-06T17:54:35Z","quarto-1.1.49-linux-amd64.deb",101
"2022-08-06T17:54:35Z","quarto-1.1.49-linux-amd64.tar.gz",96
"2022-08-06T17:54:35Z","quarto-1.1.49-macos.pkg",98
"2022-08-06T17:54:35Z","quarto-1.1.49-macos.tar.gz",97
"2022-08-06T17:54:35Z","quarto-1.1.49-win.msi",102
"2022-08-06T17:54:35Z","quarto-1.1.49-win.zip",95
"2022-08-06T12:25:30Z","quarto-1.1.48-checksums.txt",27
"2022-08-06T12:25:30Z","quarto-1.1.48-linux-amd64.deb",27
"2022-08-06T12:25:30Z","quarto-1.1.48-linux-amd64.tar.gz",32
"2022-08-06T12:25:30Z","quarto-1.1.48-macos.pkg",28
"2022-08-06T12:25:30Z","quarto-1.1.48-macos.tar.gz",30
"2022-08-06T12:25:30Z","quarto-1.1.48-win.msi",34
"2022-08-06T12:25:30Z","quarto-1.1.48-win.zip",27
"2022-08-05T22:33:54Z","quarto-1.1.46-checksums.txt",49
"2022-08-05T22:33:54Z","quarto-1.1.46-linux-amd64.deb",52
"2022-08-05T22:33:54Z","quarto-1.1.46-linux-amd64.tar.gz",49
"2022-08-05T22:33:54Z","quarto-1.1.46-macos.pkg",50
"2022-08-05T22:33:54Z","quarto-1.1.46-macos.tar.gz",51
"2022-08-05T22:33:54Z","quarto-1.1.46-win.msi",55
"2022-08-05T22:33:54Z","quarto-1.1.46-win.zip",49
"2022-08-05T11:56:19Z","quarto-1.1.45-checksums.txt",47
"2022-08-05T11:56:19Z","quarto-1.1.45-linux-amd64.deb",46
"2022-08-05T11:56:19Z","quarto-1.1.45-linux-amd64.tar.gz",49
"2022-08-05T11:56:19Z","quarto-1.1.45-macos.pkg",51
"2022-08-05T11:56:19Z","quarto-1.1.45-macos.tar.gz",48
"2022-08-05T11:56:19Z","quarto-1.1.45-win.msi",54
"2022-08-05T11:56:19Z","quarto-1.1.45-win.zip",46
"2022-08-05T01:37:55Z","quarto-1.1.43-checksums.txt",37
"2022-08-05T01:37:55Z","quarto-1.1.43-linux-amd64.deb",38
"2022-08-05T01:37:55Z","quarto-1.1.43-linux-amd64.tar.gz",38
"2022-08-05T01:37:55Z","quarto-1.1.43-macos.pkg",42
"2022-08-05T01:37:55Z","quarto-1.1.43-macos.tar.gz",45
"2022-08-05T01:37:55Z","quarto-1.1.43-win.msi",69
"2022-08-05T01:37:55Z","quarto-1.1.43-win.zip",48
"2022-08-05T01:00:06Z","quarto-1.1.42-checksums.txt",7
"2022-08-05T01:00:06Z","quarto-1.1.42-linux-amd64.deb",8
"2022-08-05T01:00:06Z","quarto-1.1.42-linux-amd64.tar.gz",6
"2022-08-05T01:00:06Z","quarto-1.1.42-macos.pkg",11
"2022-08-05T01:00:06Z","quarto-1.1.42-macos.tar.gz",8
"2022-08-05T01:00:06Z","quarto-1.1.42-win.msi",7
"2022-08-05T01:00:06Z","quarto-1.1.42-win.zip",6
"2022-08-04T19:35:00Z","quarto-1.1.38-checksums.txt",24
"2022-08-04T19:35:00Z","quarto-1.1.38-linux-amd64.deb",28
"2022-08-04T19:35:00Z","quarto-1.1.38-linux-amd64.tar.gz",27
"2022-08-04T19:35:00Z","quarto-1.1.38-macos.pkg",32
"2022-08-04T19:35:00Z","quarto-1.1.38-macos.tar.gz",28
"2022-08-04T19:35:00Z","quarto-1.1.38-win.msi",31
"2022-08-04T19:35:00Z","quarto-1.1.38-win.zip",24
"2022-08-04T18:30:08Z","quarto-1.1.37-checksums.txt",8
"2022-08-04T18:30:08Z","quarto-1.1.37-linux-amd64.deb",8
"2022-08-04T18:30:08Z","quarto-1.1.37-linux-amd64.tar.gz",9
"2022-08-04T18:30:08Z","quarto-1.1.37-macos.pkg",13
"2022-08-04T18:30:08Z","quarto-1.1.37-macos.tar.gz",10
"2022-08-04T18:30:08Z","quarto-1.1.37-win.msi",10
"2022-08-04T18:30:08Z","quarto-1.1.37-win.zip",8
"2022-08-04T17:14:04Z","quarto-1.1.35-checksums.txt",10
"2022-08-04T17:14:04Z","quarto-1.1.35-linux-amd64.deb",11
"2022-08-04T17:14:04Z","quarto-1.1.35-linux-amd64.tar.gz",14
"2022-08-04T17:14:04Z","quarto-1.1.35-macos.pkg",14
"2022-08-04T17:14:04Z","quarto-1.1.35-macos.tar.gz",12
"2022-08-04T17:14:04Z","quarto-1.1.35-win.msi",13
"2022-08-04T17:14:04Z","quarto-1.1.35-win.zip",10
"2022-08-04T16:18:49Z","quarto-1.1.34-checksums.txt",8
"2022-08-04T16:18:49Z","quarto-1.1.34-linux-amd64.deb",7
"2022-08-04T16:18:49Z","quarto-1.1.34-linux-amd64.tar.gz",7
"2022-08-04T16:18:49Z","quarto-1.1.34-macos.pkg",10
"2022-08-04T16:18:49Z","quarto-1.1.34-macos.tar.gz",9
"2022-08-04T16:18:49Z","quarto-1.1.34-win.msi",11
"2022-08-04T16:18:49Z","quarto-1.1.34-win.zip",7
"2022-08-04T15:37:55Z","quarto-1.1.33-linux-amd64.deb",6
"2022-08-04T15:37:55Z","quarto-1.1.33-linux-amd64.tar.gz",13
"2022-08-04T13:50:13Z","quarto-1.1.32-linux-amd64.deb",11
"2022-08-04T13:50:13Z","quarto-1.1.32-linux-amd64.tar.gz",11
"2022-08-04T20:11:33Z","quarto-1.0.38-checksums.txt",4299
"2022-08-04T20:11:33Z","quarto-1.0.38-linux-amd64.deb",13527
"2022-08-04T20:11:33Z","quarto-1.0.38-linux-amd64.tar.gz",7330
"2022-08-04T20:11:33Z","quarto-1.0.38-macos.pkg",8034
"2022-08-04T20:11:33Z","quarto-1.0.38-macos.tar.gz",4311
"2022-08-04T20:11:33Z","quarto-1.0.38-win.msi",9949
"2022-08-04T20:11:33Z","quarto-1.0.38-win.zip",4678
"2022-08-03T00:37:20Z","quarto-1.1.29-checksums.txt",132
"2022-08-03T00:37:20Z","quarto-1.1.29-linux-amd64.deb",137
"2022-08-03T00:37:20Z","quarto-1.1.29-linux-amd64.tar.gz",127
"2022-08-03T00:37:20Z","quarto-1.1.29-macos.pkg",124
"2022-08-03T00:37:20Z","quarto-1.1.29-macos.tar.gz",130
"2022-08-03T00:37:20Z","quarto-1.1.29-win.msi",179
"2022-08-03T00:37:20Z","quarto-1.1.29-win.zip",128
"2022-08-02T00:52:25Z","quarto-1.1.27-checksums.txt",79
"2022-08-02T00:52:25Z","quarto-1.1.27-linux-amd64.deb",80
"2022-08-02T00:52:25Z","quarto-1.1.27-linux-amd64.tar.gz",86
"2022-08-02T00:52:25Z","quarto-1.1.27-macos.pkg",81
"2022-08-02T00:52:25Z","quarto-1.1.27-macos.tar.gz",82
"2022-08-02T00:52:25Z","quarto-1.1.27-win.msi",91
"2022-08-02T00:52:25Z","quarto-1.1.27-win.zip",76
"2022-07-25T18:58:17Z","quarto-1.1.19-checksums.txt",584
"2022-07-25T18:58:17Z","quarto-1.1.19-linux-amd64.deb",605
"2022-07-25T18:58:17Z","quarto-1.1.19-linux-amd64.tar.gz",667
"2022-07-25T18:58:17Z","quarto-1.1.19-macos.pkg",597
"2022-07-25T18:58:17Z","quarto-1.1.19-macos.tar.gz",585
"2022-07-25T18:58:17Z","quarto-1.1.19-win.msi",622
"2022-07-25T18:58:17Z","quarto-1.1.19-win.zip",584
"2022-07-25T18:56:48Z","quarto-1.0.37-checksums.txt",1442
"2022-07-25T18:56:48Z","quarto-1.0.37-linux-amd64.deb",8054
"2022-07-25T18:56:48Z","quarto-1.0.37-linux-amd64.tar.gz",1906
"2022-07-25T18:56:48Z","quarto-1.0.37-macos.pkg",4312
"2022-07-25T18:56:48Z","quarto-1.0.37-macos.tar.gz",1429
"2022-07-25T18:56:48Z","quarto-1.0.37-win.msi",6371
"2022-07-25T18:56:48Z","quarto-1.0.37-win.zip",1671
"2022-07-22T17:52:30Z","quarto-1.0.36-checksums.txt",458
"2022-07-22T17:52:30Z","quarto-1.0.36-linux-amd64.deb",1708
"2022-07-22T17:52:30Z","quarto-1.0.36-linux-amd64.tar.gz",539
"2022-07-22T17:52:30Z","quarto-1.0.36-macos.pkg",870
"2022-07-22T17:52:30Z","quarto-1.0.36-macos.tar.gz",463
"2022-07-22T17:52:30Z","quarto-1.0.36-win.msi",2684
"2022-07-22T17:52:30Z","quarto-1.0.36-win.zip",519
"2022-07-20T18:19:48Z","quarto-1.1.3-checksums.txt",417
"2022-07-20T18:19:48Z","quarto-1.1.3-linux-amd64.deb",442
"2022-07-20T18:19:48Z","quarto-1.1.3-linux-amd64.tar.gz",412
"2022-07-20T18:19:48Z","quarto-1.1.3-macos.pkg",422
"2022-07-20T18:19:48Z","quarto-1.1.3-macos.tar.gz",418
"2022-07-20T18:19:48Z","quarto-1.1.3-win.msi",415
"2022-07-20T18:19:48Z","quarto-1.1.3-win.zip",419
"2022-07-20T13:02:16Z","quarto-1.0.35-checksums.txt",333
"2022-07-20T13:02:16Z","quarto-1.0.35-linux-amd64.deb",1722
"2022-07-20T13:02:16Z","quarto-1.0.35-linux-amd64.tar.gz",383
"2022-07-20T13:02:16Z","quarto-1.0.35-macos.pkg",669
"2022-07-20T13:02:16Z","quarto-1.0.35-macos.tar.gz",325
"2022-07-20T13:02:16Z","quarto-1.0.35-win.msi",2556
"2022-07-20T13:02:16Z","quarto-1.0.35-win.zip",391
"2022-07-18T18:45:17Z","quarto-1.0.32-checksums.txt",256
"2022-07-18T18:45:17Z","quarto-1.0.32-linux-amd64.deb",873
"2022-07-18T18:45:17Z","quarto-1.0.32-linux-amd64.tar.gz",274
"2022-07-18T18:45:17Z","quarto-1.0.32-macos.pkg",470
"2022-07-18T18:45:17Z","quarto-1.0.32-macos.tar.gz",254
"2022-07-18T18:45:17Z","quarto-1.0.32-win.msi",458
"2022-07-18T18:45:17Z","quarto-1.0.32-win.zip",273
"2022-07-15T18:10:48Z","quarto-1.0.28-checksums.txt",473
"2022-07-15T18:10:48Z","quarto-1.0.28-linux-amd64.deb",1032
"2022-07-15T18:10:48Z","quarto-1.0.28-linux-amd64.tar.gz",945
"2022-07-15T18:10:48Z","quarto-1.0.28-macos.pkg",724
"2022-07-15T18:10:48Z","quarto-1.0.28-macos.tar.gz",457
"2022-07-15T18:10:48Z","quarto-1.0.28-win.msi",746
"2022-07-15T18:10:48Z","quarto-1.0.28-win.zip",497
"2022-07-15T11:44:45Z","quarto-1.0.27-checksums.txt",48
"2022-07-15T11:44:45Z","quarto-1.0.27-linux-amd64.deb",163
"2022-07-15T11:44:45Z","quarto-1.0.27-linux-amd64.tar.gz",6460
"2022-07-15T11:44:45Z","quarto-1.0.27-macos.pkg",121
"2022-07-15T11:44:45Z","quarto-1.0.27-macos.tar.gz",48
"2022-07-15T11:44:45Z","quarto-1.0.27-win.msi",129
"2022-07-15T11:44:45Z","quarto-1.0.27-win.zip",53
"2022-07-15T01:02:13Z","quarto-1.0.25-checksums.txt",64
"2022-07-15T01:02:13Z","quarto-1.0.25-linux-amd64.deb",191
"2022-07-15T01:02:13Z","quarto-1.0.25-linux-amd64.tar.gz",106
"2022-07-15T01:02:13Z","quarto-1.0.25-macos.pkg",169
"2022-07-15T01:02:13Z","quarto-1.0.25-macos.tar.gz",64
"2022-07-15T01:02:13Z","quarto-1.0.25-win.msi",123
"2022-07-15T01:02:13Z","quarto-1.0.25-win.zip",69
"2022-07-14T21:57:42Z","quarto-1.0.24-checksums.txt",23
"2022-07-14T21:57:42Z","quarto-1.0.24-linux-amd64.deb",54
"2022-07-14T21:57:42Z","quarto-1.0.24-linux-amd64.tar.gz",144
"2022-07-14T21:57:42Z","quarto-1.0.24-macos.pkg",28
"2022-07-14T21:57:42Z","quarto-1.0.24-macos.tar.gz",22
"2022-07-14T21:57:42Z","quarto-1.0.24-win.msi",43
"2022-07-14T21:57:42Z","quarto-1.0.24-win.zip",27
"2022-07-14T19:22:00Z","quarto-1.0.23-checksums.txt",29
"2022-07-14T19:22:00Z","quarto-1.0.23-linux-amd64.deb",62
"2022-07-14T19:22:00Z","quarto-1.0.23-linux-amd64.tar.gz",25
"2022-07-14T19:22:00Z","quarto-1.0.23-macos.pkg",31
"2022-07-14T19:22:00Z","quarto-1.0.23-macos.tar.gz",30
"2022-07-14T19:22:00Z","quarto-1.0.23-win.msi",36
"2022-07-14T19:22:00Z","quarto-1.0.23-win.zip",27
"2022-07-14T18:31:24Z","quarto-1.0.22-checksums.txt",9
"2022-07-14T18:31:24Z","quarto-1.0.22-linux-amd64.deb",10
"2022-07-14T18:31:24Z","quarto-1.0.22-linux-amd64.tar.gz",10
"2022-07-14T18:31:24Z","quarto-1.0.22-macos.pkg",15
"2022-07-14T18:31:24Z","quarto-1.0.22-macos.tar.gz",11
"2022-07-14T18:31:24Z","quarto-1.0.22-win.msi",12
"2022-07-14T18:31:24Z","quarto-1.0.22-win.zip",10
"2022-07-14T14:35:37Z","quarto-1.0.20-checksums.txt",30
"2022-07-14T14:35:37Z","quarto-1.0.20-linux-amd64.deb",65
"2022-07-14T14:35:37Z","quarto-1.0.20-linux-amd64.tar.gz",42
"2022-07-14T14:35:37Z","quarto-1.0.20-macos.pkg",114
"2022-07-14T14:35:37Z","quarto-1.0.20-macos.tar.gz",31
"2022-07-14T14:35:37Z","quarto-1.0.20-win.msi",63
"2022-07-14T14:35:37Z","quarto-1.0.20-win.zip",31
"2022-07-13T13:39:03Z","quarto-1.0.18-checksums.txt",159
"2022-07-13T13:39:03Z","quarto-1.0.18-linux-amd64.deb",443
"2022-07-13T13:39:03Z","quarto-1.0.18-linux-amd64.tar.gz",173
"2022-07-13T13:39:03Z","quarto-1.0.18-macos.pkg",273
"2022-07-13T13:39:03Z","quarto-1.0.18-macos.tar.gz",159
"2022-07-13T13:39:03Z","quarto-1.0.18-win.msi",263
"2022-07-13T13:39:03Z","quarto-1.0.18-win.zip",176
"2022-07-13T00:20:14Z","quarto-1.0.16-checksums.txt",75
"2022-07-13T00:20:14Z","quarto-1.0.16-linux-amd64.deb",223
"2022-07-13T00:20:14Z","quarto-1.0.16-linux-amd64.tar.gz",86
"2022-07-13T00:20:14Z","quarto-1.0.16-macos.pkg",182
"2022-07-13T00:20:14Z","quarto-1.0.16-macos.tar.gz",78
"2022-07-13T00:20:14Z","quarto-1.0.16-win.msi",139
"2022-07-13T00:20:14Z","quarto-1.0.16-win.zip",80
"2022-07-12T20:24:57Z","quarto-1.0.15-checksums.txt",31
"2022-07-12T20:24:57Z","quarto-1.0.15-linux-amd64.deb",67
"2022-07-12T20:24:57Z","quarto-1.0.15-linux-amd64.tar.gz",29
"2022-07-12T20:24:57Z","quarto-1.0.15-macos.pkg",54
"2022-07-12T20:24:57Z","quarto-1.0.15-macos.tar.gz",34
"2022-07-12T20:24:57Z","quarto-1.0.15-win.msi",39
"2022-07-12T20:24:57Z","quarto-1.0.15-win.zip",34
"2022-07-12T15:11:19Z","quarto-1.0.14-checksums.txt",46
"2022-07-12T15:11:19Z","quarto-1.0.14-linux-amd64.deb",130
"2022-07-12T15:11:19Z","quarto-1.0.14-linux-amd64.tar.gz",64
"2022-07-12T15:11:19Z","quarto-1.0.14-macos.pkg",87
"2022-07-12T15:11:19Z","quarto-1.0.14-macos.tar.gz",46
"2022-07-12T15:11:19Z","quarto-1.0.14-win.msi",76
"2022-07-12T15:11:19Z","quarto-1.0.14-win.zip",51
"2022-07-11T20:42:34Z","quarto-1.0.12-checksums.txt",115
"2022-07-11T20:42:34Z","quarto-1.0.12-linux-amd64.deb",239
"2022-07-11T20:42:34Z","quarto-1.0.12-linux-amd64.tar.gz",111
"2022-07-11T20:42:34Z","quarto-1.0.12-macos.pkg",155
"2022-07-11T20:42:34Z","quarto-1.0.12-macos.tar.gz",109
"2022-07-11T20:42:34Z","quarto-1.0.12-win.msi",128
"2022-07-11T20:42:34Z","quarto-1.0.12-win.zip",108
"2022-07-11T19:25:45Z","quarto-1.0.11-checksums.txt",21
"2022-07-11T19:25:45Z","quarto-1.0.11-linux-amd64.deb",103
"2022-07-11T19:25:45Z","quarto-1.0.11-linux-amd64.tar.gz",34
"2022-07-11T19:25:45Z","quarto-1.0.11-macos.pkg",54
"2022-07-11T19:25:45Z","quarto-1.0.11-macos.tar.gz",26
"2022-07-11T19:25:45Z","quarto-1.0.11-win.msi",94
"2022-07-11T19:25:45Z","quarto-1.0.11-win.zip",22
"2022-07-11T16:40:18Z","quarto-1.0.10-checksums.txt",13
"2022-07-11T16:40:18Z","quarto-1.0.10-linux-amd64.deb",16
"2022-07-11T16:40:18Z","quarto-1.0.10-linux-amd64.tar.gz",15
"2022-07-11T16:40:18Z","quarto-1.0.10-macos.pkg",15
"2022-07-11T16:40:18Z","quarto-1.0.10-macos.tar.gz",20
"2022-07-11T16:40:18Z","quarto-1.0.10-win.msi",15
"2022-07-11T16:40:18Z","quarto-1.0.10-win.zip",20
"2022-07-10T16:06:48Z","quarto-1.0.8-checksums.txt",171
"2022-07-10T16:06:48Z","quarto-1.0.8-linux-amd64.deb",383
"2022-07-10T16:06:48Z","quarto-1.0.8-linux-amd64.tar.gz",194
"2022-07-10T16:06:48Z","quarto-1.0.8-macos.pkg",320
"2022-07-10T16:06:48Z","quarto-1.0.8-macos.tar.gz",174
"2022-07-10T16:06:48Z","quarto-1.0.8-win.msi",292
"2022-07-10T16:06:48Z","quarto-1.0.8-win.zip",193
"2022-07-10T11:28:07Z","quarto-1.0.7-checksums.txt",41
"2022-07-10T11:28:07Z","quarto-1.0.7-linux-amd64.deb",132
"2022-07-10T11:28:07Z","quarto-1.0.7-linux-amd64.tar.gz",38
"2022-07-10T11:28:07Z","quarto-1.0.7-macos.pkg",49
"2022-07-10T11:28:07Z","quarto-1.0.7-macos.tar.gz",35
"2022-07-10T11:28:07Z","quarto-1.0.7-win.msi",60
"2022-07-10T11:28:07Z","quarto-1.0.7-win.zip",40
"2022-07-09T12:42:46Z","quarto-1.0.5-checksums.txt",156
"2022-07-09T12:42:46Z","quarto-1.0.5-linux-amd64.deb",309
"2022-07-09T12:42:46Z","quarto-1.0.5-linux-amd64.tar.gz",159
"2022-07-09T12:42:46Z","quarto-1.0.5-macos.pkg",234
"2022-07-09T12:42:46Z","quarto-1.0.5-macos.tar.gz",156
"2022-07-09T12:42:46Z","quarto-1.0.5-win.msi",214
"2022-07-09T12:42:46Z","quarto-1.0.5-win.zip",153
"2022-07-08T18:54:01Z","quarto-1.0.3-checksums.txt",114
"2022-07-08T18:54:01Z","quarto-1.0.3-linux-amd64.deb",312
"2022-07-08T18:54:01Z","quarto-1.0.3-linux-amd64.tar.gz",122
"2022-07-08T18:54:01Z","quarto-1.0.3-macos.pkg",147
"2022-07-08T18:54:01Z","quarto-1.0.3-macos.tar.gz",117
"2022-07-08T18:54:01Z","quarto-1.0.3-win.msi",153
"2022-07-08T18:54:01Z","quarto-1.0.3-win.zip",119
"2022-07-08T17:41:00Z","quarto-1.0.2-checksums.txt",12
"2022-07-08T17:41:00Z","quarto-1.0.2-linux-amd64.deb",30
"2022-07-08T17:41:00Z","quarto-1.0.2-linux-amd64.tar.gz",20
"2022-07-08T17:41:00Z","quarto-1.0.2-macos.pkg",23
"2022-07-08T17:41:00Z","quarto-1.0.2-macos.tar.gz",15
"2022-07-08T17:41:00Z","quarto-1.0.2-win.msi",17
"2022-07-08T17:41:00Z","quarto-1.0.2-win.zip",19
"2022-07-08T17:24:16Z","quarto-1.0.1-checksums.txt",7
"2022-07-08T17:24:16Z","quarto-1.0.1-linux-amd64.deb",12
"2022-07-08T17:24:16Z","quarto-1.0.1-linux-amd64.tar.gz",10
"2022-07-08T17:24:16Z","quarto-1.0.1-macos.pkg",10
"2022-07-08T17:24:16Z","quarto-1.0.1-macos.tar.gz",8
"2022-07-08T17:24:16Z","quarto-1.0.1-win.msi",9
"2022-07-08T17:24:16Z","quarto-1.0.1-win.zip",7
"2022-07-08T16:57:29Z","quarto-0.9.658-checksums.txt",10
"2022-07-08T16:57:29Z","quarto-0.9.658-linux-amd64.deb",57
"2022-07-08T16:57:29Z","quarto-0.9.658-linux-amd64.tar.gz",15
"2022-07-08T16:57:29Z","quarto-0.9.658-macos.pkg",17
"2022-07-08T16:57:29Z","quarto-0.9.658-macos.tar.gz",12
"2022-07-08T16:57:29Z","quarto-0.9.658-win.msi",14
"2022-07-08T16:57:29Z","quarto-0.9.658-win.zip",14
"2022-07-08T15:44:30Z","quarto-0.9.657-checksums.txt",13
"2022-07-08T15:44:30Z","quarto-0.9.657-linux-amd64.deb",26
"2022-07-08T15:44:30Z","quarto-0.9.657-linux-amd64.tar.gz",14
"2022-07-08T15:44:30Z","quarto-0.9.657-macos.pkg",15
"2022-07-08T15:44:30Z","quarto-0.9.657-macos.tar.gz",14
"2022-07-08T15:44:30Z","quarto-0.9.657-win.msi",20
"2022-07-08T15:44:30Z","quarto-0.9.657-win.zip",14
"2022-07-08T00:46:18Z","quarto-0.9.655-checksums.txt",86
"2022-07-08T00:46:18Z","quarto-0.9.655-linux-amd64.deb",276
"2022-07-08T00:46:18Z","quarto-0.9.655-linux-amd64.tar.gz",107
"2022-07-08T00:46:18Z","quarto-0.9.655-macos.pkg",200
"2022-07-08T00:46:18Z","quarto-0.9.655-macos.tar.gz",92
"2022-07-08T00:46:18Z","quarto-0.9.655-win.msi",140
"2022-07-08T00:46:18Z","quarto-0.9.655-win.zip",103
"2022-07-07T23:36:42Z","quarto-0.9.654-checksums.txt",8
"2022-07-07T23:36:42Z","quarto-0.9.654-linux-amd64.deb",20
"2022-07-07T23:36:42Z","quarto-0.9.654-linux-amd64.tar.gz",16
"2022-07-07T23:36:42Z","quarto-0.9.654-macos.pkg",12
"2022-07-07T23:36:42Z","quarto-0.9.654-macos.tar.gz",9
"2022-07-07T23:36:42Z","quarto-0.9.654-win.msi",14
"2022-07-07T23:36:42Z","quarto-0.9.654-win.zip",11
"2022-07-07T17:16:28Z","quarto-0.9.653-checksums.txt",59
"2022-07-07T17:16:28Z","quarto-0.9.653-linux-amd64.deb",155
"2022-07-07T17:16:28Z","quarto-0.9.653-linux-amd64.tar.gz",67
"2022-07-07T17:16:28Z","quarto-0.9.653-macos.pkg",81
"2022-07-07T17:16:28Z","quarto-0.9.653-macos.tar.gz",56
"2022-07-07T17:16:28Z","quarto-0.9.653-win.msi",88
"2022-07-07T17:16:28Z","quarto-0.9.653-win.zip",63
"2022-07-07T15:00:58Z","quarto-0.9.652-checksums.txt",21
"2022-07-07T15:00:58Z","quarto-0.9.652-linux-amd64.deb",32
"2022-07-07T15:00:58Z","quarto-0.9.652-linux-amd64.tar.gz",21
"2022-07-07T15:00:58Z","quarto-0.9.652-macos.pkg",26
"2022-07-07T15:00:58Z","quarto-0.9.652-macos.tar.gz",21
"2022-07-07T15:00:58Z","quarto-0.9.652-win.msi",26
"2022-07-07T15:00:58Z","quarto-0.9.652-win.zip",20
"2022-07-07T10:44:15Z","quarto-0.9.651-checksums.txt",23
"2022-07-07T10:44:15Z","quarto-0.9.651-linux-amd64.deb",65
"2022-07-07T10:44:15Z","quarto-0.9.651-linux-amd64.tar.gz",31
"2022-07-07T10:44:15Z","quarto-0.9.651-macos.pkg",39
"2022-07-07T10:44:15Z","quarto-0.9.651-macos.tar.gz",21
"2022-07-07T10:44:15Z","quarto-0.9.651-win.msi",37
"2022-07-07T10:44:15Z","quarto-0.9.651-win.zip",26
"2022-07-06T21:00:08Z","quarto-0.9.649-checksums.txt",93
"2022-07-06T21:00:08Z","quarto-0.9.649-linux-amd64.deb",223
"2022-07-06T21:00:08Z","quarto-0.9.649-linux-amd64.tar.gz",98
"2022-07-06T21:00:08Z","quarto-0.9.649-macos.pkg",169
"2022-07-06T21:00:08Z","quarto-0.9.649-macos.tar.gz",97
"2022-07-06T21:00:08Z","quarto-0.9.649-win.msi",148
"2022-07-06T21:00:08Z","quarto-0.9.649-win.zip",100
"2022-07-06T19:48:36Z","quarto-0.9.648-checksums.txt",17
"2022-07-06T19:48:36Z","quarto-0.9.648-linux-amd64.deb",47
"2022-07-06T19:48:36Z","quarto-0.9.648-linux-amd64.tar.gz",20
"2022-07-06T19:48:36Z","quarto-0.9.648-macos.pkg",26
"2022-07-06T19:48:36Z","quarto-0.9.648-macos.tar.gz",17
"2022-07-06T19:48:36Z","quarto-0.9.648-win.msi",20
"2022-07-06T19:48:36Z","quarto-0.9.648-win.zip",19
"2022-07-06T17:06:04Z","quarto-0.9.647-checksums.txt",24
"2022-07-06T17:06:04Z","quarto-0.9.647-linux-amd64.deb",53
"2022-07-06T17:06:04Z","quarto-0.9.647-linux-amd64.tar.gz",31
"2022-07-06T17:06:04Z","quarto-0.9.647-macos.pkg",31
"2022-07-06T17:06:04Z","quarto-0.9.647-macos.tar.gz",29
"2022-07-06T17:06:04Z","quarto-0.9.647-win.msi",32
"2022-07-06T17:06:04Z","quarto-0.9.647-win.zip",27
"2022-07-06T11:03:52Z","quarto-0.9.646-checksums.txt",46
"2022-07-06T11:03:52Z","quarto-0.9.646-linux-amd64.deb",132
"2022-07-06T11:03:52Z","quarto-0.9.646-linux-amd64.tar.gz",51
"2022-07-06T11:03:52Z","quarto-0.9.646-macos.pkg",119
"2022-07-06T11:03:52Z","quarto-0.9.646-macos.tar.gz",44
"2022-07-06T11:03:52Z","quarto-0.9.646-win.msi",76
"2022-07-06T11:03:52Z","quarto-0.9.646-win.zip",52
"2022-07-05T21:07:41Z","quarto-0.9.644-checksums.txt",84
"2022-07-05T21:07:41Z","quarto-0.9.644-linux-amd64.deb",203
"2022-07-05T21:07:41Z","quarto-0.9.644-linux-amd64.tar.gz",88
"2022-07-05T21:07:41Z","quarto-0.9.644-macos.pkg",142
"2022-07-05T21:07:41Z","quarto-0.9.644-macos.tar.gz",82
"2022-07-05T21:07:41Z","quarto-0.9.644-win.msi",121
"2022-07-05T21:07:41Z","quarto-0.9.644-win.zip",88
"2022-07-02T20:54:09Z","quarto-0.9.640-checksums.txt",442
"2022-07-02T20:54:09Z","quarto-0.9.640-linux-amd64.deb",976
"2022-07-02T20:54:09Z","quarto-0.9.640-linux-amd64.tar.gz",449
"2022-07-02T20:54:09Z","quarto-0.9.640-macos.pkg",641
"2022-07-02T20:54:09Z","quarto-0.9.640-macos.tar.gz",441
"2022-07-02T20:54:09Z","quarto-0.9.640-win.msi",621
"2022-07-02T20:54:09Z","quarto-0.9.640-win.zip",458
"2022-07-02T11:55:18Z","quarto-0.9.639-checksums.txt",72
"2022-07-02T11:55:18Z","quarto-0.9.639-linux-amd64.deb",140
"2022-07-02T11:55:18Z","quarto-0.9.639-linux-amd64.tar.gz",73
"2022-07-02T11:55:18Z","quarto-0.9.639-macos.pkg",86
"2022-07-02T11:55:18Z","quarto-0.9.639-macos.tar.gz",73
"2022-07-02T11:55:18Z","quarto-0.9.639-win.msi",99
"2022-07-02T11:55:18Z","quarto-0.9.639-win.zip",70
"2022-07-01T14:31:08Z","quarto-0.9.637-checksums.txt",139
"2022-07-01T14:31:08Z","quarto-0.9.637-linux-amd64.deb",499
"2022-07-01T14:31:08Z","quarto-0.9.637-linux-amd64.tar.gz",146
"2022-07-01T14:31:08Z","quarto-0.9.637-macos.pkg",177
"2022-07-01T14:31:08Z","quarto-0.9.637-macos.tar.gz",139
"2022-07-01T14:31:08Z","quarto-0.9.637-win.msi",187
"2022-07-01T14:31:08Z","quarto-0.9.637-win.zip",141
"2022-06-30T21:42:12Z","quarto-0.9.636-checksums.txt",22
"2022-06-30T21:42:12Z","quarto-0.9.636-linux-amd64.deb",76
"2022-06-30T21:42:12Z","quarto-0.9.636-linux-amd64.tar.gz",25
"2022-06-30T21:42:12Z","quarto-0.9.636-macos.pkg",32
"2022-06-30T21:42:12Z","quarto-0.9.636-macos.tar.gz",21
"2022-06-30T21:42:12Z","quarto-0.9.636-win.msi",34
"2022-06-30T21:42:12Z","quarto-0.9.636-win.zip",23
"2022-06-30T20:14:23Z","quarto-0.9.634-checksums.txt",96
"2022-06-30T20:14:23Z","quarto-0.9.634-linux-amd64.deb",201
"2022-06-30T20:14:23Z","quarto-0.9.634-linux-amd64.tar.gz",106
"2022-06-30T20:14:23Z","quarto-0.9.634-macos.pkg",121
"2022-06-30T20:14:23Z","quarto-0.9.634-macos.tar.gz",94
"2022-06-30T20:14:23Z","quarto-0.9.634-win.msi",147
"2022-06-30T20:14:23Z","quarto-0.9.634-win.zip",103
"2022-06-30T16:47:46Z","quarto-0.9.633-checksums.txt",25
"2022-06-30T16:47:46Z","quarto-0.9.633-linux-amd64.deb",66
"2022-06-30T16:47:46Z","quarto-0.9.633-linux-amd64.tar.gz",39
"2022-06-30T16:47:46Z","quarto-0.9.633-macos.pkg",39
"2022-06-30T16:47:46Z","quarto-0.9.633-macos.tar.gz",26
"2022-06-30T16:47:46Z","quarto-0.9.633-win.msi",35
"2022-06-30T16:47:46Z","quarto-0.9.633-win.zip",34
"2022-06-30T14:45:04Z","quarto-0.9.632-checksums.txt",20
"2022-06-30T14:45:04Z","quarto-0.9.632-linux-amd64.deb",25
"2022-06-30T14:45:04Z","quarto-0.9.632-linux-amd64.tar.gz",22
"2022-06-30T14:45:04Z","quarto-0.9.632-macos.pkg",29
"2022-06-30T14:45:04Z","quarto-0.9.632-macos.tar.gz",21
"2022-06-30T14:45:04Z","quarto-0.9.632-win.msi",29
"2022-06-30T14:45:04Z","quarto-0.9.632-win.zip",21
"2022-06-28T11:32:30Z","quarto-0.9.629-checksums.txt",295
"2022-06-28T11:32:30Z","quarto-0.9.629-linux-amd64.deb",832
"2022-06-28T11:32:30Z","quarto-0.9.629-linux-amd64.tar.gz",344
"2022-06-28T11:32:30Z","quarto-0.9.629-macos.pkg",556
"2022-06-28T11:32:30Z","quarto-0.9.629-macos.tar.gz",298
"2022-06-28T11:32:30Z","quarto-0.9.629-win.msi",456
"2022-06-28T11:32:30Z","quarto-0.9.629-win.zip",336
"2022-06-27T19:16:13Z","quarto-0.9.628-checksums.txt",11
"2022-06-27T19:16:13Z","quarto-0.9.628-linux-amd64.deb",12
"2022-06-27T19:16:13Z","quarto-0.9.628-linux-amd64.tar.gz",10
"2022-06-27T19:16:13Z","quarto-0.9.628-macos.pkg",11
"2022-06-27T19:16:13Z","quarto-0.9.628-macos.tar.gz",13
"2022-06-27T19:16:13Z","quarto-0.9.628-win.msi",12
"2022-06-27T19:16:13Z","quarto-0.9.628-win.zip",12
"2022-06-27T14:59:15Z","quarto-0.9.626-checksums.txt",123
"2022-06-27T14:59:15Z","quarto-0.9.626-linux-amd64.deb",323
"2022-06-27T14:59:15Z","quarto-0.9.626-linux-amd64.tar.gz",140
"2022-06-27T14:59:15Z","quarto-0.9.626-macos.pkg",218
"2022-06-27T14:59:15Z","quarto-0.9.626-macos.tar.gz",124
"2022-06-27T14:59:15Z","quarto-0.9.626-win.msi",191
"2022-06-27T14:59:15Z","quarto-0.9.626-win.zip",153
"2022-06-26T12:13:55Z","quarto-0.9.624-checksums.txt",169
"2022-06-26T12:13:55Z","quarto-0.9.624-linux-amd64.deb",398
"2022-06-26T12:13:55Z","quarto-0.9.624-linux-amd64.tar.gz",176
"2022-06-26T12:13:55Z","quarto-0.9.624-macos.pkg",293
"2022-06-26T12:13:55Z","quarto-0.9.624-macos.tar.gz",173
"2022-06-26T12:13:55Z","quarto-0.9.624-win.msi",260
"2022-06-26T12:13:55Z","quarto-0.9.624-win.zip",180
"2022-06-25T15:38:51Z","quarto-0.9.622-checksums.txt",136
"2022-06-25T15:38:51Z","quarto-0.9.622-linux-amd64.deb",330
"2022-06-25T15:38:51Z","quarto-0.9.622-linux-amd64.tar.gz",135
"2022-06-25T15:38:51Z","quarto-0.9.622-macos.pkg",177
"2022-06-25T15:38:51Z","quarto-0.9.622-macos.tar.gz",138
"2022-06-25T15:38:51Z","quarto-0.9.622-win.msi",180
"2022-06-25T15:38:51Z","quarto-0.9.622-win.zip",137
"2022-06-24T20:44:08Z","quarto-0.9.619-checksums.txt",125
"2022-06-24T20:44:08Z","quarto-0.9.619-linux-amd64.deb",286
"2022-06-24T20:44:08Z","quarto-0.9.619-linux-amd64.tar.gz",134
"2022-06-24T20:44:08Z","quarto-0.9.619-macos.pkg",207
"2022-06-24T20:44:08Z","quarto-0.9.619-macos.tar.gz",128
"2022-06-24T20:44:08Z","quarto-0.9.619-win.msi",169
"2022-06-24T20:44:08Z","quarto-0.9.619-win.zip",124
"2022-06-24T18:55:29Z","quarto-0.9.618-checksums.txt",24
"2022-06-24T18:55:29Z","quarto-0.9.618-linux-amd64.deb",59
"2022-06-24T18:55:29Z","quarto-0.9.618-linux-amd64.tar.gz",32
"2022-06-24T18:55:29Z","quarto-0.9.618-macos.pkg",33
"2022-06-24T18:55:29Z","quarto-0.9.618-macos.tar.gz",24
"2022-06-24T18:55:29Z","quarto-0.9.618-win.msi",36
"2022-06-24T18:55:29Z","quarto-0.9.618-win.zip",27
"2022-06-24T11:06:58Z","quarto-0.9.617-checksums.txt",51
"2022-06-24T11:06:58Z","quarto-0.9.617-linux-amd64.deb",109
"2022-06-24T11:06:58Z","quarto-0.9.617-linux-amd64.tar.gz",56
"2022-06-24T11:06:58Z","quarto-0.9.617-macos.pkg",116
"2022-06-24T11:06:58Z","quarto-0.9.617-macos.tar.gz",54
"2022-06-24T11:06:58Z","quarto-0.9.617-win.msi",91
"2022-06-24T11:06:58Z","quarto-0.9.617-win.zip",56
"2022-06-23T20:56:37Z","quarto-0.9.615-checksums.txt",85
"2022-06-23T20:56:37Z","quarto-0.9.615-linux-amd64.deb",201
"2022-06-23T20:56:37Z","quarto-0.9.615-linux-amd64.tar.gz",105
"2022-06-23T20:56:37Z","quarto-0.9.615-macos.pkg",166
"2022-06-23T20:56:37Z","quarto-0.9.615-macos.tar.gz",85
"2022-06-23T20:56:37Z","quarto-0.9.615-win.msi",131
"2022-06-23T20:56:37Z","quarto-0.9.615-win.zip",97
"2022-06-22T19:52:04Z","quarto-0.9.613-checksums.txt",156
"2022-06-22T19:52:04Z","quarto-0.9.613-linux-amd64.deb",2346
"2022-06-22T19:52:04Z","quarto-0.9.613-linux-amd64.tar.gz",180
"2022-06-22T19:52:04Z","quarto-0.9.613-macos.pkg",285
"2022-06-22T19:52:04Z","quarto-0.9.613-macos.tar.gz",157
"2022-06-22T19:52:04Z","quarto-0.9.613-win.msi",256
"2022-06-22T19:52:04Z","quarto-0.9.613-win.zip",209
"2022-06-22T16:33:13Z","quarto-0.9.612-checksums.txt",27
"2022-06-22T16:33:13Z","quarto-0.9.612-linux-amd64.deb",59
"2022-06-22T16:33:13Z","quarto-0.9.612-linux-amd64.tar.gz",40
"2022-06-22T16:33:13Z","quarto-0.9.612-macos.pkg",60
"2022-06-22T16:33:13Z","quarto-0.9.612-macos.tar.gz",32
"2022-06-22T16:33:13Z","quarto-0.9.612-win.msi",46
"2022-06-22T16:33:13Z","quarto-0.9.612-win.zip",34
"2022-06-22T15:11:03Z","quarto-0.9.611-checksums.txt",10
"2022-06-22T15:11:03Z","quarto-0.9.611-linux-amd64.deb",11
"2022-06-22T15:11:03Z","quarto-0.9.611-linux-amd64.tar.gz",14
"2022-06-22T15:11:03Z","quarto-0.9.611-macos.pkg",14
"2022-06-22T15:11:03Z","quarto-0.9.611-macos.tar.gz",11
"2022-06-22T15:11:03Z","quarto-0.9.611-win.msi",18
"2022-06-22T15:11:03Z","quarto-0.9.611-win.zip",17
"2022-06-22T12:24:02Z","quarto-0.9.610-checksums.txt",17
"2022-06-22T12:24:02Z","quarto-0.9.610-linux-amd64.deb",61
"2022-06-22T12:24:02Z","quarto-0.9.610-linux-amd64.tar.gz",25
"2022-06-22T12:24:02Z","quarto-0.9.610-macos.pkg",26
"2022-06-22T12:24:02Z","quarto-0.9.610-macos.tar.gz",17
"2022-06-22T12:24:02Z","quarto-0.9.610-win.msi",38
"2022-06-22T12:24:02Z","quarto-0.9.610-win.zip",20
"2022-06-22T11:47:21Z","quarto-0.9.609-checksums.txt",9
"2022-06-22T11:47:21Z","quarto-0.9.609-linux-amd64.deb",53
"2022-06-22T11:47:21Z","quarto-0.9.609-linux-amd64.tar.gz",5
"2022-06-22T11:47:21Z","quarto-0.9.609-macos.pkg",9
"2022-06-22T11:47:21Z","quarto-0.9.609-macos.tar.gz",9
"2022-06-22T11:47:21Z","quarto-0.9.609-win.msi",19
"2022-06-22T11:47:21Z","quarto-0.9.609-win.zip",8
"2022-06-21T19:45:15Z","quarto-0.9.607-checksums.txt",99
"2022-06-21T19:45:15Z","quarto-0.9.607-linux-amd64.deb",203
"2022-06-21T19:45:15Z","quarto-0.9.607-linux-amd64.tar.gz",101
"2022-06-21T19:45:15Z","quarto-0.9.607-macos.pkg",198
"2022-06-21T19:45:15Z","quarto-0.9.607-macos.tar.gz",102
"2022-06-21T19:45:15Z","quarto-0.9.607-win.msi",167
"2022-06-21T19:45:15Z","quarto-0.9.607-win.zip",107
"2022-06-21T19:18:34Z","quarto-0.9.606-checksums.txt",8
"2022-06-21T19:18:34Z","quarto-0.9.606-linux-amd64.deb",12
"2022-06-21T19:18:34Z","quarto-0.9.606-linux-amd64.tar.gz",8
"2022-06-21T19:18:34Z","quarto-0.9.606-macos.pkg",15
"2022-06-21T19:18:34Z","quarto-0.9.606-macos.tar.gz",11
"2022-06-21T19:18:34Z","quarto-0.9.606-win.msi",10
"2022-06-21T19:18:34Z","quarto-0.9.606-win.zip",9
"2022-06-21T19:05:46Z","quarto-0.9.605-checksums.txt",5
"2022-06-21T19:05:46Z","quarto-0.9.605-linux-amd64.deb",7
"2022-06-21T19:05:46Z","quarto-0.9.605-linux-amd64.tar.gz",3
"2022-06-21T19:05:46Z","quarto-0.9.605-macos.pkg",9
"2022-06-21T19:05:46Z","quarto-0.9.605-macos.tar.gz",5
"2022-06-21T19:05:46Z","quarto-0.9.605-win.msi",6
"2022-06-21T19:05:46Z","quarto-0.9.605-win.zip",6
"2022-06-21T17:56:54Z","quarto-0.9.604-checksums.txt",8
"2022-06-21T17:56:54Z","quarto-0.9.604-linux-amd64.deb",14
"2022-06-21T17:56:54Z","quarto-0.9.604-linux-amd64.tar.gz",11
"2022-06-21T17:56:54Z","quarto-0.9.604-macos.pkg",11
"2022-06-21T17:56:54Z","quarto-0.9.604-macos.tar.gz",10
"2022-06-21T17:56:54Z","quarto-0.9.604-win.msi",11
"2022-06-21T17:56:54Z","quarto-0.9.604-win.zip",10
"2022-06-21T14:40:19Z","quarto-0.9.603-checksums.txt",24
"2022-06-21T14:40:19Z","quarto-0.9.603-linux-amd64.deb",44
"2022-06-21T14:40:19Z","quarto-0.9.603-linux-amd64.tar.gz",28
"2022-06-21T14:40:19Z","quarto-0.9.603-macos.pkg",48
"2022-06-21T14:40:19Z","quarto-0.9.603-macos.tar.gz",24
"2022-06-21T14:40:19Z","quarto-0.9.603-win.msi",61
"2022-06-21T14:40:19Z","quarto-0.9.603-win.zip",27
"2022-06-21T14:35:02Z","quarto-0.9.602-checksums.txt",2
"2022-06-21T14:35:02Z","quarto-0.9.602-linux-amd64.deb",2
"2022-06-21T14:35:02Z","quarto-0.9.602-linux-amd64.tar.gz",2
"2022-06-21T14:35:02Z","quarto-0.9.602-macos.pkg",3
"2022-06-21T14:35:02Z","quarto-0.9.602-macos.tar.gz",4
"2022-06-21T14:35:02Z","quarto-0.9.602-win.msi",3
"2022-06-21T14:35:02Z","quarto-0.9.602-win.zip",3
"2022-06-19T21:05:43Z","quarto-0.9.600-checksums.txt",130
"2022-06-19T21:05:43Z","quarto-0.9.600-linux-amd64.deb",338
"2022-06-19T21:05:43Z","quarto-0.9.600-linux-amd64.tar.gz",154
"2022-06-19T21:05:43Z","quarto-0.9.600-macos.pkg",239
"2022-06-19T21:05:43Z","quarto-0.9.600-macos.tar.gz",131
"2022-06-19T21:05:43Z","quarto-0.9.600-win.msi",213
"2022-06-19T21:05:43Z","quarto-0.9.600-win.zip",163
"2022-06-19T11:44:15Z","quarto-0.9.598-checksums.txt",196
"2022-06-19T11:44:15Z","quarto-0.9.598-linux-amd64.deb",393
"2022-06-19T11:44:15Z","quarto-0.9.598-linux-amd64.tar.gz",201
"2022-06-19T11:44:15Z","quarto-0.9.598-macos.pkg",312
"2022-06-19T11:44:15Z","quarto-0.9.598-macos.tar.gz",194
"2022-06-19T11:44:15Z","quarto-0.9.598-win.msi",276
"2022-06-19T11:44:15Z","quarto-0.9.598-win.zip",201
"2022-06-18T15:58:16Z","quarto-0.9.596-checksums.txt",129
"2022-06-18T15:58:16Z","quarto-0.9.596-linux-amd64.deb",236
"2022-06-18T15:58:16Z","quarto-0.9.596-linux-amd64.tar.gz",144
"2022-06-18T15:58:16Z","quarto-0.9.596-macos.pkg",208
"2022-06-18T15:58:16Z","quarto-0.9.596-macos.tar.gz",128
"2022-06-18T15:58:16Z","quarto-0.9.596-win.msi",161
"2022-06-18T15:58:16Z","quarto-0.9.596-win.zip",141
"2022-06-17T18:33:26Z","quarto-0.9.594-checksums.txt",145
"2022-06-17T18:33:26Z","quarto-0.9.594-linux-amd64.deb",271
"2022-06-17T18:33:26Z","quarto-0.9.594-linux-amd64.tar.gz",156
"2022-06-17T18:33:26Z","quarto-0.9.594-macos.pkg",185
"2022-06-17T18:33:26Z","quarto-0.9.594-macos.tar.gz",152
"2022-06-17T18:33:26Z","quarto-0.9.594-win.msi",184
"2022-06-17T18:33:26Z","quarto-0.9.594-win.zip",146
"2022-06-16T19:12:32Z","quarto-0.9.592-checksums.txt",151
"2022-06-16T19:12:32Z","quarto-0.9.592-linux-amd64.deb",330
"2022-06-16T19:12:32Z","quarto-0.9.592-linux-amd64.tar.gz",163
"2022-06-16T19:12:32Z","quarto-0.9.592-macos.pkg",260
"2022-06-16T19:12:32Z","quarto-0.9.592-macos.tar.gz",153
"2022-06-16T19:12:32Z","quarto-0.9.592-win.msi",214
"2022-06-16T19:12:32Z","quarto-0.9.592-win.zip",172
"2022-06-16T18:05:03Z","quarto-0.9.591-checksums.txt",11
"2022-06-16T18:05:03Z","quarto-0.9.591-linux-amd64.deb",20
"2022-06-16T18:05:03Z","quarto-0.9.591-linux-amd64.tar.gz",13
"2022-06-16T18:05:03Z","quarto-0.9.591-macos.pkg",24
"2022-06-16T18:05:03Z","quarto-0.9.591-macos.tar.gz",14
"2022-06-16T18:05:03Z","quarto-0.9.591-win.msi",13
"2022-06-16T18:05:03Z","quarto-0.9.591-win.zip",16
"2022-06-15T21:37:28Z","quarto-0.9.588-checksums.txt",4
"2022-06-15T21:37:28Z","quarto-0.9.588-linux-amd64.deb",4
"2022-06-15T21:37:28Z","quarto-0.9.588-linux-amd64.tar.gz",2
"2022-06-15T21:37:28Z","quarto-0.9.588-macos.pkg",12
"2022-06-15T21:37:28Z","quarto-0.9.588-macos.tar.gz",6
"2022-06-15T21:37:28Z","quarto-0.9.588-win.msi",7
"2022-06-15T21:37:28Z","quarto-0.9.588-win.zip",6
"2022-06-15T16:11:10Z","quarto-0.9.587-checksums.txt",154
"2022-06-15T16:11:10Z","quarto-0.9.587-linux-amd64.deb",342
"2022-06-15T16:11:10Z","quarto-0.9.587-linux-amd64.tar.gz",172
"2022-06-15T16:11:10Z","quarto-0.9.587-macos.pkg",273
"2022-06-15T16:11:10Z","quarto-0.9.587-macos.tar.gz",157
"2022-06-15T16:11:10Z","quarto-0.9.587-win.msi",237
"2022-06-15T16:11:10Z","quarto-0.9.587-win.zip",173
"2022-06-15T13:40:26Z","quarto-0.9.586-checksums.txt",19
"2022-06-15T13:40:26Z","quarto-0.9.586-linux-amd64.deb",36
"2022-06-15T13:40:26Z","quarto-0.9.586-linux-amd64.tar.gz",29
"2022-06-15T13:40:26Z","quarto-0.9.586-macos.pkg",27
"2022-06-15T13:40:26Z","quarto-0.9.586-macos.tar.gz",24
"2022-06-15T13:40:26Z","quarto-0.9.586-win.msi",28
"2022-06-15T13:40:26Z","quarto-0.9.586-win.zip",25
"2022-06-14T19:03:31Z","quarto-0.9.584-checksums.txt",78
"2022-06-14T19:03:31Z","quarto-0.9.584-linux-amd64.deb",195
"2022-06-14T19:03:31Z","quarto-0.9.584-linux-amd64.tar.gz",85
"2022-06-14T19:03:31Z","quarto-0.9.584-macos.pkg",155
"2022-06-14T19:03:31Z","quarto-0.9.584-macos.tar.gz",79
"2022-06-14T19:03:31Z","quarto-0.9.584-win.msi",121
"2022-06-14T19:03:31Z","quarto-0.9.584-win.zip",96
"2022-06-14T14:07:25Z","quarto-0.9.583-checksums.txt",73
"2022-06-14T14:07:25Z","quarto-0.9.583-linux-amd64.deb",146
"2022-06-14T14:07:25Z","quarto-0.9.583-linux-amd64.tar.gz",89
"2022-06-14T14:07:25Z","quarto-0.9.583-macos.pkg",119
"2022-06-14T14:07:25Z","quarto-0.9.583-macos.tar.gz",74
"2022-06-14T14:07:25Z","quarto-0.9.583-win.msi",98
"2022-06-14T14:07:25Z","quarto-0.9.583-win.zip",98
"2022-06-14T13:26:38Z","quarto-0.9.582-checksums.txt",6
"2022-06-14T13:26:38Z","quarto-0.9.582-linux-amd64.deb",10
"2022-06-14T13:26:38Z","quarto-0.9.582-linux-amd64.tar.gz",11
"2022-06-14T13:26:38Z","quarto-0.9.582-macos.pkg",10
"2022-06-14T13:26:38Z","quarto-0.9.582-macos.tar.gz",8
"2022-06-14T13:26:38Z","quarto-0.9.582-win.msi",12
"2022-06-14T13:26:38Z","quarto-0.9.582-win.zip",7
"2022-06-14T02:42:28Z","quarto-0.9.580-checksums.txt",72
"2022-06-14T02:42:28Z","quarto-0.9.580-linux-amd64.deb",169
"2022-06-14T02:42:28Z","quarto-0.9.580-linux-amd64.tar.gz",81
"2022-06-14T02:42:28Z","quarto-0.9.580-macos.pkg",79
"2022-06-14T02:42:28Z","quarto-0.9.580-macos.tar.gz",67
"2022-06-14T02:42:28Z","quarto-0.9.580-win.msi",123
"2022-06-14T02:42:28Z","quarto-0.9.580-win.zip",78
"2022-06-13T19:10:36Z","quarto-0.9.579-checksums.txt",42
"2022-06-13T19:10:36Z","quarto-0.9.579-linux-amd64.deb",84
"2022-06-13T19:10:36Z","quarto-0.9.579-linux-amd64.tar.gz",55
"2022-06-13T19:10:36Z","quarto-0.9.579-macos.pkg",132
"2022-06-13T19:10:36Z","quarto-0.9.579-macos.tar.gz",44
"2022-06-13T19:10:36Z","quarto-0.9.579-win.msi",75
"2022-06-13T19:10:36Z","quarto-0.9.579-win.zip",66
"2022-06-12T23:03:56Z","quarto-0.9.577-checksums.txt",117
"2022-06-12T23:03:56Z","quarto-0.9.577-linux-amd64.deb",274
"2022-06-12T23:03:56Z","quarto-0.9.577-linux-amd64.tar.gz",129
"2022-06-12T23:03:56Z","quarto-0.9.577-macos.pkg",226
"2022-06-12T23:03:56Z","quarto-0.9.577-macos.tar.gz",121
"2022-06-12T23:03:56Z","quarto-0.9.577-win.msi",175
"2022-06-12T23:03:56Z","quarto-0.9.577-win.zip",140
"2022-06-12T21:36:31Z","quarto-0.9.576-checksums.txt",16
"2022-06-12T21:36:31Z","quarto-0.9.576-linux-amd64.deb",19
"2022-06-12T21:36:31Z","quarto-0.9.576-linux-amd64.tar.gz",17
"2022-06-12T21:36:31Z","quarto-0.9.576-macos.pkg",18
"2022-06-12T21:36:31Z","quarto-0.9.576-macos.tar.gz",18
"2022-06-12T21:36:31Z","quarto-0.9.576-win.msi",17
"2022-06-12T21:36:31Z","quarto-0.9.576-win.zip",18
"2022-06-12T13:22:07Z","quarto-0.9.575-checksums.txt",64
"2022-06-12T13:22:07Z","quarto-0.9.575-linux-amd64.deb",97
"2022-06-12T13:22:07Z","quarto-0.9.575-linux-amd64.tar.gz",62
"2022-06-12T13:22:07Z","quarto-0.9.575-macos.pkg",73
"2022-06-12T13:22:07Z","quarto-0.9.575-macos.tar.gz",72
"2022-06-12T13:22:07Z","quarto-0.9.575-win.msi",83
"2022-06-12T13:22:07Z","quarto-0.9.575-win.zip",65
"2022-06-11T23:58:45Z","quarto-0.9.573-checksums.txt",80
"2022-06-11T23:58:45Z","quarto-0.9.573-linux-amd64.deb",167
"2022-06-11T23:58:45Z","quarto-0.9.573-linux-amd64.tar.gz",80
"2022-06-11T23:58:45Z","quarto-0.9.573-macos.pkg",147
"2022-06-11T23:58:45Z","quarto-0.9.573-macos.tar.gz",80
"2022-06-11T23:58:45Z","quarto-0.9.573-win.msi",101
"2022-06-11T23:58:45Z","quarto-0.9.573-win.zip",85
"2022-06-11T20:45:37Z","quarto-0.9.572-checksums.txt",28
"2022-06-11T20:45:37Z","quarto-0.9.572-linux-amd64.deb",30
"2022-06-11T20:45:37Z","quarto-0.9.572-linux-amd64.tar.gz",36
"2022-06-11T20:45:37Z","quarto-0.9.572-macos.pkg",34
"2022-06-11T20:45:37Z","quarto-0.9.572-macos.tar.gz",31
"2022-06-11T20:45:37Z","quarto-0.9.572-win.msi",31
"2022-06-11T20:45:37Z","quarto-0.9.572-win.zip",34
"2022-06-11T18:15:39Z","quarto-0.9.571-checksums.txt",25
"2022-06-11T18:15:39Z","quarto-0.9.571-linux-amd64.deb",27
"2022-06-11T18:15:39Z","quarto-0.9.571-linux-amd64.tar.gz",25
"2022-06-11T18:15:39Z","quarto-0.9.571-macos.pkg",34
"2022-06-11T18:15:39Z","quarto-0.9.571-macos.tar.gz",25
"2022-06-11T18:15:39Z","quarto-0.9.571-win.msi",27
"2022-06-11T18:15:39Z","quarto-0.9.571-win.zip",28
"2022-06-11T17:19:22Z","quarto-0.9.570-checksums.txt",9
"2022-06-11T17:19:22Z","quarto-0.9.570-linux-amd64.deb",10
"2022-06-11T17:19:22Z","quarto-0.9.570-linux-amd64.tar.gz",10
"2022-06-11T17:19:22Z","quarto-0.9.570-macos.pkg",17
"2022-06-11T17:19:22Z","quarto-0.9.570-macos.tar.gz",9
"2022-06-11T17:19:22Z","quarto-0.9.570-win.msi",12
"2022-06-11T17:19:22Z","quarto-0.9.570-win.zip",10
"2022-06-11T16:56:53Z","quarto-0.9.569-checksums.txt",8
"2022-06-11T16:56:53Z","quarto-0.9.569-linux-amd64.deb",10
"2022-06-11T16:56:53Z","quarto-0.9.569-linux-amd64.tar.gz",8
"2022-06-11T16:56:53Z","quarto-0.9.569-macos.pkg",12
"2022-06-11T16:56:53Z","quarto-0.9.569-macos.tar.gz",11
"2022-06-11T16:56:53Z","quarto-0.9.569-win.msi",10
"2022-06-11T16:56:53Z","quarto-0.9.569-win.zip",9
"2022-06-11T12:49:28Z","quarto-0.9.568-checksums.txt",33
"2022-06-11T12:49:28Z","quarto-0.9.568-linux-amd64.deb",46
"2022-06-11T12:49:28Z","quarto-0.9.568-linux-amd64.tar.gz",33
"2022-06-11T12:49:28Z","quarto-0.9.568-macos.pkg",39
"2022-06-11T12:49:28Z","quarto-0.9.568-macos.tar.gz",35
"2022-06-11T12:49:28Z","quarto-0.9.568-win.msi",45
"2022-06-11T12:49:28Z","quarto-0.9.568-win.zip",36
"2022-06-10T20:15:04Z","quarto-0.9.566-checksums.txt",106
"2022-06-10T20:15:04Z","quarto-0.9.566-linux-amd64.deb",211
"2022-06-10T20:15:04Z","quarto-0.9.566-linux-amd64.tar.gz",119
"2022-06-10T20:15:04Z","quarto-0.9.566-macos.pkg",159
"2022-06-10T20:15:04Z","quarto-0.9.566-macos.tar.gz",110
"2022-06-10T20:15:04Z","quarto-0.9.566-win.msi",134
"2022-06-10T20:15:04Z","quarto-0.9.566-win.zip",116
"2022-06-10T16:58:33Z","quarto-0.9.565-checksums.txt",29
"2022-06-10T16:58:33Z","quarto-0.9.565-linux-amd64.deb",70
"2022-06-10T16:58:33Z","quarto-0.9.565-linux-amd64.tar.gz",39
"2022-06-10T16:58:33Z","quarto-0.9.565-macos.pkg",38
"2022-06-10T16:58:33Z","quarto-0.9.565-macos.tar.gz",35
"2022-06-10T16:58:33Z","quarto-0.9.565-win.msi",33
"2022-06-10T16:58:33Z","quarto-0.9.565-win.zip",39
"2022-06-09T20:27:49Z","quarto-0.9.563-checksums.txt",129
"2022-06-09T20:27:49Z","quarto-0.9.563-linux-amd64.deb",298
"2022-06-09T20:27:49Z","quarto-0.9.563-linux-amd64.tar.gz",149
"2022-06-09T20:27:49Z","quarto-0.9.563-macos.pkg",236
"2022-06-09T20:27:49Z","quarto-0.9.563-macos.tar.gz",136
"2022-06-09T20:27:49Z","quarto-0.9.563-win.msi",206
"2022-06-09T20:27:49Z","quarto-0.9.563-win.zip",154
"2022-06-09T18:46:52Z","quarto-0.9.562-checksums.txt",10
"2022-06-09T18:46:52Z","quarto-0.9.562-linux-amd64.deb",39
"2022-06-09T18:46:52Z","quarto-0.9.562-linux-amd64.tar.gz",24
"2022-06-09T18:46:52Z","quarto-0.9.562-macos.pkg",11
"2022-06-09T18:46:52Z","quarto-0.9.562-macos.tar.gz",15
"2022-06-09T18:46:52Z","quarto-0.9.562-win.msi",17
"2022-06-09T18:46:52Z","quarto-0.9.562-win.zip",12
"2022-06-09T18:42:02Z","quarto-0.9.561-checksums.txt",12
"2022-06-09T18:42:02Z","quarto-0.9.561-linux-amd64.deb",24
"2022-06-09T18:42:02Z","quarto-0.9.561-linux-amd64.tar.gz",19
"2022-06-09T18:42:02Z","quarto-0.9.561-macos.pkg",20
"2022-06-09T18:42:02Z","quarto-0.9.561-macos.tar.gz",16
"2022-06-09T18:42:02Z","quarto-0.9.561-win.msi",18
"2022-06-09T18:42:02Z","quarto-0.9.561-win.zip",16
"2022-06-09T15:59:35Z","quarto-0.9.560-checksums.txt",22
"2022-06-09T15:59:35Z","quarto-0.9.560-linux-amd64.deb",45
"2022-06-09T15:59:35Z","quarto-0.9.560-linux-amd64.tar.gz",41
"2022-06-09T15:59:35Z","quarto-0.9.560-macos.pkg",74
"2022-06-09T15:59:35Z","quarto-0.9.560-macos.tar.gz",26
"2022-06-09T15:59:35Z","quarto-0.9.560-win.msi",46
"2022-06-09T15:59:35Z","quarto-0.9.560-win.zip",31
"2022-06-09T15:30:48Z","quarto-0.9.559-checksums.txt",7
"2022-06-09T15:30:48Z","quarto-0.9.559-linux-amd64.deb",10
"2022-06-09T15:30:48Z","quarto-0.9.559-linux-amd64.tar.gz",7
"2022-06-09T15:30:48Z","quarto-0.9.559-macos.pkg",18
"2022-06-09T15:30:48Z","quarto-0.9.559-macos.tar.gz",13
"2022-06-09T15:30:48Z","quarto-0.9.559-win.msi",7
"2022-06-09T15:30:48Z","quarto-0.9.559-win.zip",7
"2022-06-09T14:24:45Z","quarto-0.9.558-checksums.txt",7
"2022-06-09T14:24:45Z","quarto-0.9.558-linux-amd64.deb",11
"2022-06-09T14:24:45Z","quarto-0.9.558-linux-amd64.tar.gz",7
"2022-06-09T14:24:45Z","quarto-0.9.558-macos.pkg",9
"2022-06-09T14:24:45Z","quarto-0.9.558-macos.tar.gz",10
"2022-06-09T14:24:45Z","quarto-0.9.558-win.msi",11
"2022-06-09T14:24:45Z","quarto-0.9.558-win.zip",11
"2022-06-08T22:34:04Z","quarto-0.9.556-checksums.txt",78
"2022-06-08T22:34:04Z","quarto-0.9.556-linux-amd64.deb",230
"2022-06-08T22:34:04Z","quarto-0.9.556-linux-amd64.tar.gz",135
"2022-06-08T22:34:04Z","quarto-0.9.556-macos.pkg",179
"2022-06-08T22:34:04Z","quarto-0.9.556-macos.tar.gz",80
"2022-06-08T22:34:04Z","quarto-0.9.556-win.msi",131
"2022-06-08T22:34:04Z","quarto-0.9.556-win.zip",98
"2022-06-08T22:14:39Z","quarto-0.9.555-checksums.txt",5
"2022-06-08T22:14:39Z","quarto-0.9.555-linux-amd64.deb",6
"2022-06-08T22:14:39Z","quarto-0.9.555-linux-amd64.tar.gz",9
"2022-06-08T22:14:39Z","quarto-0.9.555-macos.pkg",6
"2022-06-08T22:14:39Z","quarto-0.9.555-macos.tar.gz",9
"2022-06-08T22:14:39Z","quarto-0.9.555-win.msi",5
"2022-06-08T22:14:39Z","quarto-0.9.555-win.zip",7
"2022-06-08T21:58:22Z","quarto-0.9.551-checksums.txt",5
"2022-06-08T21:58:22Z","quarto-0.9.551-linux-amd64.deb",5
"2022-06-08T21:58:22Z","quarto-0.9.551-linux-amd64.tar.gz",6
"2022-06-08T21:58:22Z","quarto-0.9.551-macos.pkg",7
"2022-06-08T21:58:22Z","quarto-0.9.551-macos.tar.gz",7
"2022-06-08T21:58:22Z","quarto-0.9.551-win.msi",5
"2022-06-08T21:58:22Z","quarto-0.9.551-win.zip",7
"2022-06-08T14:55:51Z","quarto-0.9.550-checksums.txt",30
"2022-06-08T14:55:51Z","quarto-0.9.550-linux-amd64.deb",405
"2022-06-08T14:55:51Z","quarto-0.9.550-linux-amd64.tar.gz",79
"2022-06-08T14:55:51Z","quarto-0.9.550-macos.pkg",95
"2022-06-08T14:55:51Z","quarto-0.9.550-macos.tar.gz",35
"2022-06-08T14:55:51Z","quarto-0.9.550-win.msi",60
"2022-06-08T14:55:51Z","quarto-0.9.550-win.zip",47
"2022-06-08T14:34:37Z","quarto-0.9.549-checksums.txt",2
"2022-06-08T14:34:37Z","quarto-0.9.549-linux-amd64.deb",4
"2022-06-08T14:34:37Z","quarto-0.9.549-linux-amd64.tar.gz",2
"2022-06-08T14:34:37Z","quarto-0.9.549-macos.pkg",4
"2022-06-08T14:34:37Z","quarto-0.9.549-macos.tar.gz",4
"2022-06-08T14:34:37Z","quarto-0.9.549-win.msi",3
"2022-06-08T14:34:37Z","quarto-0.9.549-win.zip",2
"2022-06-08T13:09:12Z","quarto-0.9.548-checksums.txt",9
"2022-06-08T13:09:12Z","quarto-0.9.548-linux-amd64.deb",16
"2022-06-08T13:09:12Z","quarto-0.9.548-linux-amd64.tar.gz",8
"2022-06-08T13:09:12Z","quarto-0.9.548-macos.pkg",10
"2022-06-08T13:09:12Z","quarto-0.9.548-macos.tar.gz",8
"2022-06-08T13:09:12Z","quarto-0.9.548-win.msi",9
"2022-06-08T13:09:12Z","quarto-0.9.548-win.zip",9
"2022-06-07T22:39:36Z","quarto-0.9.545-checksums.txt",51
"2022-06-07T22:39:36Z","quarto-0.9.545-linux-amd64.deb",211
"2022-06-07T22:39:36Z","quarto-0.9.545-linux-amd64.tar.gz",68
"2022-06-07T22:39:36Z","quarto-0.9.545-macos.pkg",148
"2022-06-07T22:39:36Z","quarto-0.9.545-macos.tar.gz",54
"2022-06-07T22:39:36Z","quarto-0.9.545-win.msi",99
"2022-06-07T22:39:36Z","quarto-0.9.545-win.zip",64
"2022-06-07T20:42:44Z","quarto-0.9.543-checksums.txt",12
"2022-06-07T20:42:44Z","quarto-0.9.543-linux-amd64.deb",60
"2022-06-07T20:42:44Z","quarto-0.9.543-linux-amd64.tar.gz",18
"2022-06-07T20:42:44Z","quarto-0.9.543-macos.pkg",16
"2022-06-07T20:42:44Z","quarto-0.9.543-macos.tar.gz",15
"2022-06-07T20:42:44Z","quarto-0.9.543-win.msi",20
"2022-06-07T20:42:44Z","quarto-0.9.543-win.zip",15
"2022-06-07T18:34:08Z","quarto-0.9.542-checksums.txt",13
"2022-06-07T18:34:08Z","quarto-0.9.542-linux-amd64.deb",57
"2022-06-07T18:34:08Z","quarto-0.9.542-linux-amd64.tar.gz",13
"2022-06-07T18:34:08Z","quarto-0.9.542-macos.pkg",19
"2022-06-07T18:34:08Z","quarto-0.9.542-macos.tar.gz",18
"2022-06-07T18:34:08Z","quarto-0.9.542-win.msi",33
"2022-06-07T18:34:08Z","quarto-0.9.542-win.zip",18
"2022-06-07T16:43:10Z","quarto-0.9.541-checksums.txt",11
"2022-06-07T16:43:10Z","quarto-0.9.541-linux-amd64.deb",27
"2022-06-07T16:43:10Z","quarto-0.9.541-linux-amd64.tar.gz",20
"2022-06-07T16:43:10Z","quarto-0.9.541-macos.pkg",19
"2022-06-07T16:43:10Z","quarto-0.9.541-macos.tar.gz",15
"2022-06-07T16:43:10Z","quarto-0.9.541-win.msi",16
"2022-06-07T16:43:10Z","quarto-0.9.541-win.zip",17
"2022-06-07T16:10:02Z","quarto-0.9.540-checksums.txt",8
"2022-06-07T16:10:02Z","quarto-0.9.540-linux-amd64.deb",11
"2022-06-07T16:10:02Z","quarto-0.9.540-linux-amd64.tar.gz",9
"2022-06-07T16:10:02Z","quarto-0.9.540-macos.pkg",9
"2022-06-07T16:10:02Z","quarto-0.9.540-macos.tar.gz",15
"2022-06-07T16:10:02Z","quarto-0.9.540-win.msi",8
"2022-06-07T16:10:02Z","quarto-0.9.540-win.zip",7
"2022-06-07T15:47:48Z","quarto-0.9.539-checksums.txt",5
"2022-06-07T15:47:48Z","quarto-0.9.539-linux-amd64.deb",5
"2022-06-07T15:47:48Z","quarto-0.9.539-linux-amd64.tar.gz",5
"2022-06-07T15:47:48Z","quarto-0.9.539-macos.pkg",5
"2022-06-07T15:47:48Z","quarto-0.9.539-macos.tar.gz",6
"2022-06-07T15:47:48Z","quarto-0.9.539-win.msi",4
"2022-06-07T15:47:48Z","quarto-0.9.539-win.zip",4
"2022-06-07T14:25:55Z","quarto-0.9.538-checksums.txt",7
"2022-06-07T14:25:55Z","quarto-0.9.538-linux-amd64.deb",12
"2022-06-07T14:25:55Z","quarto-0.9.538-linux-amd64.tar.gz",12
"2022-06-07T14:25:55Z","quarto-0.9.538-macos.pkg",33
"2022-06-07T14:25:55Z","quarto-0.9.538-macos.tar.gz",10
"2022-06-07T14:25:55Z","quarto-0.9.538-win.msi",22
"2022-06-07T14:25:55Z","quarto-0.9.538-win.zip",11
"2022-06-07T14:25:55Z","quarto-0.9.537-checksums.txt",4
"2022-06-07T14:25:55Z","quarto-0.9.537-linux-amd64.deb",4
"2022-06-07T14:25:55Z","quarto-0.9.537-linux-amd64.tar.gz",5
"2022-06-07T14:25:55Z","quarto-0.9.537-macos.pkg",5
"2022-06-07T14:25:55Z","quarto-0.9.537-macos.tar.gz",7
"2022-06-07T14:25:55Z","quarto-0.9.537-win.msi",4
"2022-06-07T14:25:55Z","quarto-0.9.537-win.zip",4
"2022-06-07T10:30:49Z","quarto-0.9.536-checksums.txt",16
"2022-06-07T10:30:49Z","quarto-0.9.536-linux-amd64.deb",86
"2022-06-07T10:30:49Z","quarto-0.9.536-linux-amd64.tar.gz",23
"2022-06-07T10:30:49Z","quarto-0.9.536-macos.pkg",28
"2022-06-07T10:30:49Z","quarto-0.9.536-macos.tar.gz",27
"2022-06-07T10:30:49Z","quarto-0.9.536-win.msi",49
"2022-06-07T10:30:49Z","quarto-0.9.536-win.zip",18
"2022-06-07T09:44:44Z","quarto-0.9.535-checksums.txt",11
"2022-06-07T09:44:44Z","quarto-0.9.535-linux-amd64.deb",40
"2022-06-07T09:44:44Z","quarto-0.9.535-linux-amd64.tar.gz",11
"2022-06-07T09:44:44Z","quarto-0.9.535-macos.pkg",14
"2022-06-07T09:44:44Z","quarto-0.9.535-macos.tar.gz",12
"2022-06-07T09:44:44Z","quarto-0.9.535-win.msi",15
"2022-06-07T09:44:44Z","quarto-0.9.535-win.zip",10
"2022-06-06T22:51:00Z","quarto-0.9.533-checksums.txt",39
"2022-06-06T22:51:00Z","quarto-0.9.533-linux-amd64.deb",165
"2022-06-06T22:51:00Z","quarto-0.9.533-linux-amd64.tar.gz",52
"2022-06-06T22:51:00Z","quarto-0.9.533-macos.pkg",68
"2022-06-06T22:51:00Z","quarto-0.9.533-macos.tar.gz",43
"2022-06-06T22:51:00Z","quarto-0.9.533-win.msi",69
"2022-06-06T22:51:00Z","quarto-0.9.533-win.zip",45
"2022-06-06T20:50:11Z","quarto-0.9.532-checksums.txt",6
"2022-06-06T20:50:11Z","quarto-0.9.532-linux-amd64.deb",16
"2022-06-06T20:50:11Z","quarto-0.9.532-linux-amd64.tar.gz",8
"2022-06-06T20:50:11Z","quarto-0.9.532-macos.pkg",7
"2022-06-06T20:50:11Z","quarto-0.9.532-macos.tar.gz",9
"2022-06-06T20:50:11Z","quarto-0.9.532-win.msi",7
"2022-06-06T20:50:11Z","quarto-0.9.532-win.zip",6
"2022-06-06T18:59:00Z","quarto-0.9.531-checksums.txt",14
"2022-06-06T18:59:00Z","quarto-0.9.531-linux-amd64.deb",55
"2022-06-06T18:59:00Z","quarto-0.9.531-linux-amd64.tar.gz",44
"2022-06-06T18:59:00Z","quarto-0.9.531-macos.pkg",32
"2022-06-06T18:59:00Z","quarto-0.9.531-macos.tar.gz",18
"2022-06-06T18:59:00Z","quarto-0.9.531-win.msi",29
"2022-06-06T18:59:00Z","quarto-0.9.531-win.zip",26
"2022-06-06T17:58:53Z","quarto-0.9.529-checksums.txt",9
"2022-06-06T17:58:53Z","quarto-0.9.529-linux-amd64.deb",17
"2022-06-06T17:58:53Z","quarto-0.9.529-linux-amd64.tar.gz",8
"2022-06-06T17:58:53Z","quarto-0.9.529-macos.pkg",13
"2022-06-06T17:58:53Z","quarto-0.9.529-macos.tar.gz",11
"2022-06-06T17:58:53Z","quarto-0.9.529-win.msi",20
"2022-06-06T17:58:53Z","quarto-0.9.529-win.zip",12
"2022-06-06T17:26:06Z","quarto-0.9.528-checksums.txt",4
"2022-06-06T17:26:06Z","quarto-0.9.528-linux-amd64.deb",7
"2022-06-06T17:26:06Z","quarto-0.9.528-linux-amd64.tar.gz",7
"2022-06-06T17:26:06Z","quarto-0.9.528-macos.pkg",80
"2022-06-06T17:26:06Z","quarto-0.9.528-macos.tar.gz",6
"2022-06-06T17:26:06Z","quarto-0.9.528-win.msi",6
"2022-06-06T17:26:06Z","quarto-0.9.528-win.zip",4
"2022-06-06T17:10:15Z","quarto-0.9.527-checksums.txt",5
"2022-06-06T17:10:15Z","quarto-0.9.527-linux-amd64.deb",6
"2022-06-06T17:10:15Z","quarto-0.9.527-linux-amd64.tar.gz",6
"2022-06-06T17:10:15Z","quarto-0.9.527-macos.pkg",6
"2022-06-06T17:10:15Z","quarto-0.9.527-macos.tar.gz",8
"2022-06-06T17:10:15Z","quarto-0.9.527-win.msi",6
"2022-06-06T17:10:15Z","quarto-0.9.527-win.zip",7
"2022-06-06T16:43:41Z","quarto-0.9.526-checksums.txt",5
"2022-06-06T16:43:41Z","quarto-0.9.526-linux-amd64.deb",5
"2022-06-06T16:43:41Z","quarto-0.9.526-linux-amd64.tar.gz",5
"2022-06-06T16:43:41Z","quarto-0.9.526-macos.pkg",12
"2022-06-06T16:43:41Z","quarto-0.9.526-macos.tar.gz",7
"2022-06-06T16:43:41Z","quarto-0.9.526-win.msi",9
"2022-06-06T16:43:41Z","quarto-0.9.526-win.zip",5
"2022-06-06T16:28:52Z","quarto-0.9.525-checksums.txt",5
"2022-06-06T16:28:52Z","quarto-0.9.525-linux-amd64.deb",8
"2022-06-06T16:28:52Z","quarto-0.9.525-linux-amd64.tar.gz",5
"2022-06-06T16:28:52Z","quarto-0.9.525-macos.pkg",6
"2022-06-06T16:28:52Z","quarto-0.9.525-macos.tar.gz",7
"2022-06-06T16:28:52Z","quarto-0.9.525-win.msi",7
"2022-06-06T16:28:52Z","quarto-0.9.525-win.zip",5
"2022-06-06T10:41:55Z","quarto-0.9.522-checksums.txt",23
"2022-06-06T10:41:55Z","quarto-0.9.522-linux-amd64.deb",1096
"2022-06-06T10:41:55Z","quarto-0.9.522-linux-amd64.tar.gz",513
"2022-06-06T10:41:55Z","quarto-0.9.522-macos.pkg",51
"2022-06-06T10:41:55Z","quarto-0.9.522-macos.tar.gz",28
"2022-06-06T10:41:55Z","quarto-0.9.522-win.msi",53
"2022-06-06T10:41:55Z","quarto-0.9.522-win.zip",28
"2022-06-06T01:04:04Z","quarto-0.9.520-checksums.txt",38
"2022-06-06T01:04:04Z","quarto-0.9.520-linux-amd64.deb",108
"2022-06-06T01:04:04Z","quarto-0.9.520-linux-amd64.tar.gz",46
"2022-06-06T01:04:04Z","quarto-0.9.520-macos.pkg",57
"2022-06-06T01:04:04Z","quarto-0.9.520-macos.tar.gz",40
"2022-06-06T01:04:04Z","quarto-0.9.520-win.msi",66
"2022-06-06T01:04:04Z","quarto-0.9.520-win.zip",47
"2022-06-05T22:42:55Z","quarto-0.9.519-checksums.txt",11
"2022-06-05T22:42:55Z","quarto-0.9.519-linux-amd64.deb",17
"2022-06-05T22:42:55Z","quarto-0.9.519-linux-amd64.tar.gz",11
"2022-06-05T22:42:55Z","quarto-0.9.519-macos.pkg",82
"2022-06-05T22:42:55Z","quarto-0.9.519-macos.tar.gz",13
"2022-06-05T22:42:55Z","quarto-0.9.519-win.msi",14
"2022-06-05T22:42:55Z","quarto-0.9.519-win.zip",10
"2022-06-05T12:02:29Z","quarto-0.9.518-checksums.txt",46
"2022-06-05T12:02:29Z","quarto-0.9.518-linux-amd64.deb",162
"2022-06-05T12:02:29Z","quarto-0.9.518-linux-amd64.tar.gz",61
"2022-06-05T12:02:29Z","quarto-0.9.518-macos.pkg",62
"2022-06-05T12:02:29Z","quarto-0.9.518-macos.tar.gz",51
"2022-06-05T12:02:29Z","quarto-0.9.518-win.msi",67
"2022-06-05T12:02:29Z","quarto-0.9.518-win.zip",57
"2022-06-05T11:30:44Z","quarto-0.9.517-checksums.txt",6
"2022-06-05T11:30:44Z","quarto-0.9.517-linux-amd64.deb",7
"2022-06-05T11:30:44Z","quarto-0.9.517-linux-amd64.tar.gz",6
"2022-06-05T11:30:44Z","quarto-0.9.517-macos.pkg",11
"2022-06-05T11:30:44Z","quarto-0.9.517-macos.tar.gz",8
"2022-06-05T11:30:44Z","quarto-0.9.517-win.msi",6
"2022-06-05T11:30:44Z","quarto-0.9.517-win.zip",7
"2022-06-04T15:26:15Z","quarto-0.9.515-checksums.txt",78
"2022-06-04T15:26:15Z","quarto-0.9.515-linux-amd64.deb",159
"2022-06-04T15:26:15Z","quarto-0.9.515-linux-amd64.tar.gz",96
"2022-06-04T15:26:15Z","quarto-0.9.515-macos.pkg",140
"2022-06-04T15:26:15Z","quarto-0.9.515-macos.tar.gz",81
"2022-06-04T15:26:15Z","quarto-0.9.515-win.msi",115
"2022-06-04T15:26:15Z","quarto-0.9.515-win.zip",93
"2022-06-04T10:11:50Z","quarto-0.9.514-checksums.txt",25
"2022-06-04T10:11:50Z","quarto-0.9.514-linux-amd64.deb",70
"2022-06-04T10:11:50Z","quarto-0.9.514-linux-amd64.tar.gz",28
"2022-06-04T10:11:50Z","quarto-0.9.514-macos.pkg",30
"2022-06-04T10:11:50Z","quarto-0.9.514-macos.tar.gz",29
"2022-06-04T10:11:50Z","quarto-0.9.514-win.msi",42
"2022-06-04T10:11:50Z","quarto-0.9.514-win.zip",30
"2022-06-03T22:00:18Z","quarto-0.9.512-checksums.txt",34
"2022-06-03T22:00:18Z","quarto-0.9.512-linux-amd64.deb",97
"2022-06-03T22:00:18Z","quarto-0.9.512-linux-amd64.tar.gz",46
"2022-06-03T22:00:18Z","quarto-0.9.512-macos.pkg",104
"2022-06-03T22:00:18Z","quarto-0.9.512-macos.tar.gz",39
"2022-06-03T22:00:18Z","quarto-0.9.512-win.msi",59
"2022-06-03T22:00:18Z","quarto-0.9.512-win.zip",46
"2022-06-03T21:38:32Z","quarto-0.9.511-checksums.txt",15
"2022-06-03T21:38:32Z","quarto-0.9.511-linux-amd64.deb",21
"2022-06-03T21:38:32Z","quarto-0.9.511-linux-amd64.tar.gz",20
"2022-06-03T21:38:32Z","quarto-0.9.511-macos.pkg",30
"2022-06-03T21:38:32Z","quarto-0.9.511-macos.tar.gz",18
"2022-06-03T21:38:32Z","quarto-0.9.511-win.msi",28
"2022-06-03T21:38:32Z","quarto-0.9.511-win.zip",26
"2022-06-03T19:58:20Z","quarto-0.9.510-checksums.txt",12
"2022-06-03T19:58:20Z","quarto-0.9.510-linux-amd64.deb",32
"2022-06-03T19:58:20Z","quarto-0.9.510-linux-amd64.tar.gz",14
"2022-06-03T19:58:20Z","quarto-0.9.510-macos.pkg",14
"2022-06-03T19:58:20Z","quarto-0.9.510-macos.tar.gz",15
"2022-06-03T19:58:20Z","quarto-0.9.510-win.msi",18
"2022-06-03T19:58:20Z","quarto-0.9.510-win.zip",16
"2022-06-03T19:07:32Z","quarto-0.9.509-checksums.txt",8
"2022-06-03T19:07:32Z","quarto-0.9.509-linux-amd64.deb",9
"2022-06-03T19:07:32Z","quarto-0.9.509-linux-amd64.tar.gz",11
"2022-06-03T19:07:32Z","quarto-0.9.509-macos.pkg",10
"2022-06-03T19:07:32Z","quarto-0.9.509-macos.tar.gz",15
"2022-06-03T19:07:32Z","quarto-0.9.509-win.msi",12
"2022-06-03T19:07:32Z","quarto-0.9.509-win.zip",9
"2022-06-03T10:36:19Z","quarto-0.9.508-checksums.txt",31
"2022-06-03T10:36:19Z","quarto-0.9.508-linux-amd64.deb",107
"2022-06-03T10:36:19Z","quarto-0.9.508-linux-amd64.tar.gz",33
"2022-06-03T10:36:19Z","quarto-0.9.508-macos.pkg",52
"2022-06-03T10:36:19Z","quarto-0.9.508-macos.tar.gz",37
"2022-06-03T10:36:19Z","quarto-0.9.508-win.msi",43
"2022-06-03T10:36:19Z","quarto-0.9.508-win.zip",42
"2022-06-02T17:39:29Z","quarto-0.9.505-checksums.txt",71
"2022-06-02T17:39:29Z","quarto-0.9.505-linux-amd64.deb",222
"2022-06-02T17:39:29Z","quarto-0.9.505-linux-amd64.tar.gz",77
"2022-06-02T17:39:29Z","quarto-0.9.505-macos.pkg",139
"2022-06-02T17:39:29Z","quarto-0.9.505-macos.tar.gz",85
"2022-06-02T17:39:29Z","quarto-0.9.505-win.msi",133
"2022-06-02T17:39:29Z","quarto-0.9.505-win.zip",86
"2022-06-02T13:56:24Z","quarto-0.9.504-checksums.txt",15
"2022-06-02T13:56:24Z","quarto-0.9.504-linux-amd64.deb",359
"2022-06-02T13:56:24Z","quarto-0.9.504-linux-amd64.tar.gz",18
"2022-06-02T13:56:24Z","quarto-0.9.504-macos.pkg",35
"2022-06-02T13:56:24Z","quarto-0.9.504-macos.tar.gz",29
"2022-06-02T13:56:24Z","quarto-0.9.504-win.msi",23
"2022-06-02T13:56:24Z","quarto-0.9.504-win.zip",19
"2022-06-02T12:53:23Z","quarto-0.9.503-checksums.txt",6
"2022-06-02T12:53:23Z","quarto-0.9.503-linux-amd64.deb",10
"2022-06-02T12:53:23Z","quarto-0.9.503-linux-amd64.tar.gz",6
"2022-06-02T12:53:23Z","quarto-0.9.503-macos.pkg",13
"2022-06-02T12:53:23Z","quarto-0.9.503-macos.tar.gz",8
"2022-06-02T12:53:23Z","quarto-0.9.503-win.msi",11
"2022-06-02T12:53:23Z","quarto-0.9.503-win.zip",13
"2022-06-02T00:38:15Z","quarto-0.9.501-checksums.txt",41
"2022-06-02T00:38:15Z","quarto-0.9.501-linux-amd64.deb",169
"2022-06-02T00:38:15Z","quarto-0.9.501-linux-amd64.tar.gz",44
"2022-06-02T00:38:15Z","quarto-0.9.501-macos.pkg",139
"2022-06-02T00:38:15Z","quarto-0.9.501-macos.tar.gz",45
"2022-06-02T00:38:15Z","quarto-0.9.501-win.msi",73
"2022-06-02T00:38:15Z","quarto-0.9.501-win.zip",50
"2022-06-02T00:20:51Z","quarto-0.9.500-checksums.txt",4
"2022-06-02T00:20:51Z","quarto-0.9.500-linux-amd64.deb",6
"2022-06-02T00:20:51Z","quarto-0.9.500-linux-amd64.tar.gz",6
"2022-06-02T00:20:51Z","quarto-0.9.500-macos.pkg",6
"2022-06-02T00:20:51Z","quarto-0.9.500-macos.tar.gz",7
"2022-06-02T00:20:51Z","quarto-0.9.500-win.msi",5
"2022-06-02T00:20:51Z","quarto-0.9.500-win.zip",4
"2022-06-01T23:02:49Z","quarto-0.9.499-checksums.txt",9
"2022-06-01T23:02:49Z","quarto-0.9.499-linux-amd64.deb",10
"2022-06-01T23:02:49Z","quarto-0.9.499-linux-amd64.tar.gz",8
"2022-06-01T23:02:49Z","quarto-0.9.499-macos.pkg",17
"2022-06-01T23:02:49Z","quarto-0.9.499-macos.tar.gz",11
"2022-06-01T23:02:49Z","quarto-0.9.499-win.msi",11
"2022-06-01T23:02:49Z","quarto-0.9.499-win.zip",9
"2022-06-01T20:24:12Z","quarto-0.9.498-checksums.txt",15
"2022-06-01T20:24:12Z","quarto-0.9.498-linux-amd64.deb",50
"2022-06-01T20:24:12Z","quarto-0.9.498-linux-amd64.tar.gz",31
"2022-06-01T20:24:12Z","quarto-0.9.498-macos.pkg",24
"2022-06-01T20:24:12Z","quarto-0.9.498-macos.tar.gz",18
"2022-06-01T20:24:12Z","quarto-0.9.498-win.msi",20
"2022-06-01T20:24:12Z","quarto-0.9.498-win.zip",23
"2022-06-01T19:12:16Z","quarto-0.9.497-checksums.txt",8
"2022-06-01T19:12:16Z","quarto-0.9.497-linux-amd64.deb",46
"2022-06-01T19:12:16Z","quarto-0.9.497-linux-amd64.tar.gz",7
"2022-06-01T19:12:16Z","quarto-0.9.497-macos.pkg",11
"2022-06-01T19:12:16Z","quarto-0.9.497-macos.tar.gz",11
"2022-06-01T19:12:16Z","quarto-0.9.497-win.msi",10
"2022-06-01T19:12:16Z","quarto-0.9.497-win.zip",9
"2022-06-01T17:08:33Z","quarto-0.9.495-checksums.txt",12
"2022-06-01T17:08:33Z","quarto-0.9.495-linux-amd64.deb",37
"2022-06-01T17:08:33Z","quarto-0.9.495-linux-amd64.tar.gz",12
"2022-06-01T17:08:33Z","quarto-0.9.495-macos.pkg",20
"2022-06-01T17:08:33Z","quarto-0.9.495-macos.tar.gz",14
"2022-06-01T17:08:33Z","quarto-0.9.495-win.msi",18
"2022-06-01T17:08:33Z","quarto-0.9.495-win.zip",13
"2022-06-01T13:05:30Z","quarto-0.9.494-checksums.txt",19
"2022-06-01T13:05:30Z","quarto-0.9.494-linux-amd64.deb",84
"2022-06-01T13:05:30Z","quarto-0.9.494-linux-amd64.tar.gz",22
"2022-06-01T13:05:30Z","quarto-0.9.494-macos.pkg",37
"2022-06-01T13:05:30Z","quarto-0.9.494-macos.tar.gz",26
"2022-06-01T13:05:30Z","quarto-0.9.494-win.msi",41
"2022-06-01T13:05:30Z","quarto-0.9.494-win.zip",21
"2022-06-01T00:30:09Z","quarto-0.9.492-checksums.txt",39
"2022-06-01T00:30:09Z","quarto-0.9.492-linux-amd64.deb",168
"2022-06-01T00:30:09Z","quarto-0.9.492-linux-amd64.tar.gz",43
"2022-06-01T00:30:09Z","quarto-0.9.492-macos.pkg",124
"2022-06-01T00:30:09Z","quarto-0.9.492-macos.tar.gz",41
"2022-06-01T00:30:09Z","quarto-0.9.492-win.msi",74
"2022-06-01T00:30:09Z","quarto-0.9.492-win.zip",44
"2022-05-31T22:20:31Z","quarto-0.9.491-checksums.txt",11
"2022-05-31T22:20:31Z","quarto-0.9.491-linux-amd64.deb",25
"2022-05-31T22:20:31Z","quarto-0.9.491-linux-amd64.tar.gz",12
"2022-05-31T22:20:31Z","quarto-0.9.491-macos.pkg",18
"2022-05-31T22:20:31Z","quarto-0.9.491-macos.tar.gz",14
"2022-05-31T22:20:31Z","quarto-0.9.491-win.msi",12
"2022-05-31T22:20:31Z","quarto-0.9.491-win.zip",11
"2022-05-31T19:58:34Z","quarto-0.9.490-checksums.txt",19
"2022-05-31T19:58:34Z","quarto-0.9.490-linux-amd64.deb",61
"2022-05-31T19:58:34Z","quarto-0.9.490-linux-amd64.tar.gz",13
"2022-05-31T19:58:34Z","quarto-0.9.490-macos.pkg",24
"2022-05-31T19:58:34Z","quarto-0.9.490-macos.tar.gz",18
"2022-05-31T19:58:34Z","quarto-0.9.490-win.msi",26
"2022-05-31T19:58:34Z","quarto-0.9.490-win.zip",20
"2022-05-31T16:00:59Z","quarto-0.9.489-checksums.txt",19
"2022-05-31T16:00:59Z","quarto-0.9.489-linux-amd64.deb",45
"2022-05-31T16:00:59Z","quarto-0.9.489-linux-amd64.tar.gz",20
"2022-05-31T16:00:59Z","quarto-0.9.489-macos.pkg",76
"2022-05-31T16:00:59Z","quarto-0.9.489-macos.tar.gz",24
"2022-05-31T16:00:59Z","quarto-0.9.489-win.msi",33
"2022-05-31T16:00:59Z","quarto-0.9.489-win.zip",38
"2022-05-31T15:23:39Z","quarto-0.9.488-checksums.txt",8
"2022-05-31T15:23:39Z","quarto-0.9.488-linux-amd64.deb",12
"2022-05-31T15:23:39Z","quarto-0.9.488-linux-amd64.tar.gz",9
"2022-05-31T15:23:39Z","quarto-0.9.488-macos.pkg",13
"2022-05-31T15:23:39Z","quarto-0.9.488-macos.tar.gz",10
"2022-05-31T15:23:39Z","quarto-0.9.488-win.msi",9
"2022-05-31T15:23:39Z","quarto-0.9.488-win.zip",10
"2022-05-31T14:22:57Z","quarto-0.9.487-checksums.txt",9
"2022-05-31T14:22:57Z","quarto-0.9.487-linux-amd64.deb",24
"2022-05-31T14:22:57Z","quarto-0.9.487-linux-amd64.tar.gz",9
"2022-05-31T14:22:57Z","quarto-0.9.487-macos.pkg",9
"2022-05-31T14:22:57Z","quarto-0.9.487-macos.tar.gz",13
"2022-05-31T14:22:57Z","quarto-0.9.487-win.msi",11
"2022-05-31T14:22:57Z","quarto-0.9.487-win.zip",8
"2022-05-31T12:56:31Z","quarto-0.9.486-checksums.txt",8
"2022-05-31T12:56:31Z","quarto-0.9.486-linux-amd64.deb",28
"2022-05-31T12:56:31Z","quarto-0.9.486-linux-amd64.tar.gz",75
"2022-05-31T12:56:31Z","quarto-0.9.486-macos.pkg",14
"2022-05-31T12:56:31Z","quarto-0.9.486-macos.tar.gz",11
"2022-05-31T12:56:31Z","quarto-0.9.486-win.msi",15
"2022-05-31T12:56:31Z","quarto-0.9.486-win.zip",10
"2022-05-29T18:44:26Z","quarto-0.9.483-checksums.txt",152
"2022-05-29T18:44:26Z","quarto-0.9.483-linux-amd64.deb",418
"2022-05-29T18:44:26Z","quarto-0.9.483-linux-amd64.tar.gz",157
"2022-05-29T18:44:26Z","quarto-0.9.483-macos.pkg",271
"2022-05-29T18:44:26Z","quarto-0.9.483-macos.tar.gz",150
"2022-05-29T18:44:26Z","quarto-0.9.483-win.msi",216
"2022-05-29T18:44:26Z","quarto-0.9.483-win.zip",159
"2022-05-29T18:02:55Z","quarto-0.9.481-checksums.txt",7
"2022-05-29T18:02:55Z","quarto-0.9.481-linux-amd64.deb",11
"2022-05-29T18:02:55Z","quarto-0.9.481-linux-amd64.tar.gz",8
"2022-05-29T18:02:55Z","quarto-0.9.481-macos.pkg",10
"2022-05-29T18:02:55Z","quarto-0.9.481-macos.tar.gz",11
"2022-05-29T18:02:55Z","quarto-0.9.481-win.msi",11
"2022-05-29T18:02:55Z","quarto-0.9.481-win.zip",9
"2022-05-29T16:56:12Z","quarto-0.9.480-checksums.txt",8
"2022-05-29T16:56:12Z","quarto-0.9.480-linux-amd64.deb",10
"2022-05-29T16:56:12Z","quarto-0.9.480-linux-amd64.tar.gz",9
"2022-05-29T16:56:12Z","quarto-0.9.480-macos.pkg",15
"2022-05-29T16:56:12Z","quarto-0.9.480-macos.tar.gz",10
"2022-05-29T16:56:12Z","quarto-0.9.480-win.msi",10
"2022-05-29T16:56:12Z","quarto-0.9.480-win.zip",9
"2022-05-29T13:20:21Z","quarto-0.9.479-checksums.txt",17
"2022-05-29T13:20:21Z","quarto-0.9.479-linux-amd64.deb",29
"2022-05-29T13:20:21Z","quarto-0.9.479-linux-amd64.tar.gz",20
"2022-05-29T13:20:21Z","quarto-0.9.479-macos.pkg",28
"2022-05-29T13:20:21Z","quarto-0.9.479-macos.tar.gz",23
"2022-05-29T13:20:21Z","quarto-0.9.479-win.msi",31
"2022-05-29T13:20:21Z","quarto-0.9.479-win.zip",21
"2022-05-29T12:37:27Z","quarto-0.9.478-checksums.txt",6
"2022-05-29T12:37:27Z","quarto-0.9.478-linux-amd64.deb",8
"2022-05-29T12:37:27Z","quarto-0.9.478-linux-amd64.tar.gz",6
"2022-05-29T12:37:27Z","quarto-0.9.478-macos.pkg",10
"2022-05-29T12:37:27Z","quarto-0.9.478-macos.tar.gz",8
"2022-05-29T12:37:27Z","quarto-0.9.478-win.msi",7
"2022-05-29T12:37:27Z","quarto-0.9.478-win.zip",6
"2022-05-29T00:36:49Z","quarto-0.9.476-checksums.txt",42
"2022-05-29T00:36:49Z","quarto-0.9.476-linux-amd64.deb",135
"2022-05-29T00:36:49Z","quarto-0.9.476-linux-amd64.tar.gz",44
"2022-05-29T00:36:49Z","quarto-0.9.476-macos.pkg",99
"2022-05-29T00:36:49Z","quarto-0.9.476-macos.tar.gz",46
"2022-05-29T00:36:49Z","quarto-0.9.476-win.msi",50
"2022-05-29T00:36:49Z","quarto-0.9.476-win.zip",44
"2022-05-28T21:18:58Z","quarto-0.9.474-checksums.txt",15
"2022-05-28T21:18:58Z","quarto-0.9.474-linux-amd64.deb",20
"2022-05-28T21:18:58Z","quarto-0.9.474-linux-amd64.tar.gz",15
"2022-05-28T21:18:58Z","quarto-0.9.474-macos.pkg",17
"2022-05-28T21:18:58Z","quarto-0.9.474-macos.tar.gz",20
"2022-05-28T21:18:58Z","quarto-0.9.474-win.msi",20
"2022-05-28T21:18:58Z","quarto-0.9.474-win.zip",16
"2022-05-28T20:46:15Z","quarto-0.9.473-checksums.txt",6
"2022-05-28T20:46:15Z","quarto-0.9.473-linux-amd64.deb",9
"2022-05-28T20:46:15Z","quarto-0.9.473-linux-amd64.tar.gz",6
"2022-05-28T20:46:15Z","quarto-0.9.473-macos.pkg",8
"2022-05-28T20:46:15Z","quarto-0.9.473-macos.tar.gz",9
"2022-05-28T20:46:15Z","quarto-0.9.473-win.msi",6
"2022-05-28T20:46:15Z","quarto-0.9.473-win.zip",6
"2022-05-28T19:22:26Z","quarto-0.9.472-checksums.txt",9
"2022-05-28T19:22:26Z","quarto-0.9.472-linux-amd64.deb",37
"2022-05-28T19:22:26Z","quarto-0.9.472-linux-amd64.tar.gz",10
"2022-05-28T19:22:26Z","quarto-0.9.472-macos.pkg",20
"2022-05-28T19:22:26Z","quarto-0.9.472-macos.tar.gz",12
"2022-05-28T19:22:26Z","quarto-0.9.472-win.msi",13
"2022-05-28T19:22:26Z","quarto-0.9.472-win.zip",10
"2022-05-28T13:38:08Z","quarto-0.9.471-checksums.txt",29
"2022-05-28T13:38:08Z","quarto-0.9.471-linux-amd64.deb",54
"2022-05-28T13:38:08Z","quarto-0.9.471-linux-amd64.tar.gz",29
"2022-05-28T13:38:08Z","quarto-0.9.471-macos.pkg",41
"2022-05-28T13:38:08Z","quarto-0.9.471-macos.tar.gz",31
"2022-05-28T13:38:08Z","quarto-0.9.471-win.msi",37
"2022-05-28T13:38:08Z","quarto-0.9.471-win.zip",32
"2022-05-27T22:00:29Z","quarto-0.9.468-checksums.txt",55
"2022-05-27T22:00:29Z","quarto-0.9.468-linux-amd64.deb",148
"2022-05-27T22:00:29Z","quarto-0.9.468-linux-amd64.tar.gz",54
"2022-05-27T22:00:29Z","quarto-0.9.468-macos.pkg",100
"2022-05-27T22:00:29Z","quarto-0.9.468-macos.tar.gz",60
"2022-05-27T22:00:29Z","quarto-0.9.468-win.msi",87
"2022-05-27T22:00:29Z","quarto-0.9.468-win.zip",70
"2022-05-27T16:02:18Z","quarto-0.9.466-checksums.txt",30
"2022-05-27T16:02:18Z","quarto-0.9.466-linux-amd64.deb",74
"2022-05-27T16:02:18Z","quarto-0.9.466-linux-amd64.tar.gz",32
"2022-05-27T16:02:18Z","quarto-0.9.466-macos.pkg",41
"2022-05-27T16:02:18Z","quarto-0.9.466-macos.tar.gz",34
"2022-05-27T16:02:18Z","quarto-0.9.466-win.msi",41
"2022-05-27T16:02:18Z","quarto-0.9.466-win.zip",52
"2022-05-27T02:36:29Z","quarto-0.9.464-checksums.txt",53
"2022-05-27T02:36:29Z","quarto-0.9.464-linux-amd64.deb",181
"2022-05-27T02:36:29Z","quarto-0.9.464-linux-amd64.tar.gz",54
"2022-05-27T02:36:29Z","quarto-0.9.464-macos.pkg",124
"2022-05-27T02:36:29Z","quarto-0.9.464-macos.tar.gz",53
"2022-05-27T02:36:29Z","quarto-0.9.464-win.msi",83
"2022-05-27T02:36:29Z","quarto-0.9.464-win.zip",60
"2022-05-26T02:06:34Z","quarto-0.9.462-checksums.txt",88
"2022-05-26T02:06:34Z","quarto-0.9.462-linux-amd64.deb",228
"2022-05-26T02:06:34Z","quarto-0.9.462-linux-amd64.tar.gz",100
"2022-05-26T02:06:34Z","quarto-0.9.462-macos.pkg",200
"2022-05-26T02:06:34Z","quarto-0.9.462-macos.tar.gz",97
"2022-05-26T02:06:34Z","quarto-0.9.462-win.msi",161
"2022-05-26T02:06:34Z","quarto-0.9.462-win.zip",106
"2022-05-24T14:00:30Z","quarto-0.9.449-checksums.txt",128
"2022-05-24T14:00:30Z","quarto-0.9.449-linux-amd64.deb",467
"2022-05-24T14:00:30Z","quarto-0.9.449-linux-amd64.tar.gz",161
"2022-05-24T14:00:30Z","quarto-0.9.449-macos.pkg",246
"2022-05-24T14:00:30Z","quarto-0.9.449-macos.tar.gz",136
"2022-05-24T14:00:30Z","quarto-0.9.449-win.msi",220
"2022-05-24T14:00:30Z","quarto-0.9.449-win.zip",187
"2022-05-24T13:32:01Z","quarto-0.9.448-checksums.txt",6
"2022-05-24T13:32:01Z","quarto-0.9.448-linux-amd64.deb",11
"2022-05-24T13:32:01Z","quarto-0.9.448-linux-amd64.tar.gz",6
"2022-05-24T13:32:01Z","quarto-0.9.448-macos.pkg",12
"2022-05-24T13:32:01Z","quarto-0.9.448-macos.tar.gz",8
"2022-05-24T13:32:01Z","quarto-0.9.448-win.msi",7
"2022-05-24T13:32:01Z","quarto-0.9.448-win.zip",7
"2022-05-24T00:03:41Z","quarto-0.9.446-checksums.txt",46
"2022-05-24T00:03:41Z","quarto-0.9.446-linux-amd64.deb",185
"2022-05-24T00:03:41Z","quarto-0.9.446-linux-amd64.tar.gz",52
"2022-05-24T00:03:41Z","quarto-0.9.446-macos.pkg",125
"2022-05-24T00:03:41Z","quarto-0.9.446-macos.tar.gz",49
"2022-05-24T00:03:41Z","quarto-0.9.446-win.msi",85
"2022-05-24T00:03:41Z","quarto-0.9.446-win.zip",53
"2022-05-23T23:50:14Z","quarto-0.9.445-checksums.txt",4
"2022-05-23T23:50:14Z","quarto-0.9.445-linux-amd64.deb",4
"2022-05-23T23:50:14Z","quarto-0.9.445-linux-amd64.tar.gz",4
"2022-05-23T23:50:14Z","quarto-0.9.445-macos.pkg",5
"2022-05-23T23:50:14Z","quarto-0.9.445-macos.tar.gz",8
"2022-05-23T23:50:14Z","quarto-0.9.445-win.msi",4
"2022-05-23T23:50:14Z","quarto-0.9.445-win.zip",4
"2022-05-23T21:25:06Z","quarto-0.9.444-checksums.txt",5
"2022-05-23T21:25:06Z","quarto-0.9.444-linux-amd64.deb",6
"2022-05-23T21:25:06Z","quarto-0.9.444-linux-amd64.tar.gz",5
"2022-05-23T21:25:06Z","quarto-0.9.444-macos.pkg",6
"2022-05-23T21:25:06Z","quarto-0.9.444-macos.tar.gz",7
"2022-05-23T21:25:06Z","quarto-0.9.444-win.msi",7
"2022-05-23T21:25:06Z","quarto-0.9.444-win.zip",5
"2022-05-23T00:43:17Z","quarto-0.9.442-checksums.txt",85
"2022-05-23T00:43:17Z","quarto-0.9.442-linux-amd64.deb",621
"2022-05-23T00:43:17Z","quarto-0.9.442-linux-amd64.tar.gz",91
"2022-05-23T00:43:17Z","quarto-0.9.442-macos.pkg",172
"2022-05-23T00:43:17Z","quarto-0.9.442-macos.tar.gz",89
"2022-05-23T00:43:17Z","quarto-0.9.442-win.msi",132
"2022-05-23T00:43:17Z","quarto-0.9.442-win.zip",94
"2022-05-21T21:27:19Z","quarto-0.9.440-checksums.txt",103
"2022-05-21T21:27:19Z","quarto-0.9.440-linux-amd64.deb",257
"2022-05-21T21:27:19Z","quarto-0.9.440-linux-amd64.tar.gz",115
"2022-05-21T21:27:19Z","quarto-0.9.440-macos.pkg",207
"2022-05-21T21:27:19Z","quarto-0.9.440-macos.tar.gz",109
"2022-05-21T21:27:19Z","quarto-0.9.440-win.msi",140
"2022-05-21T21:27:19Z","quarto-0.9.440-win.zip",109
"2022-05-21T12:29:21Z","quarto-0.9.439-checksums.txt",37
"2022-05-21T12:29:21Z","quarto-0.9.439-linux-amd64.deb",94
"2022-05-21T12:29:21Z","quarto-0.9.439-linux-amd64.tar.gz",38
"2022-05-21T12:29:21Z","quarto-0.9.439-macos.pkg",54
"2022-05-21T12:29:21Z","quarto-0.9.439-macos.tar.gz",44
"2022-05-21T12:29:21Z","quarto-0.9.439-win.msi",42
"2022-05-21T12:29:21Z","quarto-0.9.439-win.zip",40
"2022-05-20T19:08:33Z","quarto-0.9.436-checksums.txt",70
"2022-05-20T19:08:33Z","quarto-0.9.436-linux-amd64.deb",187
"2022-05-20T19:08:33Z","quarto-0.9.436-linux-amd64.tar.gz",74
"2022-05-20T19:08:33Z","quarto-0.9.436-macos.pkg",98
"2022-05-20T19:08:33Z","quarto-0.9.436-macos.tar.gz",76
"2022-05-20T19:08:33Z","quarto-0.9.436-win.msi",103
"2022-05-20T19:08:33Z","quarto-0.9.436-win.zip",79
"2022-05-20T01:21:26Z","quarto-0.9.434-checksums.txt",68
"2022-05-20T01:21:26Z","quarto-0.9.434-linux-amd64.deb",247
"2022-05-20T01:21:26Z","quarto-0.9.434-linux-amd64.tar.gz",79
"2022-05-20T01:21:26Z","quarto-0.9.434-macos.pkg",101
"2022-05-20T01:21:26Z","quarto-0.9.434-macos.tar.gz",70
"2022-05-20T01:21:26Z","quarto-0.9.434-win.msi",115
"2022-05-20T01:21:26Z","quarto-0.9.434-win.zip",79
"2022-05-20T00:05:41Z","quarto-0.9.433-checksums.txt",6
"2022-05-20T00:05:41Z","quarto-0.9.433-linux-amd64.deb",6
"2022-05-20T00:05:41Z","quarto-0.9.433-linux-amd64.tar.gz",6
"2022-05-20T00:05:41Z","quarto-0.9.433-macos.pkg",95
"2022-05-20T00:05:41Z","quarto-0.9.433-macos.tar.gz",9
"2022-05-20T00:05:41Z","quarto-0.9.433-win.msi",9
"2022-05-20T00:05:41Z","quarto-0.9.433-win.zip",7
"2022-05-19T20:50:39Z","quarto-0.9.432-checksums.txt",15
"2022-05-19T20:50:39Z","quarto-0.9.432-linux-amd64.deb",23
"2022-05-19T20:50:39Z","quarto-0.9.432-linux-amd64.tar.gz",16
"2022-05-19T20:50:39Z","quarto-0.9.432-macos.pkg",29
"2022-05-19T20:50:39Z","quarto-0.9.432-macos.tar.gz",22
"2022-05-19T20:50:39Z","quarto-0.9.432-win.msi",22
"2022-05-19T20:50:39Z","quarto-0.9.432-win.zip",17
"2022-05-19T16:07:18Z","quarto-0.9.431-checksums.txt",22
"2022-05-19T16:07:18Z","quarto-0.9.431-linux-amd64.deb",62
"2022-05-19T16:07:18Z","quarto-0.9.431-linux-amd64.tar.gz",53
"2022-05-19T16:07:18Z","quarto-0.9.431-macos.pkg",38
"2022-05-19T16:07:18Z","quarto-0.9.431-macos.tar.gz",27
"2022-05-19T16:07:18Z","quarto-0.9.431-win.msi",35
"2022-05-19T16:07:18Z","quarto-0.9.431-win.zip",22
"2022-05-19T13:24:41Z","quarto-0.9.430-checksums.txt",11
"2022-05-19T13:24:41Z","quarto-0.9.430-linux-amd64.deb",21
"2022-05-19T13:24:41Z","quarto-0.9.430-linux-amd64.tar.gz",10
"2022-05-19T13:24:41Z","quarto-0.9.430-macos.pkg",21
"2022-05-19T13:24:41Z","quarto-0.9.430-macos.tar.gz",14
"2022-05-19T13:24:41Z","quarto-0.9.430-win.msi",25
"2022-05-19T13:24:41Z","quarto-0.9.430-win.zip",13
"2022-05-19T11:51:07Z","quarto-0.9.429-checksums.txt",8
"2022-05-19T11:51:07Z","quarto-0.9.429-linux-amd64.deb",72
"2022-05-19T11:51:07Z","quarto-0.9.429-linux-amd64.tar.gz",8
"2022-05-19T11:51:07Z","quarto-0.9.429-macos.pkg",14
"2022-05-19T11:51:07Z","quarto-0.9.429-macos.tar.gz",10
"2022-05-19T11:51:07Z","quarto-0.9.429-win.msi",22
"2022-05-19T11:51:07Z","quarto-0.9.429-win.zip",8
"2022-05-18T22:42:20Z","quarto-0.9.427-checksums.txt",6
"2022-05-18T22:42:20Z","quarto-0.9.427-linux-amd64.deb",6
"2022-05-18T22:42:20Z","quarto-0.9.427-linux-amd64.tar.gz",4
"2022-05-18T22:42:20Z","quarto-0.9.427-macos.pkg",8
"2022-05-18T22:42:20Z","quarto-0.9.427-macos.tar.gz",6
"2022-05-18T22:42:20Z","quarto-0.9.427-win.msi",5
"2022-05-18T22:42:20Z","quarto-0.9.427-win.zip",4
"2022-05-18T18:22:18Z","quarto-0.9.426-checksums.txt",66
"2022-05-18T18:22:18Z","quarto-0.9.426-linux-amd64.deb",200
"2022-05-18T18:22:18Z","quarto-0.9.426-linux-amd64.tar.gz",66
"2022-05-18T18:22:18Z","quarto-0.9.426-macos.pkg",99
"2022-05-18T18:22:18Z","quarto-0.9.426-macos.tar.gz",68
"2022-05-18T18:22:18Z","quarto-0.9.426-win.msi",105
"2022-05-18T18:22:18Z","quarto-0.9.426-win.zip",73
"2022-05-18T10:24:56Z","quarto-0.9.424-checksums.txt",33
"2022-05-18T10:24:56Z","quarto-0.9.424-linux-amd64.deb",108
"2022-05-18T10:24:56Z","quarto-0.9.424-linux-amd64.tar.gz",34
"2022-05-18T10:24:56Z","quarto-0.9.424-macos.pkg",55
"2022-05-18T10:24:56Z","quarto-0.9.424-macos.tar.gz",40
"2022-05-18T10:24:56Z","quarto-0.9.424-win.msi",60
"2022-05-18T10:24:56Z","quarto-0.9.424-win.zip",33
"2022-05-17T23:19:22Z","quarto-0.9.423-checksums.txt",4
"2022-05-17T23:19:22Z","quarto-0.9.423-linux-amd64.deb",4
"2022-05-17T23:19:22Z","quarto-0.9.423-linux-amd64.tar.gz",5
"2022-05-17T23:19:22Z","quarto-0.9.423-macos.pkg",8
"2022-05-17T23:19:22Z","quarto-0.9.423-macos.tar.gz",5
"2022-05-17T23:19:22Z","quarto-0.9.423-win.msi",7
"2022-05-17T23:19:22Z","quarto-0.9.423-win.zip",4
"2022-05-17T20:01:09Z","quarto-0.9.421-checksums.txt",49
"2022-05-17T20:01:09Z","quarto-0.9.421-linux-amd64.deb",157
"2022-05-17T20:01:09Z","quarto-0.9.421-linux-amd64.tar.gz",50
"2022-05-17T20:01:09Z","quarto-0.9.421-macos.pkg",80
"2022-05-17T20:01:09Z","quarto-0.9.421-macos.tar.gz",52
"2022-05-17T20:01:09Z","quarto-0.9.421-win.msi",80
"2022-05-17T20:01:09Z","quarto-0.9.421-win.zip",55
"2022-05-17T16:14:19Z","quarto-0.9.419-checksums.txt",16
"2022-05-17T16:14:19Z","quarto-0.9.419-linux-amd64.deb",33
"2022-05-17T16:14:19Z","quarto-0.9.419-linux-amd64.tar.gz",16
"2022-05-17T16:14:19Z","quarto-0.9.419-macos.pkg",32
"2022-05-17T16:14:19Z","quarto-0.9.419-macos.tar.gz",18
"2022-05-17T16:14:19Z","quarto-0.9.419-win.msi",29
"2022-05-17T16:14:19Z","quarto-0.9.419-win.zip",16
"2022-05-17T16:11:16Z","quarto-0.9.418-checksums.txt",5
"2022-05-17T16:11:16Z","quarto-0.9.418-linux-amd64.deb",25
"2022-05-17T16:11:16Z","quarto-0.9.418-linux-amd64.tar.gz",5
"2022-05-17T16:11:16Z","quarto-0.9.418-macos.pkg",11
"2022-05-17T16:11:16Z","quarto-0.9.418-macos.tar.gz",9
"2022-05-17T16:11:16Z","quarto-0.9.418-win.msi",5
"2022-05-17T16:11:16Z","quarto-0.9.418-win.zip",6
"2022-05-17T15:35:06Z","quarto-0.9.417-checksums.txt",2
"2022-05-17T15:35:06Z","quarto-0.9.417-linux-amd64.deb",2
"2022-05-17T15:35:06Z","quarto-0.9.417-linux-amd64.tar.gz",2
"2022-05-17T15:35:06Z","quarto-0.9.417-macos.pkg",5
"2022-05-17T15:35:06Z","quarto-0.9.417-macos.tar.gz",4
"2022-05-17T15:35:06Z","quarto-0.9.417-win.msi",4
"2022-05-17T15:35:06Z","quarto-0.9.417-win.zip",2
"2022-05-16T23:50:00Z","quarto-0.9.415-checksums.txt",54
"2022-05-16T23:50:00Z","quarto-0.9.415-linux-amd64.deb",177
"2022-05-16T23:50:00Z","quarto-0.9.415-linux-amd64.tar.gz",58
"2022-05-16T23:50:00Z","quarto-0.9.415-macos.pkg",95
"2022-05-16T23:50:00Z","quarto-0.9.415-macos.tar.gz",56
"2022-05-16T23:50:00Z","quarto-0.9.415-win.msi",113
"2022-05-16T23:50:00Z","quarto-0.9.415-win.zip",58
"2022-05-16T19:38:48Z","quarto-0.9.414-checksums.txt",21
"2022-05-16T19:38:48Z","quarto-0.9.414-linux-amd64.deb",87
"2022-05-16T19:38:48Z","quarto-0.9.414-linux-amd64.tar.gz",22
"2022-05-16T19:38:48Z","quarto-0.9.414-macos.pkg",142
"2022-05-16T19:38:48Z","quarto-0.9.414-macos.tar.gz",24
"2022-05-16T19:38:48Z","quarto-0.9.414-win.msi",34
"2022-05-16T19:38:48Z","quarto-0.9.414-win.zip",23
"2022-05-16T19:08:33Z","quarto-0.9.413-checksums.txt",6
"2022-05-16T19:08:33Z","quarto-0.9.413-linux-amd64.deb",11
"2022-05-16T19:08:33Z","quarto-0.9.413-linux-amd64.tar.gz",6
"2022-05-16T19:08:33Z","quarto-0.9.413-macos.pkg",11
"2022-05-16T19:08:33Z","quarto-0.9.413-macos.tar.gz",6
"2022-05-16T19:08:33Z","quarto-0.9.413-win.msi",7
"2022-05-16T19:08:33Z","quarto-0.9.413-win.zip",7
"2022-05-16T16:46:55Z","quarto-0.9.412-checksums.txt",15
"2022-05-16T16:46:55Z","quarto-0.9.412-linux-amd64.deb",23
"2022-05-16T16:46:55Z","quarto-0.9.412-linux-amd64.tar.gz",15
"2022-05-16T16:46:55Z","quarto-0.9.412-macos.pkg",26
"2022-05-16T16:46:55Z","quarto-0.9.412-macos.tar.gz",15
"2022-05-16T16:46:55Z","quarto-0.9.412-win.msi",22
"2022-05-16T16:46:55Z","quarto-0.9.412-win.zip",14
"2022-05-16T15:00:27Z","quarto-0.9.411-checksums.txt",10
"2022-05-16T15:00:27Z","quarto-0.9.411-linux-amd64.deb",40
"2022-05-16T15:00:27Z","quarto-0.9.411-linux-amd64.tar.gz",10
"2022-05-16T15:00:27Z","quarto-0.9.411-macos.pkg",22
"2022-05-16T15:00:27Z","quarto-0.9.411-macos.tar.gz",13
"2022-05-16T15:00:27Z","quarto-0.9.411-win.msi",24
"2022-05-16T15:00:27Z","quarto-0.9.411-win.zip",14
"2022-05-16T13:22:23Z","quarto-0.9.410-checksums.txt",10
"2022-05-16T13:22:23Z","quarto-0.9.410-linux-amd64.deb",19
"2022-05-16T13:22:23Z","quarto-0.9.410-linux-amd64.tar.gz",14
"2022-05-16T13:22:23Z","quarto-0.9.410-macos.pkg",23
"2022-05-16T13:22:23Z","quarto-0.9.410-macos.tar.gz",12
"2022-05-16T13:22:23Z","quarto-0.9.410-win.msi",22
"2022-05-16T13:22:23Z","quarto-0.9.410-win.zip",13
"2022-05-16T10:36:35Z","quarto-0.9.409-checksums.txt",13
"2022-05-16T10:36:35Z","quarto-0.9.409-linux-amd64.deb",77
"2022-05-16T10:36:35Z","quarto-0.9.409-linux-amd64.tar.gz",20
"2022-05-16T10:36:35Z","quarto-0.9.409-macos.pkg",22
"2022-05-16T10:36:35Z","quarto-0.9.409-macos.tar.gz",16
"2022-05-16T10:36:35Z","quarto-0.9.409-win.msi",27
"2022-05-16T10:36:35Z","quarto-0.9.409-win.zip",16
"2022-05-15T17:22:20Z","quarto-0.9.407-checksums.txt",66
"2022-05-15T17:22:20Z","quarto-0.9.407-linux-amd64.deb",160
"2022-05-15T17:22:20Z","quarto-0.9.407-linux-amd64.tar.gz",63
"2022-05-15T17:22:20Z","quarto-0.9.407-macos.pkg",90
"2022-05-15T17:22:20Z","quarto-0.9.407-macos.tar.gz",66
"2022-05-15T17:22:20Z","quarto-0.9.407-win.msi",99
"2022-05-15T17:22:20Z","quarto-0.9.407-win.zip",67
"2022-05-15T13:57:11Z","quarto-0.9.406-checksums.txt",16
"2022-05-15T13:57:11Z","quarto-0.9.406-linux-amd64.deb",39
"2022-05-15T13:57:11Z","quarto-0.9.406-linux-amd64.tar.gz",18
"2022-05-15T13:57:11Z","quarto-0.9.406-macos.pkg",26
"2022-05-15T13:57:11Z","quarto-0.9.406-macos.tar.gz",20
"2022-05-15T13:57:11Z","quarto-0.9.406-win.msi",26
"2022-05-15T13:57:11Z","quarto-0.9.406-win.zip",18
"2022-05-15T11:21:50Z","quarto-0.9.405-checksums.txt",14
"2022-05-15T11:21:50Z","quarto-0.9.405-linux-amd64.deb",64
"2022-05-15T11:21:50Z","quarto-0.9.405-linux-amd64.tar.gz",11
"2022-05-15T11:21:50Z","quarto-0.9.405-macos.pkg",23
"2022-05-15T11:21:50Z","quarto-0.9.405-macos.tar.gz",19
"2022-05-15T11:21:50Z","quarto-0.9.405-win.msi",22
"2022-05-15T11:21:50Z","quarto-0.9.405-win.zip",14
"2022-05-14T19:58:23Z","quarto-0.9.403-checksums.txt",56
"2022-05-14T19:58:23Z","quarto-0.9.403-linux-amd64.deb",144
"2022-05-14T19:58:23Z","quarto-0.9.403-linux-amd64.tar.gz",57
"2022-05-14T19:58:23Z","quarto-0.9.403-macos.pkg",72
"2022-05-14T19:58:23Z","quarto-0.9.403-macos.tar.gz",58
"2022-05-14T19:58:23Z","quarto-0.9.403-win.msi",82
"2022-05-14T19:58:23Z","quarto-0.9.403-win.zip",59
"2022-05-14T14:20:16Z","quarto-0.9.402-checksums.txt",27
"2022-05-14T14:20:16Z","quarto-0.9.402-linux-amd64.deb",35
"2022-05-14T14:20:16Z","quarto-0.9.402-linux-amd64.tar.gz",27
"2022-05-14T14:20:16Z","quarto-0.9.402-macos.pkg",38
"2022-05-14T14:20:16Z","quarto-0.9.402-macos.tar.gz",28
"2022-05-14T14:20:16Z","quarto-0.9.402-win.msi",44
"2022-05-14T14:20:16Z","quarto-0.9.402-win.zip",27
"2022-05-14T12:08:51Z","quarto-0.9.401-checksums.txt",11
"2022-05-14T12:08:51Z","quarto-0.9.401-linux-amd64.deb",60
"2022-05-14T12:08:51Z","quarto-0.9.401-linux-amd64.tar.gz",11
"2022-05-14T12:08:51Z","quarto-0.9.401-macos.pkg",20
"2022-05-14T12:08:51Z","quarto-0.9.401-macos.tar.gz",13
"2022-05-14T12:08:51Z","quarto-0.9.401-win.msi",18
"2022-05-14T12:08:51Z","quarto-0.9.401-win.zip",12
"2022-05-13T18:16:30Z","quarto-0.9.399-checksums.txt",58
"2022-05-13T18:16:30Z","quarto-0.9.399-linux-amd64.deb",143
"2022-05-13T18:16:30Z","quarto-0.9.399-linux-amd64.tar.gz",59
"2022-05-13T18:16:30Z","quarto-0.9.399-macos.pkg",169
"2022-05-13T18:16:30Z","quarto-0.9.399-macos.tar.gz",60
"2022-05-13T18:16:30Z","quarto-0.9.399-win.msi",87
"2022-05-13T18:16:30Z","quarto-0.9.399-win.zip",61
"2022-05-13T14:13:41Z","quarto-0.9.398-checksums.txt",18
"2022-05-13T14:13:41Z","quarto-0.9.398-linux-amd64.deb",34
"2022-05-13T14:13:41Z","quarto-0.9.398-linux-amd64.tar.gz",17
"2022-05-13T14:13:41Z","quarto-0.9.398-macos.pkg",33
"2022-05-13T14:13:41Z","quarto-0.9.398-macos.tar.gz",20
"2022-05-13T14:13:41Z","quarto-0.9.398-win.msi",32
"2022-05-13T14:13:41Z","quarto-0.9.398-win.zip",18
"2022-05-13T09:49:07Z","quarto-0.9.397-checksums.txt",18
"2022-05-13T09:49:07Z","quarto-0.9.397-linux-amd64.deb",71
"2022-05-13T09:49:07Z","quarto-0.9.397-linux-amd64.tar.gz",23
"2022-05-13T09:49:07Z","quarto-0.9.397-macos.pkg",35
"2022-05-13T09:49:07Z","quarto-0.9.397-macos.tar.gz",21
"2022-05-13T09:49:07Z","quarto-0.9.397-win.msi",33
"2022-05-13T09:49:07Z","quarto-0.9.397-win.zip",19
"2022-05-12T02:14:19Z","quarto-0.9.394-checksums.txt",5
"2022-05-12T02:14:19Z","quarto-0.9.394-linux-amd64.deb",5
"2022-05-12T02:14:19Z","quarto-0.9.394-linux-amd64.tar.gz",4
"2022-05-12T02:14:19Z","quarto-0.9.394-macos.pkg",8
"2022-05-12T02:14:19Z","quarto-0.9.394-macos.tar.gz",4
"2022-05-12T02:14:19Z","quarto-0.9.394-win.msi",9
"2022-05-12T02:14:19Z","quarto-0.9.394-win.zip",5
"2022-05-12T00:04:17Z","quarto-0.9.393-checksums.txt",113
"2022-05-12T00:04:17Z","quarto-0.9.393-linux-amd64.deb",329
"2022-05-12T00:04:17Z","quarto-0.9.393-linux-amd64.tar.gz",114
"2022-05-12T00:04:17Z","quarto-0.9.393-macos.pkg",157
"2022-05-12T00:04:17Z","quarto-0.9.393-macos.tar.gz",113
"2022-05-12T00:04:17Z","quarto-0.9.393-win.msi",184
"2022-05-12T00:04:17Z","quarto-0.9.393-win.zip",119
"2022-05-11T22:37:55Z","quarto-0.9.392-checksums.txt",4
"2022-05-11T22:37:55Z","quarto-0.9.392-linux-amd64.deb",6
"2022-05-11T22:37:55Z","quarto-0.9.392-linux-amd64.tar.gz",4
"2022-05-11T22:37:55Z","quarto-0.9.392-macos.pkg",7
"2022-05-11T22:37:55Z","quarto-0.9.392-macos.tar.gz",6
"2022-05-11T22:37:55Z","quarto-0.9.392-win.msi",5
"2022-05-11T22:37:55Z","quarto-0.9.392-win.zip",4
"2022-05-11T21:57:43Z","quarto-0.9.391-checksums.txt",4
"2022-05-11T21:57:43Z","quarto-0.9.391-linux-amd64.deb",4
"2022-05-11T21:57:43Z","quarto-0.9.391-linux-amd64.tar.gz",4
"2022-05-11T21:57:43Z","quarto-0.9.391-macos.pkg",7
"2022-05-11T21:57:43Z","quarto-0.9.391-macos.tar.gz",4
"2022-05-11T21:57:43Z","quarto-0.9.391-win.msi",5
"2022-05-11T21:57:43Z","quarto-0.9.391-win.zip",2
"2022-05-11T20:46:48Z","quarto-0.9.390-checksums.txt",18
"2022-05-11T20:46:48Z","quarto-0.9.390-linux-amd64.deb",38
"2022-05-11T20:46:48Z","quarto-0.9.390-linux-amd64.tar.gz",17
"2022-05-11T20:46:48Z","quarto-0.9.390-macos.pkg",19
"2022-05-11T20:46:48Z","quarto-0.9.390-macos.tar.gz",20
"2022-05-11T20:46:48Z","quarto-0.9.390-win.msi",25
"2022-05-11T20:46:48Z","quarto-0.9.390-win.zip",19
"2022-05-11T19:48:19Z","quarto-0.9.389-checksums.txt",8
"2022-05-11T19:48:19Z","quarto-0.9.389-linux-amd64.deb",34
"2022-05-11T19:48:19Z","quarto-0.9.389-linux-amd64.tar.gz",9
"2022-05-11T19:48:19Z","quarto-0.9.389-macos.pkg",11
"2022-05-11T19:48:19Z","quarto-0.9.389-macos.tar.gz",11
"2022-05-11T19:48:19Z","quarto-0.9.389-win.msi",10
"2022-05-11T19:48:19Z","quarto-0.9.389-win.zip",9
"2022-05-11T15:54:58Z","quarto-0.9.388-checksums.txt",18
"2022-05-11T15:54:58Z","quarto-0.9.388-linux-amd64.deb",26
"2022-05-11T15:54:58Z","quarto-0.9.388-linux-amd64.tar.gz",20
"2022-05-11T15:54:58Z","quarto-0.9.388-macos.pkg",32
"2022-05-11T15:54:58Z","quarto-0.9.388-macos.tar.gz",20
"2022-05-11T15:54:58Z","quarto-0.9.388-win.msi",32
"2022-05-11T15:54:58Z","quarto-0.9.388-win.zip",20
"2022-05-11T12:35:53Z","quarto-0.9.387-checksums.txt",17
"2022-05-11T12:35:53Z","quarto-0.9.387-linux-amd64.deb",32
"2022-05-11T12:35:53Z","quarto-0.9.387-linux-amd64.tar.gz",23
"2022-05-11T12:35:53Z","quarto-0.9.387-macos.pkg",31
"2022-05-11T12:35:53Z","quarto-0.9.387-macos.tar.gz",18
"2022-05-11T12:35:53Z","quarto-0.9.387-win.msi",34
"2022-05-11T12:35:53Z","quarto-0.9.387-win.zip",18
"2022-05-10T16:44:50Z","quarto-0.9.385-checksums.txt",71
"2022-05-10T16:44:50Z","quarto-0.9.385-linux-amd64.deb",236
"2022-05-10T16:44:50Z","quarto-0.9.385-linux-amd64.tar.gz",73
"2022-05-10T16:44:50Z","quarto-0.9.385-macos.pkg",105
"2022-05-10T16:44:50Z","quarto-0.9.385-macos.tar.gz",74
"2022-05-10T16:44:50Z","quarto-0.9.385-win.msi",104
"2022-05-10T16:44:50Z","quarto-0.9.385-win.zip",76
"2022-05-10T15:52:42Z","quarto-0.9.384-checksums.txt",8
"2022-05-10T15:52:42Z","quarto-0.9.384-linux-amd64.deb",9
"2022-05-10T15:52:42Z","quarto-0.9.384-linux-amd64.tar.gz",9
"2022-05-10T15:52:42Z","quarto-0.9.384-macos.pkg",15
"2022-05-10T15:52:42Z","quarto-0.9.384-macos.tar.gz",10
"2022-05-10T15:52:42Z","quarto-0.9.384-win.msi",11
"2022-05-10T15:52:42Z","quarto-0.9.384-win.zip",10
"2022-05-10T13:24:18Z","quarto-0.9.383-checksums.txt",13
"2022-05-10T13:24:18Z","quarto-0.9.383-linux-amd64.deb",18
"2022-05-10T13:24:18Z","quarto-0.9.383-linux-amd64.tar.gz",13
"2022-05-10T13:24:18Z","quarto-0.9.383-macos.pkg",24
"2022-05-10T13:24:18Z","quarto-0.9.383-macos.tar.gz",15
"2022-05-10T13:24:18Z","quarto-0.9.383-win.msi",17
"2022-05-10T13:24:18Z","quarto-0.9.383-win.zip",15
"2022-05-10T12:51:42Z","quarto-0.9.382-checksums.txt",5
"2022-05-10T12:51:42Z","quarto-0.9.382-linux-amd64.deb",5
"2022-05-10T12:51:42Z","quarto-0.9.382-linux-amd64.tar.gz",5
"2022-05-10T12:51:42Z","quarto-0.9.382-macos.pkg",100
"2022-05-10T12:51:42Z","quarto-0.9.382-macos.tar.gz",7
"2022-05-10T12:51:42Z","quarto-0.9.382-win.msi",7
"2022-05-10T12:51:42Z","quarto-0.9.382-win.zip",5
"2022-05-10T12:15:09Z","quarto-0.9.381-checksums.txt",6
"2022-05-10T12:15:09Z","quarto-0.9.381-linux-amd64.deb",5
"2022-05-10T12:15:09Z","quarto-0.9.381-linux-amd64.tar.gz",5
"2022-05-10T12:15:09Z","quarto-0.9.381-macos.pkg",11
"2022-05-10T12:15:09Z","quarto-0.9.381-macos.tar.gz",8
"2022-05-10T12:15:09Z","quarto-0.9.381-win.msi",8
"2022-05-10T12:15:09Z","quarto-0.9.381-win.zip",6
"2022-05-10T12:08:33Z","quarto-0.9.380-checksums.txt",5
"2022-05-10T12:08:33Z","quarto-0.9.380-linux-amd64.deb",6
"2022-05-10T12:08:33Z","quarto-0.9.380-linux-amd64.tar.gz",5
"2022-05-10T12:08:33Z","quarto-0.9.380-macos.pkg",9
"2022-05-10T12:08:33Z","quarto-0.9.380-macos.tar.gz",8
"2022-05-10T12:08:33Z","quarto-0.9.380-win.msi",7
"2022-05-10T12:08:33Z","quarto-0.9.380-win.zip",5
"2022-05-10T00:43:25Z","quarto-0.9.378-checksums.txt",44
"2022-05-10T00:43:25Z","quarto-0.9.378-linux-amd64.deb",133
"2022-05-10T00:43:25Z","quarto-0.9.378-linux-amd64.tar.gz",45
"2022-05-10T00:43:25Z","quarto-0.9.378-macos.pkg",56
"2022-05-10T00:43:25Z","quarto-0.9.378-macos.tar.gz",47
"2022-05-10T00:43:25Z","quarto-0.9.378-win.msi",67
"2022-05-10T00:43:25Z","quarto-0.9.378-win.zip",46
"2022-05-09T13:05:07Z","quarto-0.9.377-checksums.txt",48
"2022-05-09T13:05:07Z","quarto-0.9.377-linux-amd64.deb",152
"2022-05-09T13:05:07Z","quarto-0.9.377-linux-amd64.tar.gz",54
"2022-05-09T13:05:07Z","quarto-0.9.377-macos.pkg",79
"2022-05-09T13:05:07Z","quarto-0.9.377-macos.tar.gz",50
"2022-05-09T13:05:07Z","quarto-0.9.377-win.msi",79
"2022-05-09T13:05:07Z","quarto-0.9.377-win.zip",52
"2022-05-09T12:59:02Z","quarto-0.9.376-checksums.txt",5
"2022-05-09T12:59:02Z","quarto-0.9.376-linux-amd64.deb",3
"2022-05-09T12:59:02Z","quarto-0.9.376-linux-amd64.tar.gz",5
"2022-05-09T12:59:02Z","quarto-0.9.376-macos.pkg",7
"2022-05-09T12:59:02Z","quarto-0.9.376-macos.tar.gz",8
"2022-05-09T12:59:02Z","quarto-0.9.376-win.msi",5
"2022-05-09T12:59:02Z","quarto-0.9.376-win.zip",5
"2022-05-08T19:25:19Z","quarto-0.9.374-checksums.txt",62
"2022-05-08T19:25:19Z","quarto-0.9.374-linux-amd64.deb",248
"2022-05-08T19:25:19Z","quarto-0.9.374-linux-amd64.tar.gz",65
"2022-05-08T19:25:19Z","quarto-0.9.374-macos.pkg",219
"2022-05-08T19:25:19Z","quarto-0.9.374-macos.tar.gz",65
"2022-05-08T19:25:19Z","quarto-0.9.374-win.msi",110
"2022-05-08T19:25:19Z","quarto-0.9.374-win.zip",69
"2022-05-08T17:17:32Z","quarto-0.9.373-checksums.txt",12
"2022-05-08T17:17:32Z","quarto-0.9.373-linux-amd64.deb",15
"2022-05-08T17:17:32Z","quarto-0.9.373-linux-amd64.tar.gz",12
"2022-05-08T17:17:32Z","quarto-0.9.373-macos.pkg",17
"2022-05-08T17:17:32Z","quarto-0.9.373-macos.tar.gz",14
"2022-05-08T17:17:32Z","quarto-0.9.373-win.msi",18
"2022-05-08T17:17:32Z","quarto-0.9.373-win.zip",13
"2022-05-08T16:10:42Z","quarto-0.9.372-checksums.txt",10
"2022-05-08T16:10:42Z","quarto-0.9.372-linux-amd64.deb",12
"2022-05-08T16:10:42Z","quarto-0.9.372-linux-amd64.tar.gz",9
"2022-05-08T16:10:42Z","quarto-0.9.372-macos.pkg",14
"2022-05-08T16:10:42Z","quarto-0.9.372-macos.tar.gz",13
"2022-05-08T16:10:42Z","quarto-0.9.372-win.msi",9
"2022-05-08T16:10:42Z","quarto-0.9.372-win.zip",10
"2022-05-07T14:39:58Z","quarto-0.9.370-checksums.txt",98
"2022-05-07T14:39:58Z","quarto-0.9.370-linux-amd64.deb",198
"2022-05-07T14:39:58Z","quarto-0.9.370-linux-amd64.tar.gz",108
"2022-05-07T14:39:58Z","quarto-0.9.370-macos.pkg",123
"2022-05-07T14:39:58Z","quarto-0.9.370-macos.tar.gz",99
"2022-05-07T14:39:58Z","quarto-0.9.370-win.msi",141
"2022-05-07T14:39:58Z","quarto-0.9.370-win.zip",103
"2022-05-06T13:55:43Z","quarto-0.9.368-checksums.txt",88
"2022-05-06T13:55:43Z","quarto-0.9.368-linux-amd64.deb",194
"2022-05-06T13:55:43Z","quarto-0.9.368-linux-amd64.tar.gz",88
"2022-05-06T13:55:43Z","quarto-0.9.368-macos.pkg",204
"2022-05-06T13:55:43Z","quarto-0.9.368-macos.tar.gz",88
"2022-05-06T13:55:43Z","quarto-0.9.368-win.msi",122
"2022-05-06T13:55:43Z","quarto-0.9.368-win.zip",87
"2022-05-06T12:07:10Z","quarto-0.9.367-checksums.txt",19
"2022-05-06T12:07:10Z","quarto-0.9.367-linux-amd64.deb",28
"2022-05-06T12:07:10Z","quarto-0.9.367-linux-amd64.tar.gz",20
"2022-05-06T12:07:10Z","quarto-0.9.367-macos.pkg",25
"2022-05-06T12:07:10Z","quarto-0.9.367-macos.tar.gz",19
"2022-05-06T12:07:10Z","quarto-0.9.367-win.msi",40
"2022-05-06T12:07:10Z","quarto-0.9.367-win.zip",20
"2022-05-06T11:15:06Z","quarto-0.9.366-checksums.txt",5
"2022-05-06T11:15:06Z","quarto-0.9.366-linux-amd64.deb",47
"2022-05-06T11:15:06Z","quarto-0.9.366-linux-amd64.tar.gz",5
"2022-05-06T11:15:06Z","quarto-0.9.366-macos.pkg",10
"2022-05-06T11:15:06Z","quarto-0.9.366-macos.tar.gz",7
"2022-05-06T11:15:06Z","quarto-0.9.366-win.msi",6
"2022-05-06T11:15:06Z","quarto-0.9.366-win.zip",5
"2022-05-06T00:48:21Z","quarto-0.9.364-checksums.txt",39
"2022-05-06T00:48:21Z","quarto-0.9.364-linux-amd64.deb",106
"2022-05-06T00:48:21Z","quarto-0.9.364-linux-amd64.tar.gz",43
"2022-05-06T00:48:21Z","quarto-0.9.364-macos.pkg",57
"2022-05-06T00:48:21Z","quarto-0.9.364-macos.tar.gz",42
"2022-05-06T00:48:21Z","quarto-0.9.364-win.msi",69
"2022-05-06T00:48:21Z","quarto-0.9.364-win.zip",41
"2022-05-05T14:53:29Z","quarto-0.9.363-checksums.txt",40
"2022-05-05T14:53:29Z","quarto-0.9.363-linux-amd64.deb",84
"2022-05-05T14:53:29Z","quarto-0.9.363-linux-amd64.tar.gz",43
"2022-05-05T14:53:29Z","quarto-0.9.363-macos.pkg",65
"2022-05-05T14:53:29Z","quarto-0.9.363-macos.tar.gz",43
"2022-05-05T14:53:29Z","quarto-0.9.363-win.msi",69
"2022-05-05T14:53:29Z","quarto-0.9.363-win.zip",42
"2022-05-05T12:50:14Z","quarto-0.9.362-checksums.txt",12
"2022-05-05T12:50:14Z","quarto-0.9.362-linux-amd64.deb",16
"2022-05-05T12:50:14Z","quarto-0.9.362-linux-amd64.tar.gz",12
"2022-05-05T12:50:14Z","quarto-0.9.362-macos.pkg",21
"2022-05-05T12:50:14Z","quarto-0.9.362-macos.tar.gz",14
"2022-05-05T12:50:14Z","quarto-0.9.362-win.msi",20
"2022-05-05T12:50:14Z","quarto-0.9.362-win.zip",14
"2022-05-05T12:27:16Z","quarto-0.9.361-checksums.txt",6
"2022-05-05T12:27:16Z","quarto-0.9.361-linux-amd64.deb",6
"2022-05-05T12:27:16Z","quarto-0.9.361-linux-amd64.tar.gz",5
"2022-05-05T12:27:16Z","quarto-0.9.361-macos.pkg",10
"2022-05-05T12:27:16Z","quarto-0.9.361-macos.tar.gz",7
"2022-05-05T12:27:16Z","quarto-0.9.361-win.msi",9
"2022-05-05T12:27:16Z","quarto-0.9.361-win.zip",6
"2022-05-05T10:31:24Z","quarto-0.9.360-checksums.txt",12
"2022-05-05T10:31:24Z","quarto-0.9.360-linux-amd64.deb",66
"2022-05-05T10:31:24Z","quarto-0.9.360-linux-amd64.tar.gz",15
"2022-05-05T10:31:24Z","quarto-0.9.360-macos.pkg",78
"2022-05-05T10:31:24Z","quarto-0.9.360-macos.tar.gz",21
"2022-05-05T10:31:24Z","quarto-0.9.360-win.msi",22
"2022-05-05T10:31:24Z","quarto-0.9.360-win.zip",12
"2022-05-05T01:43:09Z","quarto-0.9.358-checksums.txt",34
"2022-05-05T01:43:09Z","quarto-0.9.358-linux-amd64.deb",119
"2022-05-05T01:43:09Z","quarto-0.9.358-linux-amd64.tar.gz",34
"2022-05-05T01:43:09Z","quarto-0.9.358-macos.pkg",53
"2022-05-05T01:43:09Z","quarto-0.9.358-macos.tar.gz",35
"2022-05-05T01:43:09Z","quarto-0.9.358-win.msi",50
"2022-05-05T01:43:09Z","quarto-0.9.358-win.zip",37
"2022-05-05T00:28:33Z","quarto-0.9.357-checksums.txt",6
"2022-05-05T00:28:33Z","quarto-0.9.357-linux-amd64.deb",11
"2022-05-05T00:28:33Z","quarto-0.9.357-linux-amd64.tar.gz",6
"2022-05-05T00:28:33Z","quarto-0.9.357-macos.pkg",10
"2022-05-05T00:28:33Z","quarto-0.9.357-macos.tar.gz",8
"2022-05-05T00:28:33Z","quarto-0.9.357-win.msi",8
"2022-05-05T00:28:33Z","quarto-0.9.357-win.zip",6
"2022-05-05T00:11:37Z","quarto-0.9.356-checksums.txt",4
"2022-05-05T00:11:37Z","quarto-0.9.356-linux-amd64.deb",5
"2022-05-05T00:11:37Z","quarto-0.9.356-linux-amd64.tar.gz",4
"2022-05-05T00:11:37Z","quarto-0.9.356-macos.pkg",6
"2022-05-05T00:11:37Z","quarto-0.9.356-macos.tar.gz",6
"2022-05-05T00:11:37Z","quarto-0.9.356-win.msi",4
"2022-05-05T00:11:37Z","quarto-0.9.356-win.zip",4
"2022-05-04T19:37:39Z","quarto-0.9.355-checksums.txt",22
"2022-05-04T19:37:39Z","quarto-0.9.355-linux-amd64.deb",445
"2022-05-04T19:37:39Z","quarto-0.9.355-linux-amd64.tar.gz",26
"2022-05-04T19:37:39Z","quarto-0.9.355-macos.pkg",38
"2022-05-04T19:37:39Z","quarto-0.9.355-macos.tar.gz",25
"2022-05-04T19:37:39Z","quarto-0.9.355-win.msi",38
"2022-05-04T19:37:39Z","quarto-0.9.355-win.zip",23
"2022-05-04T15:04:59Z","quarto-0.9.354-checksums.txt",20
"2022-05-04T15:04:59Z","quarto-0.9.354-linux-amd64.deb",62
"2022-05-04T15:04:59Z","quarto-0.9.354-linux-amd64.tar.gz",20
"2022-05-04T15:04:59Z","quarto-0.9.354-macos.pkg",35
"2022-05-04T15:04:59Z","quarto-0.9.354-macos.tar.gz",21
"2022-05-04T15:04:59Z","quarto-0.9.354-win.msi",37
"2022-05-04T15:04:59Z","quarto-0.9.354-win.zip",20
"2022-05-04T13:18:24Z","quarto-0.9.353-checksums.txt",9
"2022-05-04T13:18:24Z","quarto-0.9.353-linux-amd64.deb",19
"2022-05-04T13:18:24Z","quarto-0.9.353-linux-amd64.tar.gz",9
"2022-05-04T13:18:24Z","quarto-0.9.353-macos.pkg",21
"2022-05-04T13:18:24Z","quarto-0.9.353-macos.tar.gz",11
"2022-05-04T13:18:24Z","quarto-0.9.353-win.msi",20
"2022-05-04T13:18:24Z","quarto-0.9.353-win.zip",10
"2022-05-04T13:03:42Z","quarto-0.9.352-checksums.txt",5
"2022-05-04T13:03:42Z","quarto-0.9.352-linux-amd64.deb",7
"2022-05-04T13:03:42Z","quarto-0.9.352-linux-amd64.tar.gz",5
"2022-05-04T13:03:42Z","quarto-0.9.352-macos.pkg",8
"2022-05-04T13:03:42Z","quarto-0.9.352-macos.tar.gz",7
"2022-05-04T13:03:42Z","quarto-0.9.352-win.msi",12
"2022-05-04T13:03:42Z","quarto-0.9.352-win.zip",5
"2022-05-04T10:32:38Z","quarto-0.9.351-checksums.txt",12
"2022-05-04T10:32:38Z","quarto-0.9.351-linux-amd64.deb",74
"2022-05-04T10:32:38Z","quarto-0.9.351-linux-amd64.tar.gz",12
"2022-05-04T10:32:38Z","quarto-0.9.351-macos.pkg",22
"2022-05-04T10:32:38Z","quarto-0.9.351-macos.tar.gz",14
"2022-05-04T10:32:38Z","quarto-0.9.351-win.msi",29
"2022-05-04T10:32:38Z","quarto-0.9.351-win.zip",14
"2022-05-03T23:12:47Z","quarto-0.9.349-checksums.txt",40
"2022-05-03T23:12:47Z","quarto-0.9.349-linux-amd64.deb",133
"2022-05-03T23:12:47Z","quarto-0.9.349-linux-amd64.tar.gz",46
"2022-05-03T23:12:47Z","quarto-0.9.349-macos.pkg",111
"2022-05-03T23:12:47Z","quarto-0.9.349-macos.tar.gz",42
"2022-05-03T23:12:47Z","quarto-0.9.349-win.msi",75
"2022-05-03T23:12:47Z","quarto-0.9.349-win.zip",43
"2022-05-03T18:03:48Z","quarto-0.9.348-checksums.txt",24
"2022-05-03T18:03:48Z","quarto-0.9.348-linux-amd64.deb",75
"2022-05-03T18:03:48Z","quarto-0.9.348-linux-amd64.tar.gz",26
"2022-05-03T18:03:48Z","quarto-0.9.348-macos.pkg",40
"2022-05-03T18:03:48Z","quarto-0.9.348-macos.tar.gz",26
"2022-05-03T18:03:48Z","quarto-0.9.348-win.msi",40
"2022-05-03T18:03:48Z","quarto-0.9.348-win.zip",28
"2022-05-03T13:47:25Z","quarto-0.9.347-checksums.txt",21
"2022-05-03T13:47:25Z","quarto-0.9.347-linux-amd64.deb",38
"2022-05-03T13:47:25Z","quarto-0.9.347-linux-amd64.tar.gz",20
"2022-05-03T13:47:25Z","quarto-0.9.347-macos.pkg",40
"2022-05-03T13:47:25Z","quarto-0.9.347-macos.tar.gz",23
"2022-05-03T13:47:25Z","quarto-0.9.347-win.msi",45
"2022-05-03T13:47:25Z","quarto-0.9.347-win.zip",23
"2022-05-02T19:19:49Z","quarto-0.9.345-checksums.txt",63
"2022-05-02T19:19:49Z","quarto-0.9.345-linux-amd64.deb",350
"2022-05-02T19:19:49Z","quarto-0.9.345-linux-amd64.tar.gz",72
"2022-05-02T19:19:49Z","quarto-0.9.345-macos.pkg",109
"2022-05-02T19:19:49Z","quarto-0.9.345-macos.tar.gz",66
"2022-05-02T19:19:49Z","quarto-0.9.345-win.msi",130
"2022-05-02T19:19:49Z","quarto-0.9.345-win.zip",72
"2022-05-02T16:18:42Z","quarto-0.9.344-checksums.txt",18
"2022-05-02T16:18:42Z","quarto-0.9.344-linux-amd64.deb",169
"2022-05-02T16:18:42Z","quarto-0.9.344-linux-amd64.tar.gz",19
"2022-05-02T16:18:42Z","quarto-0.9.344-macos.pkg",36
"2022-05-02T16:18:42Z","quarto-0.9.344-macos.tar.gz",18
"2022-05-02T16:18:42Z","quarto-0.9.344-win.msi",29
"2022-05-02T16:18:42Z","quarto-0.9.344-win.zip",17
"2022-05-02T01:26:37Z","quarto-0.9.342-checksums.txt",54
"2022-05-02T01:26:37Z","quarto-0.9.342-linux-amd64.deb",410
"2022-05-02T01:26:37Z","quarto-0.9.342-linux-amd64.tar.gz",54
"2022-05-02T01:26:37Z","quarto-0.9.342-macos.pkg",90
"2022-05-02T01:26:37Z","quarto-0.9.342-macos.tar.gz",57
"2022-05-02T01:26:37Z","quarto-0.9.342-win.msi",113
"2022-05-02T01:26:37Z","quarto-0.9.342-win.zip",67
"2022-05-01T16:34:45Z","quarto-0.9.341-checksums.txt",36
"2022-05-01T16:34:45Z","quarto-0.9.341-linux-amd64.deb",78
"2022-05-01T16:34:45Z","quarto-0.9.341-linux-amd64.tar.gz",34
"2022-05-01T16:34:45Z","quarto-0.9.341-macos.pkg",54
"2022-05-01T16:34:45Z","quarto-0.9.341-macos.tar.gz",39
"2022-05-01T16:34:45Z","quarto-0.9.341-win.msi",55
"2022-05-01T16:34:45Z","quarto-0.9.341-win.zip",38
"2022-04-30T20:12:52Z","quarto-0.9.339-checksums.txt",72
"2022-04-30T20:12:52Z","quarto-0.9.339-linux-amd64.deb",197
"2022-04-30T20:12:52Z","quarto-0.9.339-linux-amd64.tar.gz",75
"2022-04-30T20:12:52Z","quarto-0.9.339-macos.pkg",186
"2022-04-30T20:12:52Z","quarto-0.9.339-macos.tar.gz",74
"2022-04-30T20:12:52Z","quarto-0.9.339-win.msi",105
"2022-04-30T20:12:52Z","quarto-0.9.339-win.zip",78
"2022-04-30T19:04:57Z","quarto-0.9.338-checksums.txt",10
"2022-04-30T19:04:57Z","quarto-0.9.338-linux-amd64.deb",27
"2022-04-30T19:04:57Z","quarto-0.9.338-linux-amd64.tar.gz",8
"2022-04-30T19:04:57Z","quarto-0.9.338-macos.pkg",12
"2022-04-30T19:04:57Z","quarto-0.9.338-macos.tar.gz",10
"2022-04-30T19:04:57Z","quarto-0.9.338-win.msi",9
"2022-04-30T19:04:57Z","quarto-0.9.338-win.zip",8
"2022-04-30T18:52:14Z","quarto-0.9.337-checksums.txt",5
"2022-04-30T18:52:14Z","quarto-0.9.337-linux-amd64.deb",5
"2022-04-30T18:52:14Z","quarto-0.9.337-linux-amd64.tar.gz",6
"2022-04-30T18:52:14Z","quarto-0.9.337-macos.pkg",6
"2022-04-30T18:52:14Z","quarto-0.9.337-macos.tar.gz",7
"2022-04-30T18:52:14Z","quarto-0.9.337-win.msi",5
"2022-04-30T18:52:14Z","quarto-0.9.337-win.zip",4
"2022-04-30T18:28:33Z","quarto-0.9.336-checksums.txt",7
"2022-04-30T18:28:33Z","quarto-0.9.336-linux-amd64.deb",10
"2022-04-30T18:28:33Z","quarto-0.9.336-linux-amd64.tar.gz",8
"2022-04-30T18:28:33Z","quarto-0.9.336-macos.pkg",15
"2022-04-30T18:28:33Z","quarto-0.9.336-macos.tar.gz",10
"2022-04-30T18:28:33Z","quarto-0.9.336-win.msi",8
"2022-04-30T18:28:33Z","quarto-0.9.336-win.zip",7
"2022-04-30T18:06:30Z","quarto-0.9.335-checksums.txt",5
"2022-04-30T18:06:30Z","quarto-0.9.335-linux-amd64.deb",6
"2022-04-30T18:06:30Z","quarto-0.9.335-linux-amd64.tar.gz",5
"2022-04-30T18:06:30Z","quarto-0.9.335-macos.pkg",9
"2022-04-30T18:06:30Z","quarto-0.9.335-macos.tar.gz",7
"2022-04-30T18:06:30Z","quarto-0.9.335-win.msi",5
"2022-04-30T18:06:30Z","quarto-0.9.335-win.zip",6
"2022-04-30T13:48:52Z","quarto-0.9.334-checksums.txt",21
"2022-04-30T13:48:52Z","quarto-0.9.334-linux-amd64.deb",54
"2022-04-30T13:48:52Z","quarto-0.9.334-linux-amd64.tar.gz",21
"2022-04-30T13:48:52Z","quarto-0.9.334-macos.pkg",41
"2022-04-30T13:48:52Z","quarto-0.9.334-macos.tar.gz",23
"2022-04-30T13:48:52Z","quarto-0.9.334-win.msi",33
"2022-04-30T13:48:52Z","quarto-0.9.334-win.zip",22
"2022-04-30T12:29:46Z","quarto-0.9.333-checksums.txt",8
"2022-04-30T12:29:46Z","quarto-0.9.333-linux-amd64.deb",9
"2022-04-30T12:29:46Z","quarto-0.9.333-linux-amd64.tar.gz",8
"2022-04-30T12:29:46Z","quarto-0.9.333-macos.pkg",14
"2022-04-30T12:29:46Z","quarto-0.9.333-macos.tar.gz",12
"2022-04-30T12:29:46Z","quarto-0.9.333-win.msi",11
"2022-04-30T12:29:46Z","quarto-0.9.333-win.zip",8
"2022-04-30T11:59:00Z","quarto-0.9.332-checksums.txt",7
"2022-04-30T11:59:00Z","quarto-0.9.332-linux-amd64.deb",42
"2022-04-30T11:59:00Z","quarto-0.9.332-linux-amd64.tar.gz",8
"2022-04-30T11:59:00Z","quarto-0.9.332-macos.pkg",12
"2022-04-30T11:59:00Z","quarto-0.9.332-macos.tar.gz",9
"2022-04-30T11:59:00Z","quarto-0.9.332-win.msi",11
"2022-04-30T11:59:00Z","quarto-0.9.332-win.zip",9
"2022-04-30T01:03:21Z","quarto-0.9.330-checksums.txt",42
"2022-04-30T01:03:21Z","quarto-0.9.330-linux-amd64.deb",95
"2022-04-30T01:03:21Z","quarto-0.9.330-linux-amd64.tar.gz",43
"2022-04-30T01:03:21Z","quarto-0.9.330-macos.pkg",65
"2022-04-30T01:03:21Z","quarto-0.9.330-macos.tar.gz",46
"2022-04-30T01:03:21Z","quarto-0.9.330-win.msi",81
"2022-04-30T01:03:21Z","quarto-0.9.330-win.zip",43
"2022-04-30T00:18:24Z","quarto-0.9.329-checksums.txt",5
"2022-04-30T00:18:24Z","quarto-0.9.329-linux-amd64.deb",5
"2022-04-30T00:18:24Z","quarto-0.9.329-linux-amd64.tar.gz",7
"2022-04-30T00:18:24Z","quarto-0.9.329-macos.pkg",11
"2022-04-30T00:18:24Z","quarto-0.9.329-macos.tar.gz",7
"2022-04-30T00:18:24Z","quarto-0.9.329-win.msi",5
"2022-04-30T00:18:24Z","quarto-0.9.329-win.zip",5
"2022-04-29T14:35:45Z","quarto-0.9.328-checksums.txt",36
"2022-04-29T14:35:45Z","quarto-0.9.328-linux-amd64.deb",100
"2022-04-29T14:35:45Z","quarto-0.9.328-linux-amd64.tar.gz",37
"2022-04-29T14:35:45Z","quarto-0.9.328-macos.pkg",73
"2022-04-29T14:35:45Z","quarto-0.9.328-macos.tar.gz",39
"2022-04-29T14:35:45Z","quarto-0.9.328-win.msi",77
"2022-04-29T14:35:45Z","quarto-0.9.328-win.zip",38
"2022-04-29T14:14:31Z","quarto-0.9.327-checksums.txt",7
"2022-04-29T14:14:31Z","quarto-0.9.327-linux-amd64.deb",15
"2022-04-29T14:14:31Z","quarto-0.9.327-linux-amd64.tar.gz",7
"2022-04-29T14:14:31Z","quarto-0.9.327-macos.pkg",11
"2022-04-29T14:14:31Z","quarto-0.9.327-macos.tar.gz",9
"2022-04-29T14:14:31Z","quarto-0.9.327-win.msi",14
"2022-04-29T14:14:31Z","quarto-0.9.327-win.zip",7
"2022-04-29T10:19:14Z","quarto-0.9.326-checksums.txt",21
"2022-04-29T10:19:14Z","quarto-0.9.326-linux-amd64.deb",66
"2022-04-29T10:19:14Z","quarto-0.9.326-linux-amd64.tar.gz",17
"2022-04-29T10:19:14Z","quarto-0.9.326-macos.pkg",93
"2022-04-29T10:19:14Z","quarto-0.9.326-macos.tar.gz",19
"2022-04-29T10:19:14Z","quarto-0.9.326-win.msi",40
"2022-04-29T10:19:14Z","quarto-0.9.326-win.zip",23
"2022-04-29T01:36:31Z","quarto-0.9.324-checksums.txt",32
"2022-04-29T01:36:31Z","quarto-0.9.324-linux-amd64.deb",81
"2022-04-29T01:36:31Z","quarto-0.9.324-linux-amd64.tar.gz",33
"2022-04-29T01:36:31Z","quarto-0.9.324-macos.pkg",57
"2022-04-29T01:36:31Z","quarto-0.9.324-macos.tar.gz",34
"2022-04-29T01:36:31Z","quarto-0.9.324-win.msi",91
"2022-04-29T01:36:31Z","quarto-0.9.324-win.zip",36
"2022-04-29T01:19:36Z","quarto-0.9.323-checksums.txt",5
"2022-04-29T01:19:36Z","quarto-0.9.323-linux-amd64.deb",6
"2022-04-29T01:19:36Z","quarto-0.9.323-linux-amd64.tar.gz",5
"2022-04-29T01:19:36Z","quarto-0.9.323-macos.pkg",10
"2022-04-29T01:19:36Z","quarto-0.9.323-macos.tar.gz",8
"2022-04-29T01:19:36Z","quarto-0.9.323-win.msi",6
"2022-04-29T01:19:36Z","quarto-0.9.323-win.zip",5
"2022-04-29T00:56:29Z","quarto-0.9.322-checksums.txt",5
"2022-04-29T00:56:29Z","quarto-0.9.322-linux-amd64.deb",4
"2022-04-29T00:56:29Z","quarto-0.9.322-linux-amd64.tar.gz",5
"2022-04-29T00:56:29Z","quarto-0.9.322-macos.pkg",7
"2022-04-29T00:56:29Z","quarto-0.9.322-macos.tar.gz",9
"2022-04-29T00:56:29Z","quarto-0.9.322-win.msi",4
"2022-04-29T00:56:29Z","quarto-0.9.322-win.zip",4
"2022-04-28T22:50:45Z","quarto-0.9.321-checksums.txt",9
"2022-04-28T22:50:45Z","quarto-0.9.321-linux-amd64.deb",13
"2022-04-28T22:50:45Z","quarto-0.9.321-linux-amd64.tar.gz",9
"2022-04-28T22:50:45Z","quarto-0.9.321-macos.pkg",16
"2022-04-28T22:50:45Z","quarto-0.9.321-macos.tar.gz",13
"2022-04-28T22:50:45Z","quarto-0.9.321-win.msi",19
"2022-04-28T22:50:45Z","quarto-0.9.321-win.zip",10
"2022-04-28T22:26:43Z","quarto-0.9.320-checksums.txt",5
"2022-04-28T22:26:43Z","quarto-0.9.320-linux-amd64.deb",5
"2022-04-28T22:26:43Z","quarto-0.9.320-linux-amd64.tar.gz",4
"2022-04-28T22:26:43Z","quarto-0.9.320-macos.pkg",6
"2022-04-28T22:26:43Z","quarto-0.9.320-macos.tar.gz",7
"2022-04-28T22:26:43Z","quarto-0.9.320-win.msi",4
"2022-04-28T22:26:43Z","quarto-0.9.320-win.zip",4
"2022-04-28T22:12:10Z","quarto-0.9.319-checksums.txt",6
"2022-04-28T22:12:10Z","quarto-0.9.319-linux-amd64.deb",7
"2022-04-28T22:12:10Z","quarto-0.9.319-linux-amd64.tar.gz",7
"2022-04-28T22:12:10Z","quarto-0.9.319-macos.pkg",10
"2022-04-28T22:12:10Z","quarto-0.9.319-macos.tar.gz",9
"2022-04-28T22:12:10Z","quarto-0.9.319-win.msi",8
"2022-04-28T22:12:10Z","quarto-0.9.319-win.zip",7
"2022-04-28T19:58:17Z","quarto-0.9.318-checksums.txt",12
"2022-04-28T19:58:17Z","quarto-0.9.318-linux-amd64.deb",51
"2022-04-28T19:58:17Z","quarto-0.9.318-linux-amd64.tar.gz",12
"2022-04-28T19:58:17Z","quarto-0.9.318-macos.pkg",25
"2022-04-28T19:58:17Z","quarto-0.9.318-macos.tar.gz",14
"2022-04-28T19:58:17Z","quarto-0.9.318-win.msi",22
"2022-04-28T19:58:17Z","quarto-0.9.318-win.zip",13
"2022-04-28T14:47:14Z","quarto-0.9.317-checksums.txt",25
"2022-04-28T14:47:14Z","quarto-0.9.317-linux-amd64.deb",42
"2022-04-28T14:47:14Z","quarto-0.9.317-linux-amd64.tar.gz",24
"2022-04-28T14:47:14Z","quarto-0.9.317-macos.pkg",55
"2022-04-28T14:47:14Z","quarto-0.9.317-macos.tar.gz",26
"2022-04-28T14:47:14Z","quarto-0.9.317-win.msi",41
"2022-04-28T14:47:14Z","quarto-0.9.317-win.zip",24
"2022-04-27T21:14:36Z","quarto-0.9.315-checksums.txt",58
"2022-04-27T21:14:36Z","quarto-0.9.315-linux-amd64.deb",222
"2022-04-27T21:14:36Z","quarto-0.9.315-linux-amd64.tar.gz",66
"2022-04-27T21:14:36Z","quarto-0.9.315-macos.pkg",83
"2022-04-27T21:14:36Z","quarto-0.9.315-macos.tar.gz",60
"2022-04-27T21:14:36Z","quarto-0.9.315-win.msi",106
"2022-04-27T21:14:36Z","quarto-0.9.315-win.zip",59
"2022-04-27T14:32:05Z","quarto-0.9.314-checksums.txt",32
"2022-04-27T14:32:05Z","quarto-0.9.314-linux-amd64.deb",89
"2022-04-27T14:32:05Z","quarto-0.9.314-linux-amd64.tar.gz",42
"2022-04-27T14:32:05Z","quarto-0.9.314-macos.pkg",60
"2022-04-27T14:32:05Z","quarto-0.9.314-macos.tar.gz",33
"2022-04-27T14:32:05Z","quarto-0.9.314-win.msi",56
"2022-04-27T14:32:05Z","quarto-0.9.314-win.zip",36
"2022-04-26T18:09:50Z","quarto-0.9.312-checksums.txt",72
"2022-04-26T18:09:50Z","quarto-0.9.312-linux-amd64.deb",245
"2022-04-26T18:09:50Z","quarto-0.9.312-linux-amd64.tar.gz",71
"2022-04-26T18:09:50Z","quarto-0.9.312-macos.pkg",116
"2022-04-26T18:09:50Z","quarto-0.9.312-macos.tar.gz",74
"2022-04-26T18:09:50Z","quarto-0.9.312-win.msi",135
"2022-04-26T18:09:50Z","quarto-0.9.312-win.zip",75
"2022-04-26T16:32:51Z","quarto-0.9.311-checksums.txt",8
"2022-04-26T16:32:51Z","quarto-0.9.311-linux-amd64.deb",23
"2022-04-26T16:32:51Z","quarto-0.9.311-linux-amd64.tar.gz",8
"2022-04-26T16:32:51Z","quarto-0.9.311-macos.pkg",15
"2022-04-26T16:32:51Z","quarto-0.9.311-macos.tar.gz",12
"2022-04-26T16:32:51Z","quarto-0.9.311-win.msi",16
"2022-04-26T16:32:51Z","quarto-0.9.311-win.zip",8
"2022-04-25T19:22:54Z","quarto-0.9.309-checksums.txt",73
"2022-04-25T19:22:54Z","quarto-0.9.309-linux-amd64.deb",289
"2022-04-25T19:22:54Z","quarto-0.9.309-linux-amd64.tar.gz",75
"2022-04-25T19:22:54Z","quarto-0.9.309-macos.pkg",195
"2022-04-25T19:22:54Z","quarto-0.9.309-macos.tar.gz",74
"2022-04-25T19:22:54Z","quarto-0.9.309-win.msi",140
"2022-04-25T19:22:54Z","quarto-0.9.309-win.zip",76
"2022-04-25T14:12:05Z","quarto-0.9.308-checksums.txt",15
"2022-04-25T14:12:05Z","quarto-0.9.308-linux-amd64.deb",23
"2022-04-25T14:12:05Z","quarto-0.9.308-linux-amd64.tar.gz",15
"2022-04-25T14:12:05Z","quarto-0.9.308-macos.pkg",26
"2022-04-25T14:12:05Z","quarto-0.9.308-macos.tar.gz",17
"2022-04-25T14:12:05Z","quarto-0.9.308-win.msi",28
"2022-04-25T14:12:05Z","quarto-0.9.308-win.zip",16
"2022-04-25T14:12:05Z","quarto-0.9.307-checksums.txt",13
"2022-04-25T14:12:05Z","quarto-0.9.307-linux-amd64.deb",18
"2022-04-25T14:12:05Z","quarto-0.9.307-linux-amd64.tar.gz",13
"2022-04-25T14:12:05Z","quarto-0.9.307-macos.pkg",20
"2022-04-25T14:12:05Z","quarto-0.9.307-macos.tar.gz",14
"2022-04-25T14:12:05Z","quarto-0.9.307-win.msi",22
"2022-04-25T14:12:05Z","quarto-0.9.307-win.zip",12
"2022-04-24T15:09:09Z","quarto-0.9.305-checksums.txt",89
"2022-04-24T15:09:09Z","quarto-0.9.305-linux-amd64.deb",251
"2022-04-24T15:09:09Z","quarto-0.9.305-linux-amd64.tar.gz",90
"2022-04-24T15:09:09Z","quarto-0.9.305-macos.pkg",139
"2022-04-24T15:09:09Z","quarto-0.9.305-macos.tar.gz",89
"2022-04-24T15:09:09Z","quarto-0.9.305-win.msi",160
"2022-04-24T15:09:09Z","quarto-0.9.305-win.zip",91
"2022-04-24T13:43:59Z","quarto-0.9.304-checksums.txt",10
"2022-04-24T13:43:59Z","quarto-0.9.304-linux-amd64.deb",13
"2022-04-24T13:43:59Z","quarto-0.9.304-linux-amd64.tar.gz",9
"2022-04-24T13:43:59Z","quarto-0.9.304-macos.pkg",11
"2022-04-24T13:43:59Z","quarto-0.9.304-macos.tar.gz",12
"2022-04-24T13:43:59Z","quarto-0.9.304-win.msi",18
"2022-04-24T13:43:59Z","quarto-0.9.304-win.zip",10
"2022-04-24T10:42:17Z","quarto-0.9.303-checksums.txt",15
"2022-04-24T10:42:17Z","quarto-0.9.303-linux-amd64.deb",62
"2022-04-24T10:42:17Z","quarto-0.9.303-linux-amd64.tar.gz",16
"2022-04-24T10:42:17Z","quarto-0.9.303-macos.pkg",24
"2022-04-24T10:42:17Z","quarto-0.9.303-macos.tar.gz",17
"2022-04-24T10:42:17Z","quarto-0.9.303-win.msi",22
"2022-04-24T10:42:17Z","quarto-0.9.303-win.zip",18
"2022-04-23T17:25:55Z","quarto-0.9.301-checksums.txt",67
"2022-04-23T17:25:55Z","quarto-0.9.301-linux-amd64.deb",167
"2022-04-23T17:25:55Z","quarto-0.9.301-linux-amd64.tar.gz",67
"2022-04-23T17:25:55Z","quarto-0.9.301-macos.pkg",137
"2022-04-23T17:25:55Z","quarto-0.9.301-macos.tar.gz",68
"2022-04-23T17:25:55Z","quarto-0.9.301-win.msi",88
"2022-04-23T17:25:55Z","quarto-0.9.301-win.zip",68
"2022-04-22T21:27:05Z","quarto-0.9.299-checksums.txt",65
"2022-04-22T21:27:05Z","quarto-0.9.299-linux-amd64.deb",142
"2022-04-22T21:27:05Z","quarto-0.9.299-linux-amd64.tar.gz",63
"2022-04-22T21:27:05Z","quarto-0.9.299-macos.pkg",82
"2022-04-22T21:27:05Z","quarto-0.9.299-macos.tar.gz",65
"2022-04-22T21:27:05Z","quarto-0.9.299-win.msi",105
"2022-04-22T21:27:05Z","quarto-0.9.299-win.zip",65
"2022-04-22T12:36:18Z","quarto-0.9.298-checksums.txt",49
"2022-04-22T12:36:18Z","quarto-0.9.298-linux-amd64.deb",104
"2022-04-22T12:36:18Z","quarto-0.9.298-linux-amd64.tar.gz",50
"2022-04-22T12:36:18Z","quarto-0.9.298-macos.pkg",84
"2022-04-22T12:36:18Z","quarto-0.9.298-macos.tar.gz",53
"2022-04-22T12:36:18Z","quarto-0.9.298-win.msi",82
"2022-04-22T12:36:18Z","quarto-0.9.298-win.zip",51
"2022-04-22T12:29:17Z","quarto-0.9.297-checksums.txt",4
"2022-04-22T12:29:17Z","quarto-0.9.297-linux-amd64.deb",4
"2022-04-22T12:29:17Z","quarto-0.9.297-linux-amd64.tar.gz",4
"2022-04-22T12:29:17Z","quarto-0.9.297-macos.pkg",6
"2022-04-22T12:29:17Z","quarto-0.9.297-macos.tar.gz",7
"2022-04-22T12:29:17Z","quarto-0.9.297-win.msi",4
"2022-04-22T12:29:17Z","quarto-0.9.297-win.zip",4
"2022-04-22T01:08:00Z","quarto-0.9.295-checksums.txt",40
"2022-04-22T01:08:00Z","quarto-0.9.295-linux-amd64.deb",141
"2022-04-22T01:08:00Z","quarto-0.9.295-linux-amd64.tar.gz",39
"2022-04-22T01:08:00Z","quarto-0.9.295-macos.pkg",111
"2022-04-22T01:08:00Z","quarto-0.9.295-macos.tar.gz",42
"2022-04-22T01:08:00Z","quarto-0.9.295-win.msi",67
"2022-04-22T01:08:00Z","quarto-0.9.295-win.zip",40
"2022-04-21T20:28:47Z","quarto-0.9.294-checksums.txt",21
"2022-04-21T20:28:47Z","quarto-0.9.294-linux-amd64.deb",29
"2022-04-21T20:28:47Z","quarto-0.9.294-linux-amd64.tar.gz",24
"2022-04-21T20:28:47Z","quarto-0.9.294-macos.pkg",33
"2022-04-21T20:28:47Z","quarto-0.9.294-macos.tar.gz",23
"2022-04-21T20:28:47Z","quarto-0.9.294-win.msi",36
"2022-04-21T20:28:47Z","quarto-0.9.294-win.zip",22
"2022-04-21T11:24:45Z","quarto-0.9.293-checksums.txt",38
"2022-04-21T11:24:45Z","quarto-0.9.293-linux-amd64.deb",108
"2022-04-21T11:24:45Z","quarto-0.9.293-linux-amd64.tar.gz",183
"2022-04-21T11:24:45Z","quarto-0.9.293-macos.pkg",55
"2022-04-21T11:24:45Z","quarto-0.9.293-macos.tar.gz",40
"2022-04-21T11:24:45Z","quarto-0.9.293-win.msi",76
"2022-04-21T11:24:45Z","quarto-0.9.293-win.zip",40
"2022-04-20T17:02:18Z","quarto-0.9.290-checksums.txt",66
"2022-04-20T17:02:18Z","quarto-0.9.290-linux-amd64.deb",163
"2022-04-20T17:02:18Z","quarto-0.9.290-linux-amd64.tar.gz",68
"2022-04-20T17:02:18Z","quarto-0.9.290-macos.pkg",142
"2022-04-20T17:02:18Z","quarto-0.9.290-macos.tar.gz",67
"2022-04-20T17:02:18Z","quarto-0.9.290-win.msi",111
"2022-04-20T17:02:18Z","quarto-0.9.290-win.zip",72
"2022-04-20T15:49:54Z","quarto-0.9.289-checksums.txt",7
"2022-04-20T15:49:54Z","quarto-0.9.289-linux-amd64.deb",8
"2022-04-20T15:49:54Z","quarto-0.9.289-linux-amd64.tar.gz",7
"2022-04-20T15:49:54Z","quarto-0.9.289-macos.pkg",11
"2022-04-20T15:49:54Z","quarto-0.9.289-macos.tar.gz",9
"2022-04-20T15:49:54Z","quarto-0.9.289-win.msi",10
"2022-04-20T15:49:54Z","quarto-0.9.289-win.zip",8
"2022-04-20T13:38:34Z","quarto-0.9.288-checksums.txt",13
"2022-04-20T13:38:34Z","quarto-0.9.288-linux-amd64.deb",23
"2022-04-20T13:38:34Z","quarto-0.9.288-linux-amd64.tar.gz",16
"2022-04-20T13:38:34Z","quarto-0.9.288-macos.pkg",23
"2022-04-20T13:38:34Z","quarto-0.9.288-macos.tar.gz",17
"2022-04-20T13:38:34Z","quarto-0.9.288-win.msi",26
"2022-04-20T13:38:34Z","quarto-0.9.288-win.zip",15
"2022-04-20T13:28:57Z","quarto-0.9.287-checksums.txt",5
"2022-04-20T13:28:57Z","quarto-0.9.287-linux-amd64.deb",210
"2022-04-20T13:28:57Z","quarto-0.9.287-linux-amd64.tar.gz",5
"2022-04-20T13:28:57Z","quarto-0.9.287-macos.pkg",8
"2022-04-20T13:28:57Z","quarto-0.9.287-macos.tar.gz",7
"2022-04-20T13:28:57Z","quarto-0.9.287-win.msi",7
"2022-04-20T13:28:57Z","quarto-0.9.287-win.zip",5
"2022-04-20T12:36:40Z","quarto-0.9.286-checksums.txt",6
"2022-04-20T12:36:40Z","quarto-0.9.286-linux-amd64.deb",9
"2022-04-20T12:36:40Z","quarto-0.9.286-linux-amd64.tar.gz",7
"2022-04-20T12:36:40Z","quarto-0.9.286-macos.pkg",14
"2022-04-20T12:36:40Z","quarto-0.9.286-macos.tar.gz",8
"2022-04-20T12:36:40Z","quarto-0.9.286-win.msi",12
"2022-04-20T12:36:40Z","quarto-0.9.286-win.zip",8
"2022-04-20T11:57:27Z","quarto-0.9.285-checksums.txt",6
"2022-04-20T11:57:27Z","quarto-0.9.285-linux-amd64.deb",62
"2022-04-20T11:57:27Z","quarto-0.9.285-linux-amd64.tar.gz",6
"2022-04-20T11:57:27Z","quarto-0.9.285-macos.pkg",9
"2022-04-20T11:57:27Z","quarto-0.9.285-macos.tar.gz",8
"2022-04-20T11:57:27Z","quarto-0.9.285-win.msi",7
"2022-04-20T11:57:27Z","quarto-0.9.285-win.zip",7
"2022-04-20T02:56:17Z","quarto-0.9.284-checksums.txt",9
"2022-04-20T02:56:17Z","quarto-0.9.284-linux-amd64.deb",11
"2022-04-20T02:56:17Z","quarto-0.9.284-linux-amd64.tar.gz",9
"2022-04-20T02:56:17Z","quarto-0.9.284-macos.pkg",42
"2022-04-20T02:56:17Z","quarto-0.9.284-macos.tar.gz",12
"2022-04-20T02:56:17Z","quarto-0.9.284-win.msi",17
"2022-04-20T02:56:17Z","quarto-0.9.284-win.zip",9
"2022-04-19T17:54:56Z","quarto-0.9.282-checksums.txt",55
"2022-04-19T17:54:56Z","quarto-0.9.282-linux-amd64.deb",165
"2022-04-19T17:54:56Z","quarto-0.9.282-linux-amd64.tar.gz",57
"2022-04-19T17:54:56Z","quarto-0.9.282-macos.pkg",98
"2022-04-19T17:54:56Z","quarto-0.9.282-macos.tar.gz",57
"2022-04-19T17:54:56Z","quarto-0.9.282-win.msi",126
"2022-04-19T17:54:56Z","quarto-0.9.282-win.zip",60
"2022-04-19T17:21:52Z","quarto-0.9.281-checksums.txt",7
"2022-04-19T17:21:52Z","quarto-0.9.281-linux-amd64.deb",6
"2022-04-19T17:21:52Z","quarto-0.9.281-linux-amd64.tar.gz",9
"2022-04-19T17:21:52Z","quarto-0.9.281-macos.pkg",8
"2022-04-19T17:21:52Z","quarto-0.9.281-macos.tar.gz",8
"2022-04-19T17:21:52Z","quarto-0.9.281-win.msi",8
"2022-04-19T17:21:52Z","quarto-0.9.281-win.zip",6
"2022-04-19T15:54:48Z","quarto-0.9.280-checksums.txt",5
"2022-04-19T15:54:48Z","quarto-0.9.280-linux-amd64.deb",6
"2022-04-19T15:54:48Z","quarto-0.9.280-linux-amd64.tar.gz",6
"2022-04-19T15:54:48Z","quarto-0.9.280-macos.pkg",9
"2022-04-19T15:54:48Z","quarto-0.9.280-macos.tar.gz",7
"2022-04-19T15:54:48Z","quarto-0.9.280-win.msi",6
"2022-04-19T15:54:48Z","quarto-0.9.280-win.zip",6
"2022-04-19T15:04:40Z","quarto-0.9.279-checksums.txt",9
"2022-04-19T15:04:40Z","quarto-0.9.279-linux-amd64.deb",10
"2022-04-19T15:04:40Z","quarto-0.9.279-linux-amd64.tar.gz",8
"2022-04-19T15:04:40Z","quarto-0.9.279-macos.pkg",9
"2022-04-19T15:04:40Z","quarto-0.9.279-macos.tar.gz",11
"2022-04-19T15:04:40Z","quarto-0.9.279-win.msi",10
"2022-04-19T15:04:40Z","quarto-0.9.279-win.zip",8
"2022-04-19T14:03:23Z","quarto-0.9.278-checksums.txt",8
"2022-04-19T14:03:23Z","quarto-0.9.278-linux-amd64.deb",14
"2022-04-19T14:03:23Z","quarto-0.9.278-linux-amd64.tar.gz",8
"2022-04-19T14:03:23Z","quarto-0.9.278-macos.pkg",18
"2022-04-19T14:03:23Z","quarto-0.9.278-macos.tar.gz",10
"2022-04-19T14:03:23Z","quarto-0.9.278-win.msi",11
"2022-04-19T14:03:23Z","quarto-0.9.278-win.zip",9
"2022-04-19T00:45:46Z","quarto-0.9.276-checksums.txt",49
"2022-04-19T00:45:46Z","quarto-0.9.276-linux-amd64.deb",292
"2022-04-19T00:45:46Z","quarto-0.9.276-linux-amd64.tar.gz",50
"2022-04-19T00:45:46Z","quarto-0.9.276-macos.pkg",77
"2022-04-19T00:45:46Z","quarto-0.9.276-macos.tar.gz",49
"2022-04-19T00:45:46Z","quarto-0.9.276-win.msi",90
"2022-04-19T00:45:46Z","quarto-0.9.276-win.zip",48
"2022-04-18T12:11:37Z","quarto-0.9.275-checksums.txt",52
"2022-04-18T12:11:37Z","quarto-0.9.275-linux-amd64.deb",114
"2022-04-18T12:11:37Z","quarto-0.9.275-linux-amd64.tar.gz",52
"2022-04-18T12:11:37Z","quarto-0.9.275-macos.pkg",147
"2022-04-18T12:11:37Z","quarto-0.9.275-macos.tar.gz",54
"2022-04-18T12:11:37Z","quarto-0.9.275-win.msi",68
"2022-04-18T12:11:37Z","quarto-0.9.275-win.zip",52
"2022-04-18T11:30:19Z","quarto-0.9.274-checksums.txt",6
"2022-04-18T11:30:19Z","quarto-0.9.274-linux-amd64.deb",48
"2022-04-18T11:30:19Z","quarto-0.9.274-linux-amd64.tar.gz",6
"2022-04-18T11:30:19Z","quarto-0.9.274-macos.pkg",8
"2022-04-18T11:30:19Z","quarto-0.9.274-macos.tar.gz",8
"2022-04-18T11:30:19Z","quarto-0.9.274-win.msi",6
"2022-04-18T11:30:19Z","quarto-0.9.274-win.zip",6
"2022-04-18T01:14:13Z","quarto-0.9.272-checksums.txt",40
"2022-04-18T01:14:13Z","quarto-0.9.272-linux-amd64.deb",93
"2022-04-18T01:14:13Z","quarto-0.9.272-linux-amd64.tar.gz",43
"2022-04-18T01:14:13Z","quarto-0.9.272-macos.pkg",54
"2022-04-18T01:14:13Z","quarto-0.9.272-macos.tar.gz",42
"2022-04-18T01:14:13Z","quarto-0.9.272-win.msi",49
"2022-04-18T01:14:13Z","quarto-0.9.272-win.zip",43
"2022-04-17T14:30:29Z","quarto-0.9.271-checksums.txt",43
"2022-04-17T14:30:29Z","quarto-0.9.271-linux-amd64.deb",99
"2022-04-17T14:30:29Z","quarto-0.9.271-linux-amd64.tar.gz",46
"2022-04-17T14:30:29Z","quarto-0.9.271-macos.pkg",51
"2022-04-17T14:30:29Z","quarto-0.9.271-macos.tar.gz",45
"2022-04-17T14:30:29Z","quarto-0.9.271-win.msi",58
"2022-04-17T14:30:29Z","quarto-0.9.271-win.zip",49
"2022-04-17T10:48:34Z","quarto-0.9.270-checksums.txt",21
"2022-04-17T10:48:34Z","quarto-0.9.270-linux-amd64.deb",78
"2022-04-17T10:48:34Z","quarto-0.9.270-linux-amd64.tar.gz",18
"2022-04-17T10:48:34Z","quarto-0.9.270-macos.pkg",25
"2022-04-17T10:48:34Z","quarto-0.9.270-macos.tar.gz",20
"2022-04-17T10:48:34Z","quarto-0.9.270-win.msi",31
"2022-04-17T10:48:34Z","quarto-0.9.270-win.zip",19
"2022-04-17T10:27:02Z","quarto-0.9.269-checksums.txt",8
"2022-04-17T10:27:02Z","quarto-0.9.269-linux-amd64.deb",8
"2022-04-17T10:27:02Z","quarto-0.9.269-linux-amd64.tar.gz",6
"2022-04-17T10:27:02Z","quarto-0.9.269-macos.pkg",8
"2022-04-17T10:27:02Z","quarto-0.9.269-macos.tar.gz",8
"2022-04-17T10:27:02Z","quarto-0.9.269-win.msi",7
"2022-04-17T10:27:02Z","quarto-0.9.269-win.zip",6
"2022-04-17T01:34:35Z","quarto-0.9.267-checksums.txt",38
"2022-04-17T01:34:35Z","quarto-0.9.267-linux-amd64.deb",69
"2022-04-17T01:34:35Z","quarto-0.9.267-linux-amd64.tar.gz",36
"2022-04-17T01:34:35Z","quarto-0.9.267-macos.pkg",42
"2022-04-17T01:34:35Z","quarto-0.9.267-macos.tar.gz",39
"2022-04-17T01:34:35Z","quarto-0.9.267-win.msi",42
"2022-04-17T01:34:35Z","quarto-0.9.267-win.zip",37
"2022-04-16T23:03:00Z","quarto-0.9.266-checksums.txt",8
"2022-04-16T23:03:00Z","quarto-0.9.266-linux-amd64.deb",16
"2022-04-16T23:03:00Z","quarto-0.9.266-linux-amd64.tar.gz",8
"2022-04-16T23:03:00Z","quarto-0.9.266-macos.pkg",14
"2022-04-16T23:03:00Z","quarto-0.9.266-macos.tar.gz",10
"2022-04-16T23:03:00Z","quarto-0.9.266-win.msi",13
"2022-04-16T23:03:00Z","quarto-0.9.266-win.zip",9
"2022-04-16T22:22:07Z","quarto-0.9.265-checksums.txt",5
"2022-04-16T22:22:07Z","quarto-0.9.265-linux-amd64.deb",7
"2022-04-16T22:22:07Z","quarto-0.9.265-linux-amd64.tar.gz",5
"2022-04-16T22:22:07Z","quarto-0.9.265-macos.pkg",8
"2022-04-16T22:22:07Z","quarto-0.9.265-macos.tar.gz",7
"2022-04-16T22:22:07Z","quarto-0.9.265-win.msi",6
"2022-04-16T22:22:07Z","quarto-0.9.265-win.zip",6
"2022-04-15T21:17:29Z","quarto-0.9.260-checksums.txt",103
"2022-04-15T21:17:29Z","quarto-0.9.260-linux-amd64.deb",307
"2022-04-15T21:17:29Z","quarto-0.9.260-linux-amd64.tar.gz",104
"2022-04-15T21:17:29Z","quarto-0.9.260-macos.pkg",134
"2022-04-15T21:17:29Z","quarto-0.9.260-macos.tar.gz",104
"2022-04-15T21:17:29Z","quarto-0.9.260-win.msi",146
"2022-04-15T21:17:29Z","quarto-0.9.260-win.zip",105
"2022-04-15T17:35:35Z","quarto-0.9.259-checksums.txt",18
"2022-04-15T17:35:35Z","quarto-0.9.259-linux-amd64.deb",43
"2022-04-15T17:35:35Z","quarto-0.9.259-linux-amd64.tar.gz",17
"2022-04-15T17:35:35Z","quarto-0.9.259-macos.pkg",22
"2022-04-15T17:35:35Z","quarto-0.9.259-macos.tar.gz",19
"2022-04-15T17:35:35Z","quarto-0.9.259-win.msi",28
"2022-04-15T17:35:35Z","quarto-0.9.259-win.zip",19
"2022-04-15T16:53:01Z","quarto-0.9.258-checksums.txt",11
"2022-04-15T16:53:01Z","quarto-0.9.258-linux-amd64.deb",15
"2022-04-15T16:53:01Z","quarto-0.9.258-linux-amd64.tar.gz",9
"2022-04-15T16:53:01Z","quarto-0.9.258-macos.pkg",15
"2022-04-15T16:53:01Z","quarto-0.9.258-macos.tar.gz",11
"2022-04-15T16:53:01Z","quarto-0.9.258-win.msi",13
"2022-04-15T16:53:01Z","quarto-0.9.258-win.zip",9
"2022-04-15T16:22:16Z","quarto-0.9.257-checksums.txt",7
"2022-04-15T16:22:16Z","quarto-0.9.257-linux-amd64.deb",7
"2022-04-15T16:22:16Z","quarto-0.9.257-linux-amd64.tar.gz",7
"2022-04-15T16:22:16Z","quarto-0.9.257-macos.pkg",9
"2022-04-15T16:22:16Z","quarto-0.9.257-macos.tar.gz",8
"2022-04-15T16:22:16Z","quarto-0.9.257-win.msi",7
"2022-04-15T16:22:16Z","quarto-0.9.257-win.zip",6
"2022-04-15T14:46:41Z","quarto-0.9.256-checksums.txt",11
"2022-04-15T14:46:41Z","quarto-0.9.256-linux-amd64.deb",16
"2022-04-15T14:46:41Z","quarto-0.9.256-linux-amd64.tar.gz",10
"2022-04-15T14:46:41Z","quarto-0.9.256-macos.pkg",23
"2022-04-15T14:46:41Z","quarto-0.9.256-macos.tar.gz",12
"2022-04-15T14:46:41Z","quarto-0.9.256-win.msi",13
"2022-04-15T14:46:41Z","quarto-0.9.256-win.zip",11
"2022-04-15T13:36:11Z","quarto-0.9.254-checksums.txt",10
"2022-04-15T13:36:11Z","quarto-0.9.254-linux-amd64.deb",10
"2022-04-15T13:36:11Z","quarto-0.9.254-linux-amd64.tar.gz",16
"2022-04-15T13:36:11Z","quarto-0.9.254-macos.pkg",45
"2022-04-15T13:36:11Z","quarto-0.9.254-macos.tar.gz",11
"2022-04-15T13:36:11Z","quarto-0.9.254-win.msi",13
"2022-04-15T13:36:11Z","quarto-0.9.254-win.zip",11
"2022-04-15T12:52:30Z","quarto-0.9.253-checksums.txt",8
"2022-04-15T12:52:30Z","quarto-0.9.253-linux-amd64.deb",13
"2022-04-15T12:52:30Z","quarto-0.9.253-linux-amd64.tar.gz",7
"2022-04-15T12:52:30Z","quarto-0.9.253-macos.pkg",12
"2022-04-15T12:52:30Z","quarto-0.9.253-macos.tar.gz",9
"2022-04-15T12:52:30Z","quarto-0.9.253-win.msi",11
"2022-04-15T12:52:30Z","quarto-0.9.253-win.zip",7
"2022-04-15T12:14:46Z","quarto-0.9.252-checksums.txt",6
"2022-04-15T12:14:46Z","quarto-0.9.252-linux-amd64.deb",8
"2022-04-15T12:14:46Z","quarto-0.9.252-linux-amd64.tar.gz",7
"2022-04-15T12:14:46Z","quarto-0.9.252-macos.pkg",11
"2022-04-15T12:14:46Z","quarto-0.9.252-macos.tar.gz",8
"2022-04-15T12:14:46Z","quarto-0.9.252-win.msi",9
"2022-04-15T12:14:46Z","quarto-0.9.252-win.zip",7
"2022-04-14T21:23:36Z","quarto-0.9.250-checksums.txt",49
"2022-04-14T21:23:36Z","quarto-0.9.250-linux-amd64.deb",141
"2022-04-14T21:23:36Z","quarto-0.9.250-linux-amd64.tar.gz",65
"2022-04-14T21:23:36Z","quarto-0.9.250-macos.pkg",86
"2022-04-14T21:23:36Z","quarto-0.9.250-macos.tar.gz",54
"2022-04-14T21:23:36Z","quarto-0.9.250-win.msi",82
"2022-04-14T21:23:36Z","quarto-0.9.250-win.zip",56
"2022-04-14T21:07:17Z","quarto-0.9.249-checksums.txt",5
"2022-04-14T21:07:17Z","quarto-0.9.249-linux-amd64.deb",3
"2022-04-14T21:07:17Z","quarto-0.9.249-linux-amd64.tar.gz",5
"2022-04-14T21:07:17Z","quarto-0.9.249-macos.pkg",9
"2022-04-14T21:07:17Z","quarto-0.9.249-macos.tar.gz",7
"2022-04-14T21:07:17Z","quarto-0.9.249-win.msi",7
"2022-04-14T21:07:17Z","quarto-0.9.249-win.zip",5
"2022-04-14T18:44:13Z","quarto-0.9.248-checksums.txt",13
"2022-04-14T18:44:13Z","quarto-0.9.248-linux-amd64.deb",134
"2022-04-14T18:44:13Z","quarto-0.9.248-linux-amd64.tar.gz",13
"2022-04-14T18:44:13Z","quarto-0.9.248-macos.pkg",22
"2022-04-14T18:44:13Z","quarto-0.9.248-macos.tar.gz",15
"2022-04-14T18:44:13Z","quarto-0.9.248-win.msi",19
"2022-04-14T18:44:13Z","quarto-0.9.248-win.zip",14
"2022-04-14T18:06:57Z","quarto-0.9.247-checksums.txt",7
"2022-04-14T18:06:57Z","quarto-0.9.247-linux-amd64.deb",9
"2022-04-14T18:06:57Z","quarto-0.9.247-linux-amd64.tar.gz",8
"2022-04-14T18:06:57Z","quarto-0.9.247-macos.pkg",12
"2022-04-14T18:06:57Z","quarto-0.9.247-macos.tar.gz",9
"2022-04-14T18:06:57Z","quarto-0.9.247-win.msi",7
"2022-04-14T18:06:57Z","quarto-0.9.247-win.zip",8
"2022-04-14T13:32:21Z","quarto-0.9.246-checksums.txt",22
"2022-04-14T13:32:21Z","quarto-0.9.246-linux-amd64.deb",33
"2022-04-14T13:32:21Z","quarto-0.9.246-linux-amd64.tar.gz",25
"2022-04-14T13:32:21Z","quarto-0.9.246-macos.pkg",96
"2022-04-14T13:32:21Z","quarto-0.9.246-macos.tar.gz",23
"2022-04-14T13:32:21Z","quarto-0.9.246-win.msi",57
"2022-04-14T13:32:21Z","quarto-0.9.246-win.zip",22
"2022-04-14T11:46:00Z","quarto-0.9.245-checksums.txt",9
"2022-04-14T11:46:00Z","quarto-0.9.245-linux-amd64.deb",54
"2022-04-14T11:46:00Z","quarto-0.9.245-linux-amd64.tar.gz",9
"2022-04-14T11:46:00Z","quarto-0.9.245-macos.pkg",13
"2022-04-14T11:46:00Z","quarto-0.9.245-macos.tar.gz",11
"2022-04-14T11:46:00Z","quarto-0.9.245-win.msi",15
"2022-04-14T11:46:00Z","quarto-0.9.245-win.zip",10
"2022-04-13T14:54:11Z","quarto-0.9.243-checksums.txt",77
"2022-04-13T14:54:11Z","quarto-0.9.243-linux-amd64.deb",249
"2022-04-13T14:54:11Z","quarto-0.9.243-linux-amd64.tar.gz",80
"2022-04-13T14:54:11Z","quarto-0.9.243-macos.pkg",179
"2022-04-13T14:54:11Z","quarto-0.9.243-macos.tar.gz",81
"2022-04-13T14:54:11Z","quarto-0.9.243-win.msi",142
"2022-04-13T14:54:11Z","quarto-0.9.243-win.zip",81
"2022-04-13T13:50:22Z","quarto-0.9.242-checksums.txt",9
"2022-04-13T13:50:22Z","quarto-0.9.242-linux-amd64.deb",19
"2022-04-13T13:50:22Z","quarto-0.9.242-linux-amd64.tar.gz",9
"2022-04-13T13:50:22Z","quarto-0.9.242-macos.pkg",12
"2022-04-13T13:50:22Z","quarto-0.9.242-macos.tar.gz",11
"2022-04-13T13:50:22Z","quarto-0.9.242-win.msi",10
"2022-04-13T13:50:22Z","quarto-0.9.242-win.zip",10
"2022-04-13T13:03:25Z","quarto-0.9.241-checksums.txt",8
"2022-04-13T13:03:25Z","quarto-0.9.241-linux-amd64.deb",14
"2022-04-13T13:03:25Z","quarto-0.9.241-linux-amd64.tar.gz",8
"2022-04-13T13:03:25Z","quarto-0.9.241-macos.pkg",7
"2022-04-13T13:03:25Z","quarto-0.9.241-macos.tar.gz",10
"2022-04-13T13:03:25Z","quarto-0.9.241-win.msi",8
"2022-04-13T13:03:25Z","quarto-0.9.241-win.zip",8
"2022-04-13T00:21:49Z","quarto-0.9.239-checksums.txt",49
"2022-04-13T00:21:49Z","quarto-0.9.239-linux-amd64.deb",124
"2022-04-13T00:21:49Z","quarto-0.9.239-linux-amd64.tar.gz",49
"2022-04-13T00:21:49Z","quarto-0.9.239-macos.pkg",52
"2022-04-13T00:21:49Z","quarto-0.9.239-macos.tar.gz",51
"2022-04-13T00:21:49Z","quarto-0.9.239-win.msi",52
"2022-04-13T00:21:49Z","quarto-0.9.239-win.zip",53
"2022-04-12T19:18:16Z","quarto-0.9.238-checksums.txt",24
"2022-04-12T19:18:16Z","quarto-0.9.238-linux-amd64.deb",102
"2022-04-12T19:18:16Z","quarto-0.9.238-linux-amd64.tar.gz",27
"2022-04-12T19:18:16Z","quarto-0.9.238-macos.pkg",130
"2022-04-12T19:18:16Z","quarto-0.9.238-macos.tar.gz",26
"2022-04-12T19:18:16Z","quarto-0.9.238-win.msi",69
"2022-04-12T19:18:16Z","quarto-0.9.238-win.zip",28
"2022-04-12T16:40:10Z","quarto-0.9.237-checksums.txt",28
"2022-04-12T16:40:10Z","quarto-0.9.237-linux-amd64.deb",29
"2022-04-12T16:40:10Z","quarto-0.9.237-linux-amd64.tar.gz",37
"2022-04-12T16:40:10Z","quarto-0.9.237-macos.pkg",28
"2022-04-12T16:40:10Z","quarto-0.9.237-macos.tar.gz",21
"2022-04-12T16:40:10Z","quarto-0.9.237-win.msi",29
"2022-04-12T16:40:10Z","quarto-0.9.237-win.zip",20
"2022-04-12T15:38:37Z","quarto-0.9.236-checksums.txt",12
"2022-04-12T15:38:37Z","quarto-0.9.236-linux-amd64.deb",13
"2022-04-12T15:38:37Z","quarto-0.9.236-linux-amd64.tar.gz",11
"2022-04-12T15:38:37Z","quarto-0.9.236-macos.pkg",14
"2022-04-12T15:38:37Z","quarto-0.9.236-macos.tar.gz",14
"2022-04-12T15:38:37Z","quarto-0.9.236-win.msi",14
"2022-04-12T15:38:37Z","quarto-0.9.236-win.zip",12
"2022-04-12T12:28:23Z","quarto-0.9.235-checksums.txt",18
"2022-04-12T12:28:23Z","quarto-0.9.235-linux-amd64.deb",24
"2022-04-12T12:28:23Z","quarto-0.9.235-linux-amd64.tar.gz",17
"2022-04-12T12:28:23Z","quarto-0.9.235-macos.pkg",33
"2022-04-12T12:28:23Z","quarto-0.9.235-macos.tar.gz",21
"2022-04-12T12:28:23Z","quarto-0.9.235-win.msi",40
"2022-04-12T12:28:23Z","quarto-0.9.235-win.zip",20
"2022-04-12T00:15:18Z","quarto-0.9.233-checksums.txt",47
"2022-04-12T00:15:18Z","quarto-0.9.233-linux-amd64.deb",147
"2022-04-12T00:15:18Z","quarto-0.9.233-linux-amd64.tar.gz",48
"2022-04-12T00:15:18Z","quarto-0.9.233-macos.pkg",61
"2022-04-12T00:15:18Z","quarto-0.9.233-macos.tar.gz",50
"2022-04-12T00:15:18Z","quarto-0.9.233-win.msi",95
"2022-04-12T00:15:18Z","quarto-0.9.233-win.zip",56
"2022-04-11T23:35:47Z","quarto-0.9.232-checksums.txt",6
"2022-04-11T23:35:47Z","quarto-0.9.232-linux-amd64.deb",7
"2022-04-11T23:35:47Z","quarto-0.9.232-linux-amd64.tar.gz",6
"2022-04-11T23:35:47Z","quarto-0.9.232-macos.pkg",8
"2022-04-11T23:35:47Z","quarto-0.9.232-macos.tar.gz",8
"2022-04-11T23:35:47Z","quarto-0.9.232-win.msi",5
"2022-04-11T23:35:47Z","quarto-0.9.232-win.zip",6
"2022-04-11T23:07:51Z","quarto-0.9.231-checksums.txt",7
"2022-04-11T23:07:51Z","quarto-0.9.231-linux-amd64.deb",11
"2022-04-11T23:07:51Z","quarto-0.9.231-linux-amd64.tar.gz",7
"2022-04-11T23:07:51Z","quarto-0.9.231-macos.pkg",9
"2022-04-11T23:07:51Z","quarto-0.9.231-macos.tar.gz",9
"2022-04-11T23:07:51Z","quarto-0.9.231-win.msi",9
"2022-04-11T23:07:51Z","quarto-0.9.231-win.zip",7
"2022-04-11T12:40:21Z","quarto-0.9.230-checksums.txt",46
"2022-04-11T12:40:21Z","quarto-0.9.230-linux-amd64.deb",330
"2022-04-11T12:40:21Z","quarto-0.9.230-linux-amd64.tar.gz",80
"2022-04-11T12:40:21Z","quarto-0.9.230-macos.pkg",85
"2022-04-11T12:40:21Z","quarto-0.9.230-macos.tar.gz",70
"2022-04-11T12:40:21Z","quarto-0.9.230-win.msi",83
"2022-04-11T12:40:21Z","quarto-0.9.230-win.zip",68
"2022-04-11T01:32:57Z","quarto-0.9.228-checksums.txt",44
"2022-04-11T01:32:57Z","quarto-0.9.228-linux-amd64.deb",184
"2022-04-11T01:32:57Z","quarto-0.9.228-linux-amd64.tar.gz",46
"2022-04-11T01:32:57Z","quarto-0.9.228-macos.pkg",131
"2022-04-11T01:32:57Z","quarto-0.9.228-macos.tar.gz",46
"2022-04-11T01:32:57Z","quarto-0.9.228-win.msi",79
"2022-04-11T01:32:57Z","quarto-0.9.228-win.zip",47
"2022-04-10T17:11:35Z","quarto-0.9.227-checksums.txt",35
"2022-04-10T17:11:35Z","quarto-0.9.227-linux-amd64.deb",85
"2022-04-10T17:11:35Z","quarto-0.9.227-linux-amd64.tar.gz",35
"2022-04-10T17:11:35Z","quarto-0.9.227-macos.pkg",47
"2022-04-10T17:11:35Z","quarto-0.9.227-macos.tar.gz",37
"2022-04-10T17:11:35Z","quarto-0.9.227-win.msi",50
"2022-04-10T17:11:35Z","quarto-0.9.227-win.zip",37
"2022-04-10T11:35:46Z","quarto-0.9.226-checksums.txt",27
"2022-04-10T11:35:46Z","quarto-0.9.226-linux-amd64.deb",64
"2022-04-10T11:35:46Z","quarto-0.9.226-linux-amd64.tar.gz",27
"2022-04-10T11:35:46Z","quarto-0.9.226-macos.pkg",41
"2022-04-10T11:35:46Z","quarto-0.9.226-macos.tar.gz",29
"2022-04-10T11:35:46Z","quarto-0.9.226-win.msi",41
"2022-04-10T11:35:46Z","quarto-0.9.226-win.zip",28
"2022-04-10T10:52:03Z","quarto-0.9.225-checksums.txt",7
"2022-04-10T10:52:03Z","quarto-0.9.225-linux-amd64.deb",8
"2022-04-10T10:52:03Z","quarto-0.9.225-linux-amd64.tar.gz",7
"2022-04-10T10:52:03Z","quarto-0.9.225-macos.pkg",8
"2022-04-10T10:52:03Z","quarto-0.9.225-macos.tar.gz",9
"2022-04-10T10:52:03Z","quarto-0.9.225-win.msi",7
"2022-04-10T10:52:03Z","quarto-0.9.225-win.zip",8
"2022-04-10T10:43:08Z","quarto-0.9.224-checksums.txt",5
"2022-04-10T10:43:08Z","quarto-0.9.224-linux-amd64.deb",5
"2022-04-10T10:43:08Z","quarto-0.9.224-linux-amd64.tar.gz",5
"2022-04-10T10:43:08Z","quarto-0.9.224-macos.pkg",10
"2022-04-10T10:43:08Z","quarto-0.9.224-macos.tar.gz",6
"2022-04-10T10:43:08Z","quarto-0.9.224-win.msi",2
"2022-04-10T10:43:08Z","quarto-0.9.224-win.zip",5
"2022-04-09T21:48:32Z","quarto-0.9.222-checksums.txt",53
"2022-04-09T21:48:32Z","quarto-0.9.222-linux-amd64.deb",95
"2022-04-09T21:48:32Z","quarto-0.9.222-linux-amd64.tar.gz",52
"2022-04-09T21:48:32Z","quarto-0.9.222-macos.pkg",72
"2022-04-09T21:48:32Z","quarto-0.9.222-macos.tar.gz",55
"2022-04-09T21:48:32Z","quarto-0.9.222-win.msi",65
"2022-04-09T21:48:32Z","quarto-0.9.222-win.zip",55
"2022-04-09T21:30:00Z","quarto-0.9.221-checksums.txt",6
"2022-04-09T21:30:00Z","quarto-0.9.221-linux-amd64.deb",5
"2022-04-09T21:30:00Z","quarto-0.9.221-linux-amd64.tar.gz",6
"2022-04-09T21:30:00Z","quarto-0.9.221-macos.pkg",9
"2022-04-09T21:30:00Z","quarto-0.9.221-macos.tar.gz",9
"2022-04-09T21:30:00Z","quarto-0.9.221-win.msi",6
"2022-04-09T21:30:00Z","quarto-0.9.221-win.zip",6
"2022-04-09T20:42:09Z","quarto-0.9.220-checksums.txt",8
"2022-04-09T20:42:09Z","quarto-0.9.220-linux-amd64.deb",8
"2022-04-09T20:42:09Z","quarto-0.9.220-linux-amd64.tar.gz",7
"2022-04-09T20:42:09Z","quarto-0.9.220-macos.pkg",12
"2022-04-09T20:42:09Z","quarto-0.9.220-macos.tar.gz",10
"2022-04-09T20:42:09Z","quarto-0.9.220-win.msi",9
"2022-04-09T20:42:09Z","quarto-0.9.220-win.zip",8
"2022-04-09T19:42:09Z","quarto-0.9.219-linux-amd64.tar.gz",9
"2022-04-09T19:42:09Z","quarto-0.9.219-linux-amd64.deb",33
"2022-04-09T19:42:09Z","quarto-0.9.219-win.msi",10
"2022-04-09T19:42:09Z","quarto-0.9.219-win.zip",10
"2022-04-09T19:42:09Z","quarto-0.9.219-macos.pkg",10
"2022-04-09T19:42:09Z","quarto-0.9.219-macos.tar.gz",11
"2022-04-09T19:42:09Z","quarto-0.9.219-checksums.txt",8
"2022-04-09T12:26:28Z","quarto-0.9.218-linux-amd64.tar.gz",38
"2022-04-09T12:26:28Z","quarto-0.9.218-linux-amd64.deb",52
"2022-04-09T12:26:28Z","quarto-0.9.218-win.msi",37
"2022-04-09T12:26:28Z","quarto-0.9.218-win.zip",35
"2022-04-09T12:26:28Z","quarto-0.9.218-macos.pkg",43
"2022-04-09T12:26:28Z","quarto-0.9.218-macos.tar.gz",37
"2022-04-09T12:26:28Z","quarto-0.9.218-checksums.txt",34
"2022-04-09T11:21:46Z","quarto-0.9.217-linux-amd64.tar.gz",8
"2022-04-09T11:21:46Z","quarto-0.9.217-linux-amd64.deb",40
"2022-04-09T11:21:46Z","quarto-0.9.217-win.msi",10
"2022-04-09T11:21:46Z","quarto-0.9.217-win.zip",8
"2022-04-09T11:21:46Z","quarto-0.9.217-macos.pkg",17
"2022-04-09T11:21:46Z","quarto-0.9.217-macos.tar.gz",11
"2022-04-09T11:21:46Z","quarto-0.9.217-checksums.txt",9
"2022-04-08T18:31:08Z","quarto-0.9.215-linux-amd64.tar.gz",67
"2022-04-08T18:31:08Z","quarto-0.9.215-linux-amd64.deb",147
"2022-04-08T18:31:08Z","quarto-0.9.215-win.msi",86
"2022-04-08T18:31:08Z","quarto-0.9.215-win.zip",70
"2022-04-08T18:31:08Z","quarto-0.9.215-macos.pkg",83
"2022-04-08T18:31:08Z","quarto-0.9.215-macos.tar.gz",69
"2022-04-08T18:31:08Z","quarto-0.9.215-checksums.txt",68
"2022-04-08T13:41:27Z","quarto-0.9.214-linux-amd64.tar.gz",34
"2022-04-08T13:41:27Z","quarto-0.9.214-linux-amd64.deb",38
"2022-04-08T13:41:27Z","quarto-0.9.214-win.msi",40
"2022-04-08T13:41:27Z","quarto-0.9.214-win.zip",25
"2022-04-08T13:41:27Z","quarto-0.9.214-macos.pkg",82
"2022-04-08T13:41:27Z","quarto-0.9.214-macos.tar.gz",24
"2022-04-08T13:41:27Z","quarto-0.9.214-checksums.txt",25
"2022-04-08T12:22:12Z","quarto-0.9.213-linux-amd64.tar.gz",10
"2022-04-08T12:22:12Z","quarto-0.9.213-linux-amd64.deb",15
"2022-04-08T12:22:12Z","quarto-0.9.213-win.msi",15
"2022-04-08T12:22:12Z","quarto-0.9.213-win.zip",11
"2022-04-08T12:22:12Z","quarto-0.9.213-macos.pkg",18
"2022-04-08T12:22:12Z","quarto-0.9.213-macos.tar.gz",14
"2022-04-08T12:22:12Z","quarto-0.9.213-checksums.txt",10
"2022-04-07T18:28:10Z","quarto-0.9.209-linux-amd64.tar.gz",72
"2022-04-07T18:28:10Z","quarto-0.9.209-linux-amd64.deb",253
"2022-04-07T18:28:10Z","quarto-0.9.209-win.msi",104
"2022-04-07T18:28:10Z","quarto-0.9.209-win.zip",76
"2022-04-07T18:28:10Z","quarto-0.9.209-macos.pkg",102
"2022-04-07T18:28:10Z","quarto-0.9.209-macos.tar.gz",72
"2022-04-07T18:28:10Z","quarto-0.9.209-checksums.txt",70
"2022-04-07T17:35:29Z","quarto-0.9.208-linux-amd64.tar.gz",7
"2022-04-07T17:35:29Z","quarto-0.9.208-linux-amd64.deb",44
"2022-04-07T17:35:29Z","quarto-0.9.208-win.msi",10
"2022-04-07T17:35:29Z","quarto-0.9.208-win.zip",8
"2022-04-07T17:35:29Z","quarto-0.9.208-macos.pkg",12
"2022-04-07T17:35:29Z","quarto-0.9.208-macos.tar.gz",9
"2022-04-07T17:35:29Z","quarto-0.9.208-checksums.txt",7
"2022-04-07T16:59:34Z","quarto-0.9.207-linux-amd64.tar.gz",4
"2022-04-07T16:59:34Z","quarto-0.9.207-linux-amd64.deb",9
"2022-04-07T16:59:34Z","quarto-0.9.207-win.msi",9
"2022-04-07T16:59:34Z","quarto-0.9.207-win.zip",6
"2022-04-07T16:59:34Z","quarto-0.9.207-macos.pkg",8
"2022-04-07T16:59:34Z","quarto-0.9.207-macos.tar.gz",8
"2022-04-07T16:59:34Z","quarto-0.9.207-checksums.txt",6
"2022-04-07T16:52:23Z","quarto-0.9.206-linux-amd64.tar.gz",5
"2022-04-07T16:52:23Z","quarto-0.9.206-linux-amd64.deb",5
"2022-04-07T16:52:23Z","quarto-0.9.206-win.msi",6
"2022-04-07T16:52:23Z","quarto-0.9.206-win.zip",5
"2022-04-07T16:52:23Z","quarto-0.9.206-macos.pkg",6
"2022-04-07T16:52:23Z","quarto-0.9.206-macos.tar.gz",7
"2022-04-07T16:52:23Z","quarto-0.9.206-checksums.txt",5
"2022-04-07T15:23:00Z","quarto-0.9.205-linux-amd64.tar.gz",7
"2022-04-07T15:23:00Z","quarto-0.9.205-linux-amd64.deb",10
"2022-04-07T15:23:00Z","quarto-0.9.205-win.msi",12
"2022-04-07T15:23:00Z","quarto-0.9.205-win.zip",8
"2022-04-07T15:23:00Z","quarto-0.9.205-macos.pkg",11
"2022-04-07T15:23:00Z","quarto-0.9.205-macos.tar.gz",9
"2022-04-07T15:23:00Z","quarto-0.9.205-checksums.txt",7
"2022-04-07T12:31:14Z","quarto-0.9.203-linux-amd64.tar.gz",16
"2022-04-07T12:31:14Z","quarto-0.9.203-linux-amd64.deb",23
"2022-04-07T12:31:14Z","quarto-0.9.203-win.msi",22
"2022-04-07T12:31:14Z","quarto-0.9.203-win.zip",16
"2022-04-07T12:31:14Z","quarto-0.9.203-macos.pkg",60
"2022-04-07T12:31:14Z","quarto-0.9.203-macos.tar.gz",17
"2022-04-07T12:31:14Z","quarto-0.9.203-checksums.txt",15
"2022-04-07T01:56:36Z","quarto-0.9.201-linux-amd64.tar.gz",45
"2022-04-07T01:56:36Z","quarto-0.9.201-linux-amd64.deb",166
"2022-04-07T01:56:36Z","quarto-0.9.201-win.msi",66
"2022-04-07T01:56:36Z","quarto-0.9.201-win.zip",48
"2022-04-07T01:56:36Z","quarto-0.9.201-macos.pkg",64
"2022-04-07T01:56:36Z","quarto-0.9.201-macos.tar.gz",47
"2022-04-07T01:56:36Z","quarto-0.9.201-checksums.txt",44
"2022-04-07T01:56:36Z","quarto-0.9.200-linux-amd64.tar.gz",4
"2022-04-07T01:56:36Z","quarto-0.9.200-linux-amd64.deb",6
"2022-04-07T01:56:36Z","quarto-0.9.200-win.msi",5
"2022-04-07T01:56:36Z","quarto-0.9.200-win.zip",5
"2022-04-07T01:56:36Z","quarto-0.9.200-macos.pkg",6
"2022-04-07T01:56:36Z","quarto-0.9.200-macos.tar.gz",6
"2022-04-07T01:56:36Z","quarto-0.9.200-checksums.txt",4
"2022-04-07T01:56:36Z","quarto-0.9.199-linux-amd64.tar.gz",4
"2022-04-07T01:56:36Z","quarto-0.9.199-linux-amd64.deb",4
"2022-04-07T01:56:36Z","quarto-0.9.199-win.msi",4
"2022-04-07T01:56:36Z","quarto-0.9.199-win.zip",4
"2022-04-07T01:56:36Z","quarto-0.9.199-macos.pkg",8
"2022-04-07T01:56:36Z","quarto-0.9.199-macos.tar.gz",6
"2022-04-07T01:56:36Z","quarto-0.9.199-checksums.txt",4
"2022-04-06T13:32:22Z","quarto-0.9.194-linux-amd64.tar.gz",53
"2022-04-06T13:32:22Z","quarto-0.9.194-linux-amd64.deb",129
"2022-04-06T13:32:22Z","quarto-0.9.194-win.msi",102
"2022-04-06T13:32:22Z","quarto-0.9.194-win.zip",55
"2022-04-06T13:32:22Z","quarto-0.9.194-macos.pkg",125
"2022-04-06T13:32:22Z","quarto-0.9.194-macos.tar.gz",53
"2022-04-06T13:32:22Z","quarto-0.9.194-checksums.txt",50
"2022-04-06T12:41:45Z","quarto-0.9.193-linux-amd64.tar.gz",3
"2022-04-06T12:41:45Z","quarto-0.9.193-linux-amd64.deb",6
"2022-04-06T12:41:45Z","quarto-0.9.193-win.msi",15
"2022-04-06T12:41:45Z","quarto-0.9.193-win.zip",3
"2022-04-06T12:41:45Z","quarto-0.9.193-macos.pkg",6
"2022-04-06T12:41:45Z","quarto-0.9.193-macos.tar.gz",5
"2022-04-06T12:41:45Z","quarto-0.9.193-checksums.txt",3
"2022-04-05T18:02:04Z","quarto-0.9.188-linux-amd64.tar.gz",77
"2022-04-05T18:02:04Z","quarto-0.9.188-linux-amd64.deb",223
"2022-04-05T18:02:04Z","quarto-0.9.188-win.msi",156
"2022-04-05T18:02:04Z","quarto-0.9.188-win.zip",79
"2022-04-05T18:02:04Z","quarto-0.9.188-macos.pkg",133
"2022-04-05T18:02:04Z","quarto-0.9.188-macos.tar.gz",76
"2022-04-05T18:02:04Z","quarto-0.9.188-checksums.txt",74
"2022-04-05T16:24:42Z","quarto-0.9.187-linux-amd64.tar.gz",11
"2022-04-05T16:24:42Z","quarto-0.9.187-linux-amd64.deb",14
"2022-04-05T16:24:42Z","quarto-0.9.187-win.msi",21
"2022-04-05T16:24:42Z","quarto-0.9.187-win.zip",13
"2022-04-05T16:24:42Z","quarto-0.9.187-macos.pkg",19
"2022-04-05T16:24:42Z","quarto-0.9.187-macos.tar.gz",13
"2022-04-05T16:24:42Z","quarto-0.9.187-checksums.txt",12
"2022-04-05T13:52:50Z","quarto-0.9.186-linux-amd64.tar.gz",15
"2022-04-05T13:52:50Z","quarto-0.9.186-linux-amd64.deb",31
"2022-04-05T13:52:50Z","quarto-0.9.186-win.msi",28
"2022-04-05T13:52:50Z","quarto-0.9.186-win.zip",19
"2022-04-05T13:52:50Z","quarto-0.9.186-macos.pkg",73
"2022-04-05T13:52:50Z","quarto-0.9.186-macos.tar.gz",16
"2022-04-05T13:52:50Z","quarto-0.9.186-checksums.txt",14
"2022-04-05T12:27:18Z","quarto-0.9.185-linux-amd64.tar.gz",8
"2022-04-05T12:27:18Z","quarto-0.9.185-linux-amd64.deb",26
"2022-04-05T12:27:18Z","quarto-0.9.185-win.msi",17
"2022-04-05T12:27:18Z","quarto-0.9.185-win.zip",8
"2022-04-05T12:27:18Z","quarto-0.9.185-macos.pkg",14
"2022-04-05T12:27:18Z","quarto-0.9.185-macos.tar.gz",9
"2022-04-05T12:27:18Z","quarto-0.9.185-checksums.txt",7
"2022-04-04T19:29:15Z","quarto-0.9.183-linux-amd64.tar.gz",64
"2022-04-04T19:29:15Z","quarto-0.9.183-linux-amd64.deb",159
"2022-04-04T19:29:15Z","quarto-0.9.183-win.msi",120
"2022-04-04T19:29:15Z","quarto-0.9.183-win.zip",66
"2022-04-04T19:29:15Z","quarto-0.9.183-macos.pkg",108
"2022-04-04T19:29:15Z","quarto-0.9.183-macos.tar.gz",63
"2022-04-04T19:29:15Z","quarto-0.9.183-checksums.txt",61
"2022-04-02T11:52:34Z","quarto-0.9.180-linux-amd64.tar.gz",224
"2022-04-02T11:52:34Z","quarto-0.9.180-linux-amd64.deb",568
"2022-04-02T11:52:34Z","quarto-0.9.180-win.msi",324
"2022-04-02T11:52:34Z","quarto-0.9.180-win.zip",228
"2022-04-02T11:52:34Z","quarto-0.9.180-macos.pkg",365
"2022-04-02T11:52:34Z","quarto-0.9.180-macos.tar.gz",225
"2022-04-02T11:52:34Z","quarto-0.9.180-checksums.txt",222
"2022-04-01T10:13:37Z","quarto-0.9.178-linux-amd64.tar.gz",106
"2022-04-01T10:13:37Z","quarto-0.9.178-linux-amd64.deb",260
"2022-04-01T10:13:37Z","quarto-0.9.178-win.msi",140
"2022-04-01T10:13:37Z","quarto-0.9.178-win.zip",104
"2022-04-01T10:13:37Z","quarto-0.9.178-macos.pkg",159
"2022-04-01T10:13:37Z","quarto-0.9.178-macos.tar.gz",103
"2022-04-01T10:13:37Z","quarto-0.9.178-checksums.txt",102
"2022-04-01T09:49:07Z","quarto-0.9.177-linux-amd64.tar.gz",5
"2022-04-01T09:49:07Z","quarto-0.9.177-linux-amd64.deb",6
"2022-04-01T09:49:07Z","quarto-0.9.177-win.msi",6
"2022-04-01T09:49:07Z","quarto-0.9.177-win.zip",5
"2022-04-01T09:49:07Z","quarto-0.9.177-macos.pkg",8
"2022-04-01T09:49:07Z","quarto-0.9.177-macos.tar.gz",7
"2022-04-01T09:49:07Z","quarto-0.9.177-checksums.txt",5
"2022-04-01T00:58:33Z","quarto-0.9.175-linux-amd64.tar.gz",31
"2022-04-01T00:58:33Z","quarto-0.9.175-linux-amd64.deb",72
"2022-04-01T00:58:33Z","quarto-0.9.175-win.msi",48
"2022-04-01T00:58:33Z","quarto-0.9.175-win.zip",35
"2022-04-01T00:58:33Z","quarto-0.9.175-macos.pkg",44
"2022-04-01T00:58:33Z","quarto-0.9.175-macos.tar.gz",33
"2022-04-01T00:58:33Z","quarto-0.9.175-checksums.txt",31
"2022-03-31T22:23:56Z","quarto-0.9.174-linux-amd64.tar.gz",14
"2022-03-31T22:23:56Z","quarto-0.9.174-linux-amd64.deb",19
"2022-03-31T22:23:56Z","quarto-0.9.174-win.msi",18
"2022-03-31T22:23:56Z","quarto-0.9.174-win.zip",14
"2022-03-31T22:23:56Z","quarto-0.9.174-macos.pkg",18
"2022-03-31T22:23:56Z","quarto-0.9.174-macos.tar.gz",16
"2022-03-31T22:23:56Z","quarto-0.9.174-checksums.txt",13
"2022-03-31T21:53:57Z","quarto-0.9.173-linux-amd64.tar.gz",5
"2022-03-31T21:53:57Z","quarto-0.9.173-linux-amd64.deb",9
"2022-03-31T21:53:57Z","quarto-0.9.173-win.msi",8
"2022-03-31T21:53:57Z","quarto-0.9.173-win.zip",6
"2022-03-31T21:53:57Z","quarto-0.9.173-macos.pkg",6
"2022-03-31T21:53:57Z","quarto-0.9.173-macos.tar.gz",7
"2022-03-31T21:53:57Z","quarto-0.9.173-checksums.txt",6
"2022-03-31T14:50:42Z","quarto-0.9.172-linux-amd64.tar.gz",31
"2022-03-31T14:50:42Z","quarto-0.9.172-linux-amd64.deb",84
"2022-03-31T14:50:42Z","quarto-0.9.172-win.msi",60
"2022-03-31T14:50:42Z","quarto-0.9.172-win.zip",34
"2022-03-31T14:50:42Z","quarto-0.9.172-macos.pkg",79
"2022-03-31T14:50:42Z","quarto-0.9.172-macos.tar.gz",34
"2022-03-31T14:50:42Z","quarto-0.9.172-checksums.txt",32
"2022-03-31T13:52:52Z","quarto-0.9.171-linux-amd64.tar.gz",8
"2022-03-31T13:52:52Z","quarto-0.9.171-linux-amd64.deb",31
"2022-03-31T13:52:52Z","quarto-0.9.171-win.msi",17
"2022-03-31T13:52:52Z","quarto-0.9.171-win.zip",15
"2022-03-31T13:52:52Z","quarto-0.9.171-macos.pkg",24
"2022-03-31T13:52:52Z","quarto-0.9.171-macos.tar.gz",10
"2022-03-31T13:52:52Z","quarto-0.9.171-checksums.txt",8
"2022-03-31T13:17:34Z","quarto-0.9.169-linux-amd64.tar.gz",8
"2022-03-31T13:17:34Z","quarto-0.9.169-linux-amd64.deb",13
"2022-03-31T13:17:34Z","quarto-0.9.169-win.msi",11
"2022-03-31T13:17:34Z","quarto-0.9.169-win.zip",7
"2022-03-31T13:17:34Z","quarto-0.9.169-macos.pkg",13
"2022-03-31T13:17:34Z","quarto-0.9.169-macos.tar.gz",9
"2022-03-31T13:17:34Z","quarto-0.9.169-checksums.txt",8
"2022-03-31T13:06:35Z","quarto-0.9.168-linux-amd64.tar.gz",2
"2022-03-31T13:06:35Z","quarto-0.9.168-linux-amd64.deb",3
"2022-03-31T13:06:35Z","quarto-0.9.168-win.msi",4
"2022-03-31T00:51:49Z","quarto-0.9.166-linux-amd64.tar.gz",50
"2022-03-31T00:51:49Z","quarto-0.9.166-linux-amd64.deb",177
"2022-03-31T00:51:49Z","quarto-0.9.166-win.msi",102
"2022-03-31T00:51:49Z","quarto-0.9.166-win.zip",56
"2022-03-31T00:51:49Z","quarto-0.9.166-macos.pkg",163
"2022-03-31T00:51:49Z","quarto-0.9.166-macos.tar.gz",52
"2022-03-31T00:51:49Z","quarto-0.9.166-checksums.txt",49
"2022-03-30T12:46:31Z","quarto-0.9.165-linux-amd64.tar.gz",51
"2022-03-30T12:46:31Z","quarto-0.9.165-linux-amd64.deb",176
"2022-03-30T12:46:31Z","quarto-0.9.165-win.msi",131
"2022-03-30T12:46:31Z","quarto-0.9.165-win.zip",54
"2022-03-30T12:46:31Z","quarto-0.9.165-macos.pkg",145
"2022-03-30T12:46:31Z","quarto-0.9.165-macos.tar.gz",55
"2022-03-30T12:46:31Z","quarto-0.9.165-checksums.txt",51
"2022-03-29T23:44:57Z","quarto-0.9.163-linux-amd64.tar.gz",46
"2022-03-29T23:44:57Z","quarto-0.9.163-linux-amd64.deb",171
"2022-03-29T23:44:57Z","quarto-0.9.163-win.msi",78
"2022-03-29T23:44:57Z","quarto-0.9.163-win.zip",48
"2022-03-29T23:44:57Z","quarto-0.9.163-macos.pkg",79
"2022-03-29T23:44:57Z","quarto-0.9.163-macos.tar.gz",48
"2022-03-29T23:44:57Z","quarto-0.9.163-checksums.txt",46
"2022-03-29T14:35:01Z","quarto-0.9.161-linux-amd64.tar.gz",44
"2022-03-29T14:35:01Z","quarto-0.9.161-linux-amd64.deb",92
"2022-03-29T14:35:01Z","quarto-0.9.161-win.msi",58
"2022-03-29T14:35:01Z","quarto-0.9.161-win.zip",47
"2022-03-29T14:35:01Z","quarto-0.9.161-macos.pkg",61
"2022-03-29T14:35:01Z","quarto-0.9.161-macos.tar.gz",45
"2022-03-29T14:35:01Z","quarto-0.9.161-checksums.txt",44
"2022-03-29T03:45:52Z","quarto-0.9.159-linux-amd64.tar.gz",48
"2022-03-29T03:45:52Z","quarto-0.9.159-linux-amd64.deb",146
"2022-03-29T03:45:52Z","quarto-0.9.159-win.msi",67
"2022-03-29T03:45:52Z","quarto-0.9.159-win.zip",50
"2022-03-29T03:45:52Z","quarto-0.9.159-macos.pkg",57
"2022-03-29T03:45:52Z","quarto-0.9.159-macos.tar.gz",50
"2022-03-29T03:45:52Z","quarto-0.9.159-checksums.txt",47
"2022-03-29T00:48:53Z","quarto-0.9.158-linux-amd64.tar.gz",11
"2022-03-29T00:48:53Z","quarto-0.9.158-linux-amd64.deb",18
"2022-03-29T00:48:53Z","quarto-0.9.158-win.msi",12
"2022-03-29T00:48:53Z","quarto-0.9.158-win.zip",14
"2022-03-29T00:48:53Z","quarto-0.9.158-macos.pkg",18
"2022-03-29T00:48:53Z","quarto-0.9.158-macos.tar.gz",13
"2022-03-29T00:48:53Z","quarto-0.9.158-checksums.txt",13
"2022-03-29T00:25:14Z","quarto-0.9.157-linux-amd64.tar.gz",5
"2022-03-29T00:25:14Z","quarto-0.9.157-linux-amd64.deb",6
"2022-03-29T00:25:14Z","quarto-0.9.157-win.msi",6
"2022-03-29T00:25:14Z","quarto-0.9.157-win.zip",5
"2022-03-29T00:25:14Z","quarto-0.9.157-macos.pkg",6
"2022-03-29T00:25:14Z","quarto-0.9.157-macos.tar.gz",11
"2022-03-29T00:25:14Z","quarto-0.9.157-checksums.txt",5
"2022-03-28T16:57:59Z","quarto-0.9.155-linux-amd64.tar.gz",33
"2022-03-28T16:57:59Z","quarto-0.9.155-linux-amd64.deb",75
"2022-03-28T16:57:59Z","quarto-0.9.155-win.msi",37
"2022-03-28T16:57:59Z","quarto-0.9.155-win.zip",37
"2022-03-28T16:57:59Z","quarto-0.9.155-macos.pkg",95
"2022-03-28T16:57:59Z","quarto-0.9.155-macos.tar.gz",35
"2022-03-28T16:57:59Z","quarto-0.9.155-checksums.txt",34
"2022-03-28T16:39:21Z","quarto-0.9.154-linux-amd64.tar.gz",6
"2022-03-28T16:39:21Z","quarto-0.9.154-linux-amd64.deb",6
"2022-03-28T16:39:21Z","quarto-0.9.154-win.msi",6
"2022-03-28T16:39:21Z","quarto-0.9.154-win.zip",6
"2022-03-28T16:39:21Z","quarto-0.9.154-macos.pkg",10
"2022-03-28T16:39:21Z","quarto-0.9.154-macos.tar.gz",8
"2022-03-28T16:39:21Z","quarto-0.9.154-checksums.txt",6
"2022-03-28T14:14:57Z","quarto-0.9.153-linux-amd64.tar.gz",10
"2022-03-28T14:14:57Z","quarto-0.9.153-linux-amd64.deb",13
"2022-03-28T14:14:57Z","quarto-0.9.153-win.msi",11
"2022-03-28T14:14:57Z","quarto-0.9.153-win.zip",11
"2022-03-28T14:14:57Z","quarto-0.9.153-macos.pkg",16
"2022-03-28T14:14:57Z","quarto-0.9.153-macos.tar.gz",12
"2022-03-28T14:14:57Z","quarto-0.9.153-checksums.txt",10
"2022-03-27T19:52:09Z","quarto-0.9.151-linux-amd64.tar.gz",72
"2022-03-27T19:52:09Z","quarto-0.9.151-linux-amd64.deb",184
"2022-03-27T19:52:09Z","quarto-0.9.151-win.msi",86
"2022-03-27T19:52:09Z","quarto-0.9.151-win.zip",77
"2022-03-27T19:52:09Z","quarto-0.9.151-macos.pkg",90
"2022-03-27T19:52:09Z","quarto-0.9.151-macos.tar.gz",74
"2022-03-27T19:52:09Z","quarto-0.9.151-checksums.txt",73
"2022-03-27T15:22:00Z","quarto-0.9.150-linux-amd64.tar.gz",23
"2022-03-27T15:22:00Z","quarto-0.9.150-linux-amd64.deb",24
"2022-03-27T15:22:00Z","quarto-0.9.150-win.msi",24
"2022-03-27T15:22:00Z","quarto-0.9.150-win.zip",25
"2022-03-27T15:22:00Z","quarto-0.9.150-macos.pkg",26
"2022-03-27T15:22:00Z","quarto-0.9.150-macos.tar.gz",30
"2022-03-27T15:22:00Z","quarto-0.9.150-checksums.txt",23
"2022-03-27T14:13:10Z","quarto-0.9.149-linux-amd64.tar.gz",8
"2022-03-27T14:13:10Z","quarto-0.9.149-linux-amd64.deb",11
"2022-03-27T14:13:10Z","quarto-0.9.149-win.msi",9
"2022-03-27T14:13:10Z","quarto-0.9.149-win.zip",9
"2022-03-27T14:13:10Z","quarto-0.9.149-macos.pkg",9
"2022-03-27T14:13:10Z","quarto-0.9.149-macos.tar.gz",10
"2022-03-27T14:13:10Z","quarto-0.9.149-checksums.txt",9
"2022-03-27T00:51:20Z","quarto-0.9.147-linux-amd64.tar.gz",56
"2022-03-27T00:51:20Z","quarto-0.9.147-linux-amd64.deb",117
"2022-03-27T00:51:20Z","quarto-0.9.147-win.msi",64
"2022-03-27T00:51:20Z","quarto-0.9.147-win.zip",57
"2022-03-27T00:51:20Z","quarto-0.9.147-macos.pkg",68
"2022-03-27T00:51:20Z","quarto-0.9.147-macos.tar.gz",57
"2022-03-27T00:51:20Z","quarto-0.9.147-checksums.txt",55
"2022-03-26T17:37:30Z","quarto-0.9.146-linux-amd64.tar.gz",35
"2022-03-26T17:37:30Z","quarto-0.9.146-linux-amd64.deb",58
"2022-03-26T17:37:30Z","quarto-0.9.146-win.msi",37
"2022-03-26T17:37:30Z","quarto-0.9.146-win.zip",33
"2022-03-26T17:37:30Z","quarto-0.9.146-macos.pkg",37
"2022-03-26T17:37:30Z","quarto-0.9.146-macos.tar.gz",36
"2022-03-26T17:37:30Z","quarto-0.9.146-checksums.txt",32
"2022-03-26T14:34:25Z","quarto-0.9.145-linux-amd64.tar.gz",17
"2022-03-26T14:34:25Z","quarto-0.9.145-linux-amd64.deb",23
"2022-03-26T14:34:25Z","quarto-0.9.145-win.msi",22
"2022-03-26T14:34:25Z","quarto-0.9.145-win.zip",17
"2022-03-26T14:34:25Z","quarto-0.9.145-macos.pkg",19
"2022-03-26T14:34:25Z","quarto-0.9.145-macos.tar.gz",19
"2022-03-26T14:34:25Z","quarto-0.9.145-checksums.txt",16
"2022-03-26T01:07:40Z","quarto-0.9.143-linux-amd64.tar.gz",55
"2022-03-26T01:07:40Z","quarto-0.9.143-linux-amd64.deb",118
"2022-03-26T01:07:40Z","quarto-0.9.143-win.msi",63
"2022-03-26T01:07:40Z","quarto-0.9.143-win.zip",56
"2022-03-26T01:07:40Z","quarto-0.9.143-macos.pkg",64
"2022-03-26T01:07:40Z","quarto-0.9.143-macos.tar.gz",57
"2022-03-26T01:07:40Z","quarto-0.9.143-checksums.txt",55
"2022-03-26T00:41:21Z","quarto-0.9.142-linux-amd64.tar.gz",2
"2022-03-26T00:41:21Z","quarto-0.9.142-linux-amd64.deb",3
"2022-03-26T00:41:21Z","quarto-0.9.142-win.msi",2
"2022-03-26T00:41:21Z","quarto-0.9.142-win.zip",2
"2022-03-26T00:41:21Z","quarto-0.9.142-macos.pkg",4
"2022-03-26T00:41:21Z","quarto-0.9.142-macos.tar.gz",4
"2022-03-26T00:41:21Z","quarto-0.9.142-checksums.txt",2
"2022-03-25T18:29:01Z","quarto-0.9.141-linux-amd64.tar.gz",29
"2022-03-25T18:29:01Z","quarto-0.9.141-linux-amd64.deb",6862
"2022-03-25T18:29:01Z","quarto-0.9.141-win.msi",36
"2022-03-25T18:29:01Z","quarto-0.9.141-win.zip",30
"2022-03-25T18:29:01Z","quarto-0.9.141-macos.pkg",69
"2022-03-25T18:29:01Z","quarto-0.9.141-macos.tar.gz",30
"2022-03-25T18:29:01Z","quarto-0.9.141-checksums.txt",29
"2022-03-25T14:43:50Z","quarto-0.9.140-linux-amd64.tar.gz",18
"2022-03-25T14:43:50Z","quarto-0.9.140-linux-amd64.deb",24
"2022-03-25T14:43:50Z","quarto-0.9.140-win.msi",24
"2022-03-25T14:43:50Z","quarto-0.9.140-win.zip",20
"2022-03-25T14:43:50Z","quarto-0.9.140-macos.pkg",23
"2022-03-25T14:43:50Z","quarto-0.9.140-macos.tar.gz",20
"2022-03-25T14:43:50Z","quarto-0.9.140-checksums.txt",19
"2022-03-25T14:00:20Z","quarto-0.9.139-linux-amd64.tar.gz",5
"2022-03-25T14:00:20Z","quarto-0.9.139-linux-amd64.deb",5
"2022-03-25T14:00:20Z","quarto-0.9.139-win.msi",5
"2022-03-25T14:00:20Z","quarto-0.9.139-win.zip",5
"2022-03-25T14:00:20Z","quarto-0.9.139-macos.pkg",6
"2022-03-25T14:00:20Z","quarto-0.9.139-macos.tar.gz",8
"2022-03-25T14:00:20Z","quarto-0.9.139-checksums.txt",5
"2022-03-25T13:07:30Z","quarto-0.9.138-linux-amd64.tar.gz",10
"2022-03-25T13:07:30Z","quarto-0.9.138-linux-amd64.deb",14
"2022-03-25T13:07:30Z","quarto-0.9.138-win.msi",11
"2022-03-25T13:07:30Z","quarto-0.9.138-win.zip",10
"2022-03-25T13:07:30Z","quarto-0.9.138-macos.pkg",11
"2022-03-25T13:07:30Z","quarto-0.9.138-macos.tar.gz",11
"2022-03-25T13:07:30Z","quarto-0.9.138-checksums.txt",9
"2022-03-25T12:53:54Z","quarto-0.9.137-linux-amd64.tar.gz",2
"2022-03-25T12:53:54Z","quarto-0.9.137-linux-amd64.deb",3
"2022-03-25T12:53:54Z","quarto-0.9.137-win.msi",2
"2022-03-25T12:53:54Z","quarto-0.9.137-win.zip",3
"2022-03-25T12:53:54Z","quarto-0.9.137-macos.pkg",7
"2022-03-25T12:53:54Z","quarto-0.9.137-macos.tar.gz",4
"2022-03-25T12:53:54Z","quarto-0.9.137-checksums.txt",2
"2022-03-24T11:48:51Z","quarto-0.9.135-linux-amd64.tar.gz",100
"2022-03-24T11:48:51Z","quarto-0.9.135-linux-amd64.deb",214
"2022-03-24T11:48:51Z","quarto-0.9.135-win.msi",117
"2022-03-24T11:48:51Z","quarto-0.9.135-win.zip",104
"2022-03-24T11:48:51Z","quarto-0.9.135-macos.pkg",148
"2022-03-24T11:48:51Z","quarto-0.9.135-macos.tar.gz",101
"2022-03-24T11:48:51Z","quarto-0.9.135-checksums.txt",99
"2022-03-23T14:15:11Z","quarto-0.9.133-linux-amd64.tar.gz",87
"2022-03-23T14:15:11Z","quarto-0.9.133-linux-amd64.deb",155
"2022-03-23T14:15:11Z","quarto-0.9.133-win.msi",103
"2022-03-23T14:15:11Z","quarto-0.9.133-win.zip",88
"2022-03-23T14:15:11Z","quarto-0.9.133-macos.pkg",129
"2022-03-23T14:15:11Z","quarto-0.9.133-macos.tar.gz",89
"2022-03-23T14:15:11Z","quarto-0.9.133-checksums.txt",89
"2022-03-23T13:43:02Z","quarto-0.9.132-linux-amd64.tar.gz",7
"2022-03-23T13:43:02Z","quarto-0.9.132-linux-amd64.deb",7
"2022-03-23T13:43:02Z","quarto-0.9.132-win.msi",10
"2022-03-23T13:43:02Z","quarto-0.9.132-win.zip",8
"2022-03-23T13:43:02Z","quarto-0.9.132-macos.pkg",7
"2022-03-23T13:43:02Z","quarto-0.9.132-macos.tar.gz",8
"2022-03-23T13:43:02Z","quarto-0.9.132-checksums.txt",7
"2022-03-23T11:50:33Z","quarto-0.9.131-linux-amd64.tar.gz",12
"2022-03-23T11:50:33Z","quarto-0.9.131-linux-amd64.deb",60
"2022-03-23T11:50:33Z","quarto-0.9.131-win.msi",13
"2022-03-23T11:50:33Z","quarto-0.9.131-win.zip",13
"2022-03-23T11:50:33Z","quarto-0.9.131-macos.pkg",15
"2022-03-23T11:50:33Z","quarto-0.9.131-macos.tar.gz",14
"2022-03-23T11:50:33Z","quarto-0.9.131-checksums.txt",12
"2022-03-23T01:30:18Z","quarto-0.9.130-linux-amd64.tar.gz",11
"2022-03-23T01:30:18Z","quarto-0.9.130-linux-amd64.deb",11
"2022-03-23T01:30:18Z","quarto-0.9.130-win.msi",11
"2022-03-23T01:30:18Z","quarto-0.9.130-win.zip",12
"2022-03-23T01:30:18Z","quarto-0.9.130-macos.pkg",13
"2022-03-23T01:30:18Z","quarto-0.9.130-macos.tar.gz",12
"2022-03-23T01:30:18Z","quarto-0.9.130-checksums.txt",10
"2022-03-21T17:46:31Z","quarto-0.9.128-linux-amd64.tar.gz",81
"2022-03-21T17:46:31Z","quarto-0.9.128-linux-amd64.deb",140
"2022-03-21T17:46:31Z","quarto-0.9.128-win.msi",94
"2022-03-21T17:46:31Z","quarto-0.9.128-win.zip",85
"2022-03-21T17:46:31Z","quarto-0.9.128-macos.pkg",132
"2022-03-21T17:46:31Z","quarto-0.9.128-macos.tar.gz",83
"2022-03-21T17:46:31Z","quarto-0.9.128-checksums.txt",82
"2022-03-21T12:46:26Z","quarto-0.9.123-linux-amd64.tar.gz",95
"2022-03-21T12:46:26Z","quarto-0.9.123-linux-amd64.deb",202
"2022-03-21T12:46:26Z","quarto-0.9.123-win.msi",114
"2022-03-21T12:46:26Z","quarto-0.9.123-win.zip",101
"2022-03-21T12:46:26Z","quarto-0.9.123-macos.pkg",136
"2022-03-21T12:46:26Z","quarto-0.9.123-macos.tar.gz",98
"2022-03-21T12:46:26Z","quarto-0.9.123-checksums.txt",95
"2022-03-19T20:12:48Z","quarto-0.9.120-linux-amd64.tar.gz",163
"2022-03-19T20:12:48Z","quarto-0.9.120-linux-amd64.deb",435
"2022-03-19T20:12:48Z","quarto-0.9.120-win.msi",185
"2022-03-19T20:12:48Z","quarto-0.9.120-win.zip",165
"2022-03-19T20:12:48Z","quarto-0.9.120-macos.pkg",218
"2022-03-19T20:12:48Z","quarto-0.9.120-macos.tar.gz",161
"2022-03-19T20:12:48Z","quarto-0.9.120-checksums.txt",159
"2022-03-19T19:06:18Z","quarto-0.9.119-linux-amd64.tar.gz",9
"2022-03-19T19:06:18Z","quarto-0.9.119-linux-amd64.deb",29
"2022-03-19T19:06:18Z","quarto-0.9.119-win.msi",9
"2022-03-19T19:06:18Z","quarto-0.9.119-win.zip",8
"2022-03-19T19:06:18Z","quarto-0.9.119-macos.pkg",12
"2022-03-19T19:06:18Z","quarto-0.9.119-macos.tar.gz",11
"2022-03-19T19:06:18Z","quarto-0.9.119-checksums.txt",8
"2022-03-19T12:41:01Z","quarto-0.9.118-linux-amd64.tar.gz",30
"2022-03-19T12:41:01Z","quarto-0.9.118-linux-amd64.deb",30
"2022-03-19T12:41:01Z","quarto-0.9.118-win.msi",34
"2022-03-19T12:41:01Z","quarto-0.9.118-win.zip",30
"2022-03-19T12:41:01Z","quarto-0.9.118-macos.pkg",34
"2022-03-19T12:41:01Z","quarto-0.9.118-macos.tar.gz",31
"2022-03-19T12:41:01Z","quarto-0.9.118-checksums.txt",30
"2022-03-19T00:46:56Z","quarto-0.9.116-linux-amd64.tar.gz",50
"2022-03-19T00:46:56Z","quarto-0.9.116-linux-amd64.deb",109
"2022-03-19T00:46:56Z","quarto-0.9.116-win.msi",53
"2022-03-19T00:46:56Z","quarto-0.9.116-win.zip",51
"2022-03-19T00:46:56Z","quarto-0.9.116-macos.pkg",64
"2022-03-19T00:46:56Z","quarto-0.9.116-macos.tar.gz",51
"2022-03-19T00:46:56Z","quarto-0.9.116-checksums.txt",49
"2022-03-18T20:51:42Z","quarto-0.9.115-linux-amd64.tar.gz",19
"2022-03-18T20:51:42Z","quarto-0.9.115-linux-amd64.deb",30
"2022-03-18T20:51:42Z","quarto-0.9.115-win.msi",21
"2022-03-18T20:51:42Z","quarto-0.9.115-win.zip",19
"2022-03-18T20:51:42Z","quarto-0.9.115-macos.pkg",20
"2022-03-18T20:51:42Z","quarto-0.9.115-macos.tar.gz",23
"2022-03-18T20:51:42Z","quarto-0.9.115-checksums.txt",19
"2022-03-18T15:56:25Z","quarto-0.9.114-linux-amd64.tar.gz",27
"2022-03-18T15:56:25Z","quarto-0.9.114-linux-amd64.deb",63
"2022-03-18T15:56:25Z","quarto-0.9.114-win.msi",29
"2022-03-18T15:56:25Z","quarto-0.9.114-win.zip",26
"2022-03-18T15:56:25Z","quarto-0.9.114-macos.pkg",48
"2022-03-18T15:56:25Z","quarto-0.9.114-macos.tar.gz",27
"2022-03-18T15:56:25Z","quarto-0.9.114-checksums.txt",24
"2022-03-17T22:20:51Z","quarto-0.9.112-linux-amd64.tar.gz",73
"2022-03-17T22:20:51Z","quarto-0.9.112-linux-amd64.deb",161
"2022-03-17T22:20:51Z","quarto-0.9.112-win.msi",88
"2022-03-17T22:20:51Z","quarto-0.9.112-win.zip",76
"2022-03-17T22:20:51Z","quarto-0.9.112-macos.pkg",148
"2022-03-17T22:20:51Z","quarto-0.9.112-macos.tar.gz",74
"2022-03-17T22:20:51Z","quarto-0.9.112-checksums.txt",74
"2022-03-17T22:03:41Z","quarto-0.9.111-linux-amd64.tar.gz",5
"2022-03-17T22:03:41Z","quarto-0.9.111-linux-amd64.deb",6
"2022-03-17T22:03:41Z","quarto-0.9.111-win.msi",5
"2022-03-17T22:03:41Z","quarto-0.9.111-win.zip",6
"2022-03-17T22:03:41Z","quarto-0.9.111-macos.pkg",9
"2022-03-17T22:03:41Z","quarto-0.9.111-macos.tar.gz",7
"2022-03-17T22:03:41Z","quarto-0.9.111-checksums.txt",5
"2022-03-17T14:12:47Z","quarto-0.9.110-linux-amd64.tar.gz",28
"2022-03-17T14:12:47Z","quarto-0.9.110-linux-amd64.deb",70
"2022-03-17T14:12:47Z","quarto-0.9.110-win.msi",32
"2022-03-17T14:12:47Z","quarto-0.9.110-win.zip",27
"2022-03-17T14:12:47Z","quarto-0.9.110-macos.pkg",33
"2022-03-17T14:12:47Z","quarto-0.9.110-macos.tar.gz",29
"2022-03-17T14:12:47Z","quarto-0.9.110-checksums.txt",26
"2022-03-17T14:12:47Z","quarto-0.9.109-linux-amd64.tar.gz",5
"2022-03-17T14:12:47Z","quarto-0.9.109-linux-amd64.deb",4
"2022-03-17T14:12:47Z","quarto-0.9.109-win.msi",4
"2022-03-17T14:12:47Z","quarto-0.9.109-win.zip",5
"2022-03-17T14:12:47Z","quarto-0.9.109-macos.pkg",6
"2022-03-17T14:12:47Z","quarto-0.9.109-macos.tar.gz",6
"2022-03-17T14:12:47Z","quarto-0.9.109-checksums.txt",4
"2022-03-17T13:40:22Z","quarto-0.9.108-linux-amd64.tar.gz",11
"2022-03-17T13:40:22Z","quarto-0.9.108-linux-amd64.deb",11
"2022-03-17T13:40:22Z","quarto-0.9.108-win.msi",14
"2022-03-17T13:40:22Z","quarto-0.9.108-win.zip",10
"2022-03-17T13:40:22Z","quarto-0.9.108-macos.pkg",27
"2022-03-17T13:40:22Z","quarto-0.9.108-macos.tar.gz",11
"2022-03-17T13:40:22Z","quarto-0.9.108-checksums.txt",9
"2022-03-16T18:53:45Z","quarto-0.9.106-linux-amd64.tar.gz",76
"2022-03-16T18:53:45Z","quarto-0.9.106-linux-amd64.deb",270
"2022-03-16T18:53:45Z","quarto-0.9.106-win.msi",86
"2022-03-16T18:53:45Z","quarto-0.9.106-win.zip",76
"2022-03-16T18:53:45Z","quarto-0.9.106-macos.pkg",83
"2022-03-16T18:53:45Z","quarto-0.9.106-macos.tar.gz",76
"2022-03-16T18:53:45Z","quarto-0.9.106-checksums.txt",74
"2022-03-16T11:30:26Z","quarto-0.9.105-linux-amd64.tar.gz",45
"2022-03-16T11:30:26Z","quarto-0.9.105-linux-amd64.deb",308
"2022-03-16T11:30:26Z","quarto-0.9.105-win.msi",45
"2022-03-16T11:30:26Z","quarto-0.9.105-win.zip",36
"2022-03-16T11:30:26Z","quarto-0.9.105-macos.pkg",45
"2022-03-16T11:30:26Z","quarto-0.9.105-macos.tar.gz",38
"2022-03-16T11:30:26Z","quarto-0.9.105-checksums.txt",35
"2022-03-15T19:05:25Z","quarto-0.9.103-linux-amd64.tar.gz",67
"2022-03-15T19:05:25Z","quarto-0.9.103-linux-amd64.deb",145
"2022-03-15T19:05:25Z","quarto-0.9.103-win.msi",80
"2022-03-15T19:05:25Z","quarto-0.9.103-win.zip",74
"2022-03-15T19:05:25Z","quarto-0.9.103-macos.pkg",110
"2022-03-15T19:05:25Z","quarto-0.9.103-macos.tar.gz",66
"2022-03-15T19:05:25Z","quarto-0.9.103-checksums.txt",65
"2022-03-15T18:25:34Z","quarto-0.9.102-linux-amd64.tar.gz",7
"2022-03-15T18:25:34Z","quarto-0.9.102-linux-amd64.deb",7
"2022-03-15T18:25:34Z","quarto-0.9.102-win.msi",5
"2022-03-15T18:25:34Z","quarto-0.9.102-win.zip",6
"2022-03-15T18:25:34Z","quarto-0.9.102-macos.pkg",7
"2022-03-15T18:25:34Z","quarto-0.9.102-macos.tar.gz",10
"2022-03-15T18:25:34Z","quarto-0.9.102-checksums.txt",5
"2022-03-15T15:42:45Z","quarto-0.9.101-linux-amd64.tar.gz",15
"2022-03-15T15:42:45Z","quarto-0.9.101-linux-amd64.deb",20
"2022-03-15T15:42:45Z","quarto-0.9.101-win.msi",22
"2022-03-15T15:42:45Z","quarto-0.9.101-win.zip",15
"2022-03-15T15:42:45Z","quarto-0.9.101-macos.pkg",21
"2022-03-15T15:42:45Z","quarto-0.9.101-macos.tar.gz",17
"2022-03-15T15:42:45Z","quarto-0.9.101-checksums.txt",14
"2022-03-15T14:46:54Z","quarto-0.9.100-linux-amd64.tar.gz",6
"2022-03-15T14:46:54Z","quarto-0.9.100-linux-amd64.deb",8
"2022-03-15T14:46:54Z","quarto-0.9.100-win.msi",9
"2022-03-15T14:46:54Z","quarto-0.9.100-win.zip",5
"2022-03-15T14:46:54Z","quarto-0.9.100-macos.pkg",8
"2022-03-15T14:46:54Z","quarto-0.9.100-macos.tar.gz",8
"2022-03-15T14:46:54Z","quarto-0.9.100-checksums.txt",5
"2022-03-15T13:35:41Z","quarto-0.9.99-linux-amd64.tar.gz",10
"2022-03-15T13:35:41Z","quarto-0.9.99-linux-amd64.deb",9
"2022-03-15T13:35:41Z","quarto-0.9.99-win.msi",15
"2022-03-15T13:35:41Z","quarto-0.9.99-win.zip",9
"2022-03-15T13:35:41Z","quarto-0.9.99-macos.pkg",12
"2022-03-15T13:35:41Z","quarto-0.9.99-macos.tar.gz",10
"2022-03-15T13:35:41Z","quarto-0.9.99-checksums.txt",8
"2022-03-15T13:11:04Z","quarto-0.9.98-linux-amd64.tar.gz",7
"2022-03-15T13:11:04Z","quarto-0.9.98-linux-amd64.deb",6
"2022-03-15T13:11:04Z","quarto-0.9.98-win.msi",7
"2022-03-15T13:11:04Z","quarto-0.9.98-win.zip",6
"2022-03-15T13:11:04Z","quarto-0.9.98-macos.pkg",8
"2022-03-15T13:11:04Z","quarto-0.9.98-macos.tar.gz",9
"2022-03-15T13:11:04Z","quarto-0.9.98-checksums.txt",6
"2022-03-15T12:57:14Z","quarto-0.9.97-linux-amd64.tar.gz",6
"2022-03-15T12:57:14Z","quarto-0.9.97-linux-amd64.deb",5
"2022-03-15T12:57:14Z","quarto-0.9.97-win.msi",6
"2022-03-15T12:57:14Z","quarto-0.9.97-win.zip",7
"2022-03-15T12:57:14Z","quarto-0.9.97-macos.pkg",6
"2022-03-15T12:57:14Z","quarto-0.9.97-macos.tar.gz",7
"2022-03-15T12:57:14Z","quarto-0.9.97-checksums.txt",5
"2022-03-14T23:31:42Z","quarto-0.9.95-linux-amd64.tar.gz",58
"2022-03-14T23:31:42Z","quarto-0.9.95-linux-amd64.deb",133
"2022-03-14T23:31:42Z","quarto-0.9.95-win.msi",71
"2022-03-14T23:31:42Z","quarto-0.9.95-win.zip",58
"2022-03-14T23:31:42Z","quarto-0.9.95-macos.pkg",67
"2022-03-14T23:31:42Z","quarto-0.9.95-macos.tar.gz",56
"2022-03-14T23:31:42Z","quarto-0.9.95-checksums.txt",55
"2022-03-14T23:15:39Z","quarto-0.9.94-linux-amd64.tar.gz",5
"2022-03-14T23:15:39Z","quarto-0.9.94-linux-amd64.deb",5
"2022-03-14T23:15:39Z","quarto-0.9.94-win.msi",5
"2022-03-14T23:15:39Z","quarto-0.9.94-win.zip",5
"2022-03-14T23:15:39Z","quarto-0.9.94-macos.pkg",6
"2022-03-14T23:15:39Z","quarto-0.9.94-macos.tar.gz",7
"2022-03-14T23:15:39Z","quarto-0.9.94-checksums.txt",5
"2022-03-14T20:06:02Z","quarto-0.9.93-linux-amd64.tar.gz",12
"2022-03-14T20:06:02Z","quarto-0.9.93-linux-amd64.deb",20
"2022-03-14T20:06:02Z","quarto-0.9.93-win.msi",13
"2022-03-14T20:06:02Z","quarto-0.9.93-win.zip",12
"2022-03-14T20:06:02Z","quarto-0.9.93-macos.pkg",19
"2022-03-14T20:06:02Z","quarto-0.9.93-macos.tar.gz",13
"2022-03-14T20:06:02Z","quarto-0.9.93-checksums.txt",11
"2022-03-14T20:06:02Z","quarto-0.9.92-linux-amd64.tar.gz",10
"2022-03-14T20:06:02Z","quarto-0.9.92-linux-amd64.deb",11
"2022-03-14T20:06:02Z","quarto-0.9.92-win.msi",13
"2022-03-14T20:06:02Z","quarto-0.9.92-win.zip",12
"2022-03-14T20:06:02Z","quarto-0.9.92-macos.pkg",14
"2022-03-14T20:06:02Z","quarto-0.9.92-macos.tar.gz",13
"2022-03-14T20:06:02Z","quarto-0.9.92-checksums.txt",10
"2022-03-14T19:35:33Z","quarto-0.9.91-linux-amd64.tar.gz",6
"2022-03-14T19:35:33Z","quarto-0.9.91-linux-amd64.deb",34
"2022-03-14T19:35:33Z","quarto-0.9.91-win.msi",8
"2022-03-14T19:35:33Z","quarto-0.9.91-win.zip",6
"2022-03-14T19:35:33Z","quarto-0.9.91-macos.pkg",8
"2022-03-14T19:35:33Z","quarto-0.9.91-macos.tar.gz",9
"2022-03-14T19:35:33Z","quarto-0.9.91-checksums.txt",7
"2022-03-14T17:42:29Z","quarto-0.9.90-linux-amd64.tar.gz",12
"2022-03-14T17:42:29Z","quarto-0.9.90-linux-amd64.deb",34
"2022-03-14T17:42:29Z","quarto-0.9.90-win.msi",13
"2022-03-14T17:42:29Z","quarto-0.9.90-win.zip",13
"2022-03-14T17:42:29Z","quarto-0.9.90-macos.pkg",50
"2022-03-14T17:42:29Z","quarto-0.9.90-macos.tar.gz",13
"2022-03-14T17:42:29Z","quarto-0.9.90-checksums.txt",11
"2022-03-14T01:17:38Z","quarto-0.9.88-linux-amd64.tar.gz",69
"2022-03-14T01:17:38Z","quarto-0.9.88-linux-amd64.deb",160
"2022-03-14T01:17:38Z","quarto-0.9.88-win.msi",81
"2022-03-14T01:17:38Z","quarto-0.9.88-win.zip",72
"2022-03-14T01:17:38Z","quarto-0.9.88-macos.pkg",106
"2022-03-14T01:17:38Z","quarto-0.9.88-macos.tar.gz",70
"2022-03-14T01:17:38Z","quarto-0.9.88-checksums.txt",68
"2022-03-13T18:45:15Z","quarto-0.9.87-linux-amd64.tar.gz",28
"2022-03-13T18:45:15Z","quarto-0.9.87-linux-amd64.deb",65
"2022-03-13T18:45:15Z","quarto-0.9.87-win.msi",33
"2022-03-13T18:45:15Z","quarto-0.9.87-win.zip",31
"2022-03-13T18:45:15Z","quarto-0.9.87-macos.pkg",43
"2022-03-13T18:45:15Z","quarto-0.9.87-macos.tar.gz",32
"2022-03-13T18:45:15Z","quarto-0.9.87-checksums.txt",28
"2022-03-13T14:47:57Z","quarto-0.9.86-linux-amd64.tar.gz",20
"2022-03-13T14:47:57Z","quarto-0.9.86-linux-amd64.deb",21
"2022-03-13T14:47:57Z","quarto-0.9.86-win.msi",21
"2022-03-13T14:47:57Z","quarto-0.9.86-win.zip",21
"2022-03-13T14:47:57Z","quarto-0.9.86-macos.pkg",26
"2022-03-13T14:47:57Z","quarto-0.9.86-macos.tar.gz",22
"2022-03-13T14:47:57Z","quarto-0.9.86-checksums.txt",19
"2022-03-11T15:51:40Z","quarto-0.9.83-linux-amd64.tar.gz",185
"2022-03-11T15:51:40Z","quarto-0.9.83-linux-amd64.deb",340
"2022-03-11T15:51:40Z","quarto-0.9.83-win.msi",219
"2022-03-11T15:51:40Z","quarto-0.9.83-win.zip",192
"2022-03-11T15:51:40Z","quarto-0.9.83-macos.pkg",273
"2022-03-11T15:51:40Z","quarto-0.9.83-macos.tar.gz",184
"2022-03-11T15:51:40Z","quarto-0.9.83-checksums.txt",186
"2022-03-11T13:59:25Z","quarto-0.9.82-linux-amd64.tar.gz",13
"2022-03-11T13:59:25Z","quarto-0.9.82-linux-amd64.deb",12
"2022-03-11T13:59:25Z","quarto-0.9.82-win.msi",22
"2022-03-11T13:59:25Z","quarto-0.9.82-win.zip",14
"2022-03-11T13:59:25Z","quarto-0.9.82-macos.pkg",16
"2022-03-11T13:59:25Z","quarto-0.9.82-macos.tar.gz",12
"2022-03-11T13:59:25Z","quarto-0.9.82-checksums.txt",12
"2022-03-10T18:48:40Z","quarto-0.9.80-linux-amd64.tar.gz",123
"2022-03-10T18:48:40Z","quarto-0.9.80-linux-amd64.deb",227
"2022-03-10T18:48:40Z","quarto-0.9.80-win.msi",86
"2022-03-10T18:48:40Z","quarto-0.9.80-win.zip",87
"2022-03-10T18:48:40Z","quarto-0.9.80-macos.pkg",90
"2022-03-10T18:48:40Z","quarto-0.9.80-macos.tar.gz",86
"2022-03-10T18:48:40Z","quarto-0.9.80-checksums.txt",77
"2022-03-10T17:01:18Z","quarto-0.9.79-linux-amd64.tar.gz",12
"2022-03-10T17:01:18Z","quarto-0.9.79-linux-amd64.deb",14
"2022-03-10T17:01:18Z","quarto-0.9.79-win.msi",13
"2022-03-10T17:01:18Z","quarto-0.9.79-win.zip",14
"2022-03-10T17:01:18Z","quarto-0.9.79-macos.pkg",16
"2022-03-10T17:01:18Z","quarto-0.9.79-macos.tar.gz",13
"2022-03-10T17:01:18Z","quarto-0.9.79-checksums.txt",12
"2022-03-10T16:44:03Z","quarto-0.9.78-linux-amd64.tar.gz",5
"2022-03-10T16:44:03Z","quarto-0.9.78-linux-amd64.deb",6
"2022-03-10T16:44:03Z","quarto-0.9.78-win.msi",5
"2022-03-10T16:44:03Z","quarto-0.9.78-win.zip",5
"2022-03-10T16:44:03Z","quarto-0.9.78-macos.pkg",6
"2022-03-10T16:44:03Z","quarto-0.9.78-macos.tar.gz",7
"2022-03-10T16:44:03Z","quarto-0.9.78-checksums.txt",6
"2022-03-09T15:33:55Z","quarto-0.9.76-linux-amd64.tar.gz",98
"2022-03-09T15:33:55Z","quarto-0.9.76-linux-amd64.deb",226
"2022-03-09T15:33:55Z","quarto-0.9.76-win.msi",125
"2022-03-09T15:33:55Z","quarto-0.9.76-win.zip",106
"2022-03-09T15:33:55Z","quarto-0.9.76-macos.pkg",193
"2022-03-09T15:33:55Z","quarto-0.9.76-macos.tar.gz",101
"2022-03-09T15:33:55Z","quarto-0.9.76-checksums.txt",98
"2022-03-08T19:42:07Z","quarto-0.9.74-linux-amd64.tar.gz",86
"2022-03-08T19:42:07Z","quarto-0.9.74-linux-amd64.deb",232
"2022-03-08T19:42:07Z","quarto-0.9.74-win.msi",104
"2022-03-08T19:42:07Z","quarto-0.9.74-win.zip",87
"2022-03-08T19:42:07Z","quarto-0.9.74-macos.pkg",131
"2022-03-08T19:42:07Z","quarto-0.9.74-macos.tar.gz",85
"2022-03-08T19:42:07Z","quarto-0.9.74-checksums.txt",83
"2022-03-06T15:02:51Z","quarto-0.9.71-linux-amd64.tar.gz",211
"2022-03-06T15:02:51Z","quarto-0.9.71-linux-amd64.deb",507
"2022-03-06T15:02:51Z","quarto-0.9.71-win.msi",250
"2022-03-06T15:02:51Z","quarto-0.9.71-win.zip",213
"2022-03-06T15:02:51Z","quarto-0.9.71-macos.pkg",289
"2022-03-06T15:02:51Z","quarto-0.9.71-macos.tar.gz",211
"2022-03-06T15:02:51Z","quarto-0.9.71-checksums.txt",210
"2022-03-06T14:13:51Z","quarto-0.9.70-linux-amd64.tar.gz",8
"2022-03-06T14:13:51Z","quarto-0.9.70-linux-amd64.deb",7
"2022-03-06T14:13:51Z","quarto-0.9.70-win.msi",8
"2022-03-06T14:13:51Z","quarto-0.9.70-win.zip",7
"2022-03-06T14:13:51Z","quarto-0.9.70-macos.pkg",10
"2022-03-06T14:13:51Z","quarto-0.9.70-macos.tar.gz",10
"2022-03-06T14:13:51Z","quarto-0.9.70-checksums.txt",7
"2022-03-06T14:10:43Z","quarto-0.9.69-checksums.txt",5
"2022-03-06T14:10:43Z","quarto-0.9.69-linux-amd64.deb",5
"2022-03-06T14:10:43Z","quarto-0.9.69-linux-amd64.tar.gz",6
"2022-03-06T14:10:43Z","quarto-0.9.69-macos.pkg",6
"2022-03-06T14:10:43Z","quarto-0.9.69-macos.tar.gz",7
"2022-03-06T14:10:43Z","quarto-0.9.69-win.msi",5
"2022-03-06T14:10:43Z","quarto-0.9.69-win.zip",6
"2022-03-06T13:20:46Z","quarto-0.9.68-checksums.txt",9
"2022-03-06T13:20:46Z","quarto-0.9.68-linux-amd64.deb",7
"2022-03-06T13:20:46Z","quarto-0.9.68-linux-amd64.tar.gz",7
"2022-03-06T13:20:46Z","quarto-0.9.68-macos.pkg",10
"2022-03-06T13:20:46Z","quarto-0.9.68-macos.tar.gz",10
"2022-03-06T13:20:46Z","quarto-0.9.68-win.msi",9
"2022-03-06T13:20:46Z","quarto-0.9.68-win.zip",7
"2022-03-06T13:00:40Z","quarto-0.9.67-checksums.txt",5
"2022-03-06T13:00:40Z","quarto-0.9.67-linux-amd64.deb",6
"2022-03-06T13:00:40Z","quarto-0.9.67-linux-amd64.tar.gz",7
"2022-03-06T13:00:40Z","quarto-0.9.67-macos.pkg",7
"2022-03-06T13:00:40Z","quarto-0.9.67-macos.tar.gz",7
"2022-03-06T13:00:40Z","quarto-0.9.67-win.msi",5
"2022-03-06T13:00:40Z","quarto-0.9.67-win.zip",5
"2022-03-04T22:39:45Z","quarto-0.9.64-checksums.txt",153
"2022-03-04T22:39:45Z","quarto-0.9.64-linux-amd64.deb",184
"2022-03-04T22:39:45Z","quarto-0.9.64-linux-amd64.tar.gz",152
"2022-03-04T22:39:45Z","quarto-0.9.64-macos.pkg",170
"2022-03-04T22:39:45Z","quarto-0.9.64-macos.tar.gz",153
"2022-03-04T22:39:45Z","quarto-0.9.64-win.msi",161
"2022-03-04T22:39:45Z","quarto-0.9.64-win.zip",154
"2022-03-04T16:36:06Z","quarto-0.9.62-checksums.txt",26
"2022-03-04T16:36:06Z","quarto-0.9.62-linux-amd64.deb",131
"2022-03-04T16:36:06Z","quarto-0.9.62-linux-amd64.tar.gz",26
"2022-03-04T16:36:06Z","quarto-0.9.62-macos.pkg",38
"2022-03-04T16:36:06Z","quarto-0.9.62-macos.tar.gz",29
"2022-03-04T16:36:06Z","quarto-0.9.62-win.msi",31
"2022-03-04T16:36:06Z","quarto-0.9.62-win.zip",27
"2022-03-03T21:04:24Z","quarto-0.9.61-checksums.txt",12
"2022-03-03T21:04:24Z","quarto-0.9.61-linux-amd64.deb",17
"2022-03-03T21:04:24Z","quarto-0.9.61-linux-amd64.tar.gz",15
"2022-03-03T21:04:24Z","quarto-0.9.61-macos.pkg",18
"2022-03-03T21:04:24Z","quarto-0.9.61-macos.tar.gz",17
"2022-03-03T21:04:24Z","quarto-0.9.61-win.msi",16
"2022-03-03T21:04:24Z","quarto-0.9.61-win.zip",16
"2022-03-02T17:22:33Z","quarto-0.9.58-checksums.txt",182
"2022-03-02T17:22:33Z","quarto-0.9.58-linux-amd64.deb",358
"2022-03-02T17:22:33Z","quarto-0.9.58-linux-amd64.tar.gz",181
"2022-03-02T17:22:33Z","quarto-0.9.58-macos.pkg",201
"2022-03-02T17:22:33Z","quarto-0.9.58-macos.tar.gz",181
"2022-03-02T17:22:33Z","quarto-0.9.58-win.msi",204
"2022-03-02T17:22:33Z","quarto-0.9.58-win.zip",182
"2022-03-02T16:22:05Z","quarto-0.9.57-checksums.txt",8
"2022-03-02T16:22:05Z","quarto-0.9.57-linux-amd64.deb",9
"2022-03-02T16:22:05Z","quarto-0.9.57-linux-amd64.tar.gz",9
"2022-03-02T16:22:05Z","quarto-0.9.57-macos.pkg",9
"2022-03-02T16:22:05Z","quarto-0.9.57-macos.tar.gz",15
"2022-03-02T16:22:05Z","quarto-0.9.57-win.msi",9
"2022-03-02T16:22:05Z","quarto-0.9.57-win.zip",10
"2022-03-02T11:32:44Z","quarto-0.9.56-checksums.txt",23
"2022-03-02T11:32:44Z","quarto-0.9.56-linux-amd64.deb",101
"2022-03-02T11:32:44Z","quarto-0.9.56-linux-amd64.tar.gz",27
"2022-03-02T11:32:44Z","quarto-0.9.56-macos.pkg",30
"2022-03-02T11:32:44Z","quarto-0.9.56-macos.tar.gz",26
"2022-03-02T11:32:44Z","quarto-0.9.56-win.msi",31
"2022-03-02T11:32:44Z","quarto-0.9.56-win.zip",25
"2022-03-01T16:58:40Z","quarto-0.9.54-checksums.txt",74
"2022-03-01T16:58:40Z","quarto-0.9.54-linux-amd64.deb",174
"2022-03-01T16:58:40Z","quarto-0.9.54-linux-amd64.tar.gz",77
"2022-03-01T16:58:40Z","quarto-0.9.54-macos.pkg",124
"2022-03-01T16:58:40Z","quarto-0.9.54-macos.tar.gz",78
"2022-03-01T16:58:40Z","quarto-0.9.54-win.msi",86
"2022-03-01T16:58:40Z","quarto-0.9.54-win.zip",81
"2022-03-01T12:33:21Z","quarto-0.9.53-checksums.txt",15
"2022-03-01T12:33:21Z","quarto-0.9.53-linux-amd64.deb",16
"2022-03-01T12:33:21Z","quarto-0.9.53-linux-amd64.tar.gz",15
"2022-03-01T12:33:21Z","quarto-0.9.53-macos.pkg",18
"2022-03-01T12:33:21Z","quarto-0.9.53-macos.tar.gz",18
"2022-03-01T12:33:21Z","quarto-0.9.53-win.msi",19
"2022-03-01T12:33:21Z","quarto-0.9.53-win.zip",16
"2022-02-28T22:53:56Z","quarto-0.9.51-checksums.txt",61
"2022-02-28T22:53:56Z","quarto-0.9.51-linux-amd64.deb",134
"2022-02-28T22:53:56Z","quarto-0.9.51-linux-amd64.tar.gz",63
"2022-02-28T22:53:56Z","quarto-0.9.51-macos.pkg",75
"2022-02-28T22:53:56Z","quarto-0.9.51-macos.tar.gz",63
"2022-02-28T22:53:56Z","quarto-0.9.51-win.msi",72
"2022-02-28T22:53:56Z","quarto-0.9.51-win.zip",65
"2022-02-28T20:09:46Z","quarto-0.9.50-checksums.txt",15
"2022-02-28T20:09:46Z","quarto-0.9.50-linux-amd64.deb",18
"2022-02-28T20:09:46Z","quarto-0.9.50-linux-amd64.tar.gz",15
"2022-02-28T20:09:46Z","quarto-0.9.50-macos.pkg",16
"2022-02-28T20:09:46Z","quarto-0.9.50-macos.tar.gz",18
"2022-02-28T20:09:46Z","quarto-0.9.50-win.msi",17
"2022-02-28T20:09:46Z","quarto-0.9.50-win.zip",19
"2022-02-28T18:12:01Z","quarto-0.9.49-checksums.txt",9
"2022-02-28T18:12:01Z","quarto-0.9.49-linux-amd64.deb",33
"2022-02-28T18:12:01Z","quarto-0.9.49-linux-amd64.tar.gz",9
"2022-02-28T18:12:01Z","quarto-0.9.49-macos.pkg",12
"2022-02-28T18:12:01Z","quarto-0.9.49-macos.tar.gz",9
"2022-02-28T18:12:01Z","quarto-0.9.49-win.msi",10
"2022-02-28T18:12:01Z","quarto-0.9.49-win.zip",9
"2022-02-28T15:45:00Z","quarto-0.9.48-checksums.txt",17
"2022-02-28T15:45:00Z","quarto-0.9.48-linux-amd64.deb",24
"2022-02-28T15:45:00Z","quarto-0.9.48-linux-amd64.tar.gz",18
"2022-02-28T15:45:00Z","quarto-0.9.48-macos.pkg",23
"2022-02-28T15:45:00Z","quarto-0.9.48-macos.tar.gz",20
"2022-02-28T15:45:00Z","quarto-0.9.48-win.msi",20
"2022-02-28T15:45:00Z","quarto-0.9.48-win.zip",18
"2022-02-27T15:13:55Z","quarto-0.9.46-checksums.txt",91
"2022-02-27T15:13:55Z","quarto-0.9.46-linux-amd64.deb",198
"2022-02-27T15:13:55Z","quarto-0.9.46-linux-amd64.tar.gz",92
"2022-02-27T15:13:55Z","quarto-0.9.46-macos.pkg",101
"2022-02-27T15:13:55Z","quarto-0.9.46-macos.tar.gz",92
"2022-02-27T15:13:55Z","quarto-0.9.46-win.msi",101
"2022-02-27T15:13:55Z","quarto-0.9.46-win.zip",92
"2022-02-25T16:32:14Z","quarto-0.9.43-checksums.txt",194
"2022-02-25T16:32:14Z","quarto-0.9.43-linux-amd64.deb",320
"2022-02-25T16:32:14Z","quarto-0.9.43-linux-amd64.tar.gz",193
"2022-02-25T16:32:14Z","quarto-0.9.43-macos.pkg",221
"2022-02-25T16:32:14Z","quarto-0.9.43-macos.tar.gz",195
"2022-02-25T16:32:14Z","quarto-0.9.43-win.msi",216
"2022-02-25T16:32:14Z","quarto-0.9.43-win.zip",194
"2022-02-24T16:41:01Z","quarto-0.9.41-checksums.txt",97
"2022-02-24T16:41:01Z","quarto-0.9.41-linux-amd64.deb",191
"2022-02-24T16:41:01Z","quarto-0.9.41-linux-amd64.tar.gz",99
"2022-02-24T16:41:01Z","quarto-0.9.41-macos.pkg",138
"2022-02-24T16:41:01Z","quarto-0.9.41-macos.tar.gz",99
"2022-02-24T16:41:01Z","quarto-0.9.41-win.msi",115
"2022-02-24T16:41:01Z","quarto-0.9.41-win.zip",101
"2022-02-23T20:02:05Z","quarto-0.9.39-checksums.txt",83
"2022-02-23T20:02:05Z","quarto-0.9.39-linux-amd64.deb",179
"2022-02-23T20:02:05Z","quarto-0.9.39-linux-amd64.tar.gz",84
"2022-02-23T20:02:05Z","quarto-0.9.39-macos.pkg",93
"2022-02-23T20:02:05Z","quarto-0.9.39-macos.tar.gz",85
"2022-02-23T20:02:05Z","quarto-0.9.39-win.msi",100
"2022-02-23T20:02:05Z","quarto-0.9.39-win.zip",87
"2022-02-23T15:46:46Z","quarto-0.9.38-checksums.txt",21
"2022-02-23T15:46:46Z","quarto-0.9.38-linux-amd64.deb",24
"2022-02-23T15:46:46Z","quarto-0.9.38-linux-amd64.tar.gz",21
"2022-02-23T15:46:46Z","quarto-0.9.38-macos.pkg",25
"2022-02-23T15:46:46Z","quarto-0.9.38-macos.tar.gz",22
"2022-02-23T15:46:46Z","quarto-0.9.38-win.msi",24
"2022-02-23T15:46:46Z","quarto-0.9.38-win.zip",21
"2022-02-23T14:21:51Z","quarto-0.9.37-checksums.txt",10
"2022-02-23T14:21:51Z","quarto-0.9.37-linux-amd64.deb",16
"2022-02-23T14:21:51Z","quarto-0.9.37-linux-amd64.tar.gz",30171
"2022-02-23T14:21:51Z","quarto-0.9.37-macos.pkg",12
"2022-02-23T14:21:51Z","quarto-0.9.37-macos.tar.gz",12
"2022-02-23T14:21:51Z","quarto-0.9.37-win.msi",12
"2022-02-23T14:21:51Z","quarto-0.9.37-win.zip",11
"2022-02-23T13:17:55Z","quarto-0.9.36-checksums.txt",9
"2022-02-23T13:17:55Z","quarto-0.9.36-linux-amd64.deb",9
"2022-02-23T13:17:55Z","quarto-0.9.36-linux-amd64.tar.gz",10
"2022-02-23T13:17:55Z","quarto-0.9.36-macos.pkg",12
"2022-02-23T13:17:55Z","quarto-0.9.36-macos.tar.gz",12
"2022-02-23T13:17:55Z","quarto-0.9.36-win.msi",14
"2022-02-23T13:17:55Z","quarto-0.9.36-win.zip",10
"2022-02-22T19:11:27Z","quarto-0.9.34-checksums.txt",72
"2022-02-22T19:11:27Z","quarto-0.9.34-linux-amd64.deb",181
"2022-02-22T19:11:27Z","quarto-0.9.34-linux-amd64.tar.gz",72
"2022-02-22T19:11:27Z","quarto-0.9.34-macos.pkg",85
"2022-02-22T19:11:27Z","quarto-0.9.34-macos.tar.gz",74
"2022-02-22T19:11:27Z","quarto-0.9.34-win.msi",76
"2022-02-22T19:11:27Z","quarto-0.9.34-win.zip",73
"2022-02-20T01:11:49Z","quarto-0.9.30-checksums.txt",263
"2022-02-20T01:11:49Z","quarto-0.9.30-linux-amd64.deb",473
"2022-02-20T01:11:49Z","quarto-0.9.30-linux-amd64.tar.gz",276
"2022-02-20T01:11:49Z","quarto-0.9.30-macos.pkg",317
"2022-02-20T01:11:49Z","quarto-0.9.30-macos.tar.gz",264
"2022-02-20T01:11:49Z","quarto-0.9.30-win.msi",281
"2022-02-20T01:11:49Z","quarto-0.9.30-win.zip",268
"2022-02-19T18:28:14Z","quarto-0.9.29-checksums.txt",19
"2022-02-19T18:28:14Z","quarto-0.9.29-linux-amd64.deb",25
"2022-02-19T18:28:14Z","quarto-0.9.29-linux-amd64.tar.gz",19
"2022-02-19T18:28:14Z","quarto-0.9.29-macos.pkg",22
"2022-02-19T18:28:14Z","quarto-0.9.29-macos.tar.gz",22
"2022-02-19T18:28:14Z","quarto-0.9.29-win.msi",20
"2022-02-19T18:28:14Z","quarto-0.9.29-win.zip",20
"2022-02-18T16:49:42Z","quarto-0.9.27-checksums.txt",115
"2022-02-18T16:49:42Z","quarto-0.9.27-linux-amd64.deb",217
"2022-02-18T16:49:42Z","quarto-0.9.27-linux-amd64.tar.gz",116
"2022-02-18T16:49:42Z","quarto-0.9.27-macos.pkg",128
"2022-02-18T16:49:42Z","quarto-0.9.27-macos.tar.gz",116
"2022-02-18T16:49:42Z","quarto-0.9.27-win.msi",121
"2022-02-18T16:49:42Z","quarto-0.9.27-win.zip",117
"2022-02-17T18:09:23Z","quarto-0.9.25-checksums.txt",64
"2022-02-17T18:09:23Z","quarto-0.9.25-linux-amd64.deb",146
"2022-02-17T18:09:23Z","quarto-0.9.25-linux-amd64.tar.gz",67
"2022-02-17T18:09:23Z","quarto-0.9.25-macos.pkg",74
"2022-02-17T18:09:23Z","quarto-0.9.25-macos.tar.gz",66
"2022-02-17T18:09:23Z","quarto-0.9.25-win.msi",78
"2022-02-17T18:09:23Z","quarto-0.9.25-win.zip",68
"2022-02-17T16:09:42Z","quarto-0.9.24-checksums.txt",41
"2022-02-17T16:09:42Z","quarto-0.9.24-linux-amd64.deb",91
"2022-02-17T16:09:42Z","quarto-0.9.24-linux-amd64.tar.gz",52
"2022-02-17T16:09:42Z","quarto-0.9.24-macos.pkg",53
"2022-02-17T16:09:42Z","quarto-0.9.24-macos.tar.gz",42
"2022-02-17T16:09:42Z","quarto-0.9.24-win.msi",44
"2022-02-17T16:09:42Z","quarto-0.9.24-win.zip",41
"2022-02-17T14:24:37Z","quarto-0.9.23-checksums.txt",8
"2022-02-17T14:24:37Z","quarto-0.9.23-linux-amd64.deb",8
"2022-02-17T14:24:37Z","quarto-0.9.23-linux-amd64.tar.gz",8
"2022-02-17T14:24:37Z","quarto-0.9.23-macos.pkg",9
"2022-02-17T14:24:37Z","quarto-0.9.23-macos.tar.gz",11
"2022-02-17T14:24:37Z","quarto-0.9.23-win.msi",9
"2022-02-17T14:24:37Z","quarto-0.9.23-win.zip",8
"2022-02-16T15:53:38Z","quarto-0.9.21-checksums.txt",93
"2022-02-16T15:53:38Z","quarto-0.9.21-linux-amd64.deb",200
"2022-02-16T15:53:38Z","quarto-0.9.21-linux-amd64.tar.gz",94
"2022-02-16T15:53:38Z","quarto-0.9.21-macos.pkg",138
"2022-02-16T15:53:38Z","quarto-0.9.21-macos.tar.gz",96
"2022-02-16T15:53:38Z","quarto-0.9.21-win.msi",102
"2022-02-16T15:53:38Z","quarto-0.9.21-win.zip",94
"2022-02-15T21:28:31Z","quarto-0.9.19-checksums.txt",75
"2022-02-15T21:28:31Z","quarto-0.9.19-linux-amd64.deb",168
"2022-02-15T21:28:31Z","quarto-0.9.19-linux-amd64.tar.gz",78
"2022-02-15T21:28:31Z","quarto-0.9.19-macos.pkg",93
"2022-02-15T21:28:31Z","quarto-0.9.19-macos.tar.gz",77
"2022-02-15T21:28:31Z","quarto-0.9.19-win.msi",85
"2022-02-15T21:28:31Z","quarto-0.9.19-win.zip",79
"2022-02-14T23:42:37Z","quarto-0.9.17-checksums.txt",84
"2022-02-14T23:42:37Z","quarto-0.9.17-linux-amd64.deb",143
"2022-02-14T23:42:37Z","quarto-0.9.17-linux-amd64.tar.gz",86
"2022-02-14T23:42:37Z","quarto-0.9.17-macos.pkg",103
"2022-02-14T23:42:37Z","quarto-0.9.17-macos.tar.gz",84
"2022-02-14T23:42:37Z","quarto-0.9.17-win.msi",97
"2022-02-14T23:42:37Z","quarto-0.9.17-win.zip",83
"2022-02-14T16:55:00Z","quarto-0.9.16-checksums.txt",30
"2022-02-14T16:55:00Z","quarto-0.9.16-linux-amd64.deb",48
"2022-02-14T16:55:00Z","quarto-0.9.16-linux-amd64.tar.gz",70
"2022-02-14T16:55:00Z","quarto-0.9.16-macos.pkg",36
"2022-02-14T16:55:00Z","quarto-0.9.16-macos.tar.gz",38
"2022-02-14T16:55:00Z","quarto-0.9.16-win.msi",33
"2022-02-14T16:55:00Z","quarto-0.9.16-win.zip",34
"2022-02-14T14:13:56Z","quarto-0.9.15-checksums.txt",17
"2022-02-14T14:13:56Z","quarto-0.9.15-linux-amd64.deb",18
"2022-02-14T14:13:56Z","quarto-0.9.15-linux-amd64.tar.gz",20
"2022-02-14T14:13:56Z","quarto-0.9.15-macos.pkg",20
"2022-02-14T14:13:56Z","quarto-0.9.15-macos.tar.gz",20
"2022-02-14T14:13:56Z","quarto-0.9.15-win.msi",18
"2022-02-14T14:13:56Z","quarto-0.9.15-win.zip",18
"2022-02-13T20:57:02Z","quarto-0.9.13-checksums.txt",72
"2022-02-13T20:57:02Z","quarto-0.9.13-linux-amd64.deb",100
"2022-02-13T20:57:02Z","quarto-0.9.13-linux-amd64.tar.gz",72
"2022-02-13T20:57:02Z","quarto-0.9.13-macos.pkg",82
"2022-02-13T20:57:02Z","quarto-0.9.13-macos.tar.gz",72
"2022-02-13T20:57:02Z","quarto-0.9.13-win.msi",78
"2022-02-13T20:57:02Z","quarto-0.9.13-win.zip",73
"2022-02-12T16:33:32Z","quarto-0.9.12-checksums.txt",19
"2022-02-12T16:33:32Z","quarto-0.9.12-linux-amd64.deb",36
"2022-02-12T16:33:32Z","quarto-0.9.12-linux-amd64.tar.gz",19
"2022-02-12T16:33:32Z","quarto-0.9.12-macos.pkg",24
"2022-02-12T16:33:32Z","quarto-0.9.12-macos.tar.gz",22
"2022-02-12T16:33:32Z","quarto-0.9.12-win.msi",21
"2022-02-12T16:33:32Z","quarto-0.9.12-win.zip",20
"2022-02-12T16:33:32Z","quarto-0.9.11-checksums.txt",5
"2022-02-12T16:33:32Z","quarto-0.9.11-linux-amd64.deb",5
"2022-02-12T16:33:32Z","quarto-0.9.11-linux-amd64.tar.gz",6
"2022-02-12T16:33:32Z","quarto-0.9.11-macos.pkg",7
"2022-02-12T16:33:32Z","quarto-0.9.11-macos.tar.gz",7
"2022-02-12T16:33:32Z","quarto-0.9.11-win.msi",5
"2022-02-12T16:33:32Z","quarto-0.9.11-win.zip",5
"2022-02-12T14:33:20Z","quarto-0.9.9-checksums.txt",108
"2022-02-12T14:33:20Z","quarto-0.9.9-linux-amd64.deb",158
"2022-02-12T14:33:20Z","quarto-0.9.9-linux-amd64.tar.gz",108
"2022-02-12T14:33:20Z","quarto-0.9.9-macos.pkg",118
"2022-02-12T14:33:20Z","quarto-0.9.9-macos.tar.gz",109
"2022-02-12T14:33:20Z","quarto-0.9.9-win.msi",116
"2022-02-12T14:33:20Z","quarto-0.9.9-win.zip",108
"2022-02-11T16:52:21Z","quarto-0.9.7-checksums.txt",83
"2022-02-11T16:52:21Z","quarto-0.9.7-linux-amd64.deb",122
"2022-02-11T16:52:21Z","quarto-0.9.7-linux-amd64.tar.gz",83
"2022-02-11T16:52:21Z","quarto-0.9.7-macos.pkg",91
"2022-02-11T16:52:21Z","quarto-0.9.7-macos.tar.gz",86
"2022-02-11T16:52:21Z","quarto-0.9.7-win.msi",90
"2022-02-11T16:52:21Z","quarto-0.9.7-win.zip",85
"2022-02-11T16:38:37Z","quarto-0.9.6-checksums.txt",10
"2022-02-11T16:38:37Z","quarto-0.9.6-linux-amd64.deb",13
"2022-02-11T16:38:37Z","quarto-0.9.6-linux-amd64.tar.gz",12
"2022-02-11T16:38:37Z","quarto-0.9.6-macos.pkg",11
"2022-02-11T16:38:37Z","quarto-0.9.6-macos.tar.gz",13
"2022-02-11T16:38:37Z","quarto-0.9.6-win.msi",11
"2022-02-11T16:38:37Z","quarto-0.9.6-win.zip",11
"2022-02-10T23:25:29Z","quarto-0.9.4-checksums.txt",67
"2022-02-10T23:25:29Z","quarto-0.9.4-linux-amd64.deb",410
"2022-02-10T23:25:29Z","quarto-0.9.4-linux-amd64.tar.gz",67
"2022-02-10T23:25:29Z","quarto-0.9.4-macos.pkg",119
"2022-02-10T23:25:29Z","quarto-0.9.4-macos.tar.gz",68
"2022-02-10T23:25:29Z","quarto-0.9.4-win.msi",90
"2022-02-10T23:25:29Z","quarto-0.9.4-win.zip",67
"2022-02-10T20:57:15Z","quarto-0.9.3-checksums.txt",14
"2022-02-10T20:57:15Z","quarto-0.9.3-linux-amd64.deb",16
"2022-02-10T20:57:15Z","quarto-0.9.3-linux-amd64.tar.gz",15
"2022-02-10T20:57:15Z","quarto-0.9.3-macos.pkg",20
"2022-02-10T20:57:15Z","quarto-0.9.3-macos.tar.gz",17
"2022-02-10T20:57:15Z","quarto-0.9.3-win.msi",14
"2022-02-10T20:57:15Z","quarto-0.9.3-win.zip",16
"2022-02-10T03:11:26Z","quarto-0.3.119-checksums.txt",73
"2022-02-10T03:11:26Z","quarto-0.3.119-linux-amd64.deb",140
"2022-02-10T03:11:26Z","quarto-0.3.119-linux-amd64.tar.gz",78
"2022-02-10T03:11:26Z","quarto-0.3.119-macos.pkg",92
"2022-02-10T03:11:26Z","quarto-0.3.119-macos.tar.gz",76
"2022-02-10T03:11:26Z","quarto-0.3.119-win.msi",87
"2022-02-10T03:11:26Z","quarto-0.3.119-win.zip",76
"2022-02-09T20:25:07Z","quarto-0.3.118-checksums.txt",23
"2022-02-09T20:25:07Z","quarto-0.3.118-linux-amd64.deb",44
"2022-02-09T20:25:07Z","quarto-0.3.118-linux-amd64.tar.gz",25
"2022-02-09T20:25:07Z","quarto-0.3.118-macos.pkg",54
"2022-02-09T20:25:07Z","quarto-0.3.118-macos.tar.gz",26
"2022-02-09T20:25:07Z","quarto-0.3.118-win.msi",33
"2022-02-09T20:25:07Z","quarto-0.3.118-win.zip",27
"2022-02-08T22:55:53Z","quarto-0.3.116-checksums.txt",88
"2022-02-08T22:55:53Z","quarto-0.3.116-linux-amd64.deb",245
"2022-02-08T22:55:53Z","quarto-0.3.116-linux-amd64.tar.gz",89
"2022-02-08T22:55:53Z","quarto-0.3.116-macos.pkg",102
"2022-02-08T22:55:53Z","quarto-0.3.116-macos.tar.gz",90
"2022-02-08T22:55:53Z","quarto-0.3.116-win.msi",103
"2022-02-08T22:55:53Z","quarto-0.3.116-win.zip",90
"2022-02-08T01:27:31Z","quarto-0.3.114-checksums.txt",90
"2022-02-08T01:27:31Z","quarto-0.3.114-linux-amd64.deb",169
"2022-02-08T01:27:31Z","quarto-0.3.114-linux-amd64.tar.gz",96
"2022-02-08T01:27:31Z","quarto-0.3.114-macos.pkg",112
"2022-02-08T01:27:31Z","quarto-0.3.114-macos.tar.gz",95
"2022-02-08T01:27:31Z","quarto-0.3.114-win.msi",101
"2022-02-08T01:27:31Z","quarto-0.3.114-win.zip",98
"2022-02-08T01:15:49Z","quarto-0.3.113-checksums.txt",4
"2022-02-08T01:15:49Z","quarto-0.3.113-linux-amd64.deb",5
"2022-02-08T01:15:49Z","quarto-0.3.113-linux-amd64.tar.gz",5
"2022-02-08T01:15:49Z","quarto-0.3.113-macos.pkg",6
"2022-02-08T01:15:49Z","quarto-0.3.113-macos.tar.gz",7
"2022-02-08T01:15:49Z","quarto-0.3.113-win.msi",4
"2022-02-08T01:15:49Z","quarto-0.3.113-win.zip",2
"2022-02-08T00:05:09Z","quarto-0.3.112-checksums.txt",7
"2022-02-08T00:05:09Z","quarto-0.3.112-linux-amd64.deb",8
"2022-02-08T00:05:09Z","quarto-0.3.112-linux-amd64.tar.gz",8
"2022-02-08T00:05:09Z","quarto-0.3.112-macos.pkg",11
"2022-02-08T00:05:09Z","quarto-0.3.112-macos.tar.gz",10
"2022-02-08T00:05:09Z","quarto-0.3.112-win.msi",8
"2022-02-08T00:05:09Z","quarto-0.3.112-win.zip",9
"2022-02-07T23:44:50Z","quarto-0.3.111-checksums.txt",5
"2022-02-07T23:44:50Z","quarto-0.3.111-linux-amd64.deb",6
"2022-02-07T23:44:50Z","quarto-0.3.111-linux-amd64.tar.gz",7
"2022-02-07T23:44:50Z","quarto-0.3.111-macos.pkg",13
"2022-02-07T23:44:50Z","quarto-0.3.111-macos.tar.gz",7
"2022-02-07T23:44:50Z","quarto-0.3.111-win.msi",6
"2022-02-07T23:44:50Z","quarto-0.3.111-win.zip",5
"2022-02-07T23:34:56Z","quarto-0.3.110-checksums.txt",5
"2022-02-07T23:34:56Z","quarto-0.3.110-linux-amd64.deb",5
"2022-02-07T23:34:56Z","quarto-0.3.110-linux-amd64.tar.gz",6
"2022-02-07T23:34:56Z","quarto-0.3.110-macos.pkg",7
"2022-02-07T23:34:56Z","quarto-0.3.110-macos.tar.gz",7
"2022-02-07T23:34:56Z","quarto-0.3.110-win.msi",5
"2022-02-07T23:34:56Z","quarto-0.3.110-win.zip",5
"2022-02-07T21:11:19Z","quarto-0.3.109-checksums.txt",6
"2022-02-07T21:11:19Z","quarto-0.3.109-linux-amd64.deb",7
"2022-02-07T21:11:19Z","quarto-0.3.109-linux-amd64.tar.gz",7
"2022-02-07T21:11:19Z","quarto-0.3.109-macos.pkg",9
"2022-02-07T21:11:19Z","quarto-0.3.109-macos.tar.gz",8
"2022-02-07T21:11:19Z","quarto-0.3.109-win.msi",6
"2022-02-07T21:11:19Z","quarto-0.3.109-win.zip",6
"2022-02-07T13:45:46Z","quarto-0.3.107-checksums.txt",41
"2022-02-07T13:45:46Z","quarto-0.3.107-linux-amd64.deb",59
"2022-02-07T13:45:46Z","quarto-0.3.107-linux-amd64.tar.gz",42
"2022-02-07T13:45:46Z","quarto-0.3.107-macos.pkg",76
"2022-02-07T13:45:46Z","quarto-0.3.107-macos.tar.gz",43
"2022-02-07T13:45:46Z","quarto-0.3.107-win.msi",43
"2022-02-07T13:45:46Z","quarto-0.3.107-win.zip",44
"2022-02-07T02:06:46Z","quarto-0.3.105-checksums.txt",51
"2022-02-07T02:06:46Z","quarto-0.3.105-linux-amd64.deb",83
"2022-02-07T02:06:46Z","quarto-0.3.105-linux-amd64.tar.gz",53
"2022-02-07T02:06:46Z","quarto-0.3.105-macos.pkg",53
"2022-02-07T02:06:46Z","quarto-0.3.105-macos.tar.gz",52
"2022-02-07T02:06:46Z","quarto-0.3.105-win.msi",57
"2022-02-07T02:06:46Z","quarto-0.3.105-win.zip",55
"2022-02-06T21:07:04Z","quarto-0.3.104-checksums.txt",21
"2022-02-06T21:07:04Z","quarto-0.3.104-linux-amd64.deb",26
"2022-02-06T21:07:04Z","quarto-0.3.104-linux-amd64.tar.gz",22
"2022-02-06T21:07:04Z","quarto-0.3.104-macos.pkg",23
"2022-02-06T21:07:04Z","quarto-0.3.104-macos.tar.gz",23
"2022-02-06T21:07:04Z","quarto-0.3.104-win.msi",22
"2022-02-06T21:07:04Z","quarto-0.3.104-win.zip",24
"2022-02-06T15:19:01Z","quarto-0.3.103-checksums.txt",18
"2022-02-06T15:19:01Z","quarto-0.3.103-linux-amd64.deb",27
"2022-02-06T15:19:01Z","quarto-0.3.103-linux-amd64.tar.gz",20
"2022-02-06T15:19:01Z","quarto-0.3.103-macos.pkg",21
"2022-02-06T15:19:01Z","quarto-0.3.103-macos.tar.gz",20
"2022-02-06T15:19:01Z","quarto-0.3.103-win.msi",19
"2022-02-06T15:19:01Z","quarto-0.3.103-win.zip",21
"2022-02-06T12:54:58Z","quarto-0.3.102-checksums.txt",24
"2022-02-06T12:54:58Z","quarto-0.3.102-linux-amd64.deb",24
"2022-02-06T12:54:58Z","quarto-0.3.102-linux-amd64.tar.gz",25
"2022-02-06T12:54:58Z","quarto-0.3.102-macos.pkg",34
"2022-02-06T12:54:58Z","quarto-0.3.102-macos.tar.gz",25
"2022-02-06T12:54:58Z","quarto-0.3.102-win.msi",24
"2022-02-06T12:54:58Z","quarto-0.3.102-win.zip",24
"2022-02-06T11:09:18Z","quarto-0.3.101-checksums.txt",11
"2022-02-06T11:09:18Z","quarto-0.3.101-linux-amd64.deb",23
"2022-02-06T11:09:18Z","quarto-0.3.101-linux-amd64.tar.gz",9
"2022-02-06T11:09:18Z","quarto-0.3.101-macos.pkg",13
"2022-02-06T11:09:18Z","quarto-0.3.101-macos.tar.gz",13
"2022-02-06T11:09:18Z","quarto-0.3.101-win.msi",10
"2022-02-06T11:09:18Z","quarto-0.3.101-win.zip",12
"2022-02-06T00:57:08Z","quarto-0.3.99-checksums.txt",46
"2022-02-06T00:57:08Z","quarto-0.3.99-linux-amd64.deb",70
"2022-02-06T00:57:08Z","quarto-0.3.99-linux-amd64.tar.gz",44
"2022-02-06T00:57:08Z","quarto-0.3.99-macos.pkg",47
"2022-02-06T00:57:08Z","quarto-0.3.99-macos.tar.gz",47
"2022-02-06T00:57:08Z","quarto-0.3.99-win.msi",46
"2022-02-06T00:57:08Z","quarto-0.3.99-win.zip",48
"2022-02-05T18:38:53Z","quarto-0.3.98-checksums.txt",27
"2022-02-05T18:38:53Z","quarto-0.3.98-linux-amd64.deb",47
"2022-02-05T18:38:53Z","quarto-0.3.98-linux-amd64.tar.gz",27
"2022-02-05T18:38:53Z","quarto-0.3.98-macos.pkg",29
"2022-02-05T18:38:53Z","quarto-0.3.98-macos.tar.gz",29
"2022-02-05T18:38:53Z","quarto-0.3.98-win.msi",28
"2022-02-05T18:38:53Z","quarto-0.3.98-win.zip",27
"2022-02-05T15:35:09Z","quarto-0.3.97-checksums.txt",17
"2022-02-05T15:35:09Z","quarto-0.3.97-linux-amd64.deb",20
"2022-02-05T15:35:09Z","quarto-0.3.97-linux-amd64.tar.gz",18
"2022-02-05T15:35:09Z","quarto-0.3.97-macos.pkg",19
"2022-02-05T15:35:09Z","quarto-0.3.97-macos.tar.gz",20
"2022-02-05T15:35:09Z","quarto-0.3.97-win.msi",18
"2022-02-05T15:35:09Z","quarto-0.3.97-win.zip",18
"2022-02-05T13:29:36Z","quarto-0.3.96-checksums.txt",12
"2022-02-05T13:29:36Z","quarto-0.3.96-linux-amd64.deb",14
"2022-02-05T13:29:36Z","quarto-0.3.96-linux-amd64.tar.gz",15
"2022-02-05T13:29:36Z","quarto-0.3.96-macos.pkg",15
"2022-02-05T13:29:36Z","quarto-0.3.96-macos.tar.gz",15
"2022-02-05T13:29:36Z","quarto-0.3.96-win.msi",13
"2022-02-05T13:29:36Z","quarto-0.3.96-win.zip",16
"2022-02-05T01:35:40Z","quarto-0.3.94-checksums.txt",49
"2022-02-05T01:35:40Z","quarto-0.3.94-linux-amd64.deb",72
"2022-02-05T01:35:40Z","quarto-0.3.94-linux-amd64.tar.gz",49
"2022-02-05T01:35:40Z","quarto-0.3.94-macos.pkg",50
"2022-02-05T01:35:40Z","quarto-0.3.94-macos.tar.gz",49
"2022-02-05T01:35:40Z","quarto-0.3.94-win.msi",57
"2022-02-05T01:35:40Z","quarto-0.3.94-win.zip",50
"2022-02-04T17:43:20Z","quarto-0.3.93-checksums.txt",34
"2022-02-04T17:43:20Z","quarto-0.3.93-linux-amd64.deb",54
"2022-02-04T17:43:20Z","quarto-0.3.93-linux-amd64.tar.gz",35
"2022-02-04T17:43:20Z","quarto-0.3.93-macos.pkg",39
"2022-02-04T17:43:20Z","quarto-0.3.93-macos.tar.gz",37
"2022-02-04T17:43:20Z","quarto-0.3.93-win.msi",37
"2022-02-04T17:43:20Z","quarto-0.3.93-win.zip",35
"2022-02-04T15:52:53Z","quarto-0.3.92-checksums.txt",16
"2022-02-04T15:52:53Z","quarto-0.3.92-linux-amd64.deb",37
"2022-02-04T15:52:53Z","quarto-0.3.92-linux-amd64.tar.gz",17
"2022-02-04T15:52:53Z","quarto-0.3.92-macos.pkg",26
"2022-02-04T15:52:53Z","quarto-0.3.92-macos.tar.gz",18
"2022-02-04T15:52:53Z","quarto-0.3.92-win.msi",18
"2022-02-04T15:52:53Z","quarto-0.3.92-win.zip",18
"2022-02-04T15:07:40Z","quarto-0.3.91-checksums.txt",7
"2022-02-04T15:07:40Z","quarto-0.3.91-linux-amd64.deb",7
"2022-02-04T15:07:40Z","quarto-0.3.91-linux-amd64.tar.gz",8
"2022-02-04T15:07:40Z","quarto-0.3.91-macos.pkg",8
"2022-02-04T15:07:40Z","quarto-0.3.91-macos.tar.gz",10
"2022-02-04T15:07:40Z","quarto-0.3.91-win.msi",7
"2022-02-04T15:07:40Z","quarto-0.3.91-win.zip",7
"2022-02-04T12:10:10Z","quarto-0.3.90-checksums.txt",18
"2022-02-04T12:10:10Z","quarto-0.3.90-linux-amd64.deb",55
"2022-02-04T12:10:10Z","quarto-0.3.90-linux-amd64.tar.gz",19
"2022-02-04T12:10:10Z","quarto-0.3.90-macos.pkg",24
"2022-02-04T12:10:10Z","quarto-0.3.90-macos.tar.gz",19
"2022-02-04T12:10:10Z","quarto-0.3.90-win.msi",18
"2022-02-04T12:10:10Z","quarto-0.3.90-win.zip",18
"2022-02-04T02:08:48Z","quarto-0.3.88-checksums.txt",43
"2022-02-04T02:08:48Z","quarto-0.3.88-linux-amd64.deb",70
"2022-02-04T02:08:48Z","quarto-0.3.88-linux-amd64.tar.gz",44
"2022-02-04T02:08:48Z","quarto-0.3.88-macos.pkg",51
"2022-02-04T02:08:48Z","quarto-0.3.88-macos.tar.gz",45
"2022-02-04T02:08:48Z","quarto-0.3.88-win.msi",47
"2022-02-04T02:08:48Z","quarto-0.3.88-win.zip",45
"2022-02-03T22:35:46Z","quarto-0.3.87-checksums.txt",11
"2022-02-03T22:35:46Z","quarto-0.3.87-linux-amd64.deb",15
"2022-02-03T22:35:46Z","quarto-0.3.87-linux-amd64.tar.gz",13
"2022-02-03T22:35:46Z","quarto-0.3.87-macos.pkg",13
"2022-02-03T22:35:46Z","quarto-0.3.87-macos.tar.gz",13
"2022-02-03T22:35:46Z","quarto-0.3.87-win.msi",12
"2022-02-03T22:35:46Z","quarto-0.3.87-win.zip",13
"2022-02-03T19:07:00Z","quarto-0.3.86-checksums.txt",14
"2022-02-03T19:07:00Z","quarto-0.3.86-linux-amd64.deb",41
"2022-02-03T19:07:00Z","quarto-0.3.86-linux-amd64.tar.gz",15
"2022-02-03T19:07:00Z","quarto-0.3.86-macos.pkg",19
"2022-02-03T19:07:00Z","quarto-0.3.86-macos.tar.gz",17
"2022-02-03T19:07:00Z","quarto-0.3.86-win.msi",14
"2022-02-03T19:07:00Z","quarto-0.3.86-win.zip",16
"2022-02-03T15:28:15Z","quarto-0.3.85-checksums.txt",27
"2022-02-03T15:28:15Z","quarto-0.3.85-linux-amd64.deb",61
"2022-02-03T15:28:15Z","quarto-0.3.85-linux-amd64.tar.gz",34
"2022-02-03T15:28:15Z","quarto-0.3.85-macos.pkg",32
"2022-02-03T15:28:15Z","quarto-0.3.85-macos.tar.gz",33
"2022-02-03T15:28:15Z","quarto-0.3.85-win.msi",30
"2022-02-03T15:28:15Z","quarto-0.3.85-win.zip",29
"2022-02-03T15:17:12Z","quarto-0.3.84-checksums.txt",6
"2022-02-03T15:17:12Z","quarto-0.3.84-linux-amd64.deb",6
"2022-02-03T15:17:12Z","quarto-0.3.84-linux-amd64.tar.gz",6
"2022-02-03T15:17:12Z","quarto-0.3.84-macos.pkg",7
"2022-02-03T15:17:12Z","quarto-0.3.84-macos.tar.gz",7
"2022-02-03T15:17:12Z","quarto-0.3.84-win.msi",5
"2022-02-03T15:17:12Z","quarto-0.3.84-win.zip",5
"2022-02-03T13:04:06Z","quarto-0.3.83-checksums.txt",13
"2022-02-03T13:04:06Z","quarto-0.3.83-linux-amd64.deb",13
"2022-02-03T13:04:06Z","quarto-0.3.83-linux-amd64.tar.gz",15
"2022-02-03T13:04:06Z","quarto-0.3.83-macos.pkg",20
"2022-02-03T13:04:06Z","quarto-0.3.83-macos.tar.gz",15
"2022-02-03T13:04:06Z","quarto-0.3.83-win.msi",14
"2022-02-03T13:04:06Z","quarto-0.3.83-win.zip",14
"2022-02-02T23:24:12Z","quarto-0.3.81-checksums.txt",57
"2022-02-02T23:24:12Z","quarto-0.3.81-linux-amd64.deb",116
"2022-02-02T23:24:12Z","quarto-0.3.81-linux-amd64.tar.gz",57
"2022-02-02T23:24:12Z","quarto-0.3.81-macos.pkg",63
"2022-02-02T23:24:12Z","quarto-0.3.81-macos.tar.gz",59
"2022-02-02T23:24:12Z","quarto-0.3.81-win.msi",62
"2022-02-02T23:24:12Z","quarto-0.3.81-win.zip",60
"2022-02-02T21:44:36Z","quarto-0.3.80-checksums.txt",7
"2022-02-02T21:44:36Z","quarto-0.3.80-linux-amd64.deb",7
"2022-02-02T21:44:36Z","quarto-0.3.80-linux-amd64.tar.gz",8
"2022-02-02T21:44:36Z","quarto-0.3.80-macos.pkg",7
"2022-02-02T21:44:36Z","quarto-0.3.80-macos.tar.gz",9
"2022-02-02T21:44:36Z","quarto-0.3.80-win.msi",6
"2022-02-02T21:44:36Z","quarto-0.3.80-win.zip",7
"2022-02-02T14:42:12Z","quarto-0.3.79-checksums.txt",37
"2022-02-02T14:42:12Z","quarto-0.3.79-linux-amd64.deb",373
"2022-02-02T14:42:12Z","quarto-0.3.79-linux-amd64.tar.gz",37
"2022-02-02T14:42:12Z","quarto-0.3.79-macos.pkg",76
"2022-02-02T14:42:12Z","quarto-0.3.79-macos.tar.gz",38
"2022-02-02T14:42:12Z","quarto-0.3.79-win.msi",40
"2022-02-02T14:42:12Z","quarto-0.3.79-win.zip",38
"2022-02-01T20:15:30Z","quarto-0.3.76-checksums.txt",73
"2022-02-01T20:15:30Z","quarto-0.3.76-linux-amd64.deb",115
"2022-02-01T20:15:30Z","quarto-0.3.76-linux-amd64.tar.gz",75
"2022-02-01T20:15:30Z","quarto-0.3.76-macos.pkg",85
"2022-02-01T20:15:30Z","quarto-0.3.76-macos.tar.gz",76
"2022-02-01T20:15:30Z","quarto-0.3.76-win.msi",84
"2022-02-01T20:15:30Z","quarto-0.3.76-win.zip",76
"2022-02-01T01:26:53Z","quarto-0.3.74-checksums.txt",83
"2022-02-01T01:26:53Z","quarto-0.3.74-linux-amd64.deb",146
"2022-02-01T01:26:53Z","quarto-0.3.74-linux-amd64.tar.gz",86
"2022-02-01T01:26:53Z","quarto-0.3.74-macos.pkg",94
"2022-02-01T01:26:53Z","quarto-0.3.74-macos.tar.gz",86
"2022-02-01T01:26:53Z","quarto-0.3.74-win.msi",90
"2022-02-01T01:26:53Z","quarto-0.3.74-win.zip",86
"2022-01-31T12:00:02Z","quarto-0.3.73-checksums.txt",56
"2022-01-31T12:00:02Z","quarto-0.3.73-linux-amd64.deb",105
"2022-01-31T12:00:02Z","quarto-0.3.73-linux-amd64.tar.gz",57
"2022-01-31T12:00:02Z","quarto-0.3.73-macos.pkg",85
"2022-01-31T12:00:02Z","quarto-0.3.73-macos.tar.gz",59
"2022-01-31T12:00:02Z","quarto-0.3.73-win.msi",65
"2022-01-31T12:00:02Z","quarto-0.3.73-win.zip",69
"2022-01-30T20:21:09Z","quarto-0.3.71-checksums.txt",65
"2022-01-30T20:21:09Z","quarto-0.3.71-linux-amd64.deb",432
"2022-01-30T20:21:09Z","quarto-0.3.71-linux-amd64.tar.gz",66
"2022-01-30T20:21:09Z","quarto-0.3.71-macos.pkg",110
"2022-01-30T20:21:09Z","quarto-0.3.71-macos.tar.gz",68
"2022-01-30T20:21:09Z","quarto-0.3.71-win.msi",71
"2022-01-30T20:21:09Z","quarto-0.3.71-win.zip",81
"2022-01-29T16:52:50Z","quarto-0.3.69-checksums.txt",111
"2022-01-29T16:52:50Z","quarto-0.3.69-linux-amd64.deb",262
"2022-01-29T16:52:50Z","quarto-0.3.69-linux-amd64.tar.gz",113
"2022-01-29T16:52:50Z","quarto-0.3.69-macos.pkg",119
"2022-01-29T16:52:50Z","quarto-0.3.69-macos.tar.gz",113
"2022-01-29T16:52:50Z","quarto-0.3.69-win.msi",115
"2022-01-29T16:52:50Z","quarto-0.3.69-win.zip",113
"2022-01-29T15:31:02Z","quarto-0.3.68-checksums.txt",9
"2022-01-29T15:31:02Z","quarto-0.3.68-linux-amd64.deb",9
"2022-01-29T15:31:02Z","quarto-0.3.68-linux-amd64.tar.gz",10
"2022-01-29T15:31:02Z","quarto-0.3.68-macos.pkg",11
"2022-01-29T15:31:02Z","quarto-0.3.68-macos.tar.gz",12
"2022-01-29T15:31:02Z","quarto-0.3.68-win.msi",10
"2022-01-29T15:31:02Z","quarto-0.3.68-win.zip",9
"2022-01-29T14:57:38Z","quarto-0.3.67-checksums.txt",6
"2022-01-29T14:57:38Z","quarto-0.3.67-linux-amd64.deb",6
"2022-01-29T14:57:38Z","quarto-0.3.67-linux-amd64.tar.gz",7
"2022-01-29T14:57:38Z","quarto-0.3.67-macos.pkg",9
"2022-01-29T14:57:38Z","quarto-0.3.67-macos.tar.gz",10
"2022-01-29T14:57:38Z","quarto-0.3.67-win.msi",5
"2022-01-29T14:57:38Z","quarto-0.3.67-win.zip",5
"2022-01-29T12:52:50Z","quarto-0.3.66-checksums.txt",13
"2022-01-29T12:52:50Z","quarto-0.3.66-linux-amd64.deb",16
"2022-01-29T12:52:50Z","quarto-0.3.66-linux-amd64.tar.gz",14
"2022-01-29T12:52:50Z","quarto-0.3.66-macos.pkg",16
"2022-01-29T12:52:50Z","quarto-0.3.66-macos.tar.gz",15
"2022-01-29T12:52:50Z","quarto-0.3.66-win.msi",14
"2022-01-29T12:52:50Z","quarto-0.3.66-win.zip",13
"2022-01-29T12:18:52Z","quarto-0.3.65-checksums.txt",7
"2022-01-29T12:18:52Z","quarto-0.3.65-linux-amd64.deb",7
"2022-01-29T12:18:52Z","quarto-0.3.65-linux-amd64.tar.gz",8
"2022-01-29T12:18:52Z","quarto-0.3.65-macos.pkg",9
"2022-01-29T12:18:52Z","quarto-0.3.65-macos.tar.gz",9
"2022-01-29T12:18:52Z","quarto-0.3.65-win.msi",9
"2022-01-29T12:18:52Z","quarto-0.3.65-win.zip",8
"2022-01-28T19:42:17Z","quarto-0.3.63-checksums.txt",68
"2022-01-28T19:42:17Z","quarto-0.3.63-linux-amd64.deb",135
"2022-01-28T19:42:17Z","quarto-0.3.63-linux-amd64.tar.gz",71
"2022-01-28T19:42:17Z","quarto-0.3.63-macos.pkg",73
"2022-01-28T19:42:17Z","quarto-0.3.63-macos.tar.gz",72
"2022-01-28T19:42:17Z","quarto-0.3.63-win.msi",75
"2022-01-28T19:42:17Z","quarto-0.3.63-win.zip",70
"2022-01-28T12:43:50Z","quarto-0.3.62-checksums.txt",32
"2022-01-28T12:43:50Z","quarto-0.3.62-linux-amd64.deb",39
"2022-01-28T12:43:50Z","quarto-0.3.62-linux-amd64.tar.gz",34
"2022-01-28T12:43:50Z","quarto-0.3.62-macos.pkg",55
"2022-01-28T12:43:50Z","quarto-0.3.62-macos.tar.gz",35
"2022-01-28T12:43:50Z","quarto-0.3.62-win.msi",42
"2022-01-28T12:43:50Z","quarto-0.3.62-win.zip",34
"2022-01-27T19:08:53Z","quarto-0.3.60-checksums.txt",73
"2022-01-27T19:08:53Z","quarto-0.3.60-linux-amd64.deb",128
"2022-01-27T19:08:53Z","quarto-0.3.60-linux-amd64.tar.gz",85
"2022-01-27T19:08:53Z","quarto-0.3.60-macos.pkg",81
"2022-01-27T19:08:53Z","quarto-0.3.60-macos.tar.gz",75
"2022-01-27T19:08:53Z","quarto-0.3.60-win.msi",80
"2022-01-27T19:08:53Z","quarto-0.3.60-win.zip",74
"2022-01-27T16:44:23Z","quarto-0.3.59-checksums.txt",12
"2022-01-27T16:44:23Z","quarto-0.3.59-linux-amd64.deb",16
"2022-01-27T16:44:23Z","quarto-0.3.59-linux-amd64.tar.gz",20
"2022-01-27T16:44:23Z","quarto-0.3.59-macos.pkg",17
"2022-01-27T16:44:23Z","quarto-0.3.59-macos.tar.gz",16
"2022-01-27T16:44:23Z","quarto-0.3.59-win.msi",16
"2022-01-27T16:44:23Z","quarto-0.3.59-win.zip",15
"2022-01-27T16:37:18Z","quarto-0.3.58-checksums.txt",4
"2022-01-27T16:37:18Z","quarto-0.3.58-linux-amd64.deb",5
"2022-01-27T16:37:18Z","quarto-0.3.58-linux-amd64.tar.gz",5
"2022-01-27T16:37:18Z","quarto-0.3.58-macos.pkg",7
"2022-01-27T16:37:18Z","quarto-0.3.58-macos.tar.gz",6
"2022-01-27T16:37:18Z","quarto-0.3.58-win.msi",4
"2022-01-27T16:37:18Z","quarto-0.3.58-win.zip",4
"2022-01-27T13:46:42Z","quarto-0.3.56-checksums.txt",16
"2022-01-27T13:46:42Z","quarto-0.3.56-linux-amd64.deb",19
"2022-01-27T13:46:42Z","quarto-0.3.56-linux-amd64.tar.gz",16
"2022-01-27T13:46:42Z","quarto-0.3.56-macos.pkg",16
"2022-01-27T13:46:42Z","quarto-0.3.56-macos.tar.gz",17
"2022-01-27T13:46:42Z","quarto-0.3.56-win.msi",19
"2022-01-27T13:46:42Z","quarto-0.3.56-win.zip",15
"2022-01-27T13:11:50Z","quarto-0.3.55-checksums.txt",7
"2022-01-27T13:11:50Z","quarto-0.3.55-linux-amd64.deb",7
"2022-01-27T13:11:50Z","quarto-0.3.55-linux-amd64.tar.gz",8
"2022-01-27T13:11:50Z","quarto-0.3.55-macos.pkg",12
"2022-01-27T13:11:50Z","quarto-0.3.55-macos.tar.gz",10
"2022-01-27T13:11:50Z","quarto-0.3.55-win.msi",9
"2022-01-27T13:11:50Z","quarto-0.3.55-win.zip",7
"2022-01-26T21:40:58Z","quarto-0.3.53-checksums.txt",63
"2022-01-26T21:40:58Z","quarto-0.3.53-linux-amd64.deb",116
"2022-01-26T21:40:58Z","quarto-0.3.53-linux-amd64.tar.gz",64
"2022-01-26T21:40:58Z","quarto-0.3.53-macos.pkg",68
"2022-01-26T21:40:58Z","quarto-0.3.53-macos.tar.gz",65
"2022-01-26T21:40:58Z","quarto-0.3.53-win.msi",72
"2022-01-26T21:40:58Z","quarto-0.3.53-win.zip",63
"2022-01-26T20:05:04Z","quarto-0.3.52-checksums.txt",11
"2022-01-26T20:05:04Z","quarto-0.3.52-linux-amd64.deb",30
"2022-01-26T20:05:04Z","quarto-0.3.52-linux-amd64.tar.gz",13
"2022-01-26T20:05:04Z","quarto-0.3.52-macos.pkg",13
"2022-01-26T20:05:04Z","quarto-0.3.52-macos.tar.gz",14
"2022-01-26T20:05:04Z","quarto-0.3.52-win.msi",14
"2022-01-26T20:05:04Z","quarto-0.3.52-win.zip",12
"2022-01-26T14:15:37Z","quarto-0.3.50-checksums.txt",27
"2022-01-26T14:15:37Z","quarto-0.3.50-linux-amd64.deb",32
"2022-01-26T14:15:37Z","quarto-0.3.50-linux-amd64.tar.gz",28
"2022-01-26T14:15:37Z","quarto-0.3.50-macos.pkg",38
"2022-01-26T14:15:37Z","quarto-0.3.50-macos.tar.gz",30
"2022-01-26T14:15:37Z","quarto-0.3.50-win.msi",32
"2022-01-26T14:15:37Z","quarto-0.3.50-win.zip",28
"2022-01-25T22:55:02Z","quarto-0.3.48-checksums.txt",60
"2022-01-25T22:55:02Z","quarto-0.3.48-linux-amd64.deb",99
"2022-01-25T22:55:02Z","quarto-0.3.48-linux-amd64.tar.gz",62
"2022-01-25T22:55:02Z","quarto-0.3.48-macos.pkg",73
"2022-01-25T22:55:02Z","quarto-0.3.48-macos.tar.gz",64
"2022-01-25T22:55:02Z","quarto-0.3.48-win.msi",76
"2022-01-25T22:55:02Z","quarto-0.3.48-win.zip",60
"2022-01-25T22:25:03Z","quarto-0.3.47-checksums.txt",9
"2022-01-25T22:25:03Z","quarto-0.3.47-linux-amd64.deb",10
"2022-01-25T22:25:03Z","quarto-0.3.47-linux-amd64.tar.gz",10
"2022-01-25T22:25:03Z","quarto-0.3.47-macos.pkg",11
"2022-01-25T22:25:03Z","quarto-0.3.47-macos.tar.gz",13
"2022-01-25T22:25:03Z","quarto-0.3.47-win.msi",10
"2022-01-25T22:25:03Z","quarto-0.3.47-win.zip",9
"2022-01-25T20:48:03Z","quarto-0.3.46-checksums.txt",11
"2022-01-25T20:48:03Z","quarto-0.3.46-linux-amd64.deb",10
"2022-01-25T20:48:03Z","quarto-0.3.46-linux-amd64.tar.gz",11
"2022-01-25T20:48:03Z","quarto-0.3.46-macos.pkg",14
"2022-01-25T20:48:03Z","quarto-0.3.46-macos.tar.gz",13
"2022-01-25T20:48:03Z","quarto-0.3.46-win.msi",13
"2022-01-25T20:48:03Z","quarto-0.3.46-win.zip",10
"2022-01-25T17:37:40Z","quarto-0.3.45-checksums.txt",14
"2022-01-25T17:37:40Z","quarto-0.3.45-linux-amd64.deb",38
"2022-01-25T17:37:40Z","quarto-0.3.45-linux-amd64.tar.gz",18
"2022-01-25T17:37:40Z","quarto-0.3.45-macos.pkg",23
"2022-01-25T17:37:40Z","quarto-0.3.45-macos.tar.gz",18
"2022-01-25T17:37:40Z","quarto-0.3.45-win.msi",20
"2022-01-25T17:37:40Z","quarto-0.3.45-win.zip",16
"2022-01-25T00:16:21Z","quarto-0.3.43-checksums.txt",69
"2022-01-25T00:16:21Z","quarto-0.3.43-linux-amd64.deb",110
"2022-01-25T00:16:21Z","quarto-0.3.43-linux-amd64.tar.gz",73
"2022-01-25T00:16:21Z","quarto-0.3.43-macos.pkg",120
"2022-01-25T00:16:21Z","quarto-0.3.43-macos.tar.gz",73
"2022-01-25T00:16:21Z","quarto-0.3.43-win.msi",83
"2022-01-25T00:16:21Z","quarto-0.3.43-win.zip",70
"2022-01-24T16:32:21Z","quarto-0.3.42-checksums.txt",37
"2022-01-24T16:32:21Z","quarto-0.3.42-linux-amd64.deb",60
"2022-01-24T16:32:21Z","quarto-0.3.42-linux-amd64.tar.gz",44
"2022-01-24T16:32:21Z","quarto-0.3.42-macos.pkg",58
"2022-01-24T16:32:21Z","quarto-0.3.42-macos.tar.gz",40
"2022-01-24T16:32:21Z","quarto-0.3.42-win.msi",42
"2022-01-24T16:32:21Z","quarto-0.3.42-win.zip",38
"2022-01-24T15:37:17Z","quarto-0.3.41-checksums.txt",5
"2022-01-24T15:37:17Z","quarto-0.3.41-linux-amd64.deb",14
"2022-01-24T15:37:17Z","quarto-0.3.41-linux-amd64.tar.gz",6
"2022-01-24T15:37:17Z","quarto-0.3.41-macos.pkg",13
"2022-01-24T15:37:17Z","quarto-0.3.41-macos.tar.gz",7
"2022-01-24T15:37:17Z","quarto-0.3.41-win.msi",6
"2022-01-24T15:37:17Z","quarto-0.3.41-win.zip",5
"2022-01-24T14:04:00Z","quarto-0.3.40-checksums.txt",12
"2022-01-24T14:04:00Z","quarto-0.3.40-linux-amd64.deb",13
"2022-01-24T14:04:00Z","quarto-0.3.40-linux-amd64.tar.gz",13
"2022-01-24T14:04:00Z","quarto-0.3.40-macos.pkg",15
"2022-01-24T14:04:00Z","quarto-0.3.40-macos.tar.gz",13
"2022-01-24T14:04:00Z","quarto-0.3.40-win.msi",16
"2022-01-24T14:04:00Z","quarto-0.3.40-win.zip",10
"2022-01-24T13:03:46Z","quarto-0.3.39-checksums.txt",8
"2022-01-24T13:03:46Z","quarto-0.3.39-linux-amd64.deb",13
"2022-01-24T13:03:46Z","quarto-0.3.39-linux-amd64.tar.gz",9
"2022-01-24T13:03:46Z","quarto-0.3.39-macos.pkg",10
"2022-01-24T13:03:46Z","quarto-0.3.39-macos.tar.gz",11
"2022-01-24T13:03:46Z","quarto-0.3.39-win.msi",10
"2022-01-24T13:03:46Z","quarto-0.3.39-win.zip",8
"2022-01-24T00:54:33Z","quarto-0.3.37-checksums.txt",49
"2022-01-24T00:54:33Z","quarto-0.3.37-linux-amd64.deb",119
"2022-01-24T00:54:33Z","quarto-0.3.37-linux-amd64.tar.gz",52
"2022-01-24T00:54:33Z","quarto-0.3.37-macos.pkg",68
"2022-01-24T00:54:33Z","quarto-0.3.37-macos.tar.gz",51
"2022-01-24T00:54:33Z","quarto-0.3.37-win.msi",72
"2022-01-24T00:54:33Z","quarto-0.3.37-win.zip",53
"2022-01-21T15:06:53Z","quarto-0.3.34-checksums.txt",230
"2022-01-21T15:06:53Z","quarto-0.3.34-linux-amd64.deb",332
"2022-01-21T15:06:53Z","quarto-0.3.34-linux-amd64.tar.gz",237
"2022-01-21T15:06:53Z","quarto-0.3.34-macos.pkg",287
"2022-01-21T15:06:53Z","quarto-0.3.34-macos.tar.gz",232
"2022-01-21T15:06:53Z","quarto-0.3.34-win.msi",262
"2022-01-21T15:06:53Z","quarto-0.3.34-win.zip",232
"2022-01-20T18:51:39Z","quarto-0.3.32-checksums.txt",82
"2022-01-20T18:51:39Z","quarto-0.3.32-linux-amd64.deb",204
"2022-01-20T18:51:39Z","quarto-0.3.32-linux-amd64.tar.gz",88
"2022-01-20T18:51:39Z","quarto-0.3.32-macos.pkg",95
"2022-01-20T18:51:39Z","quarto-0.3.32-macos.tar.gz",85
"2022-01-20T18:51:39Z","quarto-0.3.32-win.msi",91
"2022-01-20T18:51:39Z","quarto-0.3.32-win.zip",83
"2022-01-20T16:39:04Z","quarto-0.3.31-checksums.txt",13
"2022-01-20T16:39:04Z","quarto-0.3.31-linux-amd64.deb",21
"2022-01-20T16:39:04Z","quarto-0.3.31-linux-amd64.tar.gz",14
"2022-01-20T16:39:04Z","quarto-0.3.31-macos.pkg",20
"2022-01-20T16:39:04Z","quarto-0.3.31-macos.tar.gz",16
"2022-01-20T16:39:04Z","quarto-0.3.31-win.msi",16
"2022-01-20T16:39:04Z","quarto-0.3.31-win.zip",13
"2022-01-20T11:25:18Z","quarto-0.3.30-checksums.txt",25
"2022-01-20T11:25:18Z","quarto-0.3.30-linux-amd64.deb",47
"2022-01-20T11:25:18Z","quarto-0.3.30-linux-amd64.tar.gz",25
"2022-01-20T11:25:18Z","quarto-0.3.30-macos.pkg",27
"2022-01-20T11:25:18Z","quarto-0.3.30-macos.tar.gz",24
"2022-01-20T11:25:18Z","quarto-0.3.30-win.msi",26
"2022-01-20T11:25:18Z","quarto-0.3.30-win.zip",24
"2022-01-20T02:17:02Z","quarto-0.3.28-checksums.txt",43
"2022-01-20T02:17:02Z","quarto-0.3.28-linux-amd64.deb",72
"2022-01-20T02:17:02Z","quarto-0.3.28-linux-amd64.tar.gz",43
"2022-01-20T02:17:02Z","quarto-0.3.28-macos.pkg",45
"2022-01-20T02:17:02Z","quarto-0.3.28-macos.tar.gz",45
"2022-01-20T02:17:02Z","quarto-0.3.28-win.msi",46
"2022-01-20T02:17:02Z","quarto-0.3.28-win.zip",43
"2022-01-19T03:10:56Z","quarto-0.3.26-checksums.txt",93
"2022-01-19T03:10:56Z","quarto-0.3.26-linux-amd64.deb",614
"2022-01-19T03:10:56Z","quarto-0.3.26-linux-amd64.tar.gz",99
"2022-01-19T03:10:56Z","quarto-0.3.26-macos.pkg",104
"2022-01-19T03:10:56Z","quarto-0.3.26-macos.tar.gz",95
"2022-01-19T03:10:56Z","quarto-0.3.26-win.msi",102
"2022-01-19T03:10:56Z","quarto-0.3.26-win.zip",94
"2022-01-19T02:15:19Z","quarto-0.3.25-checksums.txt",9
"2022-01-19T02:15:19Z","quarto-0.3.25-linux-amd64.deb",10
"2022-01-19T02:15:19Z","quarto-0.3.25-linux-amd64.tar.gz",9
"2022-01-19T02:15:19Z","quarto-0.3.25-macos.pkg",10
"2022-01-19T02:15:19Z","quarto-0.3.25-macos.tar.gz",10
"2022-01-19T02:15:19Z","quarto-0.3.25-win.msi",9
"2022-01-19T02:15:19Z","quarto-0.3.25-win.zip",8
"2022-01-19T00:09:35Z","quarto-0.3.24-checksums.txt",9
"2022-01-19T00:09:35Z","quarto-0.3.24-linux-amd64.deb",11
"2022-01-19T00:09:35Z","quarto-0.3.24-linux-amd64.tar.gz",12
"2022-01-19T00:09:35Z","quarto-0.3.24-macos.pkg",12
"2022-01-19T00:09:35Z","quarto-0.3.24-macos.tar.gz",12
"2022-01-19T00:09:35Z","quarto-0.3.24-win.msi",11
"2022-01-19T00:09:35Z","quarto-0.3.24-win.zip",10
"2022-01-18T21:20:46Z","quarto-0.3.23-checksums.txt",15
"2022-01-18T21:20:46Z","quarto-0.3.23-linux-amd64.deb",21
"2022-01-18T21:20:46Z","quarto-0.3.23-linux-amd64.tar.gz",17
"2022-01-18T21:20:46Z","quarto-0.3.23-macos.pkg",17
"2022-01-18T21:20:46Z","quarto-0.3.23-macos.tar.gz",17
"2022-01-18T21:20:46Z","quarto-0.3.23-win.msi",16
"2022-01-18T21:20:46Z","quarto-0.3.23-win.zip",15
"2022-01-18T13:44:53Z","quarto-0.3.22-checksums.txt",35
"2022-01-18T13:44:53Z","quarto-0.3.22-linux-amd64.deb",57
"2022-01-18T13:44:53Z","quarto-0.3.22-linux-amd64.tar.gz",35
"2022-01-18T13:44:53Z","quarto-0.3.22-macos.pkg",42
"2022-01-18T13:44:53Z","quarto-0.3.22-macos.tar.gz",37
"2022-01-18T13:44:53Z","quarto-0.3.22-win.msi",38
"2022-01-18T13:44:53Z","quarto-0.3.22-win.zip",35
"2022-01-18T13:30:25Z","quarto-0.3.21-checksums.txt",2
"2022-01-18T13:30:25Z","quarto-0.3.21-linux-amd64.deb",2
"2022-01-18T13:30:25Z","quarto-0.3.21-linux-amd64.tar.gz",3
"2022-01-18T13:30:25Z","quarto-0.3.21-macos.pkg",4
"2022-01-18T13:30:25Z","quarto-0.3.21-macos.tar.gz",4
"2022-01-18T13:30:25Z","quarto-0.3.21-win.msi",2
"2022-01-18T13:30:25Z","quarto-0.3.21-win.zip",2
"2022-01-18T13:13:47Z","quarto-0.3.20-checksums.txt",6
"2022-01-18T13:13:47Z","quarto-0.3.20-linux-amd64.deb",7
"2022-01-18T13:13:47Z","quarto-0.3.20-linux-amd64.tar.gz",7
"2022-01-18T13:13:47Z","quarto-0.3.20-macos.pkg",11
"2022-01-18T13:13:47Z","quarto-0.3.20-macos.tar.gz",8
"2022-01-18T13:13:47Z","quarto-0.3.20-win.msi",6
"2022-01-18T13:13:47Z","quarto-0.3.20-win.zip",6
"2022-01-17T22:58:00Z","quarto-0.3.18-checksums.txt",57
"2022-01-17T22:58:00Z","quarto-0.3.18-linux-amd64.deb",160
"2022-01-17T22:58:00Z","quarto-0.3.18-linux-amd64.tar.gz",58
"2022-01-17T22:58:00Z","quarto-0.3.18-macos.pkg",66
"2022-01-17T22:58:00Z","quarto-0.3.18-macos.tar.gz",60
"2022-01-17T22:58:00Z","quarto-0.3.18-win.msi",70
"2022-01-17T22:58:00Z","quarto-0.3.18-win.zip",57
"2022-01-17T13:13:34Z","quarto-0.3.17-checksums.txt",44
"2022-01-17T13:13:34Z","quarto-0.3.17-linux-amd64.deb",71
"2022-01-17T13:13:34Z","quarto-0.3.17-linux-amd64.tar.gz",46
"2022-01-17T13:13:34Z","quarto-0.3.17-macos.pkg",48
"2022-01-17T13:13:34Z","quarto-0.3.17-macos.tar.gz",46
"2022-01-17T13:13:34Z","quarto-0.3.17-win.msi",50
"2022-01-17T13:13:34Z","quarto-0.3.17-win.zip",44
"2022-01-17T01:21:33Z","quarto-0.3.15-checksums.txt",50
"2022-01-17T01:21:33Z","quarto-0.3.15-linux-amd64.deb",86
"2022-01-17T01:21:33Z","quarto-0.3.15-linux-amd64.tar.gz",51
"2022-01-17T01:21:33Z","quarto-0.3.15-macos.pkg",55
"2022-01-17T01:21:33Z","quarto-0.3.15-macos.tar.gz",52
"2022-01-17T01:21:33Z","quarto-0.3.15-win.msi",56
"2022-01-17T01:21:33Z","quarto-0.3.15-win.zip",52
"2022-01-14T20:28:57Z","quarto-0.3.12-checksums.txt",205
"2022-01-14T20:28:57Z","quarto-0.3.12-linux-amd64.deb",261
"2022-01-14T20:28:57Z","quarto-0.3.12-linux-amd64.tar.gz",205
"2022-01-14T20:28:57Z","quarto-0.3.12-macos.pkg",217
"2022-01-14T20:28:57Z","quarto-0.3.12-macos.tar.gz",208
"2022-01-14T20:28:57Z","quarto-0.3.12-win.msi",210
"2022-01-14T20:28:57Z","quarto-0.3.12-win.zip",207
"2022-01-14T01:55:10Z","quarto-0.3.9-checksums.txt",75
"2022-01-14T01:55:10Z","quarto-0.3.9-linux-amd64.deb",128
"2022-01-14T01:55:10Z","quarto-0.3.9-linux-amd64.tar.gz",77
"2022-01-14T01:55:10Z","quarto-0.3.9-macos.pkg",85
"2022-01-14T01:55:10Z","quarto-0.3.9-macos.tar.gz",78
"2022-01-14T01:55:10Z","quarto-0.3.9-win.msi",82
"2022-01-14T01:55:10Z","quarto-0.3.9-win.zip",75
"2022-01-14T00:59:44Z","quarto-0.2.486-checksums.txt",4
"2022-01-14T00:59:44Z","quarto-0.2.486-linux-amd64.deb",5
"2022-01-14T00:59:44Z","quarto-0.2.486-linux-amd64.tar.gz",5
"2022-01-14T00:59:44Z","quarto-0.2.486-macos.pkg",7
"2022-01-14T00:59:44Z","quarto-0.2.486-macos.tar.gz",9
"2022-01-14T00:59:44Z","quarto-0.2.486-win.msi",4
"2022-01-14T00:59:44Z","quarto-0.2.486-win.zip",4
"2022-01-13T14:31:25Z","quarto-0.3.8-checksums.txt",43
"2022-01-13T14:31:25Z","quarto-0.3.8-linux-amd64.deb",66
"2022-01-13T14:31:25Z","quarto-0.3.8-linux-amd64.tar.gz",45
"2022-01-13T14:31:25Z","quarto-0.3.8-macos.pkg",49
"2022-01-13T14:31:25Z","quarto-0.3.8-macos.tar.gz",46
"2022-01-13T14:31:25Z","quarto-0.3.8-win.msi",48
"2022-01-13T14:31:25Z","quarto-0.3.8-win.zip",43
"2022-01-13T02:39:19Z","quarto-0.2.476-checksums.txt",52
"2022-01-13T02:39:19Z","quarto-0.2.476-linux-amd64.deb",102
"2022-01-13T02:39:19Z","quarto-0.2.476-linux-amd64.tar.gz",68
"2022-01-13T02:39:19Z","quarto-0.2.476-macos.pkg",55
"2022-01-13T02:39:19Z","quarto-0.2.476-macos.tar.gz",59
"2022-01-13T02:39:19Z","quarto-0.2.476-win.msi",56
"2022-01-13T02:39:19Z","quarto-0.2.476-win.zip",55
"2022-01-13T00:44:31Z","quarto-0.2.475-checksums.txt",6
"2022-01-13T00:44:31Z","quarto-0.2.475-linux-amd64.deb",11
"2022-01-13T00:44:31Z","quarto-0.2.475-linux-amd64.tar.gz",7
"2022-01-13T00:44:31Z","quarto-0.2.475-macos.pkg",8
"2022-01-13T00:44:31Z","quarto-0.2.475-macos.tar.gz",8
"2022-01-13T00:44:31Z","quarto-0.2.475-win.msi",7
"2022-01-13T00:44:31Z","quarto-0.2.475-win.zip",6
"2022-01-12T17:21:51Z","quarto-0.2.474-checksums.txt",31
"2022-01-12T17:21:51Z","quarto-0.2.474-linux-amd64.deb",38
"2022-01-12T17:21:51Z","quarto-0.2.474-linux-amd64.tar.gz",6387
"2022-01-12T17:21:51Z","quarto-0.2.474-macos.pkg",37
"2022-01-12T17:21:51Z","quarto-0.2.474-macos.tar.gz",33
"2022-01-12T17:21:51Z","quarto-0.2.474-win.msi",33
"2022-01-12T17:21:51Z","quarto-0.2.474-win.zip",32
"2022-01-11T19:34:38Z","quarto-0.2.472-checksums.txt",88
"2022-01-11T19:34:38Z","quarto-0.2.472-linux-amd64.deb",149
"2022-01-11T19:34:38Z","quarto-0.2.472-linux-amd64.tar.gz",90
"2022-01-11T19:34:38Z","quarto-0.2.472-macos.pkg",96
"2022-01-11T19:34:38Z","quarto-0.2.472-macos.tar.gz",90
"2022-01-11T19:34:38Z","quarto-0.2.472-win.msi",89
"2022-01-11T19:34:38Z","quarto-0.2.472-win.zip",90
"2022-01-11T17:44:02Z","quarto-0.2.471-checksums.txt",11
"2022-01-11T17:44:02Z","quarto-0.2.471-linux-amd64.deb",18
"2022-01-11T17:44:02Z","quarto-0.2.471-linux-amd64.tar.gz",12
"2022-01-11T17:44:02Z","quarto-0.2.471-macos.pkg",14
"2022-01-11T17:44:02Z","quarto-0.2.471-macos.tar.gz",13
"2022-01-11T17:44:02Z","quarto-0.2.471-win.msi",12
"2022-01-11T17:44:02Z","quarto-0.2.471-win.zip",11
"2022-01-11T16:43:53Z","quarto-0.2.470-checksums.txt",9
"2022-01-11T16:43:53Z","quarto-0.2.470-linux-amd64.deb",9
"2022-01-11T16:43:53Z","quarto-0.2.470-linux-amd64.tar.gz",10
"2022-01-11T16:43:53Z","quarto-0.2.470-macos.pkg",11
"2022-01-11T16:43:53Z","quarto-0.2.470-macos.tar.gz",16
"2022-01-11T16:43:53Z","quarto-0.2.470-win.msi",9
"2022-01-11T16:43:53Z","quarto-0.2.470-win.zip",9
"2022-01-10T13:20:48Z","quarto-0.2.468-checksums.txt",110
"2022-01-10T13:20:48Z","quarto-0.2.468-linux-amd64.deb",221
"2022-01-10T13:20:48Z","quarto-0.2.468-linux-amd64.tar.gz",112
"2022-01-10T13:20:48Z","quarto-0.2.468-macos.pkg",124
"2022-01-10T13:20:48Z","quarto-0.2.468-macos.tar.gz",112
"2022-01-10T13:20:48Z","quarto-0.2.468-win.msi",121
"2022-01-10T13:20:48Z","quarto-0.2.468-win.zip",110
"2022-01-09T20:55:44Z","quarto-0.2.466-checksums.txt",67
"2022-01-09T20:55:44Z","quarto-0.2.466-linux-amd64.deb",103
"2022-01-09T20:55:44Z","quarto-0.2.466-linux-amd64.tar.gz",106
"2022-01-09T20:55:44Z","quarto-0.2.466-macos.pkg",73
"2022-01-09T20:55:44Z","quarto-0.2.466-macos.tar.gz",76
"2022-01-09T20:55:44Z","quarto-0.2.466-win.msi",75
"2022-01-09T20:55:44Z","quarto-0.2.466-win.zip",90
"2022-01-09T18:42:48Z","quarto-0.2.465-checksums.txt",13
"2022-01-09T18:42:48Z","quarto-0.2.465-linux-amd64.deb",27
"2022-01-09T18:42:48Z","quarto-0.2.465-linux-amd64.tar.gz",16
"2022-01-09T18:42:48Z","quarto-0.2.465-macos.pkg",18
"2022-01-09T18:42:48Z","quarto-0.2.465-macos.tar.gz",16
"2022-01-09T18:42:48Z","quarto-0.2.465-win.msi",14
"2022-01-09T18:42:48Z","quarto-0.2.465-win.zip",13
"2022-01-09T15:19:05Z","quarto-0.2.464-checksums.txt",17
"2022-01-09T15:19:05Z","quarto-0.2.464-linux-amd64.deb",17
"2022-01-09T15:19:05Z","quarto-0.2.464-linux-amd64.tar.gz",16
"2022-01-09T15:19:05Z","quarto-0.2.464-macos.pkg",19
"2022-01-09T15:19:05Z","quarto-0.2.464-macos.tar.gz",20
"2022-01-09T15:19:05Z","quarto-0.2.464-win.msi",19
"2022-01-09T15:19:05Z","quarto-0.2.464-win.zip",17
"2022-01-08T14:30:37Z","quarto-0.2.462-checksums.txt",99
"2022-01-08T14:30:37Z","quarto-0.2.462-linux-amd64.deb",145
"2022-01-08T14:30:37Z","quarto-0.2.462-linux-amd64.tar.gz",100
"2022-01-08T14:30:37Z","quarto-0.2.462-macos.pkg",109
"2022-01-08T14:30:37Z","quarto-0.2.462-macos.tar.gz",102
"2022-01-08T14:30:37Z","quarto-0.2.462-win.msi",105
"2022-01-08T14:30:37Z","quarto-0.2.462-win.zip",100
"2022-01-08T14:08:06Z","quarto-0.2.461-checksums.txt",6
"2022-01-08T14:08:06Z","quarto-0.2.461-linux-amd64.deb",6
"2022-01-08T14:08:06Z","quarto-0.2.461-linux-amd64.tar.gz",7
"2022-01-08T14:08:06Z","quarto-0.2.461-macos.pkg",9
"2022-01-08T14:08:06Z","quarto-0.2.461-macos.tar.gz",9
"2022-01-08T14:08:06Z","quarto-0.2.461-win.msi",6
"2022-01-08T14:08:06Z","quarto-0.2.461-win.zip",7
"2022-01-08T03:29:12Z","quarto-0.2.459-checksums.txt",47
"2022-01-08T03:29:12Z","quarto-0.2.459-linux-amd64.deb",77
"2022-01-08T03:29:12Z","quarto-0.2.459-linux-amd64.tar.gz",48
"2022-01-08T03:29:12Z","quarto-0.2.459-macos.pkg",51
"2022-01-08T03:29:12Z","quarto-0.2.459-macos.tar.gz",49
"2022-01-08T03:29:12Z","quarto-0.2.459-win.msi",49
"2022-01-08T03:29:12Z","quarto-0.2.459-win.zip",48
"2022-01-08T03:06:18Z","quarto-0.2.458-checksums.txt",4
"2022-01-08T03:06:18Z","quarto-0.2.458-linux-amd64.deb",7
"2022-01-08T03:06:18Z","quarto-0.2.458-linux-amd64.tar.gz",7
"2022-01-08T03:06:18Z","quarto-0.2.458-macos.pkg",10
"2022-01-08T03:06:18Z","quarto-0.2.458-macos.tar.gz",9
"2022-01-08T03:06:18Z","quarto-0.2.458-win.msi",6
"2022-01-08T03:06:18Z","quarto-0.2.458-win.zip",6
"2022-01-08T01:20:15Z","quarto-0.2.457-checksums.txt",10
"2022-01-08T01:20:15Z","quarto-0.2.457-linux-amd64.deb",13
"2022-01-08T01:20:15Z","quarto-0.2.457-linux-amd64.tar.gz",12
"2022-01-08T01:20:15Z","quarto-0.2.457-macos.pkg",12
"2022-01-08T01:20:15Z","quarto-0.2.457-macos.tar.gz",13
"2022-01-08T01:20:15Z","quarto-0.2.457-win.msi",12
"2022-01-08T01:20:15Z","quarto-0.2.457-win.zip",10
"2022-01-07T22:09:48Z","quarto-0.2.456-checksums.txt",13
"2022-01-07T22:09:48Z","quarto-0.2.456-linux-amd64.deb",15
"2022-01-07T22:09:48Z","quarto-0.2.456-linux-amd64.tar.gz",14
"2022-01-07T22:09:48Z","quarto-0.2.456-macos.pkg",14
"2022-01-07T22:09:48Z","quarto-0.2.456-macos.tar.gz",16
"2022-01-07T22:09:48Z","quarto-0.2.456-win.msi",14
"2022-01-07T22:09:48Z","quarto-0.2.456-win.zip",11
"2022-01-07T21:50:15Z","quarto-0.2.455-checksums.txt",6
"2022-01-07T21:50:15Z","quarto-0.2.455-linux-amd64.deb",6
"2022-01-07T21:50:15Z","quarto-0.2.455-linux-amd64.tar.gz",7
"2022-01-07T21:50:15Z","quarto-0.2.455-macos.pkg",9
"2022-01-07T21:50:15Z","quarto-0.2.455-macos.tar.gz",8
"2022-01-07T21:50:15Z","quarto-0.2.455-win.msi",7
"2022-01-07T21:50:15Z","quarto-0.2.455-win.zip",4
"2022-01-07T20:01:11Z","quarto-0.2.454-checksums.txt",12
"2022-01-07T20:01:11Z","quarto-0.2.454-linux-amd64.deb",34
"2022-01-07T20:01:11Z","quarto-0.2.454-linux-amd64.tar.gz",14
"2022-01-07T20:01:11Z","quarto-0.2.454-macos.pkg",18
"2022-01-07T20:01:11Z","quarto-0.2.454-macos.tar.gz",14
"2022-01-07T20:01:11Z","quarto-0.2.454-win.msi",14
"2022-01-07T20:01:11Z","quarto-0.2.454-win.zip",12
"2022-01-07T19:22:44Z","quarto-0.2.453-checksums.txt",6
"2022-01-07T19:22:44Z","quarto-0.2.453-linux-amd64.deb",9
"2022-01-07T19:22:44Z","quarto-0.2.453-linux-amd64.tar.gz",8
"2022-01-07T19:22:44Z","quarto-0.2.453-macos.pkg",9
"2022-01-07T19:22:44Z","quarto-0.2.453-macos.tar.gz",8
"2022-01-07T19:22:44Z","quarto-0.2.453-win.msi",6
"2022-01-07T19:22:44Z","quarto-0.2.453-win.zip",6
"2022-01-07T18:07:13Z","quarto-0.2.452-checksums.txt",7
"2022-01-07T18:07:13Z","quarto-0.2.452-linux-amd64.deb",9
"2022-01-07T18:07:13Z","quarto-0.2.452-linux-amd64.tar.gz",10
"2022-01-07T18:07:13Z","quarto-0.2.452-macos.pkg",10
"2022-01-07T18:07:13Z","quarto-0.2.452-macos.tar.gz",12
"2022-01-07T18:07:13Z","quarto-0.2.452-win.msi",11
"2022-01-07T18:07:13Z","quarto-0.2.452-win.zip",9
"2022-01-07T16:04:24Z","quarto-0.2.451-checksums.txt",12
"2022-01-07T16:04:24Z","quarto-0.2.451-linux-amd64.deb",15
"2022-01-07T16:04:24Z","quarto-0.2.451-linux-amd64.tar.gz",11
"2022-01-07T16:04:24Z","quarto-0.2.451-macos.pkg",15
"2022-01-07T16:04:24Z","quarto-0.2.451-macos.tar.gz",14
"2022-01-07T16:04:24Z","quarto-0.2.451-win.msi",13
"2022-01-07T16:04:24Z","quarto-0.2.451-win.zip",12
"2022-01-07T14:29:24Z","quarto-0.2.450-checksums.txt",10
"2022-01-07T14:29:24Z","quarto-0.2.450-linux-amd64.deb",12
"2022-01-07T14:29:24Z","quarto-0.2.450-linux-amd64.tar.gz",11
"2022-01-07T14:29:24Z","quarto-0.2.450-macos.pkg",13
"2022-01-07T14:29:24Z","quarto-0.2.450-macos.tar.gz",12
"2022-01-07T14:29:24Z","quarto-0.2.450-win.msi",10
"2022-01-07T14:29:24Z","quarto-0.2.450-win.zip",10
"2022-01-07T13:51:06Z","quarto-0.2.449-checksums.txt",6
"2022-01-07T13:51:06Z","quarto-0.2.449-linux-amd64.deb",7
"2022-01-07T13:51:06Z","quarto-0.2.449-linux-amd64.tar.gz",7
"2022-01-07T13:51:06Z","quarto-0.2.449-macos.pkg",8
"2022-01-07T13:51:06Z","quarto-0.2.449-macos.tar.gz",8
"2022-01-07T13:51:06Z","quarto-0.2.449-win.msi",7
"2022-01-07T13:51:06Z","quarto-0.2.449-win.zip",6
"2022-01-07T11:59:30Z","quarto-0.2.448-checksums.txt",10
"2022-01-07T11:59:30Z","quarto-0.2.448-linux-amd64.deb",27
"2022-01-07T11:59:30Z","quarto-0.2.448-linux-amd64.tar.gz",14
"2022-01-07T11:59:30Z","quarto-0.2.448-macos.pkg",18
"2022-01-07T11:59:30Z","quarto-0.2.448-macos.tar.gz",16
"2022-01-07T11:59:30Z","quarto-0.2.448-win.msi",14
"2022-01-07T11:59:30Z","quarto-0.2.448-win.zip",12
"2022-01-07T00:59:33Z","quarto-0.2.446-checksums.txt",46
"2022-01-07T00:59:33Z","quarto-0.2.446-linux-amd64.deb",63
"2022-01-07T00:59:33Z","quarto-0.2.446-linux-amd64.tar.gz",138
"2022-01-07T00:59:33Z","quarto-0.2.446-macos.pkg",51
"2022-01-07T00:59:33Z","quarto-0.2.446-macos.tar.gz",52
"2022-01-07T00:59:33Z","quarto-0.2.446-win.msi",51
"2022-01-07T00:59:33Z","quarto-0.2.446-win.zip",62
"2022-01-06T21:39:18Z","quarto-0.2.445-checksums.txt",16
"2022-01-06T21:39:18Z","quarto-0.2.445-linux-amd64.deb",19
"2022-01-06T21:39:18Z","quarto-0.2.445-linux-amd64.tar.gz",18
"2022-01-06T21:39:18Z","quarto-0.2.445-macos.pkg",21
"2022-01-06T21:39:18Z","quarto-0.2.445-macos.tar.gz",18
"2022-01-06T21:39:18Z","quarto-0.2.445-win.msi",18
"2022-01-06T21:39:18Z","quarto-0.2.445-win.zip",16
"2022-01-06T17:12:43Z","quarto-0.2.444-checksums.txt",21
"2022-01-06T17:12:43Z","quarto-0.2.444-linux-amd64.deb",41
"2022-01-06T17:12:43Z","quarto-0.2.444-linux-amd64.tar.gz",37
"2022-01-06T17:12:43Z","quarto-0.2.444-macos.pkg",24
"2022-01-06T17:12:43Z","quarto-0.2.444-macos.tar.gz",33
"2022-01-06T17:12:43Z","quarto-0.2.444-win.msi",22
"2022-01-06T17:12:43Z","quarto-0.2.444-win.zip",23
"2022-01-06T15:32:10Z","quarto-0.2.443-checksums.txt",11
"2022-01-06T15:32:10Z","quarto-0.2.443-linux-amd64.deb",20
"2022-01-06T15:32:10Z","quarto-0.2.443-linux-amd64.tar.gz",14
"2022-01-06T15:32:10Z","quarto-0.2.443-macos.pkg",15
"2022-01-06T15:32:10Z","quarto-0.2.443-macos.tar.gz",13
"2022-01-06T15:32:10Z","quarto-0.2.443-win.msi",13
"2022-01-06T15:32:10Z","quarto-0.2.443-win.zip",12
"2022-01-06T14:21:31Z","quarto-0.2.442-checksums.txt",10
"2022-01-06T14:21:31Z","quarto-0.2.442-linux-amd64.deb",14
"2022-01-06T14:21:31Z","quarto-0.2.442-linux-amd64.tar.gz",10
"2022-01-06T14:21:31Z","quarto-0.2.442-macos.pkg",12
"2022-01-06T14:21:31Z","quarto-0.2.442-macos.tar.gz",12
"2022-01-06T14:21:31Z","quarto-0.2.442-win.msi",10
"2022-01-06T14:21:31Z","quarto-0.2.442-win.zip",9
"2022-01-06T13:42:24Z","quarto-0.2.441-checksums.txt",6
"2022-01-06T13:42:24Z","quarto-0.2.441-linux-amd64.deb",8
"2022-01-06T13:42:24Z","quarto-0.2.441-linux-amd64.tar.gz",7
"2022-01-06T13:42:24Z","quarto-0.2.441-macos.pkg",9
"2022-01-06T13:42:24Z","quarto-0.2.441-macos.tar.gz",9
"2022-01-06T13:42:24Z","quarto-0.2.441-win.msi",8
"2022-01-06T13:42:24Z","quarto-0.2.441-win.zip",6
"2022-01-06T11:30:48Z","quarto-0.2.440-checksums.txt",13
"2022-01-06T11:30:48Z","quarto-0.2.440-linux-amd64.deb",24
"2022-01-06T11:30:48Z","quarto-0.2.440-linux-amd64.tar.gz",14
"2022-01-06T11:30:48Z","quarto-0.2.440-macos.pkg",16
"2022-01-06T11:30:48Z","quarto-0.2.440-macos.tar.gz",16
"2022-01-06T11:30:48Z","quarto-0.2.440-win.msi",15
"2022-01-06T11:30:48Z","quarto-0.2.440-win.zip",13
"2022-01-05T20:28:27Z","quarto-0.2.438-checksums.txt",60
"2022-01-05T20:28:27Z","quarto-0.2.438-linux-amd64.deb",158
"2022-01-05T20:28:27Z","quarto-0.2.438-linux-amd64.tar.gz",61
"2022-01-05T20:28:27Z","quarto-0.2.438-macos.pkg",68
"2022-01-05T20:28:27Z","quarto-0.2.438-macos.tar.gz",62
"2022-01-05T20:28:27Z","quarto-0.2.438-win.msi",66
"2022-01-05T20:28:27Z","quarto-0.2.438-win.zip",60
"2022-01-05T20:08:36Z","quarto-0.2.437-checksums.txt",6
"2022-01-05T20:08:36Z","quarto-0.2.437-linux-amd64.deb",20
"2022-01-05T20:08:36Z","quarto-0.2.437-linux-amd64.tar.gz",7
"2022-01-05T20:08:36Z","quarto-0.2.437-macos.pkg",8
"2022-01-05T20:08:36Z","quarto-0.2.437-macos.tar.gz",10
"2022-01-05T20:08:36Z","quarto-0.2.437-win.msi",7
"2022-01-05T20:08:36Z","quarto-0.2.437-win.zip",6
"2022-01-05T17:19:20Z","quarto-0.2.436-checksums.txt",12
"2022-01-05T17:19:20Z","quarto-0.2.436-linux-amd64.deb",12
"2022-01-05T17:19:20Z","quarto-0.2.436-linux-amd64.tar.gz",14
"2022-01-05T17:19:20Z","quarto-0.2.436-macos.pkg",15
"2022-01-05T17:19:20Z","quarto-0.2.436-macos.tar.gz",14
"2022-01-05T17:19:20Z","quarto-0.2.436-win.msi",13
"2022-01-05T17:19:20Z","quarto-0.2.436-win.zip",12
"2022-01-05T16:52:07Z","quarto-0.2.435-checksums.txt",8
"2022-01-05T16:52:07Z","quarto-0.2.435-linux-amd64.deb",8
"2022-01-05T16:52:07Z","quarto-0.2.435-linux-amd64.tar.gz",10
"2022-01-05T16:52:07Z","quarto-0.2.435-macos.pkg",11
"2022-01-05T16:52:07Z","quarto-0.2.435-macos.tar.gz",10
"2022-01-05T16:52:07Z","quarto-0.2.435-win.msi",8
"2022-01-05T16:52:07Z","quarto-0.2.435-win.zip",8
"2022-01-05T16:43:13Z","quarto-0.2.434-checksums.txt",5
"2022-01-05T16:43:13Z","quarto-0.2.434-linux-amd64.deb",5
"2022-01-05T16:43:13Z","quarto-0.2.434-linux-amd64.tar.gz",5
"2022-01-05T16:43:13Z","quarto-0.2.434-macos.pkg",6
"2022-01-05T16:43:13Z","quarto-0.2.434-macos.tar.gz",6
"2022-01-05T16:43:13Z","quarto-0.2.434-win.msi",5
"2022-01-05T16:43:13Z","quarto-0.2.434-win.zip",4
"2022-01-05T16:07:39Z","quarto-0.2.433-linux-amd64.deb",5
"2022-01-05T16:07:39Z","quarto-0.2.433-linux-amd64.tar.gz",5
"2022-01-05T14:48:58Z","quarto-0.2.432-checksums.txt",4
"2022-01-05T14:48:58Z","quarto-0.2.432-linux-amd64.deb",4
"2022-01-05T14:48:58Z","quarto-0.2.432-linux-amd64.tar.gz",5
"2022-01-05T14:48:58Z","quarto-0.2.432-macos.pkg",6
"2022-01-05T14:48:58Z","quarto-0.2.432-macos.tar.gz",7
"2022-01-05T14:48:58Z","quarto-0.2.432-win.msi",4
"2022-01-05T14:48:58Z","quarto-0.2.432-win.zip",4
"2022-01-05T14:43:57Z","quarto-0.2.431-checksums.txt",4
"2022-01-05T14:43:57Z","quarto-0.2.431-linux-amd64.deb",4
"2022-01-05T14:43:57Z","quarto-0.2.431-linux-amd64.tar.gz",5
"2022-01-05T14:43:57Z","quarto-0.2.431-macos.pkg",9
"2022-01-05T14:43:57Z","quarto-0.2.431-macos.tar.gz",6
"2022-01-05T14:43:57Z","quarto-0.2.431-win.msi",5
"2022-01-05T14:43:57Z","quarto-0.2.431-win.zip",7
"2022-01-05T14:02:46Z","quarto-0.2.426-checksums.txt",5
"2022-01-05T14:02:46Z","quarto-0.2.426-linux-amd64.deb",4
"2022-01-05T14:02:46Z","quarto-0.2.426-linux-amd64.tar.gz",6
"2022-01-05T14:02:46Z","quarto-0.2.426-macos.pkg",6
"2022-01-05T14:02:46Z","quarto-0.2.426-macos.tar.gz",6
"2022-01-05T14:02:46Z","quarto-0.2.426-win.msi",4
"2022-01-05T14:02:46Z","quarto-0.2.426-win.zip",5
"2022-01-04T23:34:12Z","quarto-0.2.423-checksums.txt",71
"2022-01-04T23:34:12Z","quarto-0.2.423-linux-amd64.deb",104
"2022-01-04T23:34:12Z","quarto-0.2.423-linux-amd64.tar.gz",72
"2022-01-04T23:34:12Z","quarto-0.2.423-macos.pkg",76
"2022-01-04T23:34:12Z","quarto-0.2.423-macos.tar.gz",74
"2022-01-04T23:34:12Z","quarto-0.2.423-win.msi",83
"2022-01-04T23:34:12Z","quarto-0.2.423-win.zip",71
"2022-01-04T14:01:25Z","quarto-0.2.422-checksums.txt",1
"2022-01-04T14:01:25Z","quarto-0.2.422-linux-amd64.deb",1
"2022-01-04T14:01:25Z","quarto-0.2.422-linux-amd64.tar.gz",2
"2022-01-04T14:01:25Z","quarto-0.2.422-macos.pkg",3
"2022-01-04T14:01:25Z","quarto-0.2.422-macos.tar.gz",4
"2022-01-04T14:01:25Z","quarto-0.2.422-win.msi",3
"2022-01-04T14:01:25Z","quarto-0.2.422-win.zip",1
"2022-01-04T13:16:56Z","quarto-0.2.421-checksums.txt",42
"2022-01-04T13:16:56Z","quarto-0.2.421-linux-amd64.deb",59
"2022-01-04T13:16:56Z","quarto-0.2.421-linux-amd64.tar.gz",44
"2022-01-04T13:16:56Z","quarto-0.2.421-macos.pkg",47
"2022-01-04T13:16:56Z","quarto-0.2.421-macos.tar.gz",44
"2022-01-04T13:16:56Z","quarto-0.2.421-win.msi",45
"2022-01-04T13:16:56Z","quarto-0.2.421-win.zip",42
"2022-01-03T23:10:21Z","quarto-0.2.419-checksums.txt",57
"2022-01-03T23:10:21Z","quarto-0.2.419-linux-amd64.deb",88
"2022-01-03T23:10:21Z","quarto-0.2.419-linux-amd64.tar.gz",58
"2022-01-03T23:10:21Z","quarto-0.2.419-macos.pkg",61
"2022-01-03T23:10:21Z","quarto-0.2.419-macos.tar.gz",59
"2022-01-03T23:10:21Z","quarto-0.2.419-win.msi",62
"2022-01-03T23:10:21Z","quarto-0.2.419-win.zip",57
"2022-01-03T20:39:02Z","quarto-0.2.418-checksums.txt",49
"2022-01-03T20:39:02Z","quarto-0.2.418-linux-amd64.deb",13
"2022-01-03T20:39:02Z","quarto-0.2.418-linux-amd64.tar.gz",14
"2022-01-03T20:39:02Z","quarto-0.2.418-macos.pkg",17
"2022-01-03T20:39:02Z","quarto-0.2.418-macos.tar.gz",15
"2022-01-03T20:39:02Z","quarto-0.2.418-win.msi",15
"2022-01-03T20:39:02Z","quarto-0.2.418-win.zip",13
"2022-01-03T17:44:23Z","quarto-0.2.417-checksums.txt",15
"2022-01-03T17:44:23Z","quarto-0.2.417-linux-amd64.deb",24
"2022-01-03T17:44:23Z","quarto-0.2.417-linux-amd64.tar.gz",16
"2022-01-03T17:44:23Z","quarto-0.2.417-macos.pkg",16
"2022-01-03T17:44:23Z","quarto-0.2.417-macos.tar.gz",16
"2022-01-03T17:44:23Z","quarto-0.2.417-win.msi",16
"2022-01-03T17:44:23Z","quarto-0.2.417-win.zip",15
"2022-01-03T17:19:41Z","quarto-0.2.416-checksums.txt",7
"2022-01-03T17:19:41Z","quarto-0.2.416-linux-amd64.deb",9
"2022-01-03T17:19:41Z","quarto-0.2.416-linux-amd64.tar.gz",12
"2022-01-03T17:19:41Z","quarto-0.2.416-macos.pkg",14
"2022-01-03T17:19:41Z","quarto-0.2.416-macos.tar.gz",13
"2022-01-03T17:19:41Z","quarto-0.2.416-win.msi",11
"2022-01-03T17:19:41Z","quarto-0.2.416-win.zip",9
"2022-01-03T16:45:39Z","quarto-0.2.415-checksums.txt",5
"2022-01-03T16:45:39Z","quarto-0.2.415-linux-amd64.deb",5
"2022-01-03T16:45:39Z","quarto-0.2.415-linux-amd64.tar.gz",6
"2022-01-03T16:45:39Z","quarto-0.2.415-macos.pkg",7
"2022-01-03T16:45:39Z","quarto-0.2.415-macos.tar.gz",8
"2022-01-03T16:45:39Z","quarto-0.2.415-win.msi",5
"2022-01-03T16:45:39Z","quarto-0.2.415-win.zip",5
"2022-01-02T20:25:21Z","quarto-0.2.413-checksums.txt",83
"2022-01-02T20:25:21Z","quarto-0.2.413-linux-amd64.deb",137
"2022-01-02T20:25:21Z","quarto-0.2.413-linux-amd64.tar.gz",84
"2022-01-02T20:25:21Z","quarto-0.2.413-macos.pkg",87
"2022-01-02T20:25:21Z","quarto-0.2.413-macos.tar.gz",84
"2022-01-02T20:25:21Z","quarto-0.2.413-win.msi",88
"2022-01-02T20:25:21Z","quarto-0.2.413-win.zip",83
"2022-01-01T15:27:59Z","quarto-0.2.411-checksums.txt",119
"2022-01-01T15:27:59Z","quarto-0.2.411-linux-amd64.deb",157
"2022-01-01T15:27:59Z","quarto-0.2.411-linux-amd64.tar.gz",186
"2022-01-01T15:27:59Z","quarto-0.2.411-macos.pkg",124
"2022-01-01T15:27:59Z","quarto-0.2.411-macos.tar.gz",140
"2022-01-01T15:27:59Z","quarto-0.2.411-win.msi",119
"2022-01-01T15:27:59Z","quarto-0.2.411-win.zip",143
"2021-12-27T12:40:54Z","quarto-0.2.405-checksums.txt",479
"2021-12-27T12:40:54Z","quarto-0.2.405-linux-amd64.deb",620
"2021-12-27T12:40:54Z","quarto-0.2.405-linux-amd64.tar.gz",475
"2021-12-27T12:40:54Z","quarto-0.2.405-macos.pkg",491
"2021-12-27T12:40:54Z","quarto-0.2.405-macos.tar.gz",477
"2021-12-27T12:40:54Z","quarto-0.2.405-win.msi",495
"2021-12-27T12:40:54Z","quarto-0.2.405-win.zip",473
"2021-12-27T12:40:54Z","quarto-0.2.403-checksums.txt",6
"2021-12-27T12:40:54Z","quarto-0.2.403-linux-amd64.deb",7
"2021-12-27T12:40:54Z","quarto-0.2.403-linux-amd64.tar.gz",8
"2021-12-27T12:40:54Z","quarto-0.2.403-macos.pkg",11
"2021-12-27T12:40:54Z","quarto-0.2.403-macos.tar.gz",8
"2021-12-27T12:40:54Z","quarto-0.2.403-win.msi",7
"2021-12-27T12:40:54Z","quarto-0.2.403-win.zip",6
"2021-12-27T03:34:34Z","quarto-0.2.399-checksums.txt",59
"2021-12-27T03:34:34Z","quarto-0.2.399-linux-amd64.deb",73
"2021-12-27T03:34:34Z","quarto-0.2.399-linux-amd64.tar.gz",58
"2021-12-27T03:34:34Z","quarto-0.2.399-macos.pkg",56
"2021-12-27T03:34:34Z","quarto-0.2.399-macos.tar.gz",56
"2021-12-27T03:34:34Z","quarto-0.2.399-win.msi",54
"2021-12-27T03:34:34Z","quarto-0.2.399-win.zip",48
"2021-12-26T23:27:06Z","quarto-0.2.397-checksums.txt",23
"2021-12-26T23:27:06Z","quarto-0.2.397-linux-amd64.deb",27
"2021-12-26T23:27:06Z","quarto-0.2.397-linux-amd64.tar.gz",25
"2021-12-26T23:27:06Z","quarto-0.2.397-macos.pkg",26
"2021-12-26T23:27:06Z","quarto-0.2.397-macos.tar.gz",26
"2021-12-26T23:27:06Z","quarto-0.2.397-win.msi",27
"2021-12-26T23:27:06Z","quarto-0.2.397-win.zip",24
"2021-12-26T22:04:46Z","quarto-0.2.396-checksums.txt",5
"2021-12-26T22:04:46Z","quarto-0.2.396-linux-amd64.deb",5
"2021-12-26T22:04:46Z","quarto-0.2.396-linux-amd64.tar.gz",7
"2021-12-26T22:04:46Z","quarto-0.2.396-macos.pkg",9
"2021-12-26T22:04:46Z","quarto-0.2.396-macos.tar.gz",6
"2021-12-26T22:04:46Z","quarto-0.2.396-win.msi",6
"2021-12-26T22:04:46Z","quarto-0.2.396-win.zip",7
"2021-12-24T17:28:22Z","quarto-0.2.392-checksums.txt",379
"2021-12-24T17:28:22Z","quarto-0.2.392-linux-amd64.deb",509
"2021-12-24T17:28:22Z","quarto-0.2.392-linux-amd64.tar.gz",389
"2021-12-24T17:28:22Z","quarto-0.2.392-macos.pkg",382
"2021-12-24T17:28:22Z","quarto-0.2.392-macos.tar.gz",385
"2021-12-24T17:28:22Z","quarto-0.2.392-win.msi",388
"2021-12-24T17:28:22Z","quarto-0.2.392-win.zip",381
"2021-12-24T13:39:48Z","quarto-0.2.391-checksums.txt",30
"2021-12-24T13:39:48Z","quarto-0.2.391-linux-amd64.deb",32
"2021-12-24T13:39:48Z","quarto-0.2.391-linux-amd64.tar.gz",31
"2021-12-24T13:39:48Z","quarto-0.2.391-macos.pkg",36
"2021-12-24T13:39:48Z","quarto-0.2.391-macos.tar.gz",32
"2021-12-24T13:39:48Z","quarto-0.2.391-win.msi",33
"2021-12-24T13:39:48Z","quarto-0.2.391-win.zip",31
"2021-12-23T17:37:44Z","quarto-0.2.389-checksums.txt",142
"2021-12-23T17:37:44Z","quarto-0.2.389-linux-amd64.deb",172
"2021-12-23T17:37:44Z","quarto-0.2.389-linux-amd64.tar.gz",153
"2021-12-23T17:37:44Z","quarto-0.2.389-macos.pkg",146
"2021-12-23T17:37:44Z","quarto-0.2.389-macos.tar.gz",148
"2021-12-23T17:37:44Z","quarto-0.2.389-win.msi",149
"2021-12-23T17:37:44Z","quarto-0.2.389-win.zip",145
"2021-12-23T13:39:53Z","quarto-0.2.388-checksums.txt",31
"2021-12-23T13:39:53Z","quarto-0.2.388-linux-amd64.deb",32
"2021-12-23T13:39:53Z","quarto-0.2.388-linux-amd64.tar.gz",33
"2021-12-23T13:39:53Z","quarto-0.2.388-macos.pkg",34
"2021-12-23T13:39:53Z","quarto-0.2.388-macos.tar.gz",31
"2021-12-23T13:39:53Z","quarto-0.2.388-win.msi",34
"2021-12-23T13:39:53Z","quarto-0.2.388-win.zip",32
"2021-12-22T17:22:49Z","quarto-0.2.386-checksums.txt",145
"2021-12-22T17:22:49Z","quarto-0.2.386-linux-amd64.deb",203
"2021-12-22T17:22:49Z","quarto-0.2.386-linux-amd64.tar.gz",148
"2021-12-22T17:22:49Z","quarto-0.2.386-macos.pkg",155
"2021-12-22T17:22:49Z","quarto-0.2.386-macos.tar.gz",146
"2021-12-22T17:22:49Z","quarto-0.2.386-win.msi",154
"2021-12-22T17:22:49Z","quarto-0.2.386-win.zip",147
"2021-12-22T16:57:23Z","quarto-0.2.385-checksums.txt",3
"2021-12-22T16:57:23Z","quarto-0.2.385-linux-amd64.deb",4
"2021-12-22T16:57:23Z","quarto-0.2.385-linux-amd64.tar.gz",4
"2021-12-22T16:57:23Z","quarto-0.2.385-macos.pkg",7
"2021-12-22T16:57:23Z","quarto-0.2.385-macos.tar.gz",4
"2021-12-22T16:57:23Z","quarto-0.2.385-win.msi",3
"2021-12-22T16:57:23Z","quarto-0.2.385-win.zip",3
"2021-12-22T12:33:07Z","quarto-0.2.384-checksums.txt",36
"2021-12-22T12:33:07Z","quarto-0.2.384-linux-amd64.deb",39
"2021-12-22T12:33:07Z","quarto-0.2.384-linux-amd64.tar.gz",43
"2021-12-22T12:33:07Z","quarto-0.2.384-macos.pkg",46
"2021-12-22T12:33:07Z","quarto-0.2.384-macos.tar.gz",36
"2021-12-22T12:33:07Z","quarto-0.2.384-win.msi",37
"2021-12-22T12:33:07Z","quarto-0.2.384-win.zip",38
"2021-12-21T18:42:00Z","quarto-0.2.382-checksums.txt",129
"2021-12-21T18:42:00Z","quarto-0.2.382-linux-amd64.deb",158
"2021-12-21T18:42:00Z","quarto-0.2.382-linux-amd64.tar.gz",135
"2021-12-21T18:42:00Z","quarto-0.2.382-macos.pkg",130
"2021-12-21T18:42:00Z","quarto-0.2.382-macos.tar.gz",130
"2021-12-21T18:42:00Z","quarto-0.2.382-win.msi",141
"2021-12-21T18:42:00Z","quarto-0.2.382-win.zip",128
"2021-12-21T18:15:36Z","quarto-0.2.381-checksums.txt",7
"2021-12-21T18:15:36Z","quarto-0.2.381-linux-amd64.deb",8
"2021-12-21T18:15:36Z","quarto-0.2.381-linux-amd64.tar.gz",11
"2021-12-21T18:15:36Z","quarto-0.2.381-macos.pkg",10
"2021-12-21T18:15:36Z","quarto-0.2.381-macos.tar.gz",10
"2021-12-21T18:15:36Z","quarto-0.2.381-win.msi",10
"2021-12-21T18:15:36Z","quarto-0.2.381-win.zip",8
"2021-12-21T17:08:04Z","quarto-0.2.380-checksums.txt",13
"2021-12-21T17:08:04Z","quarto-0.2.380-linux-amd64.deb",14
"2021-12-21T17:08:04Z","quarto-0.2.380-linux-amd64.tar.gz",15
"2021-12-21T17:08:04Z","quarto-0.2.380-macos.pkg",17
"2021-12-21T17:08:04Z","quarto-0.2.380-macos.tar.gz",16
"2021-12-21T17:08:04Z","quarto-0.2.380-win.msi",13
"2021-12-21T17:08:04Z","quarto-0.2.380-win.zip",15
"2021-12-21T02:18:21Z","quarto-0.2.378-checksums.txt",110
"2021-12-21T02:18:21Z","quarto-0.2.378-linux-amd64.deb",134
"2021-12-21T02:18:21Z","quarto-0.2.378-linux-amd64.tar.gz",112
"2021-12-21T02:18:21Z","quarto-0.2.378-macos.pkg",115
"2021-12-21T02:18:21Z","quarto-0.2.378-macos.tar.gz",112
"2021-12-21T02:18:21Z","quarto-0.2.378-win.msi",115
"2021-12-21T02:18:21Z","quarto-0.2.378-win.zip",110
"2021-12-21T01:59:23Z","quarto-0.2.377-checksums.txt",7
"2021-12-21T01:59:23Z","quarto-0.2.377-linux-amd64.deb",8
"2021-12-21T01:59:23Z","quarto-0.2.377-linux-amd64.tar.gz",9
"2021-12-21T01:59:23Z","quarto-0.2.377-macos.pkg",8
"2021-12-21T01:59:23Z","quarto-0.2.377-macos.tar.gz",8
"2021-12-21T01:59:23Z","quarto-0.2.377-win.msi",7
"2021-12-21T01:59:23Z","quarto-0.2.377-win.zip",8
"2021-12-21T00:44:33Z","quarto-0.2.376-checksums.txt",10
"2021-12-21T00:44:33Z","quarto-0.2.376-linux-amd64.deb",10
"2021-12-21T00:44:33Z","quarto-0.2.376-linux-amd64.tar.gz",11
"2021-12-21T00:44:33Z","quarto-0.2.376-macos.pkg",11
"2021-12-21T00:44:33Z","quarto-0.2.376-macos.tar.gz",10
"2021-12-21T00:44:33Z","quarto-0.2.376-win.msi",10
"2021-12-21T00:44:33Z","quarto-0.2.376-win.zip",8
"2021-12-20T18:05:55Z","quarto-0.2.375-checksums.txt",47
"2021-12-20T18:05:55Z","quarto-0.2.375-linux-amd64.deb",53
"2021-12-20T18:05:55Z","quarto-0.2.375-linux-amd64.tar.gz",47
"2021-12-20T18:05:55Z","quarto-0.2.375-macos.pkg",50
"2021-12-20T18:05:55Z","quarto-0.2.375-macos.tar.gz",46
"2021-12-20T18:05:55Z","quarto-0.2.375-win.msi",46
"2021-12-20T18:05:55Z","quarto-0.2.375-win.zip",45
"2021-12-20T13:38:40Z","quarto-0.2.374-checksums.txt",35
"2021-12-20T13:38:40Z","quarto-0.2.374-linux-amd64.deb",39
"2021-12-20T13:38:40Z","quarto-0.2.374-linux-amd64.tar.gz",37
"2021-12-20T13:38:40Z","quarto-0.2.374-macos.pkg",39
"2021-12-20T13:38:40Z","quarto-0.2.374-macos.tar.gz",36
"2021-12-20T13:38:40Z","quarto-0.2.374-win.msi",39
"2021-12-20T13:38:40Z","quarto-0.2.374-win.zip",35
"2021-12-18T17:41:11Z","quarto-0.2.371-checksums.txt",307
"2021-12-18T17:41:11Z","quarto-0.2.371-linux-amd64.deb",358
"2021-12-18T17:41:11Z","quarto-0.2.371-linux-amd64.tar.gz",309
"2021-12-18T17:41:11Z","quarto-0.2.371-macos.pkg",316
"2021-12-18T17:41:11Z","quarto-0.2.371-macos.tar.gz",311
"2021-12-18T17:41:11Z","quarto-0.2.371-win.msi",320
"2021-12-18T17:41:11Z","quarto-0.2.371-win.zip",308
"2021-12-18T12:52:32Z","quarto-0.2.370-checksums.txt",41
"2021-12-18T12:52:32Z","quarto-0.2.370-linux-amd64.deb",40
"2021-12-18T12:52:32Z","quarto-0.2.370-linux-amd64.tar.gz",39
"2021-12-18T12:52:32Z","quarto-0.2.370-macos.pkg",43
"2021-12-18T12:52:32Z","quarto-0.2.370-macos.tar.gz",39
"2021-12-18T12:52:32Z","quarto-0.2.370-win.msi",40
"2021-12-18T12:52:32Z","quarto-0.2.370-win.zip",39
"2021-12-18T00:58:48Z","quarto-0.2.368-checksums.txt",85
"2021-12-18T00:58:48Z","quarto-0.2.368-linux-amd64.deb",110
"2021-12-18T00:58:48Z","quarto-0.2.368-linux-amd64.tar.gz",88
"2021-12-18T00:58:48Z","quarto-0.2.368-macos.pkg",87
"2021-12-18T00:58:48Z","quarto-0.2.368-macos.tar.gz",85
"2021-12-18T00:58:48Z","quarto-0.2.368-win.msi",88
"2021-12-18T00:58:48Z","quarto-0.2.368-win.zip",84
"2021-12-17T20:52:51Z","quarto-0.2.367-checksums.txt",33
"2021-12-17T20:52:51Z","quarto-0.2.367-linux-amd64.deb",38
"2021-12-17T20:52:51Z","quarto-0.2.367-linux-amd64.tar.gz",35
"2021-12-17T20:52:51Z","quarto-0.2.367-macos.pkg",35
"2021-12-17T20:52:51Z","quarto-0.2.367-macos.tar.gz",35
"2021-12-17T20:52:51Z","quarto-0.2.367-win.msi",35
"2021-12-17T20:52:51Z","quarto-0.2.367-win.zip",34
"2021-12-17T12:31:05Z","quarto-0.2.366-checksums.txt",66
"2021-12-17T12:31:05Z","quarto-0.2.366-linux-amd64.deb",80
"2021-12-17T12:31:05Z","quarto-0.2.366-linux-amd64.tar.gz",68
"2021-12-17T12:31:05Z","quarto-0.2.366-macos.pkg",69
"2021-12-17T12:31:05Z","quarto-0.2.366-macos.tar.gz",67
"2021-12-17T12:31:05Z","quarto-0.2.366-win.msi",67
"2021-12-17T12:31:05Z","quarto-0.2.366-win.zip",66
"2021-12-16T21:24:41Z","quarto-0.2.364-checksums.txt",109
"2021-12-16T21:24:41Z","quarto-0.2.364-linux-amd64.deb",147
"2021-12-16T21:24:41Z","quarto-0.2.364-linux-amd64.tar.gz",110
"2021-12-16T21:24:41Z","quarto-0.2.364-macos.pkg",112
"2021-12-16T21:24:41Z","quarto-0.2.364-macos.tar.gz",112
"2021-12-16T21:24:41Z","quarto-0.2.364-win.msi",116
"2021-12-16T21:24:41Z","quarto-0.2.364-win.zip",109
"2021-12-16T19:42:24Z","quarto-0.2.363-checksums.txt",18
"2021-12-16T19:42:24Z","quarto-0.2.363-linux-amd64.deb",60
"2021-12-16T19:42:24Z","quarto-0.2.363-linux-amd64.tar.gz",19
"2021-12-16T19:42:24Z","quarto-0.2.363-macos.pkg",20
"2021-12-16T19:42:24Z","quarto-0.2.363-macos.tar.gz",20
"2021-12-16T19:42:24Z","quarto-0.2.363-win.msi",20
"2021-12-16T19:42:24Z","quarto-0.2.363-win.zip",17
"2021-12-16T11:15:43Z","quarto-0.2.362-checksums.txt",65
"2021-12-16T11:15:43Z","quarto-0.2.362-linux-amd64.deb",92
"2021-12-16T11:15:43Z","quarto-0.2.362-linux-amd64.tar.gz",64
"2021-12-16T11:15:43Z","quarto-0.2.362-macos.pkg",71
"2021-12-16T11:15:43Z","quarto-0.2.362-macos.tar.gz",67
"2021-12-16T11:15:43Z","quarto-0.2.362-win.msi",68
"2021-12-16T11:15:43Z","quarto-0.2.362-win.zip",63
"2021-12-15T15:56:17Z","quarto-0.2.360-checksums.txt",134
"2021-12-15T15:56:17Z","quarto-0.2.360-linux-amd64.deb",166
"2021-12-15T15:56:17Z","quarto-0.2.360-linux-amd64.tar.gz",135
"2021-12-15T15:56:17Z","quarto-0.2.360-macos.pkg",152
"2021-12-15T15:56:17Z","quarto-0.2.360-macos.tar.gz",135
"2021-12-15T15:56:17Z","quarto-0.2.360-win.msi",140
"2021-12-15T15:56:17Z","quarto-0.2.360-win.zip",134
"2021-12-14T22:13:54Z","quarto-0.2.358-checksums.txt",128
"2021-12-14T22:13:54Z","quarto-0.2.358-linux-amd64.deb",160
"2021-12-14T22:13:54Z","quarto-0.2.358-linux-amd64.tar.gz",127
"2021-12-14T22:13:54Z","quarto-0.2.358-macos.pkg",132
"2021-12-14T22:13:54Z","quarto-0.2.358-macos.tar.gz",127
"2021-12-14T22:13:54Z","quarto-0.2.358-win.msi",130
"2021-12-14T22:13:54Z","quarto-0.2.358-win.zip",127
"2021-12-14T17:43:26Z","quarto-0.2.357-checksums.txt",39
"2021-12-14T17:43:26Z","quarto-0.2.357-linux-amd64.deb",46
"2021-12-14T17:43:26Z","quarto-0.2.357-linux-amd64.tar.gz",40
"2021-12-14T17:43:26Z","quarto-0.2.357-macos.pkg",42
"2021-12-14T17:43:26Z","quarto-0.2.357-macos.tar.gz",41
"2021-12-14T17:43:26Z","quarto-0.2.357-win.msi",40
"2021-12-14T17:43:26Z","quarto-0.2.357-win.zip",38
"2021-12-12T13:07:13Z","quarto-0.2.349-checksums.txt",231
"2021-12-12T13:07:13Z","quarto-0.2.349-linux-amd64.deb",265
"2021-12-12T13:07:13Z","quarto-0.2.349-linux-amd64.tar.gz",229
"2021-12-12T13:07:13Z","quarto-0.2.349-macos.pkg",240
"2021-12-12T13:07:13Z","quarto-0.2.349-macos.tar.gz",229
"2021-12-12T13:07:13Z","quarto-0.2.349-win.msi",241
"2021-12-12T13:07:13Z","quarto-0.2.349-win.zip",226
"2021-12-11T21:08:46Z","quarto-0.2.347-checksums.txt",117
"2021-12-11T21:08:46Z","quarto-0.2.347-linux-amd64.deb",173
"2021-12-11T21:08:46Z","quarto-0.2.347-linux-amd64.tar.gz",119
"2021-12-11T21:08:46Z","quarto-0.2.347-macos.pkg",122
"2021-12-11T21:08:46Z","quarto-0.2.347-macos.tar.gz",119
"2021-12-11T21:08:46Z","quarto-0.2.347-win.msi",120
"2021-12-11T21:08:46Z","quarto-0.2.347-win.zip",117
"2021-12-11T18:48:22Z","quarto-0.2.346-checksums.txt",24
"2021-12-11T18:48:22Z","quarto-0.2.346-linux-amd64.deb",56
"2021-12-11T18:48:22Z","quarto-0.2.346-linux-amd64.tar.gz",24
"2021-12-11T18:48:22Z","quarto-0.2.346-macos.pkg",26
"2021-12-11T18:48:22Z","quarto-0.2.346-macos.tar.gz",25
"2021-12-11T18:48:22Z","quarto-0.2.346-win.msi",25
"2021-12-11T18:48:22Z","quarto-0.2.346-win.zip",24
"2021-12-10T19:50:35Z","quarto-0.2.344-checksums.txt",125
"2021-12-10T19:50:35Z","quarto-0.2.344-linux-amd64.deb",153
"2021-12-10T19:50:35Z","quarto-0.2.344-linux-amd64.tar.gz",126
"2021-12-10T19:50:35Z","quarto-0.2.344-macos.pkg",133
"2021-12-10T19:50:35Z","quarto-0.2.344-macos.tar.gz",128
"2021-12-10T19:50:35Z","quarto-0.2.344-win.msi",135
"2021-12-10T19:50:35Z","quarto-0.2.344-win.zip",125
"2021-12-10T12:38:48Z","quarto-0.2.343-checksums.txt",95
"2021-12-10T12:38:48Z","quarto-0.2.343-linux-amd64.deb",107
"2021-12-10T12:38:48Z","quarto-0.2.343-linux-amd64.tar.gz",93
"2021-12-10T12:38:48Z","quarto-0.2.343-macos.pkg",94
"2021-12-10T12:38:48Z","quarto-0.2.343-macos.tar.gz",95
"2021-12-10T12:38:48Z","quarto-0.2.343-win.msi",94
"2021-12-10T12:38:48Z","quarto-0.2.343-win.zip",93
"2021-12-10T01:52:04Z","quarto-0.2.341-checksums.txt",82
"2021-12-10T01:52:04Z","quarto-0.2.341-linux-amd64.deb",105
"2021-12-10T01:52:04Z","quarto-0.2.341-linux-amd64.tar.gz",83
"2021-12-10T01:52:04Z","quarto-0.2.341-macos.pkg",87
"2021-12-10T01:52:04Z","quarto-0.2.341-macos.tar.gz",84
"2021-12-10T01:52:04Z","quarto-0.2.341-win.msi",84
"2021-12-10T01:52:04Z","quarto-0.2.341-win.zip",82
"2021-12-10T01:13:58Z","quarto-0.2.340-checksums.txt",7
"2021-12-10T01:13:58Z","quarto-0.2.340-linux-amd64.deb",8
"2021-12-10T01:13:58Z","quarto-0.2.340-linux-amd64.tar.gz",11
"2021-12-10T01:13:58Z","quarto-0.2.340-macos.pkg",13
"2021-12-10T01:13:58Z","quarto-0.2.340-macos.tar.gz",11
"2021-12-10T01:13:58Z","quarto-0.2.340-win.msi",9
"2021-12-10T01:13:58Z","quarto-0.2.340-win.zip",7
"2021-12-09T14:30:16Z","quarto-0.2.339-checksums.txt",80
"2021-12-09T14:30:16Z","quarto-0.2.339-linux-amd64.deb",439
"2021-12-09T14:30:16Z","quarto-0.2.339-linux-amd64.tar.gz",79
"2021-12-09T14:30:16Z","quarto-0.2.339-macos.pkg",84
"2021-12-09T14:30:16Z","quarto-0.2.339-macos.tar.gz",81
"2021-12-09T14:30:16Z","quarto-0.2.339-win.msi",84
"2021-12-09T14:30:16Z","quarto-0.2.339-win.zip",80
"2021-12-08T15:42:55Z","quarto-0.2.337-checksums.txt",162
"2021-12-08T15:42:55Z","quarto-0.2.337-linux-amd64.deb",228
"2021-12-08T15:42:55Z","quarto-0.2.337-linux-amd64.tar.gz",5807
"2021-12-08T15:42:55Z","quarto-0.2.337-macos.pkg",169
"2021-12-08T15:42:55Z","quarto-0.2.337-macos.tar.gz",161
"2021-12-08T15:42:55Z","quarto-0.2.337-win.msi",169
"2021-12-08T15:42:55Z","quarto-0.2.337-win.zip",161
"2021-12-01T16:28:07Z","quarto-0.2.328-checksums.txt",1151
"2021-12-01T16:28:07Z","quarto-0.2.328-linux-amd64.deb",1341
"2021-12-01T16:28:07Z","quarto-0.2.328-linux-amd64.tar.gz",1237
"2021-12-01T16:28:07Z","quarto-0.2.328-macos.pkg",1175
"2021-12-01T16:28:07Z","quarto-0.2.328-macos.tar.gz",1192
"2021-12-01T16:28:07Z","quarto-0.2.328-win.msi",1185
"2021-12-01T16:28:07Z","quarto-0.2.328-win.zip",1233
"2021-12-01T02:23:07Z","quarto-0.2.327-checksums.txt",28
"2021-12-01T02:23:07Z","quarto-0.2.327-linux-amd64.deb",29
"2021-12-01T02:23:07Z","quarto-0.2.327-linux-amd64.tar.gz",31
"2021-12-01T02:23:07Z","quarto-0.2.327-macos.pkg",30
"2021-12-01T02:23:07Z","quarto-0.2.327-macos.tar.gz",30
"2021-12-01T02:23:07Z","quarto-0.2.327-win.msi",30
"2021-12-01T02:23:07Z","quarto-0.2.327-win.zip",28
"2021-11-30T22:11:08Z","quarto-0.2.325-checksums.txt",96
"2021-11-30T22:11:08Z","quarto-0.2.325-linux-amd64.deb",125
"2021-11-30T22:11:08Z","quarto-0.2.325-linux-amd64.tar.gz",95
"2021-11-30T22:11:08Z","quarto-0.2.325-macos.pkg",98
"2021-11-30T22:11:08Z","quarto-0.2.325-macos.tar.gz",96
"2021-11-30T22:11:08Z","quarto-0.2.325-win.msi",102
"2021-11-30T22:11:08Z","quarto-0.2.325-win.zip",94
"2021-11-30T01:21:38Z","quarto-0.2.323-checksums.txt",169
"2021-11-30T01:21:38Z","quarto-0.2.323-linux-amd64.deb",207
"2021-11-30T01:21:38Z","quarto-0.2.323-linux-amd64.tar.gz",171
"2021-11-30T01:21:38Z","quarto-0.2.323-macos.pkg",176
"2021-11-30T01:21:38Z","quarto-0.2.323-macos.tar.gz",170
"2021-11-30T01:21:38Z","quarto-0.2.323-win.msi",178
"2021-11-30T01:21:38Z","quarto-0.2.323-win.zip",170
"2021-11-30T00:43:03Z","quarto-0.2.322-checksums.txt",7
"2021-11-30T00:43:03Z","quarto-0.2.322-linux-amd64.deb",9
"2021-11-30T00:43:03Z","quarto-0.2.322-linux-amd64.tar.gz",19
"2021-11-30T00:43:03Z","quarto-0.2.322-macos.pkg",8
"2021-11-30T00:43:03Z","quarto-0.2.322-macos.tar.gz",11
"2021-11-30T00:43:03Z","quarto-0.2.322-win.msi",14
"2021-11-30T00:43:03Z","quarto-0.2.322-win.zip",14
"2021-11-29T21:18:53Z","quarto-0.2.321-checksums.txt",19
"2021-11-29T21:18:53Z","quarto-0.2.321-linux-amd64.deb",57
"2021-11-29T21:18:53Z","quarto-0.2.321-linux-amd64.tar.gz",22
"2021-11-29T21:18:53Z","quarto-0.2.321-macos.pkg",22
"2021-11-29T21:18:53Z","quarto-0.2.321-macos.tar.gz",22
"2021-11-29T21:18:53Z","quarto-0.2.321-win.msi",24
"2021-11-29T21:18:53Z","quarto-0.2.321-win.zip",22
"2021-11-29T20:09:09Z","quarto-0.2.320-checksums.txt",16
"2021-11-29T20:09:09Z","quarto-0.2.320-linux-amd64.deb",16
"2021-11-29T20:09:09Z","quarto-0.2.320-linux-amd64.tar.gz",37
"2021-11-29T20:09:09Z","quarto-0.2.320-macos.pkg",19
"2021-11-29T20:09:09Z","quarto-0.2.320-macos.tar.gz",18
"2021-11-29T20:09:09Z","quarto-0.2.320-win.msi",17
"2021-11-29T20:09:09Z","quarto-0.2.320-win.zip",19
"2021-11-29T02:02:55Z","quarto-0.2.318-checksums.txt",132
"2021-11-29T02:02:55Z","quarto-0.2.318-linux-amd64.deb",175
"2021-11-29T02:02:55Z","quarto-0.2.318-linux-amd64.tar.gz",140
"2021-11-29T02:02:55Z","quarto-0.2.318-macos.pkg",138
"2021-11-29T02:02:55Z","quarto-0.2.318-macos.tar.gz",137
"2021-11-29T02:02:55Z","quarto-0.2.318-win.msi",139
"2021-11-29T02:02:55Z","quarto-0.2.318-win.zip",139
"2021-11-29T01:10:12Z","quarto-0.2.317-checksums.txt",13
"2021-11-29T01:10:12Z","quarto-0.2.317-linux-amd64.deb",16
"2021-11-29T01:10:12Z","quarto-0.2.317-linux-amd64.tar.gz",14
"2021-11-29T01:10:12Z","quarto-0.2.317-macos.pkg",15
"2021-11-29T01:10:12Z","quarto-0.2.317-macos.tar.gz",15
"2021-11-29T01:10:12Z","quarto-0.2.317-win.msi",16
"2021-11-29T01:10:12Z","quarto-0.2.317-win.zip",13
"2021-11-27T13:03:30Z","quarto-0.2.315-checksums.txt",233
"2021-11-27T13:03:30Z","quarto-0.2.315-linux-amd64.deb",268
"2021-11-27T13:03:30Z","quarto-0.2.315-linux-amd64.tar.gz",238
"2021-11-27T13:03:30Z","quarto-0.2.315-macos.pkg",238
"2021-11-27T13:03:30Z","quarto-0.2.315-macos.tar.gz",234
"2021-11-27T13:03:30Z","quarto-0.2.315-win.msi",238
"2021-11-27T13:03:30Z","quarto-0.2.315-win.zip",234
"2021-11-25T12:13:53Z","quarto-0.2.312-checksums.txt",344
"2021-11-25T12:13:53Z","quarto-0.2.312-linux-amd64.deb",386
"2021-11-25T12:13:53Z","quarto-0.2.312-linux-amd64.tar.gz",346
"2021-11-25T12:13:53Z","quarto-0.2.312-macos.pkg",353
"2021-11-25T12:13:53Z","quarto-0.2.312-macos.tar.gz",347
"2021-11-25T12:13:53Z","quarto-0.2.312-win.msi",363
"2021-11-25T12:13:53Z","quarto-0.2.312-win.zip",347
"2021-11-24T22:09:56Z","quarto-0.2.311-checksums.txt",12
"2021-11-24T22:09:56Z","quarto-0.2.311-linux-amd64.deb",35
"2021-11-24T22:09:56Z","quarto-0.2.311-linux-amd64.tar.gz",13
"2021-11-24T22:09:56Z","quarto-0.2.311-macos.pkg",11
"2021-11-24T22:09:56Z","quarto-0.2.311-macos.tar.gz",13
"2021-11-24T22:09:56Z","quarto-0.2.311-win.msi",12
"2021-11-24T22:09:56Z","quarto-0.2.311-win.zip",12
"2021-11-24T17:59:39Z","quarto-0.2.309-checksums.txt",123
"2021-11-24T17:59:39Z","quarto-0.2.309-linux-amd64.deb",138
"2021-11-24T17:59:39Z","quarto-0.2.309-linux-amd64.tar.gz",124
"2021-11-24T17:59:39Z","quarto-0.2.309-macos.pkg",125
"2021-11-24T17:59:39Z","quarto-0.2.309-macos.tar.gz",124
"2021-11-24T17:59:39Z","quarto-0.2.309-win.msi",130
"2021-11-24T17:59:39Z","quarto-0.2.309-win.zip",123
"2021-11-24T16:46:04Z","quarto-0.2.308-checksums.txt",13
"2021-11-24T16:46:04Z","quarto-0.2.308-linux-amd64.deb",14
"2021-11-24T16:46:04Z","quarto-0.2.308-linux-amd64.tar.gz",30
"2021-11-24T16:46:04Z","quarto-0.2.308-macos.pkg",14
"2021-11-24T16:46:04Z","quarto-0.2.308-macos.tar.gz",24
"2021-11-24T16:46:04Z","quarto-0.2.308-win.msi",14
"2021-11-24T16:46:04Z","quarto-0.2.308-win.zip",22
"2021-11-24T14:05:04Z","quarto-0.2.307-checksums.txt",21
"2021-11-24T14:05:04Z","quarto-0.2.307-linux-amd64.deb",25
"2021-11-24T14:05:04Z","quarto-0.2.307-linux-amd64.tar.gz",25
"2021-11-24T14:05:04Z","quarto-0.2.307-macos.pkg",22
"2021-11-24T14:05:04Z","quarto-0.2.307-macos.tar.gz",22
"2021-11-24T14:05:04Z","quarto-0.2.307-win.msi",21
"2021-11-24T14:05:04Z","quarto-0.2.307-win.zip",21
"2021-11-24T11:06:08Z","quarto-0.2.306-checksums.txt",27
"2021-11-24T11:06:08Z","quarto-0.2.306-linux-amd64.deb",31
"2021-11-24T11:06:08Z","quarto-0.2.306-linux-amd64.tar.gz",27
"2021-11-24T11:06:08Z","quarto-0.2.306-macos.pkg",26
"2021-11-24T11:06:08Z","quarto-0.2.306-macos.tar.gz",26
"2021-11-24T11:06:08Z","quarto-0.2.306-win.msi",26
"2021-11-24T11:06:08Z","quarto-0.2.306-win.zip",25
"2021-11-22T15:21:41Z","quarto-0.2.303-checksums.txt",303
"2021-11-22T15:21:41Z","quarto-0.2.303-linux-amd64.deb",349
"2021-11-22T15:21:41Z","quarto-0.2.303-linux-amd64.tar.gz",319
"2021-11-22T15:21:41Z","quarto-0.2.303-macos.pkg",312
"2021-11-22T15:21:41Z","quarto-0.2.303-macos.tar.gz",311
"2021-11-22T15:21:41Z","quarto-0.2.303-win.msi",319
"2021-11-22T15:21:41Z","quarto-0.2.303-win.zip",310
"2021-11-22T14:59:11Z","quarto-0.2.301-checksums.txt",9
"2021-11-22T14:59:11Z","quarto-0.2.301-linux-amd64.deb",9
"2021-11-22T14:59:11Z","quarto-0.2.301-linux-amd64.tar.gz",10
"2021-11-22T14:59:11Z","quarto-0.2.301-macos.pkg",14
"2021-11-22T14:59:11Z","quarto-0.2.301-macos.tar.gz",10
"2021-11-22T14:59:11Z","quarto-0.2.301-win.msi",10
"2021-11-22T14:59:11Z","quarto-0.2.301-win.zip",9
"2021-11-21T17:42:14Z","quarto-0.2.299-checksums.txt",152
"2021-11-21T17:42:14Z","quarto-0.2.299-linux-amd64.deb",208
"2021-11-21T17:42:14Z","quarto-0.2.299-linux-amd64.tar.gz",160
"2021-11-21T17:42:14Z","quarto-0.2.299-macos.pkg",156
"2021-11-21T17:42:14Z","quarto-0.2.299-macos.tar.gz",156
"2021-11-21T17:42:14Z","quarto-0.2.299-win.msi",162
"2021-11-21T17:42:14Z","quarto-0.2.299-win.zip",152
"2021-11-20T20:23:49Z","quarto-0.2.297-checksums.txt",150
"2021-11-20T20:23:49Z","quarto-0.2.297-linux-amd64.deb",169
"2021-11-20T20:23:49Z","quarto-0.2.297-linux-amd64.tar.gz",155
"2021-11-20T20:23:49Z","quarto-0.2.297-macos.pkg",155
"2021-11-20T20:23:49Z","quarto-0.2.297-macos.tar.gz",153
"2021-11-20T20:23:49Z","quarto-0.2.297-win.msi",159
"2021-11-20T20:23:49Z","quarto-0.2.297-win.zip",152
"2021-11-20T15:28:45Z","quarto-0.2.296-checksums.txt",40
"2021-11-20T15:28:45Z","quarto-0.2.296-linux-amd64.deb",49
"2021-11-20T15:28:45Z","quarto-0.2.296-linux-amd64.tar.gz",41
"2021-11-20T15:28:45Z","quarto-0.2.296-macos.pkg",41
"2021-11-20T15:28:45Z","quarto-0.2.296-macos.tar.gz",43
"2021-11-20T15:28:45Z","quarto-0.2.296-win.msi",42
"2021-11-20T15:28:45Z","quarto-0.2.296-win.zip",40
"2021-11-19T23:05:57Z","quarto-0.2.294-checksums.txt",115
"2021-11-19T23:05:57Z","quarto-0.2.294-linux-amd64.deb",133
"2021-11-19T23:05:57Z","quarto-0.2.294-linux-amd64.tar.gz",126
"2021-11-19T23:05:57Z","quarto-0.2.294-macos.pkg",118
"2021-11-19T23:05:57Z","quarto-0.2.294-macos.tar.gz",122
"2021-11-19T23:05:57Z","quarto-0.2.294-win.msi",119
"2021-11-19T23:05:57Z","quarto-0.2.294-win.zip",117
"2021-11-19T22:34:25Z","quarto-0.2.293-checksums.txt",9
"2021-11-19T22:34:25Z","quarto-0.2.293-linux-amd64.deb",7
"2021-11-19T22:34:25Z","quarto-0.2.293-linux-amd64.tar.gz",10
"2021-11-19T22:34:25Z","quarto-0.2.293-macos.pkg",11
"2021-11-19T22:34:25Z","quarto-0.2.293-macos.tar.gz",10
"2021-11-19T22:34:25Z","quarto-0.2.293-win.msi",9
"2021-11-19T22:34:25Z","quarto-0.2.293-win.zip",9
"2021-11-19T20:13:24Z","quarto-0.2.292-checksums.txt",11
"2021-11-19T20:13:24Z","quarto-0.2.292-linux-amd64.deb",11
"2021-11-19T20:13:24Z","quarto-0.2.292-linux-amd64.tar.gz",12
"2021-11-19T20:13:24Z","quarto-0.2.292-macos.pkg",12
"2021-11-19T20:13:24Z","quarto-0.2.292-macos.tar.gz",12
"2021-11-19T20:13:24Z","quarto-0.2.292-win.msi",13
"2021-11-19T20:13:24Z","quarto-0.2.292-win.zip",11
"2021-11-18T23:17:46Z","quarto-0.2.291-checksums.txt",78
"2021-11-18T23:17:46Z","quarto-0.2.291-linux-amd64.deb",85
"2021-11-18T23:17:46Z","quarto-0.2.291-linux-amd64.tar.gz",93
"2021-11-18T23:17:46Z","quarto-0.2.291-macos.pkg",80
"2021-11-18T23:17:46Z","quarto-0.2.291-macos.tar.gz",84
"2021-11-18T23:17:46Z","quarto-0.2.291-win.msi",81
"2021-11-18T23:17:46Z","quarto-0.2.291-win.zip",84
"2021-11-18T12:48:46Z","quarto-0.2.289-checksums.txt",147
"2021-11-18T12:48:46Z","quarto-0.2.289-linux-amd64.deb",164
"2021-11-18T12:48:46Z","quarto-0.2.289-linux-amd64.tar.gz",147
"2021-11-18T12:48:46Z","quarto-0.2.289-macos.pkg",154
"2021-11-18T12:48:46Z","quarto-0.2.289-macos.tar.gz",147
"2021-11-18T12:48:46Z","quarto-0.2.289-win.msi",154
"2021-11-18T12:48:46Z","quarto-0.2.289-win.zip",146
"2021-11-17T18:40:49Z","quarto-0.2.287-checksums.txt",127
"2021-11-17T18:40:49Z","quarto-0.2.287-linux-amd64.deb",168
"2021-11-17T18:40:49Z","quarto-0.2.287-linux-amd64.tar.gz",129
"2021-11-17T18:40:49Z","quarto-0.2.287-macos.pkg",130
"2021-11-17T18:40:49Z","quarto-0.2.287-macos.tar.gz",130
"2021-11-17T18:40:49Z","quarto-0.2.287-win.msi",134
"2021-11-17T18:40:49Z","quarto-0.2.287-win.zip",128
"2021-11-16T19:23:50Z","quarto-0.2.285-checksums.txt",160
"2021-11-16T19:23:50Z","quarto-0.2.285-linux-amd64.deb",179
"2021-11-16T19:23:50Z","quarto-0.2.285-linux-amd64.tar.gz",162
"2021-11-16T19:23:50Z","quarto-0.2.285-macos.pkg",168
"2021-11-16T19:23:50Z","quarto-0.2.285-macos.tar.gz",162
"2021-11-16T19:23:50Z","quarto-0.2.285-win.msi",168
"2021-11-16T19:23:50Z","quarto-0.2.285-win.zip",163
"2021-11-16T14:14:49Z","quarto-0.2.284-checksums.txt",61
"2021-11-16T14:14:49Z","quarto-0.2.284-linux-amd64.deb",66
"2021-11-16T14:14:49Z","quarto-0.2.284-linux-amd64.tar.gz",62
"2021-11-16T14:14:49Z","quarto-0.2.284-macos.pkg",65
"2021-11-16T14:14:49Z","quarto-0.2.284-macos.tar.gz",62
"2021-11-16T14:14:49Z","quarto-0.2.284-win.msi",62
"2021-11-16T14:14:49Z","quarto-0.2.284-win.zip",61
"2021-11-16T13:06:37Z","quarto-0.2.283-checksums.txt",15
"2021-11-16T13:06:37Z","quarto-0.2.283-linux-amd64.deb",16
"2021-11-16T13:06:37Z","quarto-0.2.283-linux-amd64.tar.gz",16
"2021-11-16T13:06:37Z","quarto-0.2.283-macos.pkg",17
"2021-11-16T13:06:37Z","quarto-0.2.283-macos.tar.gz",16
"2021-11-16T13:06:37Z","quarto-0.2.283-win.msi",19
"2021-11-16T13:06:37Z","quarto-0.2.283-win.zip",15
"2021-11-15T21:52:51Z","quarto-0.2.281-checksums.txt",104
"2021-11-15T21:52:51Z","quarto-0.2.281-linux-amd64.deb",119
"2021-11-15T21:52:51Z","quarto-0.2.281-linux-amd64.tar.gz",168
"2021-11-15T21:52:51Z","quarto-0.2.281-macos.pkg",105
"2021-11-15T21:52:51Z","quarto-0.2.281-macos.tar.gz",115
"2021-11-15T21:52:51Z","quarto-0.2.281-win.msi",114
"2021-11-15T21:52:51Z","quarto-0.2.281-win.zip",129
"2021-11-15T18:52:00Z","quarto-0.2.280-checksums.txt",32
"2021-11-15T18:52:00Z","quarto-0.2.280-linux-amd64.deb",39
"2021-11-15T18:52:00Z","quarto-0.2.280-linux-amd64.tar.gz",48
"2021-11-15T18:52:00Z","quarto-0.2.280-macos.pkg",33
"2021-11-15T18:52:00Z","quarto-0.2.280-macos.tar.gz",35
"2021-11-15T18:52:00Z","quarto-0.2.280-win.msi",33
"2021-11-15T18:52:00Z","quarto-0.2.280-win.zip",35
"2021-11-15T15:30:20Z","quarto-0.2.279-checksums.txt",17
"2021-11-15T15:30:20Z","quarto-0.2.279-linux-amd64.deb",17
"2021-11-15T15:30:20Z","quarto-0.2.279-linux-amd64.tar.gz",20
"2021-11-15T15:30:20Z","quarto-0.2.279-macos.pkg",17
"2021-11-15T15:30:20Z","quarto-0.2.279-macos.tar.gz",19
"2021-11-15T15:30:20Z","quarto-0.2.279-win.msi",16
"2021-11-15T15:30:20Z","quarto-0.2.279-win.zip",16
"2021-11-15T14:34:25Z","quarto-0.2.278-checksums.txt",22
"2021-11-15T14:34:25Z","quarto-0.2.278-linux-amd64.deb",25
"2021-11-15T14:34:25Z","quarto-0.2.278-linux-amd64.tar.gz",23
"2021-11-15T14:34:25Z","quarto-0.2.278-macos.pkg",28
"2021-11-15T14:34:25Z","quarto-0.2.278-macos.tar.gz",23
"2021-11-15T14:34:25Z","quarto-0.2.278-win.msi",27
"2021-11-15T14:34:25Z","quarto-0.2.278-win.zip",21
"2021-11-15T14:06:34Z","quarto-0.2.277-checksums.txt",9
"2021-11-15T14:06:34Z","quarto-0.2.277-linux-amd64.deb",11
"2021-11-15T14:06:34Z","quarto-0.2.277-linux-amd64.tar.gz",11
"2021-11-15T14:06:34Z","quarto-0.2.277-macos.pkg",11
"2021-11-15T14:06:34Z","quarto-0.2.277-macos.tar.gz",10
"2021-11-15T14:06:34Z","quarto-0.2.277-win.msi",11
"2021-11-15T14:06:34Z","quarto-0.2.277-win.zip",9
"2021-11-14T12:15:46Z","quarto-0.2.275-checksums.txt",180
"2021-11-14T12:15:46Z","quarto-0.2.275-linux-amd64.deb",196
"2021-11-14T12:15:46Z","quarto-0.2.275-linux-amd64.tar.gz",188
"2021-11-14T12:15:46Z","quarto-0.2.275-macos.pkg",188
"2021-11-14T12:15:46Z","quarto-0.2.275-macos.tar.gz",186
"2021-11-14T12:15:46Z","quarto-0.2.275-win.msi",191
"2021-11-14T12:15:46Z","quarto-0.2.275-win.zip",184
"2021-11-13T19:55:43Z","quarto-0.2.273-checksums.txt",119
"2021-11-13T19:55:43Z","quarto-0.2.273-linux-amd64.deb",140
"2021-11-13T19:55:43Z","quarto-0.2.273-linux-amd64.tar.gz",124
"2021-11-13T19:55:43Z","quarto-0.2.273-macos.pkg",119
"2021-11-13T19:55:43Z","quarto-0.2.273-macos.tar.gz",122
"2021-11-13T19:55:43Z","quarto-0.2.273-win.msi",123
"2021-11-13T19:55:43Z","quarto-0.2.273-win.zip",119
"2021-11-13T15:35:09Z","quarto-0.2.272-checksums.txt",35
"2021-11-13T15:35:09Z","quarto-0.2.272-linux-amd64.deb",37
"2021-11-13T15:35:09Z","quarto-0.2.272-linux-amd64.tar.gz",36
"2021-11-13T15:35:09Z","quarto-0.2.272-macos.pkg",37
"2021-11-13T15:35:09Z","quarto-0.2.272-macos.tar.gz",37
"2021-11-13T15:35:09Z","quarto-0.2.272-win.msi",38
"2021-11-13T15:35:09Z","quarto-0.2.272-win.zip",34
"2021-11-12T15:05:36Z","quarto-0.2.270-checksums.txt",176
"2021-11-12T15:05:36Z","quarto-0.2.270-linux-amd64.deb",189
"2021-11-12T15:05:36Z","quarto-0.2.270-linux-amd64.tar.gz",177
"2021-11-12T15:05:36Z","quarto-0.2.270-macos.pkg",179
"2021-11-12T15:05:36Z","quarto-0.2.270-macos.tar.gz",178
"2021-11-12T15:05:36Z","quarto-0.2.270-win.msi",185
"2021-11-12T15:05:36Z","quarto-0.2.270-win.zip",177
"2021-11-11T20:50:49Z","quarto-0.2.268-checksums.txt",130
"2021-11-11T20:50:49Z","quarto-0.2.268-linux-amd64.deb",143
"2021-11-11T20:50:49Z","quarto-0.2.268-linux-amd64.tar.gz",131
"2021-11-11T20:50:49Z","quarto-0.2.268-macos.pkg",135
"2021-11-11T20:50:49Z","quarto-0.2.268-macos.tar.gz",133
"2021-11-11T20:50:49Z","quarto-0.2.268-win.msi",138
"2021-11-11T20:50:49Z","quarto-0.2.268-win.zip",130
"2021-11-10T19:12:26Z","quarto-0.2.266-checksums.txt",184
"2021-11-10T19:12:26Z","quarto-0.2.266-linux-amd64.deb",217
"2021-11-10T19:12:26Z","quarto-0.2.266-linux-amd64.tar.gz",185
"2021-11-10T19:12:26Z","quarto-0.2.266-macos.pkg",192
"2021-11-10T19:12:26Z","quarto-0.2.266-macos.tar.gz",186
"2021-11-10T19:12:26Z","quarto-0.2.266-win.msi",195
"2021-11-10T19:12:26Z","quarto-0.2.266-win.zip",184
"2021-11-10T16:31:57Z","quarto-0.2.265-checksums.txt",25
"2021-11-10T16:31:57Z","quarto-0.2.265-linux-amd64.deb",25
"2021-11-10T16:31:57Z","quarto-0.2.265-linux-amd64.tar.gz",59
"2021-11-10T16:31:57Z","quarto-0.2.265-macos.pkg",30
"2021-11-10T16:31:57Z","quarto-0.2.265-macos.tar.gz",29
"2021-11-10T16:31:57Z","quarto-0.2.265-win.msi",27
"2021-11-10T16:31:57Z","quarto-0.2.265-win.zip",39
"2021-11-10T14:33:46Z","quarto-0.2.264-checksums.txt",10
"2021-11-10T14:33:46Z","quarto-0.2.264-linux-amd64.deb",10
"2021-11-10T14:33:46Z","quarto-0.2.264-linux-amd64.tar.gz",11
"2021-11-10T14:33:46Z","quarto-0.2.264-macos.pkg",13
"2021-11-10T14:33:46Z","quarto-0.2.264-macos.tar.gz",12
"2021-11-10T14:33:46Z","quarto-0.2.264-win.msi",11
"2021-11-10T14:33:46Z","quarto-0.2.264-win.zip",10
"2021-11-10T00:34:56Z","quarto-0.2.262-checksums.txt",99
"2021-11-10T00:34:56Z","quarto-0.2.262-linux-amd64.deb",111
"2021-11-10T00:34:56Z","quarto-0.2.262-linux-amd64.tar.gz",100
"2021-11-10T00:34:56Z","quarto-0.2.262-macos.pkg",103
"2021-11-10T00:34:56Z","quarto-0.2.262-macos.tar.gz",101
"2021-11-10T00:34:56Z","quarto-0.2.262-win.msi",109
"2021-11-10T00:34:56Z","quarto-0.2.262-win.zip",100
"2021-11-09T18:26:48Z","quarto-0.2.261-checksums.txt",51
"2021-11-09T18:26:48Z","quarto-0.2.261-linux-amd64.deb",59
"2021-11-09T18:26:48Z","quarto-0.2.261-linux-amd64.tar.gz",57
"2021-11-09T18:26:48Z","quarto-0.2.261-macos.pkg",56
"2021-11-09T18:26:48Z","quarto-0.2.261-macos.tar.gz",57
"2021-11-09T18:26:48Z","quarto-0.2.261-win.msi",53
"2021-11-09T18:26:48Z","quarto-0.2.261-win.zip",54
"2021-11-09T17:56:03Z","quarto-0.2.260-checksums.txt",5
"2021-11-09T17:56:03Z","quarto-0.2.260-linux-amd64.deb",5
"2021-11-09T17:56:03Z","quarto-0.2.260-linux-amd64.tar.gz",7
"2021-11-09T17:56:03Z","quarto-0.2.260-macos.pkg",7
"2021-11-09T17:56:03Z","quarto-0.2.260-macos.tar.gz",8
"2021-11-09T17:56:03Z","quarto-0.2.260-win.msi",7
"2021-11-09T17:56:03Z","quarto-0.2.260-win.zip",6
"2021-11-09T16:36:42Z","quarto-0.2.259-checksums.txt",16
"2021-11-09T16:36:42Z","quarto-0.2.259-linux-amd64.deb",16
"2021-11-09T16:36:42Z","quarto-0.2.259-linux-amd64.tar.gz",17
"2021-11-09T16:36:42Z","quarto-0.2.259-macos.pkg",17
"2021-11-09T16:36:42Z","quarto-0.2.259-macos.tar.gz",17
"2021-11-09T16:36:42Z","quarto-0.2.259-win.msi",15
"2021-11-09T16:36:42Z","quarto-0.2.259-win.zip",15
"2021-11-09T11:28:13Z","quarto-0.2.258-checksums.txt",37
"2021-11-09T11:28:13Z","quarto-0.2.258-linux-amd64.deb",46
"2021-11-09T11:28:13Z","quarto-0.2.258-linux-amd64.tar.gz",40
"2021-11-09T11:28:13Z","quarto-0.2.258-macos.pkg",40
"2021-11-09T11:28:13Z","quarto-0.2.258-macos.tar.gz",39
"2021-11-09T11:28:13Z","quarto-0.2.258-win.msi",40
"2021-11-09T11:28:13Z","quarto-0.2.258-win.zip",37
"2021-11-07T17:33:36Z","quarto-0.2.255-checksums.txt",224
"2021-11-07T17:33:36Z","quarto-0.2.255-linux-amd64.deb",257
"2021-11-07T17:33:36Z","quarto-0.2.255-linux-amd64.tar.gz",252
"2021-11-07T17:33:36Z","quarto-0.2.255-macos.pkg",236
"2021-11-07T17:33:36Z","quarto-0.2.255-macos.tar.gz",231
"2021-11-07T17:33:36Z","quarto-0.2.255-win.msi",247
"2021-11-07T17:33:36Z","quarto-0.2.255-win.zip",233
"2021-11-04T17:08:08Z","quarto-0.2.251-checksums.txt",281
"2021-11-04T17:08:08Z","quarto-0.2.251-linux-amd64.deb",328
"2021-11-04T17:08:08Z","quarto-0.2.251-linux-amd64.tar.gz",299
"2021-11-04T17:08:08Z","quarto-0.2.251-macos.pkg",292
"2021-11-04T17:08:08Z","quarto-0.2.251-macos.tar.gz",289
"2021-11-04T17:08:08Z","quarto-0.2.251-win.msi",297
"2021-11-04T17:08:08Z","quarto-0.2.251-win.zip",288
"2021-11-04T12:18:44Z","quarto-0.2.250-checksums.txt",26
"2021-11-04T12:18:44Z","quarto-0.2.250-linux-amd64.deb",32
"2021-11-04T12:18:44Z","quarto-0.2.250-linux-amd64.tar.gz",31
"2021-11-04T12:18:44Z","quarto-0.2.250-macos.pkg",29
"2021-11-04T12:18:44Z","quarto-0.2.250-macos.tar.gz",30
"2021-11-04T12:18:44Z","quarto-0.2.250-win.msi",33
"2021-11-04T12:18:44Z","quarto-0.2.250-win.zip",29
"2021-11-02T20:43:58Z","quarto-0.2.247-checksums.txt",158
"2021-11-02T20:43:58Z","quarto-0.2.247-linux-amd64.deb",190
"2021-11-02T20:43:58Z","quarto-0.2.247-linux-amd64.tar.gz",165
"2021-11-02T20:43:58Z","quarto-0.2.247-macos.pkg",159
"2021-11-02T20:43:58Z","quarto-0.2.247-macos.tar.gz",160
"2021-11-02T20:43:58Z","quarto-0.2.247-win.msi",172
"2021-11-02T20:43:58Z","quarto-0.2.247-win.zip",159
"2021-10-30T13:27:10Z","quarto-0.2.243-checksums.txt",313
"2021-10-30T13:27:10Z","quarto-0.2.243-linux-amd64.deb",353
"2021-10-30T13:27:10Z","quarto-0.2.243-linux-amd64.tar.gz",323
"2021-10-30T13:27:10Z","quarto-0.2.243-macos.pkg",328
"2021-10-30T13:27:10Z","quarto-0.2.243-macos.tar.gz",321
"2021-10-30T13:27:10Z","quarto-0.2.243-win.msi",353
"2021-10-30T13:27:10Z","quarto-0.2.243-win.zip",319
"2021-10-29T13:49:45Z","quarto-0.2.241-checksums.txt",93
"2021-10-29T13:49:45Z","quarto-0.2.241-linux-amd64.deb",113
"2021-10-29T13:49:45Z","quarto-0.2.241-linux-amd64.tar.gz",94
"2021-10-29T13:49:45Z","quarto-0.2.241-macos.pkg",97
"2021-10-29T13:49:45Z","quarto-0.2.241-macos.tar.gz",97
"2021-10-29T13:49:45Z","quarto-0.2.241-win.msi",100
"2021-10-29T13:49:45Z","quarto-0.2.241-win.zip",94
"2021-10-29T10:53:02Z","quarto-0.2.240-checksums.txt",13
"2021-10-29T10:53:02Z","quarto-0.2.240-linux-amd64.deb",18
"2021-10-29T10:53:02Z","quarto-0.2.240-linux-amd64.tar.gz",14
"2021-10-29T10:53:02Z","quarto-0.2.240-macos.pkg",15
"2021-10-29T10:53:02Z","quarto-0.2.240-macos.tar.gz",15
"2021-10-29T10:53:02Z","quarto-0.2.240-win.msi",16
"2021-10-29T10:53:02Z","quarto-0.2.240-win.zip",13
"2021-10-29T01:21:43Z","quarto-0.2.238-checksums.txt",38
"2021-10-29T01:21:43Z","quarto-0.2.238-linux-amd64.deb",45
"2021-10-29T01:21:43Z","quarto-0.2.238-linux-amd64.tar.gz",39
"2021-10-29T01:21:43Z","quarto-0.2.238-macos.pkg",40
"2021-10-29T01:21:43Z","quarto-0.2.238-macos.tar.gz",40
"2021-10-29T01:21:43Z","quarto-0.2.238-win.msi",45
"2021-10-29T01:21:43Z","quarto-0.2.238-win.zip",39
"2021-10-28T22:00:24Z","quarto-0.2.237-checksums.txt",12
"2021-10-28T22:00:24Z","quarto-0.2.237-linux-amd64.deb",13
"2021-10-28T22:00:24Z","quarto-0.2.237-linux-amd64.tar.gz",13
"2021-10-28T22:00:24Z","quarto-0.2.237-macos.pkg",13
"2021-10-28T22:00:24Z","quarto-0.2.237-macos.tar.gz",15
"2021-10-28T22:00:24Z","quarto-0.2.237-win.msi",14
"2021-10-28T22:00:24Z","quarto-0.2.237-win.zip",13
"2021-10-24T11:28:41Z","quarto-0.2.232-checksums.txt",415
"2021-10-24T11:28:41Z","quarto-0.2.232-linux-amd64.deb",2052
"2021-10-24T11:28:41Z","quarto-0.2.232-linux-amd64.tar.gz",416
"2021-10-24T11:28:41Z","quarto-0.2.232-macos.pkg",462
"2021-10-24T11:28:41Z","quarto-0.2.232-macos.tar.gz",417
"2021-10-24T11:28:41Z","quarto-0.2.232-win.msi",475
"2021-10-24T11:28:41Z","quarto-0.2.232-win.zip",418
"2021-10-24T10:56:32Z","quarto-0.2.231-checksums.txt",3
"2021-10-24T10:56:32Z","quarto-0.2.231-linux-amd64.deb",3
"2021-10-24T10:56:32Z","quarto-0.2.231-linux-amd64.tar.gz",4
"2021-10-24T10:56:32Z","quarto-0.2.231-macos.pkg",4
"2021-10-24T10:56:32Z","quarto-0.2.231-macos.tar.gz",6
"2021-10-24T10:56:32Z","quarto-0.2.231-win.msi",3
"2021-10-24T10:56:32Z","quarto-0.2.231-win.zip",3
"2021-10-23T14:10:50Z","quarto-0.2.229-checksums.txt",78
"2021-10-23T14:10:50Z","quarto-0.2.229-linux-amd64.deb",85
"2021-10-23T14:10:50Z","quarto-0.2.229-linux-amd64.tar.gz",124
"2021-10-23T14:10:50Z","quarto-0.2.229-macos.pkg",79
"2021-10-23T14:10:50Z","quarto-0.2.229-macos.tar.gz",90
"2021-10-23T14:10:50Z","quarto-0.2.229-win.msi",79
"2021-10-23T14:10:50Z","quarto-0.2.229-win.zip",93
"2021-10-17T16:43:44Z","quarto-0.2.222-checksums.txt",554
"2021-10-17T16:43:44Z","quarto-0.2.222-linux-amd64.deb",6552
"2021-10-17T16:43:44Z","quarto-0.2.222-linux-amd64.tar.gz",561
"2021-10-17T16:43:44Z","quarto-0.2.222-macos.pkg",564
"2021-10-17T16:43:44Z","quarto-0.2.222-macos.tar.gz",556
"2021-10-17T16:43:44Z","quarto-0.2.222-win.msi",602
"2021-10-17T16:43:44Z","quarto-0.2.222-win.zip",556
"2021-10-16T15:46:02Z","quarto-0.2.220-checksums.txt",99
"2021-10-16T15:46:02Z","quarto-0.2.220-linux-amd64.deb",106
"2021-10-16T15:46:02Z","quarto-0.2.220-linux-amd64.tar.gz",100
"2021-10-16T15:46:02Z","quarto-0.2.220-macos.pkg",102
"2021-10-16T15:46:02Z","quarto-0.2.220-macos.tar.gz",102
"2021-10-16T15:46:02Z","quarto-0.2.220-win.msi",104
"2021-10-16T15:46:02Z","quarto-0.2.220-win.zip",99
"2021-10-16T03:36:33Z","quarto-0.2.219-checksums.txt",1
"2021-10-16T03:36:33Z","quarto-0.2.219-linux-amd64.deb",1
"2021-10-16T03:36:33Z","quarto-0.2.219-linux-amd64.tar.gz",2
"2021-10-16T03:36:33Z","quarto-0.2.219-macos.pkg",3
"2021-10-16T03:36:33Z","quarto-0.2.219-macos.tar.gz",3
"2021-10-16T03:36:33Z","quarto-0.2.219-win.msi",1
"2021-10-16T03:36:33Z","quarto-0.2.219-win.zip",1
"2021-10-12T14:12:06Z","quarto-0.2.214-checksums.txt",382
"2021-10-12T14:12:06Z","quarto-0.2.214-linux-amd64.deb",432
"2021-10-12T14:12:06Z","quarto-0.2.214-linux-amd64.tar.gz",437
"2021-10-12T14:12:06Z","quarto-0.2.214-macos.pkg",396
"2021-10-12T14:12:06Z","quarto-0.2.214-macos.tar.gz",398
"2021-10-12T14:12:06Z","quarto-0.2.214-win.msi",403
"2021-10-12T14:12:06Z","quarto-0.2.214-win.zip",433
"2021-10-11T22:36:31Z","quarto-0.2.213-checksums.txt",10
"2021-10-11T22:36:31Z","quarto-0.2.213-linux-amd64.deb",14
"2021-10-11T22:36:31Z","quarto-0.2.213-linux-amd64.tar.gz",11
"2021-10-11T22:36:31Z","quarto-0.2.213-macos.pkg",11
"2021-10-11T22:36:31Z","quarto-0.2.213-macos.tar.gz",12
"2021-10-11T22:36:31Z","quarto-0.2.213-win.msi",11
"2021-10-11T22:36:31Z","quarto-0.2.213-win.zip",10
"2021-10-10T12:12:52Z","quarto-0.2.210-checksums.txt",13
"2021-10-10T12:12:52Z","quarto-0.2.210-linux-amd64.deb",25
"2021-10-10T12:12:52Z","quarto-0.2.210-linux-amd64.tar.gz",10
"2021-10-10T12:12:52Z","quarto-0.2.210-macos.pkg",21
"2021-10-10T12:12:52Z","quarto-0.2.210-macos.tar.gz",13
"2021-10-10T12:12:52Z","quarto-0.2.210-win.msi",21
"2021-10-10T12:12:52Z","quarto-0.2.210-win.zip",17
"2021-10-10T11:47:21Z","quarto-0.2.209-checksums.txt",4
"2021-10-10T11:47:21Z","quarto-0.2.209-linux-amd64.deb",5
"2021-10-10T11:47:21Z","quarto-0.2.209-linux-amd64.tar.gz",5
"2021-10-10T11:47:21Z","quarto-0.2.209-macos.pkg",5
"2021-10-10T11:47:21Z","quarto-0.2.209-macos.tar.gz",6
"2021-10-10T11:47:21Z","quarto-0.2.209-win.msi",4
"2021-10-10T11:47:21Z","quarto-0.2.209-win.zip",4
"2021-10-09T18:15:29Z","quarto-0.2.207-checksums.txt",5
"2021-10-09T18:15:29Z","quarto-0.2.207-linux-amd64.deb",9
"2021-10-09T18:15:29Z","quarto-0.2.207-linux-amd64.tar.gz",5
"2021-10-09T18:15:29Z","quarto-0.2.207-macos.pkg",7
"2021-10-09T18:15:29Z","quarto-0.2.207-macos.tar.gz",7
"2021-10-09T18:15:29Z","quarto-0.2.207-win.msi",9
"2021-10-09T18:15:29Z","quarto-0.2.207-win.zip",5
"2021-10-09T11:45:32Z","quarto-0.2.204-amd64.deb",4
"2021-10-09T11:45:32Z","quarto-0.2.204-checksums.txt",5
"2021-10-09T11:45:32Z","quarto-0.2.204-linux-amd64.tar.gz",5
"2021-10-09T11:45:32Z","quarto-0.2.204-macos.pkg",6
"2021-10-09T11:45:32Z","quarto-0.2.204-macos.tar.gz",6
"2021-10-09T11:45:32Z","quarto-0.2.204-win.msi",6
"2021-10-09T11:45:32Z","quarto-0.2.204-win.zip",4
"2021-10-09T11:10:05Z","quarto-0.2.203-amd64.deb",1
"2021-10-09T11:10:05Z","quarto-0.2.203-checksums.txt",2
"2021-10-09T11:10:05Z","quarto-0.2.203-linux-amd64.tar.gz",2
"2021-10-09T11:10:05Z","quarto-0.2.203-macos.pkg",4
"2021-10-09T11:10:05Z","quarto-0.2.203-macos.tar.gz",4
"2021-10-09T11:10:05Z","quarto-0.2.203-win.msi",2
"2021-10-09T11:10:05Z","quarto-0.2.203-win.zip",1
"2021-10-08T22:30:52Z","quarto-0.2.201-amd64.deb",1
"2021-10-08T22:30:52Z","quarto-0.2.201-checksums.txt",1
"2021-10-08T22:30:52Z","quarto-0.2.201-linux-amd64.tar.gz",2
"2021-10-08T22:30:52Z","quarto-0.2.201-macos.pkg",3
"2021-10-08T22:30:52Z","quarto-0.2.201-macos.tar.gz",3
"2021-10-08T22:30:52Z","quarto-0.2.201-win.msi",1
"2021-10-08T22:30:52Z","quarto-0.2.201-win.zip",1
"2021-10-08T21:01:17Z","quarto-0.2.200-amd64.deb",5
"2021-10-08T21:01:17Z","quarto-0.2.200-linux-amd64.tar.gz",5
"2021-10-08T21:01:17Z","quarto-0.2.200-macos.pkg",5
"2021-10-08T21:01:17Z","quarto-0.2.200-macos.tar.gz",6
"2021-10-08T21:01:17Z","quarto-0.2.200-win.msi",5
"2021-10-08T21:01:17Z","quarto-0.2.200-win.zip",4
"2021-10-08T20:03:54Z","checksum.json",11
"2021-10-08T20:03:54Z","quarto-0.2.199-amd64.deb",7
"2021-10-08T20:03:54Z","quarto-0.2.199-linux-amd64.tar.gz",5
"2021-10-08T20:03:54Z","quarto-0.2.199-macos.pkg",9
"2021-10-08T20:03:54Z","quarto-0.2.199-macos.tar.gz",6
"2021-10-08T20:03:54Z","quarto-0.2.199-win.msi",6
"2021-10-08T20:03:54Z","quarto-0.2.199-win.zip",4
"2021-10-08T17:10:09Z","quarto-0.2.198-amd64.deb",6
"2021-10-08T17:10:09Z","quarto-0.2.198-linux-amd64.tar.gz",6
"2021-10-08T17:10:09Z","quarto-0.2.198-macos.pkg",7
"2021-10-08T17:10:09Z","quarto-0.2.198-macos.tar.gz",6
"2021-10-08T17:10:09Z","quarto-0.2.198-win.msi",4
"2021-10-08T17:10:09Z","quarto-0.2.198-win.zip",5
"2021-10-08T16:03:02Z","quarto-0.2.197-amd64.deb",1
"2021-10-08T16:03:02Z","quarto-0.2.197-linux.tar.gz",4
"2021-10-08T16:03:02Z","quarto-0.2.197-macos.pkg",2
"2021-10-08T16:03:02Z","quarto-0.2.197-macos.tar.gz",4
"2021-10-08T16:03:02Z","quarto-0.2.197-win.msi",2
"2021-10-08T16:03:02Z","quarto-0.2.197-win.zip",1
"2021-10-03T11:50:37Z","quarto-0.2.188-amd64.deb",143
"2021-10-03T11:50:37Z","quarto-0.2.188-macos.pkg",21
"2021-10-03T11:50:37Z","quarto-0.2.188-win.msi",23
"2021-10-03T11:50:37Z","quarto-0.2.188.tar.gz",9
"2021-10-02T20:50:08Z","quarto-0.2.186-amd64.deb",11
"2021-10-02T20:50:08Z","quarto-0.2.186-macos.pkg",7
"2021-10-02T20:50:08Z","quarto-0.2.186-win.msi",5
"2021-10-02T20:50:08Z","quarto-0.2.186.tar.gz",4
"2021-09-30T10:00:40Z","quarto-0.2.183-amd64.deb",22
"2021-09-30T10:00:40Z","quarto-0.2.183-macos.pkg",17
"2021-09-30T10:00:40Z","quarto-0.2.183-win.msi",6
"2021-09-30T10:00:40Z","quarto-0.2.183.tar.gz",5
"2021-09-29T19:10:23Z","quarto-0.2.180-amd64.deb",6
"2021-09-29T19:10:23Z","quarto-0.2.180-macos.pkg",7
"2021-09-29T19:10:23Z","quarto-0.2.180-win.msi",9
"2021-09-29T19:10:23Z","quarto-0.2.180.tar.gz",4
"2021-09-28T18:15:11Z","quarto-0.2.178-amd64.deb",12
"2021-09-28T18:15:11Z","quarto-0.2.178-macos.pkg",9
"2021-09-28T18:15:11Z","quarto-0.2.178-win.msi",10
"2021-09-28T18:15:11Z","quarto-0.2.178.tar.gz",5
"2021-09-27T09:58:03Z","quarto-0.2.176-amd64.deb",12
"2021-09-27T09:58:03Z","quarto-0.2.176-macos.pkg",6
"2021-09-27T09:58:03Z","quarto-0.2.176-win.msi",7
"2021-09-27T09:58:03Z","quarto-0.2.176.tar.gz",1
"2021-09-26T11:10:32Z","quarto-0.2.174-amd64.deb",9
"2021-09-26T11:10:32Z","quarto-0.2.174-macos.pkg",7
"2021-09-26T11:10:32Z","quarto-0.2.174-win.msi",9
"2021-09-26T11:10:32Z","quarto-0.2.174.tar.gz",7
"2021-09-25T18:21:59Z","quarto-0.2.172-amd64.deb",6
"2021-09-25T18:21:59Z","quarto-0.2.172-macos.pkg",6
"2021-09-25T18:21:59Z","quarto-0.2.172-win.msi",7
"2021-09-25T18:21:59Z","quarto-0.2.172.tar.gz",4
"2021-09-25T13:16:15Z","quarto-0.2.171-amd64.deb",45
"2021-09-25T13:16:15Z","quarto-0.2.171-macos.pkg",7
"2021-09-25T13:16:15Z","quarto-0.2.171-win.msi",5
"2021-09-25T13:16:15Z","quarto-0.2.171.tar.gz",4
"2021-09-23T12:40:22Z","quarto-0.2.168-amd64.deb",86
"2021-09-23T12:40:22Z","quarto-0.2.168-macos.pkg",11
"2021-09-23T12:40:22Z","quarto-0.2.168-win.msi",10
"2021-09-23T12:40:22Z","quarto-0.2.168.tar.gz",4
"2021-09-22T20:17:41Z","quarto-0.2.166-amd64.deb",5
"2021-09-22T20:17:41Z","quarto-0.2.166-macos.pkg",5
"2021-09-22T20:17:41Z","quarto-0.2.166-win.msi",4
"2021-09-22T20:17:41Z","quarto-0.2.166.tar.gz",4
"2021-09-22T20:17:41Z","quarto-0.2.165-amd64.deb",49
"2021-09-22T20:17:41Z","quarto-0.2.165-macos.pkg",6
"2021-09-22T20:17:41Z","quarto-0.2.165-win.msi",7
"2021-09-22T20:17:41Z","quarto-0.2.165.tar.gz",5
"2021-09-22T15:35:50Z","quarto-0.2.164-amd64.deb",21
"2021-09-22T15:35:50Z","quarto-0.2.164-macos.pkg",6
"2021-09-22T15:35:50Z","quarto-0.2.164-win.msi",6
"2021-09-22T15:35:50Z","quarto-0.2.164.tar.gz",4
"2021-09-22T15:10:04Z","quarto-0.2.163-amd64.deb",5
"2021-09-22T15:10:04Z","quarto-0.2.163-macos.pkg",6
"2021-09-22T15:10:04Z","quarto-0.2.163-win.msi",4
"2021-09-22T15:10:04Z","quarto-0.2.163.tar.gz",4
"2021-09-21T12:35:48Z","quarto-0.2.161-amd64.deb",26
"2021-09-21T12:35:48Z","quarto-0.2.161-macos.pkg",12
"2021-09-21T12:35:48Z","quarto-0.2.161-win.msi",13
"2021-09-21T12:35:48Z","quarto-0.2.161.tar.gz",6
"2021-09-20T19:01:11Z","quarto-0.2.159-amd64.deb",12
"2021-09-20T19:01:11Z","quarto-0.2.159-macos.pkg",8
"2021-09-20T19:01:11Z","quarto-0.2.159-win.msi",7
"2021-09-20T19:01:11Z","quarto-0.2.159.tar.gz",4
"2021-09-20T19:01:11Z","quarto-0.2.158-amd64.deb",4
"2021-09-20T19:01:11Z","quarto-0.2.158.tar.gz",4
"2021-09-20T13:57:48Z","quarto-0.2.157-amd64.deb",8
"2021-09-20T13:57:48Z","quarto-0.2.157.tar.gz",5
"2021-09-09T11:41:19Z","quarto-0.2.144-amd64.deb",72
"2021-09-09T11:41:19Z","quarto-0.2.144-macos.pkg",24
"2021-09-09T11:41:19Z","quarto-0.2.144-win.msi",28
"2021-09-09T11:41:19Z","quarto-0.2.144.tar.gz",10
"2021-09-09T11:16:03Z","quarto-0.2.143-amd64.deb",10
"2021-09-09T11:16:03Z","quarto-0.2.143-macos.pkg",6
"2021-09-09T11:16:03Z","quarto-0.2.143-win.msi",18
"2021-09-09T11:16:03Z","quarto-0.2.143.tar.gz",6
"2021-09-08T20:13:43Z","quarto-0.2.141-amd64.deb",40
"2021-09-08T20:13:43Z","quarto-0.2.141-macos.pkg",7
"2021-09-08T20:13:43Z","quarto-0.2.141-win.msi",8
"2021-09-08T20:13:43Z","quarto-0.2.141.tar.gz",4
"2021-09-07T13:30:35Z","quarto-0.2.137-amd64.deb",94
"2021-09-07T13:30:35Z","quarto-0.2.137-macos.pkg",19
"2021-09-07T13:30:35Z","quarto-0.2.137-win.msi",39
"2021-09-07T13:30:35Z","quarto-0.2.137.tar.gz",6
"2021-09-07T12:18:48Z","quarto-0.2.136-amd64.deb",5
"2021-09-07T12:18:48Z","quarto-0.2.136-macos.pkg",9
"2021-09-07T12:18:48Z","quarto-0.2.136-win.msi",5
"2021-09-07T12:18:48Z","quarto-0.2.136.tar.gz",6
"2021-09-06T11:02:18Z","quarto-0.2.134-amd64.deb",8
"2021-09-06T11:02:18Z","quarto-0.2.134-macos.pkg",8
"2021-09-06T11:02:18Z","quarto-0.2.134-win.msi",13
"2021-09-06T11:02:18Z","quarto-0.2.134.tar.gz",5
"2021-09-05T18:39:31Z","quarto-0.2.132-amd64.deb",5
"2021-09-05T18:39:31Z","quarto-0.2.132-macos.pkg",7
"2021-09-05T18:39:31Z","quarto-0.2.132-win.msi",5
"2021-09-05T18:39:31Z","quarto-0.2.132.tar.gz",6
"2021-09-04T20:41:36Z","quarto-0.2.130-amd64.deb",8
"2021-09-04T20:41:36Z","quarto-0.2.130-macos.pkg",9
"2021-09-04T20:41:36Z","quarto-0.2.130-win.msi",9
"2021-09-04T20:41:36Z","quarto-0.2.130.tar.gz",5
"2021-09-04T20:33:47Z","quarto-0.2.129-amd64.deb",5
"2021-09-04T20:33:47Z","quarto-0.2.129-macos.pkg",7
"2021-09-04T20:33:47Z","quarto-0.2.129-win.msi",5
"2021-09-04T20:33:47Z","quarto-0.2.129.tar.gz",5
"2021-09-03T23:29:50Z","quarto-0.2.127-amd64.deb",5
"2021-09-03T23:29:50Z","quarto-0.2.127-macos.pkg",9
"2021-09-03T23:29:50Z","quarto-0.2.127-win.msi",11
"2021-09-03T23:29:50Z","quarto-0.2.127.tar.gz",5
"2021-09-03T20:48:48Z","quarto-0.2.126-amd64.deb",5
"2021-09-03T20:48:48Z","quarto-0.2.126-macos.pkg",6
"2021-09-03T20:48:48Z","quarto-0.2.126-win.msi",7
"2021-09-03T20:48:48Z","quarto-0.2.126.tar.gz",6
"2021-09-03T20:03:34Z","quarto-0.2.125-amd64.deb",6
"2021-09-03T20:03:34Z","quarto-0.2.125-macos.pkg",6
"2021-09-03T20:03:34Z","quarto-0.2.125-win.msi",7
"2021-09-03T20:03:34Z","quarto-0.2.125.tar.gz",5
"2021-09-03T18:04:49Z","quarto-0.2.124-amd64.deb",5
"2021-09-03T18:04:49Z","quarto-0.2.124-macos.pkg",6
"2021-09-03T18:04:49Z","quarto-0.2.124-win.msi",7
"2021-09-03T18:04:49Z","quarto-0.2.124.tar.gz",6
"2021-09-03T11:53:10Z","quarto-0.2.123-amd64.deb",5
"2021-09-03T11:53:10Z","quarto-0.2.123-macos.pkg",8
"2021-09-03T11:53:10Z","quarto-0.2.123-win.msi",8
"2021-09-03T11:53:10Z","quarto-0.2.123.tar.gz",5
"2021-09-02T19:04:20Z","quarto-0.2.121-amd64.deb",6
"2021-09-02T19:04:20Z","quarto-0.2.121-macos.pkg",8
"2021-09-02T19:04:20Z","quarto-0.2.121-win.msi",9
"2021-09-02T19:04:20Z","quarto-0.2.121.tar.gz",6
"2021-09-02T15:21:17Z","quarto-0.2.120-amd64.deb",6
"2021-09-02T15:21:17Z","quarto-0.2.120-macos.pkg",7
"2021-09-02T15:21:17Z","quarto-0.2.120-win.msi",6
"2021-09-02T15:21:17Z","quarto-0.2.120.tar.gz",5
"2021-09-02T13:32:39Z","quarto-0.2.118-amd64.deb",5
"2021-09-02T13:32:39Z","quarto-0.2.118-macos.pkg",8
"2021-09-02T13:32:39Z","quarto-0.2.118-win.msi",5
"2021-09-02T13:32:39Z","quarto-0.2.118.tar.gz",5
"2021-09-01T15:42:24Z","quarto-0.2.116-amd64.deb",16
"2021-09-01T15:42:24Z","quarto-0.2.116-macos.pkg",11
"2021-09-01T15:42:24Z","quarto-0.2.116-win.msi",11
"2021-09-01T15:42:24Z","quarto-0.2.116.tar.gz",6
"2021-09-01T13:41:22Z","quarto-0.2.115-amd64.deb",6
"2021-09-01T13:41:22Z","quarto-0.2.115-macos.pkg",6
"2021-09-01T13:41:22Z","quarto-0.2.115-win.msi",6
"2021-09-01T13:41:22Z","quarto-0.2.115.tar.gz",5
"2021-09-01T11:31:48Z","quarto-0.2.114-amd64.deb",19
"2021-09-01T11:31:48Z","quarto-0.2.114-macos.pkg",6
"2021-09-01T11:31:48Z","quarto-0.2.114-win.msi",7
"2021-09-01T11:31:48Z","quarto-0.2.114.tar.gz",5
"2021-08-31T23:26:03Z","quarto-0.2.112-amd64.deb",7
"2021-08-31T23:26:03Z","quarto-0.2.112-macos.pkg",12
"2021-08-31T23:26:03Z","quarto-0.2.112-win.msi",10
"2021-08-31T23:26:03Z","quarto-0.2.112.tar.gz",6
"2021-08-31T21:07:59Z","quarto-0.2.111-amd64.deb",7
"2021-08-31T21:07:59Z","quarto-0.2.111-macos.pkg",8
"2021-08-31T21:07:59Z","quarto-0.2.111-win.msi",8
"2021-08-31T21:07:59Z","quarto-0.2.111.tar.gz",6
"2021-08-30T16:58:29Z","quarto-0.2.109-amd64.deb",9
"2021-08-30T16:58:29Z","quarto-0.2.109-macos.pkg",11
"2021-08-30T16:58:29Z","quarto-0.2.109-win.msi",13
"2021-08-30T16:58:29Z","quarto-0.2.109.tar.gz",8
"2021-08-17T16:36:46Z","quarto-0.2.94-amd64.deb",103
"2021-08-17T16:36:46Z","quarto-0.2.94-macos.pkg",32
"2021-08-17T16:36:46Z","quarto-0.2.94-win.msi",30
"2021-08-17T16:36:46Z","quarto-0.2.94.tar.gz",14
"2021-08-17T11:15:24Z","quarto-0.2.93-amd64.deb",8763
"2021-08-17T11:15:24Z","quarto-0.2.93-macos.pkg",13
"2021-08-17T11:15:24Z","quarto-0.2.93-win.msi",7
"2021-08-17T11:15:24Z","quarto-0.2.93.tar.gz",5
"2021-08-16T21:08:03Z","quarto-0.2.91-amd64.deb",7
"2021-08-16T21:08:03Z","quarto-0.2.91-macos.pkg",10
"2021-08-16T21:08:03Z","quarto-0.2.91-win.msi",9
"2021-08-16T21:08:03Z","quarto-0.2.91.tar.gz",5
"2021-08-16T21:08:03Z","quarto-0.2.90-amd64.deb",6
"2021-08-16T21:08:03Z","quarto-0.2.90-macos.pkg",7
"2021-08-16T21:08:03Z","quarto-0.2.90-win.msi",6
"2021-08-16T21:08:03Z","quarto-0.2.90.tar.gz",6
"2021-08-16T12:17:45Z","quarto-0.2.89-amd64.deb",21
"2021-08-16T12:17:45Z","quarto-0.2.89-macos.pkg",12
"2021-08-16T12:17:45Z","quarto-0.2.89-win.msi",9
"2021-08-16T12:17:45Z","quarto-0.2.89.tar.gz",259
"2021-08-15T19:42:58Z","quarto-0.2.87-amd64.deb",6
"2021-08-15T19:42:58Z","quarto-0.2.87-macos.pkg",8
"2021-08-15T19:42:58Z","quarto-0.2.87-win.msi",8
"2021-08-15T19:42:58Z","quarto-0.2.87.tar.gz",5
"2021-08-14T22:42:06Z","quarto-0.2.85-amd64.deb",7
"2021-08-14T22:42:06Z","quarto-0.2.85-macos.pkg",9
"2021-08-14T22:42:06Z","quarto-0.2.85-win.msi",6
"2021-08-14T22:42:06Z","quarto-0.2.85.tar.gz",5
"2021-08-13T20:22:31Z","quarto-0.2.83-amd64.deb",8
"2021-08-13T20:22:31Z","quarto-0.2.83-macos.pkg",8
"2021-08-13T20:22:31Z","quarto-0.2.83-win.msi",6
"2021-08-13T20:22:31Z","quarto-0.2.83.tar.gz",41
"2021-08-13T19:15:40Z","quarto-0.2.82-amd64.deb",5
"2021-08-13T19:15:40Z","quarto-0.2.82-macos.pkg",8
"2021-08-13T19:15:40Z","quarto-0.2.82-win.msi",9
"2021-08-13T19:15:40Z","quarto-0.2.82.tar.gz",7
"2021-08-13T18:53:31Z","quarto-0.2.81-amd64.deb",7
"2021-08-13T18:53:31Z","quarto-0.2.81-macos.pkg",8
"2021-08-13T18:53:31Z","quarto-0.2.81-win.msi",6
"2021-08-13T18:53:31Z","quarto-0.2.81.tar.gz",6
"2021-08-13T12:25:10Z","quarto-0.2.80-amd64.deb",7
"2021-08-13T12:25:10Z","quarto-0.2.80-macos.pkg",9
"2021-08-13T12:25:10Z","quarto-0.2.80-win.msi",8
"2021-08-13T12:25:10Z","quarto-0.2.80.tar.gz",5
"2021-08-12T23:44:57Z","quarto-0.2.78-amd64.deb",5
"2021-08-12T23:44:57Z","quarto-0.2.78-macos.pkg",7
"2021-08-12T23:44:57Z","quarto-0.2.78-win.msi",7
"2021-08-12T23:44:57Z","quarto-0.2.78.tar.gz",6
"2021-08-12T10:12:54Z","quarto-0.2.77-amd64.deb",7
"2021-08-12T10:12:54Z","quarto-0.2.77-macos.pkg",11
"2021-08-12T10:12:54Z","quarto-0.2.77-win.msi",7
"2021-08-12T10:12:54Z","quarto-0.2.77.tar.gz",35
"2021-08-11T18:19:46Z","quarto-0.2.75-amd64.deb",8
"2021-08-11T18:19:46Z","quarto-0.2.75-macos.pkg",8
"2021-08-11T18:19:46Z","quarto-0.2.75-win.msi",6
"2021-08-11T18:19:46Z","quarto-0.2.75.tar.gz",5
"2021-08-10T00:39:10Z","quarto-0.2.72-amd64.deb",282
"2021-08-10T00:39:10Z","quarto-0.2.72-macos.pkg",14
"2021-08-10T00:39:10Z","quarto-0.2.72-win.msi",8
"2021-08-10T00:39:10Z","quarto-0.2.72.tar.gz",6
"2021-08-09T19:35:38Z","quarto-0.2.71-amd64.deb",6
"2021-08-09T19:35:38Z","quarto-0.2.71-macos.pkg",7
"2021-08-09T19:35:38Z","quarto-0.2.71-win.msi",7
"2021-08-09T19:35:38Z","quarto-0.2.71.tar.gz",5
"2021-08-09T19:35:38Z","quarto-0.2.70-amd64.deb",5
"2021-08-09T19:35:38Z","quarto-0.2.70-macos.pkg",8
"2021-08-09T19:35:38Z","quarto-0.2.70-win.msi",6
"2021-08-09T19:35:38Z","quarto-0.2.70.tar.gz",6
"2021-08-09T19:04:06Z","quarto-0.2.69-amd64.deb",18
"2021-08-09T19:04:06Z","quarto-0.2.69-macos.pkg",7
"2021-08-09T19:04:06Z","quarto-0.2.69-win.msi",6
"2021-08-09T19:04:06Z","quarto-0.2.69.tar.gz",5
"2021-08-09T17:32:10Z","quarto-0.2.68-amd64.deb",7
"2021-08-09T17:32:10Z","quarto-0.2.68-macos.pkg",8
"2021-08-09T17:32:10Z","quarto-0.2.68-win.msi",8
"2021-08-09T17:32:10Z","quarto-0.2.68.tar.gz",6
"2021-08-09T16:43:18Z","quarto-0.2.67-amd64.deb",7
"2021-08-09T16:43:18Z","quarto-0.2.67.tar.gz",5
"2021-08-08T12:20:15Z","quarto-0.2.65-amd64.deb",7
"2021-08-08T12:20:15Z","quarto-0.2.65-macos.pkg",11
"2021-08-08T12:20:15Z","quarto-0.2.65-win.msi",7
"2021-08-08T12:20:15Z","quarto-0.2.65.tar.gz",6
"2021-08-06T23:15:15Z","quarto-0.2.62-amd64.deb",113
"2021-08-06T23:15:15Z","quarto-0.2.62-macos.pkg",9
"2021-08-06T23:15:15Z","quarto-0.2.62-win.msi",6
"2021-08-06T23:15:15Z","quarto-0.2.62.tar.gz",5
"2021-08-06T00:38:47Z","quarto-0.2.60-amd64.deb",14
"2021-08-06T00:38:47Z","quarto-0.2.60-macos.pkg",10
"2021-08-06T00:38:47Z","quarto-0.2.60-win.msi",8
"2021-08-06T00:38:47Z","quarto-0.2.60.tar.gz",7
"2021-08-05T20:52:01Z","quarto-0.2.59-amd64.deb",6
"2021-08-05T20:52:01Z","quarto-0.2.59-macos.pkg",9
"2021-08-05T20:52:01Z","quarto-0.2.59-win.msi",6
"2021-08-05T20:52:01Z","quarto-0.2.59.tar.gz",5
"2021-08-05T14:34:39Z","quarto-0.2.58-amd64.deb",5
"2021-08-05T14:34:39Z","quarto-0.2.58-macos.pkg",8
"2021-08-05T14:34:39Z","quarto-0.2.58-win.msi",6
"2021-08-05T14:34:39Z","quarto-0.2.58.tar.gz",5
"2021-08-04T17:27:02Z","quarto-0.2.56-amd64.deb",6
"2021-08-04T17:27:02Z","quarto-0.2.56-macos.pkg",8
"2021-08-04T17:27:02Z","quarto-0.2.56-win.msi",7
"2021-08-04T17:27:02Z","quarto-0.2.56.tar.gz",7
"2021-08-04T16:01:22Z","quarto-0.2.55-amd64.deb",18
"2021-08-04T16:01:22Z","quarto-0.2.55-macos.pkg",11
"2021-08-04T16:01:22Z","quarto-0.2.55-win.msi",8
"2021-08-04T16:01:22Z","quarto-0.2.55.tar.gz",7
"2021-08-04T13:45:18Z","quarto-0.2.54-amd64.deb",6
"2021-08-04T13:45:18Z","quarto-0.2.54-macos.pkg",9
"2021-08-04T13:45:18Z","quarto-0.2.54-win.msi",6
"2021-08-04T13:45:18Z","quarto-0.2.54.tar.gz",5
"2021-08-04T11:24:14Z","quarto-0.2.53-amd64.deb",7
"2021-08-04T11:24:14Z","quarto-0.2.53-macos.pkg",9
"2021-08-04T11:24:14Z","quarto-0.2.53-win.msi",6
"2021-08-04T11:24:14Z","quarto-0.2.53.tar.gz",6
"2021-08-03T22:21:10Z","quarto-0.2.51-amd64.deb",6
"2021-08-03T22:21:10Z","quarto-0.2.51-macos.pkg",8
"2021-08-03T22:21:10Z","quarto-0.2.51-win.msi",7
"2021-08-03T22:21:10Z","quarto-0.2.51.tar.gz",11
"2021-08-03T19:41:27Z","quarto-0.2.50-amd64.deb",5
"2021-08-03T19:41:27Z","quarto-0.2.50-macos.pkg",7
"2021-08-03T19:41:27Z","quarto-0.2.50-win.msi",9
"2021-08-03T19:41:27Z","quarto-0.2.50.tar.gz",5
"2021-08-03T10:31:20Z","quarto-0.2.49-amd64.deb",5
"2021-08-03T10:31:20Z","quarto-0.2.49-macos.pkg",11
"2021-08-03T10:31:20Z","quarto-0.2.49-win.msi",8
"2021-08-03T10:31:20Z","quarto-0.2.49.tar.gz",6
"2021-08-03T00:38:14Z","quarto-0.2.47-amd64.deb",7
"2021-08-03T00:38:14Z","quarto-0.2.47-macos.pkg",11
"2021-08-03T00:38:14Z","quarto-0.2.47-win.msi",7
"2021-08-03T00:38:14Z","quarto-0.2.47.tar.gz",6
"2021-08-02T23:20:28Z","quarto-0.2.46-amd64.deb",6
"2021-08-02T23:20:28Z","quarto-0.2.46-macos.pkg",8
"2021-08-02T23:20:28Z","quarto-0.2.46-win.msi",6
"2021-08-02T23:20:28Z","quarto-0.2.46.tar.gz",5
"2021-08-02T01:06:20Z","quarto-0.2.44-amd64.deb",9
"2021-08-02T01:06:20Z","quarto-0.2.44-macos.pkg",12
"2021-08-02T01:06:20Z","quarto-0.2.44-win.msi",9
"2021-08-02T01:06:20Z","quarto-0.2.44.tar.gz",10
"2021-07-30T00:46:17Z","quarto-0.2.40-amd64.deb",23
"2021-07-30T00:46:17Z","quarto-0.2.40-macos.pkg",15
"2021-07-30T00:46:17Z","quarto-0.2.40-win.msi",8
"2021-07-30T00:46:17Z","quarto-0.2.40.tar.gz",5
"2021-07-30T00:25:41Z","quarto-0.2.39-amd64.deb",6
"2021-07-30T00:25:41Z","quarto-0.2.39-macos.pkg",8
"2021-07-30T00:25:41Z","quarto-0.2.39-win.msi",5
"2021-07-30T00:25:41Z","quarto-0.2.39.tar.gz",9
"2021-07-29T14:21:27Z","quarto-0.2.38-amd64.deb",34
"2021-07-29T14:21:27Z","quarto-0.2.38-macos.pkg",13
"2021-07-29T14:21:27Z","quarto-0.2.38-win.msi",8
"2021-07-29T14:21:27Z","quarto-0.2.38.tar.gz",5
"2021-07-29T10:17:58Z","quarto-0.2.37-amd64.deb",6
"2021-07-29T10:17:58Z","quarto-0.2.37-macos.pkg",7
"2021-07-29T10:17:58Z","quarto-0.2.37-win.msi",8
"2021-07-29T10:17:58Z","quarto-0.2.37.tar.gz",6
"2021-07-29T09:13:38Z","quarto-0.2.36-amd64.deb",5
"2021-07-29T09:13:38Z","quarto-0.2.36-macos.pkg",6
"2021-07-29T09:13:38Z","quarto-0.2.36-win.msi",7
"2021-07-29T09:13:38Z","quarto-0.2.36.tar.gz",5
"2021-07-28T22:44:03Z","quarto-0.2.34-amd64.deb",14
"2021-07-28T22:44:03Z","quarto-0.2.34-macos.pkg",6
"2021-07-28T22:44:03Z","quarto-0.2.34-win.msi",10
"2021-07-28T22:44:03Z","quarto-0.2.34.tar.gz",6
"2021-07-27T21:00:17Z","quarto-0.2.32-amd64.deb",11
"2021-07-27T21:00:17Z","quarto-0.2.32-macos.pkg",19
"2021-07-27T21:00:17Z","quarto-0.2.32-win.msi",12
"2021-07-27T21:00:17Z","quarto-0.2.32.tar.gz",7
"2021-07-24T15:17:04Z","quarto-0.2.28-amd64.deb",10
"2021-07-24T15:17:04Z","quarto-0.2.28-macos.pkg",12
"2021-07-24T15:17:04Z","quarto-0.2.28-win.msi",10
"2021-07-24T15:17:04Z","quarto-0.2.28.tar.gz",140
"2021-07-23T16:19:44Z","quarto-0.2.26-amd64.deb",313
"2021-07-23T16:19:44Z","quarto-0.2.26-macos.pkg",8
"2021-07-23T16:19:44Z","quarto-0.2.26-win.msi",9
"2021-07-23T16:19:44Z","quarto-0.2.26.tar.gz",5
"2021-07-20T15:58:51Z","quarto-0.2.22-amd64.deb",1178
"2021-07-20T15:58:51Z","quarto-0.2.22-macos.pkg",21
"2021-07-20T15:58:51Z","quarto-0.2.22-win.msi",9
"2021-07-20T15:58:51Z","quarto-0.2.22.tar.gz",5
"2021-07-20T13:50:29Z","quarto-0.2.21-amd64.deb",5
"2021-07-20T13:50:29Z","quarto-0.2.21-macos.pkg",7
"2021-07-20T13:50:29Z","quarto-0.2.21-win.msi",8
"2021-07-20T13:50:29Z","quarto-0.2.21.tar.gz",6
"2021-07-19T19:41:36Z","quarto-0.2.19-amd64.deb",7
"2021-07-19T19:41:36Z","quarto-0.2.19-macos.pkg",9
"2021-07-19T19:41:36Z","quarto-0.2.19-win.msi",10
"2021-07-19T19:41:36Z","quarto-0.2.19.tar.gz",6
"2021-07-17T17:21:49Z","quarto-0.2.16-amd64.deb",7
"2021-07-17T17:21:49Z","quarto-0.2.16-macos.pkg",11
"2021-07-17T17:21:49Z","quarto-0.2.16-win.msi",10
"2021-07-17T17:21:49Z","quarto-0.2.16.tar.gz",5
"2021-07-16T18:28:44Z","quarto-0.2.13-amd64.deb",15
"2021-07-16T18:28:44Z","quarto-0.2.13-macos.pkg",10
"2021-07-16T18:28:44Z","quarto-0.2.13-win.msi",7
"2021-07-16T18:28:44Z","quarto-0.2.13.tar.gz",5
"2021-07-16T12:35:31Z","quarto-0.2.12-amd64.deb",7
"2021-07-16T12:35:31Z","quarto-0.2.12-macos.pkg",9
"2021-07-16T12:35:31Z","quarto-0.2.12-win.msi",7
"2021-07-16T12:35:31Z","quarto-0.2.12.tar.gz",6
"2021-07-15T12:46:43Z","quarto-0.1.367-amd64.deb",162
"2021-07-15T12:46:43Z","quarto-0.1.367-macos.pkg",9
"2021-07-15T12:46:43Z","quarto-0.1.367-win.msi",10
"2021-07-15T00:52:32Z","quarto-0.1.365-amd64.deb",6
"2021-07-15T00:52:32Z","quarto-0.1.365-macos.pkg",7
"2021-07-15T00:52:32Z","quarto-0.1.365-win.msi",8
"2021-07-15T00:40:33Z","quarto-0.1.364-amd64.deb",6
"2021-07-15T00:40:33Z","quarto-0.1.364-macos.pkg",7
"2021-07-15T00:40:33Z","quarto-0.1.364-win.msi",5
"2021-07-14T20:09:12Z","quarto-0.1.363-amd64.deb",5
"2021-07-14T20:09:12Z","quarto-0.1.363-macos.pkg",14
"2021-07-14T20:09:12Z","quarto-0.1.363-win.msi",5
"2021-07-14T16:35:26Z","quarto-0.1.361-amd64.deb",7
"2021-07-14T16:35:26Z","quarto-0.1.361-macos.pkg",10
"2021-07-14T16:35:26Z","quarto-0.1.361-win.msi",7
"2021-07-14T11:19:11Z","quarto-0.1.351-amd64.deb",7
"2021-07-14T11:19:11Z","quarto-0.1.351-macos.pkg",7
"2021-07-14T11:19:11Z","quarto-0.1.351-win.msi",9
"2021-07-13T16:19:26Z","quarto-0.1.346-amd64.deb",58
"2021-07-13T16:19:26Z","quarto-0.1.346-macos.pkg",13
"2021-07-13T16:19:26Z","quarto-0.1.346-win.msi",7
"2021-07-13T00:39:59Z","quarto-0.1.344-amd64.deb",769
"2021-07-13T00:39:59Z","quarto-0.1.344-macos.pkg",10
"2021-07-13T00:39:59Z","quarto-0.1.344-win.msi",10
"2021-07-11T22:43:31Z","quarto-0.1.341-amd64.deb",6
"2021-07-11T22:43:31Z","quarto-0.1.341-macos.pkg",8
"2021-07-11T22:43:31Z","quarto-0.1.341-win.msi",8
"2021-07-11T12:40:56Z","quarto-0.1.340-amd64.deb",5
"2021-07-11T12:40:56Z","quarto-0.1.340-macos.pkg",7
"2021-07-11T12:40:56Z","quarto-0.1.340-win.msi",6
"2021-07-09T00:28:56Z","quarto-0.1.336-amd64.deb",14
"2021-07-09T00:28:56Z","quarto-0.1.336-macos.pkg",10
"2021-07-09T00:28:56Z","quarto-0.1.336-win.msi",10
"2021-07-08T20:51:25Z","quarto-0.1.335-amd64.deb",6
"2021-07-08T20:51:25Z","quarto-0.1.335-macos.pkg",11
"2021-07-08T20:51:25Z","quarto-0.1.335-win.msi",7
"2021-07-08T18:20:15Z","quarto-0.1.333-amd64.deb",7
"2021-07-08T18:20:15Z","quarto-0.1.333-macos.pkg",9
"2021-07-08T18:20:15Z","quarto-0.1.333-win.msi",9
"2021-07-02T16:13:42Z","quarto-0.1.319-amd64.deb",41
"2021-07-02T16:13:42Z","quarto-0.1.319-macos.pkg",10
"2021-07-02T16:13:42Z","quarto-0.1.319-win.msi",13
"2021-07-01T13:08:33Z","quarto-0.1.313-amd64.deb",13
"2021-07-01T13:08:33Z","quarto-0.1.313-macos.pkg",8
"2021-07-01T13:08:33Z","quarto-0.1.313-win.msi",12
"2021-06-30T12:03:56Z","quarto-0.1.310-amd64.deb",24
"2021-06-30T12:03:56Z","quarto-0.1.310-macos.pkg",6
"2021-06-30T12:03:56Z","quarto-0.1.310-win.msi",8
"2021-06-29T10:02:44Z","quarto-0.1.307-amd64.deb",9
"2021-06-29T10:02:44Z","quarto-0.1.307-macos.pkg",10
"2021-06-29T10:02:44Z","quarto-0.1.307-win.msi",8
"2021-06-28T21:16:29Z","quarto-0.1.305-amd64.deb",6
"2021-06-28T21:16:29Z","quarto-0.1.305-macos.pkg",8
"2021-06-28T21:16:29Z","quarto-0.1.305-win.msi",8
"2021-06-27T17:10:04Z","quarto-0.1.303-amd64.deb",5
"2021-06-27T17:10:04Z","quarto-0.1.303-macos.pkg",10
"2021-06-27T17:10:04Z","quarto-0.1.303-win.msi",7
"2021-06-27T15:08:30Z","quarto-0.1.302-amd64.deb",5
"2021-06-27T15:08:30Z","quarto-0.1.302-macos.pkg",10
"2021-06-27T15:08:30Z","quarto-0.1.302-win.msi",6
"2021-06-26T21:33:51Z","quarto-0.1.299-amd64.deb",6
"2021-06-26T21:33:51Z","quarto-0.1.299-macos.pkg",7
"2021-06-26T21:33:51Z","quarto-0.1.299-win.msi",8
"2021-06-24T20:56:07Z","quarto-0.1.296-amd64.deb",50
"2021-06-24T20:56:07Z","quarto-0.1.296-macos.pkg",10
"2021-06-24T20:56:07Z","quarto-0.1.296-win.msi",11
"2021-06-24T16:58:46Z","quarto-0.1.295-amd64.deb",11
"2021-06-24T16:58:46Z","quarto-0.1.295-macos.pkg",8
"2021-06-24T16:58:46Z","quarto-0.1.295-win.msi",6
"2021-06-22T20:33:47Z","quarto-0.1.292-amd64.deb",150
"2021-06-22T20:33:47Z","quarto-0.1.292-macos.pkg",8
"2021-06-22T20:33:47Z","quarto-0.1.292-win.msi",9
"2021-06-22T19:43:10Z","quarto-0.1.291-amd64.deb",6
"2021-06-22T19:43:10Z","quarto-0.1.291-macos.pkg",7
"2021-06-22T19:43:10Z","quarto-0.1.291-win.msi",5
"2021-06-22T18:04:58Z","quarto-0.1.290-amd64.deb",8
"2021-06-22T18:04:58Z","quarto-0.1.290-macos.pkg",7
"2021-06-22T18:04:58Z","quarto-0.1.290-win.msi",7
"2021-06-22T13:13:52Z","quarto-0.1.289-amd64.deb",12
"2021-06-22T13:13:52Z","quarto-0.1.289-macos.pkg",6
"2021-06-22T13:13:52Z","quarto-0.1.289-win.msi",6
"2021-06-21T18:16:12Z","quarto-0.1.287-amd64.deb",10
"2021-06-21T18:16:12Z","quarto-0.1.287-macos.pkg",7
"2021-06-21T18:16:12Z","quarto-0.1.287-win.msi",10
"2021-06-21T14:34:36Z","quarto-0.1.286-amd64.deb",5
"2021-06-21T14:34:36Z","quarto-0.1.286-macos.pkg",9
"2021-06-21T14:34:36Z","quarto-0.1.286-win.msi",6
"2021-06-20T11:01:10Z","quarto-0.1.284-amd64.deb",14
"2021-06-20T11:01:10Z","quarto-0.1.284-macos.pkg",10
"2021-06-20T11:01:10Z","quarto-0.1.284-win.msi",10
"2021-06-19T20:38:30Z","quarto-0.1.281-amd64.deb",6
"2021-06-19T20:38:30Z","quarto-0.1.281-macos.pkg",8
"2021-06-19T20:38:30Z","quarto-0.1.281-win.msi",7
"2021-06-18T20:18:03Z","quarto-0.1.279-amd64.deb",5
"2021-06-18T20:18:03Z","quarto-0.1.279-macos.pkg",6
"2021-06-18T20:18:03Z","quarto-0.1.279-win.msi",10
"2021-06-18T18:55:52Z","quarto-0.1.278-amd64.deb",6
"2021-06-18T18:55:52Z","quarto-0.1.278-macos.pkg",7
"2021-06-18T18:55:52Z","quarto-0.1.278-win.msi",8
"2021-06-18T12:22:12Z","quarto-0.1.276-amd64.deb",9
"2021-06-18T12:22:12Z","quarto-0.1.276-macos.pkg",15
"2021-06-18T12:22:12Z","quarto-0.1.276-win.msi",6
"2021-06-17T16:40:59Z","quarto-0.1.273-amd64.deb",21
"2021-06-17T16:40:59Z","quarto-0.1.273-macos.pkg",9
"2021-06-17T16:40:59Z","quarto-0.1.273-win.msi",11
"2021-06-17T13:44:07Z","quarto-0.1-amd64.deb",20
"2021-06-17T13:44:07Z","quarto-0.1-macos.pkg",6
"2021-06-17T13:44:07Z","quarto-0.1-win.msi",8
"2021-06-17T01:25:39Z","quarto-0.1-amd64.deb",7
"2021-06-17T01:25:39Z","quarto-0.1-macos.pkg",9
"2021-06-17T01:25:39Z","quarto-0.1-win.msi",14
"2021-06-16T16:52:24Z","quarto-0.1-amd64.deb",7
"2021-06-16T16:52:24Z","quarto-0.1-macos.pkg",7
"2021-06-16T16:52:24Z","quarto-0.1-win.msi",7
"2021-06-16T13:05:27Z","quarto-0.1-amd64.deb",8
"2021-06-16T13:05:27Z","quarto-0.1-macos.pkg",9
"2021-06-16T13:05:27Z","quarto-0.1-win.msi",6
"2021-06-16T01:35:06Z","quarto-0.1-amd64.deb",5
"2021-06-16T01:35:06Z","quarto-0.1-macos.pkg",6
"2021-06-16T01:35:06Z","quarto-0.1-win.msi",12
"2021-06-16T00:25:01Z","quarto-0.1-amd64.deb",6
"2021-06-16T00:25:01Z","quarto-0.1-macos.pkg",6
"2021-06-16T00:25:01Z","quarto-0.1-win.msi",6
"2021-06-15T12:35:28Z","quarto-0.1-amd64.deb",10
"2021-06-15T12:35:28Z","quarto-0.1-macos.pkg",6
"2021-06-15T12:35:28Z","quarto-0.1-win.msi",8
"2021-06-13T13:19:38Z","quarto-0.1-amd64.deb",51
"2021-06-13T13:19:38Z","quarto-0.1-macos.pkg",7
"2021-06-13T13:19:38Z","quarto-0.1-win.msi",25
"2021-06-13T12:00:29Z","quarto-0.1-amd64.deb",5
"2021-06-13T12:00:29Z","quarto-0.1-macos.pkg",10
"2021-06-13T12:00:29Z","quarto-0.1-win.msi",6
"2021-06-12T14:19:11Z","quarto-0.1-amd64.deb",74
"2021-06-12T14:19:11Z","quarto-0.1-macos.pkg",6
"2021-06-12T14:19:11Z","quarto-0.1-win.msi",28
"2021-06-10T17:37:11Z","quarto-0.1-amd64.deb",7
"2021-06-10T17:37:11Z","quarto-0.1-macos.pkg",8
"2021-06-10T17:37:11Z","quarto-0.1-win.msi",12
"2021-06-09T21:07:50Z","quarto-0.1-amd64.deb",6
"2021-06-09T21:07:50Z","quarto-0.1-macos.pkg",13
"2021-06-09T21:07:50Z","quarto-0.1-win.msi",9
"2021-06-09T17:22:52Z","quarto-0.1-amd64.deb",1
"2021-06-09T17:22:52Z","quarto-0.1-macos.pkg",6
"2021-06-09T17:22:52Z","quarto-0.1-win.msi",5
"2021-06-04T23:52:57Z","quarto-0.1-amd64.deb",5
"2021-06-04T23:52:57Z","quarto-0.1-macos.pkg",7
"2021-06-04T23:52:57Z","quarto-0.1-win.msi",12
"2021-06-02T15:51:56Z","quarto-0.1-amd64.deb",6
"2021-06-02T15:51:56Z","quarto-0.1-macos.pkg",7
"2021-06-02T15:51:56Z","quarto-0.1-win.msi",9
"2021-06-02T13:28:57Z","quarto-0.1-amd64.deb",5
"2021-06-02T13:28:57Z","quarto-0.1-macos.pkg",8
"2021-06-02T13:28:57Z","quarto-0.1-win.msi",6
"2021-06-02T02:32:27Z","quarto-0.1-amd64.deb",6
"2021-06-02T02:32:27Z","quarto-0.1-macos.pkg",6
"2021-06-02T02:32:27Z","quarto-0.1-win.msi",10
"2021-06-02T01:12:13Z","quarto-0.1-amd64.deb",9
"2021-06-02T01:12:13Z","quarto-0.1-macos.pkg",11
"2021-06-02T01:12:13Z","quarto-0.1-win.msi",5
"2021-06-01T17:04:44Z","quarto-0.1-amd64.deb",2
"2021-06-01T17:04:44Z","quarto-0.1-macos.pkg",5
"2021-06-01T17:04:44Z","quarto-0.1-win.msi",6
"2021-06-01T15:33:13Z","quarto-0.1-amd64.deb",1
"2021-06-01T15:33:13Z","quarto-0.1-macos.pkg",2
"2021-06-01T15:33:13Z","quarto-0.1-win.msi",3
"2021-05-27T14:42:09Z","quarto-0.1-amd64.deb",1
"2021-05-27T14:42:09Z","quarto-0.1-macos.pkg",4
"2021-05-27T14:42:09Z","quarto-0.1-win.msi",1
"2021-05-26T13:32:35Z","quarto-0.1-amd64.deb",5
"2021-05-26T13:32:35Z","quarto-0.1-macos.pkg",6
"2021-05-26T13:32:35Z","quarto-0.1-win.msi",16
"2021-05-17T13:40:05Z","quarto-0.1-amd64.deb",5
"2021-05-17T13:40:05Z","quarto-0.1-macos.pkg",6
"2021-05-17T13:40:05Z","quarto-0.1-win.msi",7
"2021-04-29T12:35:21Z","quarto-0.1-amd64.deb",5
"2021-04-29T12:35:21Z","quarto-0.1-macos.pkg",7
"2021-04-29T12:35:21Z","quarto-0.1-win.msi",7
"2021-04-14T23:56:16Z","quarto-0.1-amd64.deb",6
"2021-04-14T23:56:16Z","quarto-0.1-macos.pkg",9
"2021-04-14T23:56:16Z","quarto-0.1-win.msi",12
"2021-04-14T14:16:21Z","quarto-0.1-amd64.deb",7
"2021-04-14T14:16:21Z","quarto-0.1-macos.pkg",8
"2021-04-14T14:16:21Z","quarto-0.1-win.msi",8
"2021-04-11T20:20:52Z","quarto-0.1-amd64.deb",5
"2021-04-11T20:20:52Z","quarto-0.1-macos.pkg",7
"2021-04-11T20:20:52Z","quarto-0.1-win.msi",9
"2021-04-11T19:28:32Z","quarto-0.1-amd64.deb",6
"2021-04-11T19:28:32Z","quarto-0.1-macos.pkg",8
"2021-04-11T19:28:32Z","quarto-0.1-win.msi",6
"2021-04-11T18:58:30Z","quarto-0.1-amd64.deb",6
"2021-04-11T18:58:30Z","quarto-0.1-macos.pkg",9
"2021-04-11T18:58:30Z","quarto-0.1-win.msi",6
"2021-04-08T14:21:35Z","quarto-0.1-amd64.deb",7
"2021-04-08T14:21:35Z","quarto-0.1-macos.pkg",8
"2021-04-08T14:21:35Z","quarto-0.1-win.msi",10
"2021-04-06T01:07:36Z","quarto-0.1-amd64.deb",6
"2021-04-06T01:07:36Z","quarto-0.1-macos.pkg",8
"2021-04-06T01:07:36Z","quarto-0.1-win.msi",12
"2021-04-05T23:54:50Z","quarto-0.1-amd64.deb",5
"2021-04-05T23:54:50Z","quarto-0.1-macos.pkg",8
"2021-04-05T23:54:50Z","quarto-0.1-win.msi",7
"2021-04-05T15:27:01Z","quarto-0.1-amd64.deb",6
"2021-04-05T15:27:01Z","quarto-0.1-macos.pkg",11
"2021-04-05T15:27:01Z","quarto-0.1-win.msi",8
"2021-04-04T18:12:33Z","quarto-0.1-amd64.deb",8
"2021-04-04T18:12:33Z","quarto-0.1-macos.pkg",10
"2021-04-04T18:12:33Z","quarto-0.1-win.msi",7
"2021-04-01T15:04:32Z","quarto-0.1-amd64.deb",7
"2021-04-01T15:04:32Z","quarto-0.1-macos.pkg",9
"2021-04-01T15:04:32Z","quarto-0.1-win.msi",7
"2021-03-09T01:04:51Z","quarto-0.1-amd64.deb",2
"2021-03-09T01:04:51Z","quarto-0.1-macos.pkg",9
"2021-03-09T01:04:51Z","quarto-0.1-win.msi",8
"2021-03-05T20:43:24Z","quarto-0.1-amd64.deb",4
"2021-03-05T20:43:24Z","quarto-0.1-macos.pkg",9
"2021-03-05T20:43:24Z","quarto-0.1-win.msi",15
"2021-03-04T13:49:44Z","quarto-0.1-amd64.deb",1
"2021-03-04T13:49:44Z","quarto-0.1-macos.pkg",2
"2021-03-04T13:49:44Z","quarto-0.1-win.msi",9
"2021-03-03T20:29:19Z","quarto-0.1-amd64.deb",1
"2021-03-03T20:29:19Z","quarto-0.1-macos.pkg",2
"2021-03-03T20:29:19Z","quarto-0.1-win.msi",5
"2021-03-01T13:33:35Z","quarto-0.1-amd64.deb",1
"2021-03-01T13:33:35Z","quarto-0.1-macos.pkg",4
"2021-03-01T13:33:35Z","quarto-0.1-win.msi",6
"2021-02-26T20:07:21Z","quarto-0.1-amd64.deb",1
"2021-02-26T20:07:21Z","quarto-0.1-macos.pkg",4
"2021-02-26T20:07:21Z","quarto-0.1-win.msi",5
"2021-02-26T14:44:34Z","quarto-0.1-amd64.deb",1
"2021-02-26T14:44:34Z","quarto-0.1-macos.pkg",2
"2021-02-26T14:44:34Z","quarto-0.1-win.msi",6
"2021-02-25T01:51:44Z","quarto-0.1-amd64.deb",1
"2021-02-25T01:51:44Z","quarto-0.1-macos.pkg",3
"2021-02-25T01:51:44Z","quarto-0.1-win.msi",6
"2021-02-25T01:17:37Z","quarto-0.1-amd64.deb",1
"2021-02-25T01:17:37Z","quarto-0.1-macos.pkg",3
"2021-02-25T01:17:37Z","quarto-0.1-win.msi",2
"2021-02-24T15:56:38Z","quarto-0.1-amd64.deb",1
"2021-02-24T15:56:38Z","quarto-0.1-macos.pkg",3
"2021-02-24T15:56:38Z","quarto-0.1-win.msi",5
"2021-02-19T13:50:57Z","quarto-0.1-amd64.deb",1
"2021-02-19T13:50:57Z","quarto-0.1-macos.pkg",5
"2021-02-19T13:50:57Z","quarto-0.1-win.msi",4
"2021-02-17T14:34:29Z","quarto-0.1-amd64.deb",2
"2021-02-17T14:34:29Z","quarto-0.1-macos.pkg",3
"2021-02-17T14:34:29Z","quarto-0.1-win.msi",3
"2021-02-16T20:56:41Z","quarto-0.1-amd64.deb",1
"2021-02-16T20:56:41Z","quarto-0.1-macos.pkg",4
"2021-02-16T20:56:41Z","quarto-0.1-win.msi",4
"2021-02-16T19:27:42Z","quarto-0.1-amd64.deb",2
"2021-02-16T19:27:42Z","quarto-0.1-macos.pkg",2
"2021-02-16T19:27:42Z","quarto-0.1-win.msi",2
"2021-02-13T15:39:24Z","quarto-0.1-amd64.deb",4
"2021-02-13T15:39:24Z","quarto-0.1-macos.pkg",2
"2021-02-13T15:39:24Z","quarto-0.1-win.msi",4
"2021-02-12T15:53:01Z","quarto-0.1-amd64.deb",2
"2021-02-12T15:53:01Z","quarto-0.1-macos.pkg",2
"2021-02-12T15:53:01Z","quarto-0.1-win.msi",3
"2021-02-12T15:19:42Z","quarto-0.1-amd64.deb",2
"2021-02-12T15:19:42Z","quarto-0.1-macos.pkg",2
"2021-02-12T15:19:42Z","quarto-0.1-win.msi",2
"2021-02-11T22:23:15Z","quarto-0.1-amd64.deb",4
"2021-02-11T22:23:15Z","quarto-0.1-macos.pkg",2
"2021-02-11T22:23:15Z","quarto-0.1-win.msi",5
"2021-02-10T20:17:57Z","quarto-0.1-amd64.deb",2
"2021-02-10T20:17:57Z","quarto-0.1-macos.pkg",3
"2021-02-10T20:17:57Z","quarto-0.1-win.msi",5
"2021-02-10T16:15:19Z","quarto-0.1-amd64.deb",1
"2021-02-10T16:15:19Z","quarto-0.1-macos.pkg",3
"2021-02-10T16:15:19Z","quarto-0.1-win.msi",3
"2021-02-09T18:25:02Z","quarto-0.1-amd64.deb",1
"2021-02-09T18:25:02Z","quarto-0.1-macos.pkg",4
"2021-02-09T18:25:02Z","quarto-0.1-win.msi",9
"2021-02-07T20:55:16Z","quarto-0.1-amd64.deb",2
"2021-02-07T20:55:16Z","quarto-0.1-macos.pkg",2
"2021-02-07T20:55:16Z","quarto-0.1-win.msi",3
"2021-02-05T15:09:43Z","quarto-0.1-amd64.deb",1
"2021-02-05T15:09:43Z","quarto-0.1-macos.pkg",3
"2021-02-05T15:09:43Z","quarto-0.1-win.msi",3
"2021-02-04T20:14:44Z","quarto-0.1-amd64.deb",1
"2021-02-04T20:14:44Z","quarto-0.1-macos.pkg",2
"2021-02-04T20:14:44Z","quarto-0.1-win.msi",5
"2021-02-03T21:42:07Z","quarto-0.1-amd64.deb",1
"2021-02-03T21:42:07Z","quarto-0.1-macos.pkg",2
"2021-02-03T21:42:07Z","quarto-0.1-win.msi",1
"2021-02-03T19:57:06Z","quarto-0.1-amd64.deb",1
"2021-02-03T19:57:06Z","quarto-0.1-macos.pkg",3
"2021-02-03T19:57:06Z","quarto-0.1-win.msi",1
"2021-02-03T19:38:14Z","quarto-0.1-amd64.deb",1
"2021-02-03T19:38:14Z","quarto-0.1-macos.pkg",2
"2021-02-03T19:38:14Z","quarto-0.1-win.msi",1
"2021-02-03T19:17:45Z","quarto-0.1-amd64.deb",1
"2021-02-03T19:17:45Z","quarto-0.1-macos.pkg",2
"2021-02-03T19:17:45Z","quarto-0.1-win.msi",2
"2021-02-03T15:47:36Z","quarto-0.1-amd64.deb",1
"2021-02-03T15:47:36Z","quarto-0.1-macos.pkg",3
"2021-02-03T15:47:36Z","quarto-0.1-win.msi",1
"2021-02-03T00:01:04Z","quarto-0.1-amd64.deb",2
"2021-02-03T00:01:04Z","quarto-0.1-macos.pkg",2
"2021-02-03T00:01:04Z","quarto-0.1-win.msi",1
"2021-02-02T19:16:32Z","quarto-0.1-amd64.deb",1
"2021-02-02T19:16:32Z","quarto-0.1-macos.pkg",2
"2021-02-02T19:16:32Z","quarto-0.1-win.msi",1
"2021-01-19T13:12:16Z","quarto-0.1-amd64.deb",4
"2021-01-19T13:12:16Z","quarto-0.1-macos.pkg",8
"2021-01-19T13:12:16Z","quarto-0.1-win.msi",7
