date,type,downloads
2017-01-01,RS-os,638
2017-01-01,desktop,4543
2017-01-02,RS-os,779
2017-01-02,desktop,8445
2017-01-03,RS-os,1000
2017-01-03,desktop,12273
2017-01-04,RS-os,1165
2017-01-04,desktop,13407
2017-01-05,RS-os,1253
2017-01-05,desktop,13152
2017-01-06,RS-os,1301
2017-01-06,desktop,11653
2017-01-07,RS-os,831
2017-01-07,desktop,8330
2017-01-08,RS-os,889
2017-01-08,desktop,8393
2017-01-09,RS-os,1413
2017-01-09,desktop,16619
2017-01-10,RS-os,1244
2017-01-10,desktop,18852
2017-01-11,RS-os,1122
2017-01-11,desktop,18977
2017-01-12,RS-os,1209
2017-01-12,desktop,18212
2017-01-13,RS-os,958
2017-01-13,desktop,15059
2017-01-14,RS-os,686
2017-01-14,desktop,8367
2017-01-15,RS-os,650
2017-01-15,desktop,9054
2017-01-16,RS-os,993
2017-01-16,desktop,15339
2017-01-17,RS-os,1142
2017-01-17,desktop,19035
2017-01-18,RS-os,1157
2017-01-18,desktop,20629
2017-01-19,RS-os,1331
2017-01-19,desktop,19745
2017-01-20,RS-os,1156
2017-01-20,desktop,15782
2017-01-21,RS-os,774
2017-01-21,desktop,8860
2017-01-22,RS-os,801
2017-01-22,desktop,9242
2017-01-23,RS-os,1297
2017-01-23,desktop,18980
2017-01-24,RS-os,1286
2017-01-24,desktop,19562
2017-01-25,RS-os,1445
2017-01-25,desktop,53067
2017-01-26,RS-os,1239
2017-01-26,desktop,37301
2017-01-27,RS-os,1145
2017-01-27,desktop,28513
2017-01-28,RS-os,756
2017-01-28,desktop,14945
2017-01-29,RS-os,788
2017-01-29,desktop,15377
2017-01-30,RS-os,1347
2017-01-30,desktop,30803
2017-01-31,RS-os,1300
2017-01-31,desktop,29453
2017-02-01,RS-os,1242
2017-02-01,desktop,27262
2017-02-02,RS-os,1311
2017-02-02,desktop,25857
2017-02-03,RS-os,1196
2017-02-03,desktop,22693
2017-02-04,RS-os,845
2017-02-04,desktop,13245
2017-02-05,RS-os,772
2017-02-05,desktop,13045
2017-02-06,RS-os,1201
2017-02-06,desktop,25100
2017-02-07,RS-os,1305
2017-02-07,desktop,26409
2017-02-08,RS-os,1341
2017-02-08,desktop,25976
2017-02-09,RS-os,1311
2017-02-09,desktop,27123
2017-02-10,RS-os,1193
2017-02-10,desktop,20045
2017-02-11,RS-os,830
2017-02-11,desktop,11974
2017-02-12,RS-os,750
2017-02-12,desktop,12294
2017-02-13,RS-os,1167
2017-02-13,desktop,22798
2017-02-14,RS-os,1209
2017-02-14,desktop,21763
2017-02-15,RS-os,1296
2017-02-15,desktop,21856
2017-02-16,RS-os,1297
2017-02-16,desktop,20256
2017-02-17,RS-os,1247
2017-02-17,desktop,19265
2017-02-18,RS-os,902
2017-02-18,desktop,11479
2017-02-19,RS-os,769
2017-02-19,desktop,11428
2017-02-20,RS-os,1275
2017-02-20,desktop,20437
2017-02-21,RS-os,1374
2017-02-21,desktop,22702
2017-02-22,RS-os,1310
2017-02-22,desktop,21961
2017-02-23,RS-os,1287
2017-02-23,desktop,20354
2017-02-24,RS-os,1140
2017-02-24,desktop,17827
2017-02-25,RS-os,726
2017-02-25,desktop,11066
2017-02-26,RS-os,754
2017-02-26,desktop,11452
2017-02-27,RS-os,1265
2017-02-27,desktop,20409
2017-02-28,RS-os,980
2017-02-28,desktop,15788
2017-03-01,RS-os,538
2017-03-01,desktop,11322
2017-03-02,RS-os,1382
2017-03-02,desktop,21548
2017-03-03,RS-os,1223
2017-03-03,desktop,18795
2017-03-04,RS-os,862
2017-03-04,desktop,11932
2017-03-05,RS-os,725
2017-03-05,desktop,11949
2017-03-06,RS-os,1251
2017-03-06,desktop,21271
2017-03-07,RS-os,1319
2017-03-07,desktop,22892
2017-03-08,RS-os,1267
2017-03-08,desktop,21501
2017-03-09,RS-os,1443
2017-03-09,desktop,21701
2017-03-10,RS-os,1297
2017-03-10,desktop,18373
2017-03-11,RS-os,769
2017-03-11,desktop,16918
2017-03-12,RS-os,836
2017-03-12,desktop,11732
2017-03-13,RS-os,1316
2017-03-13,desktop,20182
2017-03-14,RS-os,1262
2017-03-14,desktop,21573
2017-03-15,RS-os,1283
2017-03-15,desktop,20821
2017-03-16,RS-os,1317
2017-03-16,desktop,19767
2017-03-17,RS-os,1541
2017-03-17,desktop,16682
2017-03-18,RS-os,1103
2017-03-18,desktop,11199
2017-03-19,RS-os,1050
2017-03-19,desktop,11399
2017-03-20,RS-os,1554
2017-03-20,desktop,20121
2017-03-21,RS-os,1662
2017-03-21,desktop,20746
2017-03-22,RS-os,1671
2017-03-22,desktop,20711
2017-03-23,RS-os,1705
2017-03-23,desktop,18943
2017-03-24,RS-os,1440
2017-03-24,desktop,16738
2017-03-25,RS-os,1082
2017-03-25,desktop,10857
2017-03-26,RS-os,1126
2017-03-26,desktop,10923
2017-03-27,RS-os,1497
2017-03-27,desktop,19553
2017-03-28,RS-os,1648
2017-03-28,desktop,19816
2017-03-29,RS-os,1591
2017-03-29,desktop,18569
2017-03-30,RS-os,1403
2017-03-30,desktop,17664
2017-03-31,RS-os,1494
2017-03-31,desktop,15467
2017-04-01,RS-os,1031
2017-04-01,desktop,10304
2017-04-02,RS-os,973
2017-04-02,desktop,9739
2017-04-03,RS-os,1476
2017-04-03,desktop,18344
2017-04-04,RS-os,1399
2017-04-04,desktop,19069
2017-04-05,RS-os,1540
2017-04-05,desktop,18954
2017-04-06,RS-os,1620
2017-04-06,desktop,17830
2017-04-07,RS-os,1462
2017-04-07,desktop,15537
2017-04-08,RS-os,989
2017-04-08,desktop,9812
2017-04-09,RS-os,971
2017-04-09,desktop,9490
2017-04-10,RS-os,1498
2017-04-10,desktop,17729
2017-04-11,RS-os,1582
2017-04-11,desktop,17658
2017-04-12,RS-os,1598
2017-04-12,desktop,16328
2017-04-13,RS-os,1480
2017-04-13,desktop,15012
2017-04-14,RS-os,1223
2017-04-14,desktop,11951
2017-04-15,RS-os,1012
2017-04-15,desktop,8449
2017-04-16,RS-os,991
2017-04-16,desktop,8034
2017-04-17,RS-os,1314
2017-04-17,desktop,13813
2017-04-18,RS-os,1696
2017-04-18,desktop,17275
2017-04-19,RS-os,1713
2017-04-19,desktop,18948
2017-04-20,RS-os,1668
2017-04-20,desktop,21806
2017-04-21,RS-os,1505
2017-04-21,desktop,17814
2017-04-22,RS-os,1138
2017-04-22,desktop,11816
2017-04-23,RS-os,1080
2017-04-23,desktop,11680
2017-04-24,RS-os,1618
2017-04-24,desktop,22393
2017-04-25,RS-os,1901
2017-04-25,desktop,23028
2017-04-26,RS-os,1721
2017-04-26,desktop,21500
2017-04-27,RS-os,1679
2017-04-27,desktop,19075
2017-04-28,RS-os,1613
2017-04-28,desktop,16392
2017-04-29,RS-os,1108
2017-04-29,desktop,10259
2017-04-30,RS-os,1075
2017-04-30,desktop,9536
2017-05-01,RS-os,1431
2017-05-01,desktop,14993
2017-05-02,RS-os,1604
2017-05-02,desktop,20069
2017-05-03,RS-os,1347
2017-05-03,desktop,19381
2017-05-04,RS-os,1319
2017-05-04,desktop,18468
2017-05-05,RS-os,1285
2017-05-05,desktop,15674
2017-05-06,RS-os,817
2017-05-06,desktop,10400
2017-05-07,RS-os,840
2017-05-07,desktop,10347
2017-05-08,RS-os,1422
2017-05-08,desktop,18676
2017-05-09,RS-os,1478
2017-05-09,desktop,18941
2017-05-10,RS-os,1350
2017-05-10,desktop,17972
2017-05-11,RS-os,1573
2017-05-11,desktop,17040
2017-05-12,RS-os,1270
2017-05-12,desktop,15367
2017-05-13,RS-os,825
2017-05-13,desktop,9503
2017-05-14,RS-os,774
2017-05-14,desktop,9485
2017-05-15,RS-os,1373
2017-05-15,desktop,18106
2017-05-16,RS-os,1418
2017-05-16,desktop,18490
2017-05-17,RS-os,1491
2017-05-17,desktop,18058
2017-05-18,RS-os,1413
2017-05-18,desktop,16744
2017-05-19,RS-os,1508
2017-05-19,desktop,14797
2017-05-20,RS-os,953
2017-05-20,desktop,9150
2017-05-21,RS-os,911
2017-05-21,desktop,9228
2017-05-22,RS-os,1394
2017-05-22,desktop,17282
2017-05-23,RS-os,1512
2017-05-23,desktop,18138
2017-05-24,RS-os,1388
2017-05-24,desktop,16990
2017-05-25,RS-os,1328
2017-05-25,desktop,14879
2017-05-26,RS-os,1239
2017-05-26,desktop,13546
2017-05-27,RS-os,802
2017-05-27,desktop,8553
2017-05-28,RS-os,742
2017-05-28,desktop,8542
2017-05-29,RS-os,1214
2017-05-29,desktop,13475
2017-05-30,RS-os,1325
2017-05-30,desktop,15654
2017-05-31,RS-os,1470
2017-05-31,desktop,16406
2017-06-01,RS-os,1250
2017-06-01,desktop,16031
2017-06-02,RS-os,1304
2017-06-02,desktop,14243
2017-06-03,RS-os,715
2017-06-03,desktop,8503
2017-06-04,RS-os,724
2017-06-04,desktop,8303
2017-06-05,RS-os,1244
2017-06-05,desktop,16102
2017-06-06,RS-os,1508
2017-06-06,desktop,17538
2017-06-07,RS-os,1421
2017-06-07,desktop,17671
2017-06-08,RS-os,1659
2017-06-08,desktop,16001
2017-06-09,RS-os,1280
2017-06-09,desktop,14382
2017-06-10,RS-os,779
2017-06-10,desktop,8891
2017-06-11,RS-os,749
2017-06-11,desktop,8338
2017-06-12,RS-os,1286
2017-06-12,desktop,16632
2017-06-13,RS-os,1242
2017-06-13,desktop,16799
2017-06-14,RS-os,1337
2017-06-14,desktop,15774
2017-06-15,RS-os,1217
2017-06-15,desktop,14352
2017-06-16,RS-os,1311
2017-06-16,desktop,12831
2017-06-17,RS-os,742
2017-06-17,desktop,7896
2017-06-18,RS-os,751
2017-06-18,desktop,7745
2017-06-19,RS-os,1254
2017-06-19,desktop,16209
2017-06-20,RS-os,1400
2017-06-20,desktop,16208
2017-06-21,RS-os,1487
2017-06-21,desktop,15530
2017-06-22,RS-os,1467
2017-06-22,desktop,15121
2017-06-23,RS-os,1268
2017-06-23,desktop,12572
2017-06-24,RS-os,746
2017-06-24,desktop,7630
2017-06-25,RS-os,803
2017-06-25,desktop,7367
2017-06-26,RS-os,1378
2017-06-26,desktop,14849
2017-06-27,RS-os,1512
2017-06-27,desktop,15315
2017-06-28,RS-os,1447
2017-06-28,desktop,14371
2017-06-29,RS-os,1621
2017-06-29,desktop,14028
2017-06-30,RS-os,1431
2017-06-30,desktop,12061
2017-07-01,RS-os,889
2017-07-01,desktop,7597
2017-07-02,RS-os,777
2017-07-02,desktop,7728
2017-07-03,RS-os,1203
2017-07-03,desktop,14858
2017-07-04,RS-os,1217
2017-07-04,desktop,14143
2017-07-05,RS-os,1420
2017-07-05,desktop,14803
2017-07-06,RS-os,1525
2017-07-06,desktop,15656
2017-07-07,RS-os,1511
2017-07-07,desktop,13043
2017-07-08,RS-os,808
2017-07-08,desktop,8390
2017-07-09,RS-os,771
2017-07-09,desktop,8107
2017-07-10,RS-os,1691
2017-07-10,desktop,15594
2017-07-11,RS-os,1372
2017-07-11,desktop,15164
2017-07-12,RS-os,1392
2017-07-12,desktop,14733
2017-07-13,RS-os,1367
2017-07-13,desktop,14027
2017-07-14,RS-os,1180
2017-07-14,desktop,10607
2017-07-15,RS-os,741
2017-07-15,desktop,8193
2017-07-16,RS-os,766
2017-07-16,desktop,8196
2017-07-17,RS-os,1138
2017-07-17,desktop,15166
2017-07-18,RS-os,1375
2017-07-18,desktop,15182
2017-07-19,RS-os,1476
2017-07-19,desktop,14379
2017-07-20,RS-os,1430
2017-07-20,desktop,14072
2017-07-21,RS-os,1440
2017-07-21,desktop,15028
2017-07-22,RS-os,703
2017-07-22,desktop,8701
2017-07-23,RS-os,724
2017-07-23,desktop,8600
2017-07-24,RS-os,1395
2017-07-24,desktop,17287
2017-07-25,RS-os,1438
2017-07-25,desktop,16553
2017-07-26,RS-os,1233
2017-07-26,desktop,15753
2017-07-27,RS-os,1360
2017-07-27,desktop,15175
2017-07-28,RS-os,1282
2017-07-28,desktop,12711
2017-07-29,RS-os,756
2017-07-29,desktop,8245
2017-07-30,RS-os,740
2017-07-30,desktop,8114
2017-07-31,RS-os,1331
2017-07-31,desktop,15672
2017-08-01,RS-os,1355
2017-08-01,desktop,16097
2017-08-02,RS-os,1221
2017-08-02,desktop,15814
2017-08-03,RS-os,1370
2017-08-03,desktop,15099
2017-08-04,RS-os,1521
2017-08-04,desktop,13582
2017-08-05,RS-os,789
2017-08-05,desktop,8469
2017-08-06,RS-os,753
2017-08-06,desktop,8213
2017-08-07,RS-os,1437
2017-08-07,desktop,15793
2017-08-08,RS-os,1473
2017-08-08,desktop,15181
2017-08-09,RS-os,1369
2017-08-09,desktop,14831
2017-08-10,RS-os,1430
2017-08-10,desktop,15028
2017-08-11,RS-os,1251
2017-08-11,desktop,13378
2017-08-12,RS-os,823
2017-08-12,desktop,8991
2017-08-13,RS-os,836
2017-08-13,desktop,8435
2017-08-14,RS-os,1257
2017-08-14,desktop,15063
2017-08-15,RS-os,1266
2017-08-15,desktop,14805
2017-08-16,RS-os,1324
2017-08-16,desktop,16269
2017-08-17,RS-os,1467
2017-08-17,desktop,16017
2017-08-18,RS-os,1366
2017-08-18,desktop,14095
2017-08-19,RS-os,840
2017-08-19,desktop,9395
2017-08-20,RS-os,917
2017-08-20,desktop,8997
2017-08-21,RS-os,1525
2017-08-21,desktop,17866
2017-08-22,RS-os,1388
2017-08-22,desktop,19871
2017-08-23,RS-os,1572
2017-08-23,desktop,21082
2017-08-24,RS-os,1619
2017-08-24,desktop,20407
2017-08-25,RS-os,1461
2017-08-25,desktop,16973
2017-08-26,RS-os,940
2017-08-26,desktop,10228
2017-08-27,RS-os,827
2017-08-27,desktop,10113
2017-08-28,RS-os,1401
2017-08-28,desktop,21890
2017-08-29,RS-os,1471
2017-08-29,desktop,23303
2017-08-30,RS-os,1522
2017-08-30,desktop,23771
2017-08-31,RS-os,1735
2017-08-31,desktop,23701
2017-09-01,RS-os,1384
2017-09-01,desktop,18656
2017-09-02,RS-os,834
2017-09-02,desktop,10358
2017-09-03,RS-os,1032
2017-09-03,desktop,10864
2017-09-04,RS-os,1406
2017-09-04,desktop,20141
2017-09-05,RS-os,1463
2017-09-05,desktop,26897
2017-09-06,RS-os,1491
2017-09-06,desktop,27983
2017-09-07,RS-os,1567
2017-09-07,desktop,28126
2017-09-08,RS-os,1569
2017-09-08,desktop,23544
2017-09-09,RS-os,857
2017-09-09,desktop,14038
2017-09-10,RS-os,780
2017-09-10,desktop,15271
2017-09-11,RS-os,1665
2017-09-11,desktop,28092
2017-09-12,RS-os,1614
2017-09-12,desktop,27473
2017-09-13,RS-os,1604
2017-09-13,desktop,25383
2017-09-14,RS-os,1717
2017-09-14,desktop,24710
2017-09-15,RS-os,1340
2017-09-15,desktop,21697
2017-09-16,RS-os,925
2017-09-16,desktop,13557
2017-09-17,RS-os,914
2017-09-17,desktop,14773
2017-09-18,RS-os,1558
2017-09-18,desktop,27318
2017-09-19,RS-os,1624
2017-09-19,desktop,27853
2017-09-20,RS-os,1707
2017-09-20,desktop,26968
2017-09-21,RS-os,1555
2017-09-21,desktop,25074
2017-09-22,RS-os,1431
2017-09-22,desktop,21526
2017-09-23,RS-os,893
2017-09-23,desktop,13961
2017-09-24,RS-os,910
2017-09-24,desktop,14407
2017-09-25,RS-os,1578
2017-09-25,desktop,26096
2017-09-26,RS-os,1525
2017-09-26,desktop,27397
2017-09-27,RS-os,1586
2017-09-27,desktop,26916
2017-09-28,RS-os,1577
2017-09-28,desktop,26654
2017-09-29,RS-os,1440
2017-09-29,desktop,21936
2017-09-30,RS-os,807
2017-09-30,desktop,14097
2017-10-01,RS-os,834
2017-10-01,desktop,13920
2017-10-02,RS-os,1367
2017-10-02,desktop,24775
2017-10-03,RS-os,1395
2017-10-03,desktop,25109
2017-10-04,RS-os,1306
2017-10-04,desktop,24150
2017-10-05,RS-os,1429
2017-10-05,desktop,24325
2017-10-06,RS-os,1213
2017-10-06,desktop,21330
2017-10-07,RS-os,813
2017-10-07,desktop,13774
2017-10-08,RS-os,788
2017-10-08,desktop,14376
2017-10-09,RS-os,1366
2017-10-09,desktop,27194
2017-10-10,RS-os,1879
2017-10-10,desktop,38583
2017-10-11,RS-os,2125
2017-10-11,desktop,31581
2017-10-12,RS-os,1733
2017-10-12,desktop,27617
2017-10-13,RS-os,1638
2017-10-13,desktop,22965
2017-10-14,RS-os,1068
2017-10-14,desktop,13972
2017-10-15,RS-os,1035
2017-10-15,desktop,13964
2017-10-16,RS-os,1606
2017-10-16,desktop,25958
2017-10-17,RS-os,1770
2017-10-17,desktop,26109
2017-10-18,RS-os,1885
2017-10-18,desktop,24602
2017-10-19,RS-os,1724
2017-10-19,desktop,23550
2017-10-20,RS-os,1775
2017-10-20,desktop,20852
2017-10-21,RS-os,1146
2017-10-21,desktop,13054
2017-10-22,RS-os,1114
2017-10-22,desktop,14053
2017-10-23,RS-os,1745
2017-10-23,desktop,24671
2017-10-24,RS-os,1852
2017-10-24,desktop,24852
2017-10-25,RS-os,1779
2017-10-25,desktop,24727
2017-10-26,RS-os,1735
2017-10-26,desktop,23563
2017-10-27,RS-os,1821
2017-10-27,desktop,20664
2017-10-28,RS-os,1103
2017-10-28,desktop,13628
2017-10-29,RS-os,1095
2017-10-29,desktop,13868
2017-10-30,RS-os,1768
2017-10-30,desktop,22449
2017-10-31,RS-os,1724
2017-10-31,desktop,21337
2017-11-01,RS-os,1863
2017-11-01,desktop,20780
2017-11-02,RS-os,1964
2017-11-02,desktop,21887
2017-11-03,RS-os,1806
2017-11-03,desktop,18418
2017-11-04,RS-os,1219
2017-11-04,desktop,12309
2017-11-05,RS-os,1173
2017-11-05,desktop,12341
2017-11-06,RS-os,1834
2017-11-06,desktop,22554
2017-11-07,RS-os,1924
2017-11-07,desktop,22890
2017-11-08,RS-os,1965
2017-11-08,desktop,22238
2017-11-09,RS-os,2076
2017-11-09,desktop,21025
2017-11-10,RS-os,1768
2017-11-10,desktop,18092
2017-11-11,RS-os,1311
2017-11-11,desktop,11436
2017-11-12,RS-os,1221
2017-11-12,desktop,11906
2017-11-13,RS-os,1735
2017-11-13,desktop,21602
2017-11-14,RS-os,2072
2017-11-14,desktop,22471
2017-11-15,RS-os,2065
2017-11-15,desktop,21341
2017-11-16,RS-os,2058
2017-11-16,desktop,20617
2017-11-17,RS-os,79
2017-11-17,desktop,814
2017-11-18,RS-os,1368
2017-11-18,desktop,11986
2017-11-19,RS-os,1366
2017-11-19,desktop,12043
2017-11-20,RS-os,1976
2017-11-20,desktop,21059
2017-11-21,RS-os,2298
2017-11-21,desktop,21072
2017-11-22,RS-os,2223
2017-11-22,desktop,20191
2017-11-23,RS-os,1772
2017-11-23,desktop,16814
2017-11-24,RS-os,1602
2017-11-24,desktop,14777
2017-11-25,RS-os,1136
2017-11-25,desktop,11391
2017-11-26,RS-os,1151
2017-11-26,desktop,11747
2017-11-27,RS-os,1829
2017-11-27,desktop,20004
2017-11-28,RS-os,1964
2017-11-28,desktop,20984
2017-11-29,RS-os,1876
2017-11-29,desktop,19979
2017-11-30,RS-os,1393
2017-11-30,desktop,19381
2017-12-01,RS-os,1344
2017-12-01,desktop,17530
2017-12-02,RS-os,864
2017-12-02,desktop,11803
2017-12-03,RS-os,948
2017-12-03,desktop,12136
2017-12-04,RS-os,1470
2017-12-04,desktop,20466
2017-12-05,RS-os,1765
2017-12-05,desktop,20396
2017-12-06,RS-os,1829
2017-12-06,desktop,19883
2017-12-07,RS-os,1960
2017-12-07,desktop,18679
2017-12-08,RS-os,1705
2017-12-08,desktop,15958
2017-12-09,RS-os,1510
2017-12-09,desktop,10681
2017-12-10,RS-os,1321
2017-12-10,desktop,11017
2017-12-11,RS-os,1537
2017-12-11,desktop,18810
2017-12-12,RS-os,1624
2017-12-12,desktop,18539
2017-12-13,RS-os,1512
2017-12-13,desktop,17522
2017-12-14,RS-os,1750
2017-12-14,desktop,16569
2017-12-15,RS-os,1656
2017-12-15,desktop,14581
2017-12-16,RS-os,1184
2017-12-16,desktop,9805
2017-12-17,RS-os,1000
2017-12-17,desktop,9925
2017-12-18,RS-os,1421
2017-12-18,desktop,16001
2017-12-19,RS-os,1509
2017-12-19,desktop,15874
2017-12-20,RS-os,1491
2017-12-20,desktop,15268
2017-12-21,RS-os,1326
2017-12-21,desktop,14390
2017-12-22,RS-os,1232
2017-12-22,desktop,11302
2017-12-23,RS-os,860
2017-12-23,desktop,7552
2017-12-24,RS-os,923
2017-12-24,desktop,6861
2017-12-25,RS-os,882
2017-12-25,desktop,7619
2017-12-26,RS-os,936
2017-12-26,desktop,10243
2017-12-27,RS-os,1115
2017-12-27,desktop,11328
2017-12-28,RS-os,1112
2017-12-28,desktop,11468
2017-12-29,RS-os,901
2017-12-29,desktop,9290
2017-12-30,RS-os,995
2017-12-30,desktop,7477
2017-12-31,RS-os,742
2017-12-31,desktop,5634
2018-01-01,RS-os,865
2018-01-01,desktop,6112
2018-01-02,RS-os,1223
2018-01-02,desktop,14046
2018-01-03,RS-os,1336
2018-01-03,desktop,16500
2018-01-04,RS-os,1563
2018-01-04,desktop,16645
2018-01-05,RS-os,1567
2018-01-05,desktop,15672
2018-01-06,RS-os,966
2018-01-06,desktop,10304
2018-01-07,RS-os,996
2018-01-07,desktop,10711
2018-01-08,RS-os,1476
2018-01-08,desktop,22836
2018-01-09,RS-os,1719
2018-01-09,desktop,24330
2018-01-10,RS-os,1554
2018-01-10,desktop,25063
2018-01-11,RS-os,1525
2018-01-11,desktop,24214
2018-01-12,RS-os,1773
2018-01-12,desktop,19547
2018-01-13,RS-os,1279
2018-01-13,desktop,11948
2018-01-14,RS-os,1133
2018-01-14,desktop,11215
2018-01-15,RS-os,1855
2018-01-15,desktop,20148
2018-01-16,RS-os,1967
2018-01-16,desktop,26092
2018-01-17,RS-os,1955
2018-01-17,desktop,27492
2018-01-18,RS-os,2599
2018-01-18,desktop,31899
2018-01-19,RS-os,2459
2018-01-19,desktop,25624
2018-01-20,RS-os,1352
2018-01-20,desktop,14613
2018-01-21,RS-os,1298
2018-01-21,desktop,14265
2018-01-22,RS-os,2040
2018-01-22,desktop,29755
2018-01-23,RS-os,2008
2018-01-23,desktop,30120
2018-01-24,RS-os,2033
2018-01-24,desktop,28609
2018-01-25,RS-os,2062
2018-01-25,desktop,26011
2018-01-26,RS-os,1801
2018-01-26,desktop,21790
2018-01-27,RS-os,1432
2018-01-27,desktop,13652
2018-01-28,RS-os,1396
2018-01-28,desktop,13456
2018-01-29,RS-os,2151
2018-01-29,desktop,26406
2018-01-30,RS-os,2499
2018-01-30,desktop,26977
2018-01-31,RS-os,1970
2018-01-31,desktop,25307
2018-02-01,RS-os,2072
2018-02-01,desktop,23940
2018-02-02,RS-os,1934
2018-02-02,desktop,20386
2018-02-03,RS-os,1336
2018-02-03,desktop,13120
2018-02-04,RS-os,1236
2018-02-04,desktop,13161
2018-02-05,RS-os,1940
2018-02-05,desktop,24012
2018-02-06,RS-os,2263
2018-02-06,desktop,25489
2018-02-07,RS-os,2073
2018-02-07,desktop,24525
2018-02-08,RS-os,2246
2018-02-08,desktop,24356
2018-02-09,RS-os,2005
2018-02-09,desktop,20335
2018-02-10,RS-os,1328
2018-02-10,desktop,12848
2018-02-11,RS-os,1390
2018-02-11,desktop,12726
2018-02-12,RS-os,1850
2018-02-12,desktop,22031
2018-02-13,RS-os,1922
2018-02-13,desktop,21727
2018-02-14,RS-os,1946
2018-02-14,desktop,20335
2018-02-15,RS-os,1827
2018-02-15,desktop,20222
2018-02-16,RS-os,1859
2018-02-16,desktop,17837
2018-02-17,RS-os,1402
2018-02-17,desktop,11570
2018-02-18,RS-os,1434
2018-02-18,desktop,11604
2018-02-19,RS-os,1891
2018-02-19,desktop,21539
2018-02-20,RS-os,2036
2018-02-20,desktop,22789
2018-02-21,RS-os,2147
2018-02-21,desktop,22240
2018-02-22,RS-os,2026
2018-02-22,desktop,22064
2018-02-23,RS-os,2078
2018-02-23,desktop,19620
2018-02-24,RS-os,1309
2018-02-24,desktop,13346
2018-02-25,RS-os,1374
2018-02-25,desktop,13268
2018-02-26,RS-os,2137
2018-02-26,desktop,24385
2018-02-27,RS-os,1984
2018-02-27,desktop,23864
2018-02-28,RS-os,2018
2018-02-28,desktop,23902
2018-03-01,RS-os,1825
2018-03-01,desktop,23487
2018-03-02,RS-os,1818
2018-03-02,desktop,20349
2018-03-03,RS-os,1326
2018-03-03,desktop,13777
2018-03-04,RS-os,1356
2018-03-04,desktop,14114
2018-03-05,RS-os,1817
2018-03-05,desktop,26403
2018-03-06,RS-os,2001
2018-03-06,desktop,27825
2018-03-07,RS-os,2005
2018-03-07,desktop,27035
2018-03-08,RS-os,1990
2018-03-08,desktop,25690
2018-03-09,RS-os,1900
2018-03-09,desktop,22137
2018-03-10,RS-os,1373
2018-03-10,desktop,14711
2018-03-11,RS-os,1366
2018-03-11,desktop,14748
2018-03-12,RS-os,1948
2018-03-12,desktop,26844
2018-03-13,RS-os,2017
2018-03-13,desktop,27549
2018-03-14,RS-os,2062
2018-03-14,desktop,26428
2018-03-15,RS-os,2095
2018-03-15,desktop,25462
2018-03-16,RS-os,1827
2018-03-16,desktop,21964
2018-03-17,RS-os,1180
2018-03-17,desktop,14387
2018-03-18,RS-os,1253
2018-03-18,desktop,14296
2018-03-19,RS-os,1922
2018-03-19,desktop,25237
2018-03-20,RS-os,1958
2018-03-20,desktop,26025
2018-03-21,RS-os,1984
2018-03-21,desktop,25633
2018-03-22,RS-os,1838
2018-03-22,desktop,24039
2018-03-23,RS-os,2108
2018-03-23,desktop,20509
2018-03-24,RS-os,1397
2018-03-24,desktop,13783
2018-03-25,RS-os,1509
2018-03-25,desktop,13734
2018-03-26,RS-os,1797
2018-03-26,desktop,22781
2018-03-27,RS-os,2041
2018-03-27,desktop,24649
2018-03-28,RS-os,1946
2018-03-28,desktop,22445
2018-03-29,RS-os,1844
2018-03-29,desktop,20513
2018-03-30,RS-os,1542
2018-03-30,desktop,16500
2018-03-31,RS-os,1203
2018-03-31,desktop,12981
2018-04-01,RS-os,859
2018-04-01,desktop,11174
2018-04-02,RS-os,1326
2018-04-02,desktop,19166
2018-04-03,RS-os,1532
2018-04-03,desktop,23347
2018-04-04,RS-os,1720
2018-04-04,desktop,24916
2018-04-05,RS-os,1527
2018-04-05,desktop,21832
2018-04-06,RS-os,1457
2018-04-06,desktop,18996
2018-04-07,RS-os,1097
2018-04-07,desktop,12184
2018-04-08,RS-os,1202
2018-04-08,desktop,12824
2018-04-09,RS-os,1513
2018-04-09,desktop,23919
2018-04-10,RS-os,1692
2018-04-10,desktop,24458
2018-04-11,RS-os,1675
2018-04-11,desktop,23558
2018-04-12,RS-os,1756
2018-04-12,desktop,22553
2018-04-13,RS-os,1793
2018-04-13,desktop,18929
2018-04-14,RS-os,1323
2018-04-14,desktop,12035
2018-04-15,RS-os,1300
2018-04-15,desktop,12833
2018-04-16,RS-os,1620
2018-04-16,desktop,23140
2018-04-17,RS-os,1788
2018-04-17,desktop,22853
2018-04-18,RS-os,1835
2018-04-18,desktop,22738
2018-04-19,RS-os,1726
2018-04-19,desktop,22069
2018-04-20,RS-os,1821
2018-04-20,desktop,18568
2018-04-21,RS-os,862
2018-04-21,desktop,11516
2018-04-22,RS-os,953
2018-04-22,desktop,12532
2018-04-23,RS-os,1739
2018-04-23,desktop,21973
2018-04-24,RS-os,1605
2018-04-24,desktop,21851
2018-04-25,RS-os,1576
2018-04-25,desktop,20455
2018-04-26,RS-os,1488
2018-04-26,desktop,19949
2018-04-27,RS-os,1392
2018-04-27,desktop,16883
2018-04-28,RS-os,1035
2018-04-28,desktop,11102
2018-04-29,RS-os,967
2018-04-29,desktop,10950
2018-04-30,RS-os,1429
2018-04-30,desktop,17155
2018-05-01,RS-os,1387
2018-05-01,desktop,16025
2018-05-02,RS-os,1441
2018-05-02,desktop,19963
2018-05-03,RS-os,1578
2018-05-03,desktop,20401
2018-05-04,RS-os,1545
2018-05-04,desktop,17379
2018-05-05,RS-os,881
2018-05-05,desktop,10606
2018-05-06,RS-os,833
2018-05-06,desktop,10286
2018-05-07,RS-os,1342
2018-05-07,desktop,19491
2018-05-08,RS-os,1777
2018-05-08,desktop,20194
2018-05-09,RS-os,1726
2018-05-09,desktop,20116
2018-05-10,RS-os,1506
2018-05-10,desktop,19303
2018-05-11,RS-os,1427
2018-05-11,desktop,17717
2018-05-12,RS-os,856
2018-05-12,desktop,11282
2018-05-13,RS-os,928
2018-05-13,desktop,10942
2018-05-14,RS-os,1377
2018-05-14,desktop,21299
2018-05-15,RS-os,1507
2018-05-15,desktop,21824
2018-05-16,RS-os,1509
2018-05-16,desktop,20805
2018-05-17,RS-os,1469
2018-05-17,desktop,21615
2018-05-18,RS-os,1358
2018-05-18,desktop,18300
2018-05-19,RS-os,834
2018-05-19,desktop,11323
2018-05-20,RS-os,834
2018-05-20,desktop,3296
2018-05-21,RS-os,1162
2018-05-21,desktop,19597
2018-05-22,RS-os,1385
2018-05-22,desktop,21821
2018-05-23,RS-os,1479
2018-05-23,desktop,21125
2018-05-24,RS-os,1586
2018-05-24,desktop,20163
2018-05-25,RS-os,1533
2018-05-25,desktop,16173
2018-05-26,RS-os,807
2018-05-26,desktop,9986
2018-05-27,RS-os,765
2018-05-27,desktop,9973
2018-05-28,RS-os,1077
2018-05-28,desktop,16877
2018-05-29,RS-os,1373
2018-05-29,desktop,19521
2018-05-30,RS-os,1580
2018-05-30,desktop,18851
2018-05-31,RS-os,1679
2018-05-31,desktop,18170
2018-06-01,RS-os,1415
2018-06-01,desktop,16054
2018-06-02,RS-os,792
2018-06-02,desktop,9836
2018-06-03,RS-os,728
2018-06-03,desktop,9919
2018-06-04,RS-os,1444
2018-06-04,desktop,20503
2018-06-05,RS-os,1392
2018-06-05,desktop,20918
2018-06-06,RS-os,1482
2018-06-06,desktop,19804
2018-06-07,RS-os,1663
2018-06-07,desktop,19099
2018-06-08,RS-os,1434
2018-06-08,desktop,16926
2018-06-09,RS-os,901
2018-06-09,desktop,10273
2018-06-10,RS-os,818
2018-06-10,desktop,10229
2018-06-11,RS-os,1479
2018-06-11,desktop,19771
2018-06-12,RS-os,1710
2018-06-12,desktop,19225
2018-06-13,RS-os,1587
2018-06-13,desktop,18653
2018-06-14,RS-os,1599
2018-06-14,desktop,17790
2018-06-15,RS-os,1537
2018-06-15,desktop,14406
2018-06-16,RS-os,928
2018-06-16,desktop,8510
2018-06-17,RS-os,849
2018-06-17,desktop,8703
2018-06-18,RS-os,1523
2018-06-18,desktop,17955
2018-06-19,RS-os,1733
2018-06-19,desktop,18777
2018-06-20,RS-os,1680
2018-06-20,desktop,17965
2018-06-21,RS-os,1739
2018-06-21,desktop,17154
2018-06-22,RS-os,2174
2018-06-22,desktop,14848
2018-06-23,RS-os,1649
2018-06-23,desktop,9243
2018-06-24,RS-os,1739
2018-06-24,desktop,9172
2018-06-25,RS-os,2233
2018-06-25,desktop,18614
2018-06-26,RS-os,2436
2018-06-26,desktop,17897
2018-06-27,RS-os,2406
2018-06-27,desktop,16620
2018-06-28,RS-os,2334
2018-06-28,desktop,16506
2018-06-29,RS-os,2226
2018-06-29,desktop,14198
2018-06-30,RS-os,1402
2018-06-30,desktop,8336
2018-07-01,RS-os,1496
2018-07-01,desktop,8143
2018-07-02,RS-os,2335
2018-07-02,desktop,17358
2018-07-03,RS-os,2396
2018-07-03,desktop,18718
2018-07-04,RS-os,1972
2018-07-04,desktop,16199
2018-07-05,RS-os,1887
2018-07-05,desktop,16569
2018-07-06,RS-os,1885
2018-07-06,desktop,14105
2018-07-07,RS-os,1194
2018-07-07,desktop,9397
2018-07-08,RS-os,1155
2018-07-08,desktop,8491
2018-07-09,RS-os,1772
2018-07-09,desktop,18253
2018-07-10,RS-os,1898
2018-07-10,desktop,18508
2018-07-11,RS-os,1616
2018-07-11,desktop,17578
2018-07-12,RS-os,1539
2018-07-12,desktop,16870
2018-07-13,RS-os,1487
2018-07-13,desktop,14519
2018-07-14,RS-os,991
2018-07-14,desktop,9268
2018-07-15,RS-os,1036
2018-07-15,desktop,8380
2018-07-16,RS-os,1811
2018-07-16,desktop,17077
2018-07-17,RS-os,1655
2018-07-17,desktop,18248
2018-07-18,RS-os,2152
2018-07-18,desktop,17173
2018-07-19,RS-os,2229
2018-07-19,desktop,16529
2018-07-20,RS-os,2005
2018-07-20,desktop,16293
2018-07-21,RS-os,886
2018-07-21,desktop,10021
2018-07-22,RS-os,1144
2018-07-22,desktop,9684
2018-07-23,RS-os,1835
2018-07-23,desktop,19904
2018-07-24,RS-os,1888
2018-07-24,desktop,19395
2018-07-25,RS-os,1888
2018-07-25,desktop,18717
2018-07-26,RS-os,2105
2018-07-26,desktop,17892
2018-07-27,RS-os,1643
2018-07-27,desktop,15224
2018-07-28,RS-os,872
2018-07-28,desktop,9616
2018-07-29,RS-os,843
2018-07-29,desktop,9519
2018-07-30,RS-os,1722
2018-07-30,desktop,18010
2018-07-31,RS-os,1778
2018-07-31,desktop,18062
2018-08-01,RS-os,1794
2018-08-01,desktop,18112
2018-08-02,RS-os,1655
2018-08-02,desktop,17356
2018-08-03,RS-os,1510
2018-08-03,desktop,15059
2018-08-04,RS-os,801
2018-08-04,desktop,9428
2018-08-05,RS-os,841
2018-08-05,desktop,9157
2018-08-06,RS-os,1749
2018-08-06,desktop,17687
2018-08-07,RS-os,1760
2018-08-07,desktop,18565
2018-08-08,RS-os,1661
2018-08-08,desktop,18111
2018-08-09,RS-os,1750
2018-08-09,desktop,17072
2018-08-10,RS-os,1536
2018-08-10,desktop,14986
2018-08-11,RS-os,903
2018-08-11,desktop,9521
2018-08-12,RS-os,876
2018-08-12,desktop,9202
2018-08-13,RS-os,1966
2018-08-13,desktop,16956
2018-08-14,RS-os,1823
2018-08-14,desktop,17783
2018-08-15,RS-os,1877
2018-08-15,desktop,16306
2018-08-16,RS-os,1870
2018-08-16,desktop,17614
2018-08-17,RS-os,1567
2018-08-17,desktop,15284
2018-08-18,RS-os,778
2018-08-18,desktop,10006
2018-08-19,RS-os,904
2018-08-19,desktop,9888
2018-08-20,RS-os,1778
2018-08-20,desktop,21485
2018-08-21,RS-os,1890
2018-08-21,desktop,22950
2018-08-22,RS-os,1854
2018-08-22,desktop,22328
2018-08-23,RS-os,2201
2018-08-23,desktop,7899
2018-08-24,RS-os,1559
2018-08-24,desktop,20692
2018-08-25,RS-os,898
2018-08-25,desktop,12896
2018-08-26,RS-os,955
2018-08-26,desktop,13472
2018-08-27,RS-os,1827
2018-08-27,desktop,28068
2018-08-28,RS-os,2206
2018-08-28,desktop,30022
2018-08-29,RS-os,2071
2018-08-29,desktop,30321
2018-08-30,RS-os,2107
2018-08-30,desktop,28554
2018-08-31,RS-os,1963
2018-08-31,desktop,24422
2018-09-01,RS-os,963
2018-09-01,desktop,14103
2018-09-02,RS-os,876
2018-09-02,desktop,14384
2018-09-03,RS-os,1526
2018-09-03,desktop,25866
2018-09-04,RS-os,2214
2018-09-04,desktop,34508
2018-09-05,RS-os,2300
2018-09-05,desktop,35745
2018-09-06,RS-os,2227
2018-09-06,desktop,34155
2018-09-07,RS-os,1917
2018-09-07,desktop,28463
2018-09-08,RS-os,1049
2018-09-08,desktop,16512
2018-09-09,RS-os,1008
2018-09-09,desktop,17953
2018-09-10,RS-os,1981
2018-09-10,desktop,35265
2018-09-11,RS-os,2332
2018-09-11,desktop,35786
2018-09-12,RS-os,2024
2018-09-12,desktop,33689
2018-09-13,RS-os,2015
2018-09-13,desktop,31101
2018-09-14,RS-os,1863
2018-09-14,desktop,26575
2018-09-15,RS-os,966
2018-09-15,desktop,16253
2018-09-16,RS-os,997
2018-09-16,desktop,17551
2018-09-17,RS-os,2482
2018-09-17,desktop,33956
2018-09-18,RS-os,2252
2018-09-18,desktop,33491
2018-09-19,RS-os,2216
2018-09-19,desktop,32322
2018-09-20,RS-os,2237
2018-09-20,desktop,32423
2018-09-21,RS-os,1980
2018-09-21,desktop,25763
2018-09-22,RS-os,1112
2018-09-22,desktop,15578
2018-09-23,RS-os,887
2018-09-23,desktop,16171
2018-09-24,RS-os,1636
2018-09-24,desktop,26585
2018-09-25,RS-os,2241
2018-09-25,desktop,29686
2018-09-26,RS-os,2202
2018-09-26,desktop,29630
2018-09-27,RS-os,2097
2018-09-27,desktop,29594
2018-09-28,RS-os,2118
2018-09-28,desktop,24560
2018-09-29,RS-os,998
2018-09-29,desktop,15957
2018-09-30,RS-os,894
2018-09-30,desktop,15899
2018-10-01,RS-os,1824
2018-10-01,desktop,29311
2018-10-02,RS-os,1621
2018-10-02,desktop,28873
2018-10-03,RS-os,1742
2018-10-03,desktop,26584
2018-10-04,RS-os,2125
2018-10-04,desktop,26354
2018-10-05,RS-os,1947
2018-10-05,desktop,22535
2018-10-06,RS-os,607
2018-10-06,desktop,13885
2018-10-07,RS-os,640
2018-10-07,desktop,14722
2018-10-08,RS-os,1971
2018-10-08,desktop,25369
2018-10-09,RS-os,2016
2018-10-09,desktop,26822
2018-10-10,RS-os,2360
2018-10-10,desktop,26997
2018-10-11,RS-os,2510
2018-10-11,desktop,25297
2018-10-12,RS-os,2334
2018-10-12,desktop,21439
2018-10-13,RS-os,1350
2018-10-13,desktop,13303
2018-10-14,RS-os,1167
2018-10-14,desktop,14475
2018-10-15,RS-os,2222
2018-10-15,desktop,25728
2018-10-16,RS-os,91
2018-10-16,desktop,27280
2018-10-17,RS-os,2622
2018-10-17,desktop,25777
2018-10-18,RS-os,3293
2018-10-18,desktop,24364
2018-10-19,RS-os,2158
2018-10-19,desktop,20569
2018-10-20,RS-os,981
2018-10-20,desktop,13570
2018-10-21,RS-os,1096
2018-10-21,desktop,14846
2018-10-22,RS-os,2374
2018-10-22,desktop,25755
2018-10-23,RS-os,2263
2018-10-23,desktop,25726
2018-10-24,RS-os,2112
2018-10-24,desktop,25419
2018-10-25,RS-os,2169
2018-10-25,desktop,24736
2018-10-26,RS-os,2047
2018-10-26,desktop,20054
2018-10-27,RS-os,804
2018-10-27,desktop,13198
2018-10-28,RS-os,750
2018-10-28,desktop,13043
2018-10-29,RS-os,2185
2018-10-29,desktop,23216
2018-10-30,RS-os,2129
2018-10-30,desktop,26368
2018-10-31,RS-os,1958
2018-10-31,desktop,23782
2018-11-01,RS-os,2062
2018-11-01,desktop,20542
2018-11-02,RS-os,2245
2018-11-02,desktop,19064
2018-11-03,RS-os,998
2018-11-03,desktop,12051
2018-11-04,RS-os,717
2018-11-04,desktop,13107
2018-11-05,RS-os,2097
2018-11-05,desktop,24074
2018-11-06,RS-os,2406
2018-11-06,desktop,24131
2018-11-07,RS-os,2374
2018-11-07,desktop,23925
2018-11-08,RS-os,2282
2018-11-08,desktop,23181
2018-11-09,RS-os,1597
2018-11-09,desktop,20962
2018-11-10,RS-os,827
2018-11-10,desktop,13413
2018-11-11,RS-os,722
2018-11-11,desktop,13057
2018-11-12,RS-os,1658
2018-11-12,desktop,23720
2018-11-13,RS-os,2040
2018-11-13,desktop,24551
2018-11-14,RS-os,2265
2018-11-14,desktop,24004
2018-11-15,RS-os,2070
2018-11-15,desktop,22584
2018-11-16,RS-os,1996
2018-11-16,desktop,20239
2018-11-17,RS-os,735
2018-11-17,desktop,13244
2018-11-18,RS-os,640
2018-11-18,desktop,13104
2018-11-19,RS-os,1845
2018-11-19,desktop,22290
2018-11-20,RS-os,2252
2018-11-20,desktop,22615
2018-11-21,RS-os,1608
2018-11-21,desktop,21378
2018-11-22,RS-os,1314
2018-11-22,desktop,19365
2018-11-23,RS-os,1260
2018-11-23,desktop,16176
2018-11-24,RS-os,755
2018-11-24,desktop,12188
2018-11-25,RS-os,643
2018-11-25,desktop,12887
2018-11-26,RS-os,1878
2018-11-26,desktop,22397
2018-11-27,RS-os,1884
2018-11-27,desktop,23863
2018-11-28,RS-os,2049
2018-11-28,desktop,23306
2018-11-29,RS-os,2272
2018-11-29,desktop,21941
2018-11-30,RS-os,1818
2018-11-30,desktop,19058
2018-12-01,RS-os,824
2018-12-01,desktop,12851
2018-12-02,RS-os,685
2018-12-02,desktop,12731
2018-12-03,RS-os,1809
2018-12-03,desktop,22279
2018-12-04,RS-os,2141
2018-12-04,desktop,22040
2018-12-05,RS-os,1886
2018-12-05,desktop,22476
2018-12-06,RS-os,2044
2018-12-06,desktop,21895
2018-12-07,RS-os,1798
2018-12-07,desktop,19070
2018-12-08,RS-os,800
2018-12-08,desktop,11695
2018-12-09,RS-os,687
2018-12-09,desktop,11514
2018-12-10,RS-os,1978
2018-12-10,desktop,20600
2018-12-11,RS-os,2031
2018-12-11,desktop,19938
2018-12-12,RS-os,2005
2018-12-12,desktop,18293
2018-12-13,RS-os,2195
2018-12-13,desktop,17950
2018-12-14,RS-os,1960
2018-12-14,desktop,15311
2018-12-15,RS-os,1097
2018-12-15,desktop,10275
2018-12-16,RS-os,1024
2018-12-16,desktop,10222
2018-12-17,RS-os,2005
2018-12-17,desktop,17972
2018-12-18,RS-os,2243
2018-12-18,desktop,17991
2018-12-19,RS-os,2315
2018-12-19,desktop,17517
2018-12-20,RS-os,2292
2018-12-20,desktop,15294
2018-12-21,RS-os,1917
2018-12-21,desktop,12875
2018-12-22,RS-os,987
2018-12-22,desktop,8813
2018-12-23,RS-os,975
2018-12-23,desktop,8541
2018-12-24,RS-os,1232
2018-12-24,desktop,9155
2018-12-25,RS-os,938
2018-12-25,desktop,7770
2018-12-26,RS-os,1451
2018-12-26,desktop,10984
2018-12-27,RS-os,1547
2018-12-27,desktop,11834
2018-12-28,RS-os,1304
2018-12-28,desktop,10583
2018-12-29,RS-os,1044
2018-12-29,desktop,8610
2018-12-30,RS-os,969
2018-12-30,desktop,7248
2018-12-31,RS-os,1151
2018-12-31,desktop,7076
2019-01-01,RS-os,922
2019-01-01,desktop,6522
2019-01-02,RS-os,2076
2019-01-02,desktop,14488
2019-01-03,RS-os,2172
2019-01-03,desktop,15994
2019-01-04,RS-os,2007
2019-01-04,desktop,15029
2019-01-05,RS-os,1044
2019-01-05,desktop,11074
2019-01-06,RS-os,1134
2019-01-06,desktop,10456
2019-01-07,RS-os,2426
2019-01-07,desktop,24477
2019-01-08,RS-os,2494
2019-01-08,desktop,26825
2019-01-09,RS-os,2296
2019-01-09,desktop,28441
2019-01-10,RS-os,2201
2019-01-10,desktop,26830
2019-01-11,RS-os,2193
2019-01-11,desktop,22809
2019-01-12,RS-os,1105
2019-01-12,desktop,12490
2019-01-13,RS-os,1105
2019-01-13,desktop,12771
2019-01-14,RS-os,2231
2019-01-14,desktop,27236
2019-01-15,RS-os,2393
2019-01-15,desktop,29086
2019-01-16,RS-os,2574
2019-01-16,desktop,29083
2019-01-17,RS-os,2385
2019-01-17,desktop,27881
2019-01-18,RS-os,2238
2019-01-18,desktop,23342
2019-01-19,RS-os,1052
2019-01-19,desktop,12881
2019-01-20,RS-os,956
2019-01-20,desktop,12827
2019-01-21,RS-os,1836
2019-01-21,desktop,23483
2019-01-22,RS-os,2510
2019-01-22,desktop,30039
2019-01-23,RS-os,2553
2019-01-23,desktop,29427
2019-01-24,RS-os,2655
2019-01-24,desktop,27425
2019-01-25,RS-os,2186
2019-01-25,desktop,22925
2019-01-26,RS-os,1225
2019-01-26,desktop,13232
2019-01-27,RS-os,1131
2019-01-27,desktop,13618
2019-01-28,RS-os,2472
2019-01-28,desktop,27205
2019-01-29,RS-os,2470
2019-01-29,desktop,26972
2019-01-30,RS-os,2101
2019-01-30,desktop,25339
2019-01-31,RS-os,2033
2019-01-31,desktop,24066
2019-02-01,RS-os,1900
2019-02-01,desktop,21006
2019-02-02,RS-os,966
2019-02-02,desktop,12068
2019-02-03,RS-os,970
2019-02-03,desktop,12503
2019-02-04,RS-os,2033
2019-02-04,desktop,23437
2019-02-05,RS-os,2030
2019-02-05,desktop,25948
2019-02-06,RS-os,2261
2019-02-06,desktop,24415
2019-02-07,RS-os,2309
2019-02-07,desktop,24092
2019-02-08,RS-os,2260
2019-02-08,desktop,19920
2019-02-09,RS-os,1241
2019-02-09,desktop,11987
2019-02-10,RS-os,1513
2019-02-10,desktop,12989
2019-02-11,RS-os,2547
2019-02-11,desktop,25332
2019-02-12,RS-os,1974
2019-02-12,desktop,24230
2019-02-13,RS-os,1967
2019-02-13,desktop,23672
2019-02-14,RS-os,2064
2019-02-14,desktop,22188
2019-02-15,RS-os,703
2019-02-15,desktop,19642
2019-02-16,RS-os,954
2019-02-16,desktop,12218
2019-02-17,RS-os,927
2019-02-17,desktop,12702
2019-02-18,RS-os,1775
2019-02-18,desktop,23503
2019-02-19,RS-os,2178
2019-02-19,desktop,24319
2019-02-20,RS-os,2249
2019-02-20,desktop,24563
2019-02-21,RS-os,2418
2019-02-21,desktop,23745
2019-02-22,RS-os,1888
2019-02-22,desktop,20490
2019-02-23,RS-os,1054
2019-02-23,desktop,13209
2019-02-24,RS-os,1295
2019-02-24,desktop,14024
2019-02-25,RS-os,2223
2019-02-25,desktop,26764
2019-02-26,RS-os,2219
2019-02-26,desktop,26932
2019-02-27,RS-os,2156
2019-02-27,desktop,25538
2019-02-28,RS-os,2221
2019-02-28,desktop,24261
2019-03-01,RS-os,1978
2019-03-01,desktop,20713
2019-03-02,RS-os,1169
2019-03-02,desktop,13614
2019-03-03,RS-os,1079
2019-03-03,desktop,14214
2019-03-04,RS-os,2304
2019-03-04,desktop,26893
2019-03-05,RS-os,2064
2019-03-05,desktop,27076
2019-03-06,RS-os,2212
2019-03-06,desktop,26397
2019-03-07,RS-os,2262
2019-03-07,desktop,26591
2019-03-08,RS-os,2480
2019-03-08,desktop,21280
2019-03-09,RS-os,1115
2019-03-09,desktop,14251
2019-03-10,RS-os,1034
2019-03-10,desktop,14643
2019-03-11,RS-os,2128
2019-03-11,desktop,26918
2019-03-12,RS-os,2342
2019-03-12,desktop,27464
2019-03-13,RS-os,2279
2019-03-13,desktop,27268
2019-03-14,RS-os,98
2019-03-14,desktop,26354
2019-03-15,RS-os,1894
2019-03-15,desktop,22245
2019-03-16,RS-os,948
2019-03-16,desktop,14377
2019-03-17,RS-os,948
2019-03-17,desktop,14440
2019-03-18,RS-os,2148
2019-03-18,desktop,25256
2019-03-19,RS-os,2202
2019-03-19,desktop,26421
2019-03-20,RS-os,2554
2019-03-20,desktop,24525
2019-03-21,RS-os,2471
2019-03-21,desktop,22845
2019-03-22,RS-os,2006
2019-03-22,desktop,20803
2019-03-23,RS-os,980
2019-03-23,desktop,13656
2019-03-24,RS-os,954
2019-03-24,desktop,13519
2019-03-25,RS-os,2521
2019-03-25,desktop,24271
2019-03-26,RS-os,2738
2019-03-26,desktop,25239
2019-03-27,RS-os,2503
2019-03-27,desktop,24897
2019-03-28,RS-os,2777
2019-03-28,desktop,23784
2019-03-29,RS-os,2405
2019-03-29,desktop,20112
2019-03-30,RS-os,998
2019-03-30,desktop,13179
2019-03-31,RS-os,888
2019-03-31,desktop,13155
2019-04-01,RS-os,2479
2019-04-01,desktop,25319
2019-04-02,RS-os,2830
2019-04-02,desktop,27533
2019-04-03,RS-os,2581
2019-04-03,desktop,26545
2019-04-04,RS-os,2452
2019-04-04,desktop,23950
2019-04-05,RS-os,2280
2019-04-05,desktop,19499
2019-04-06,RS-os,1052
2019-04-06,desktop,12897
2019-04-07,RS-os,1043
2019-04-07,desktop,15928
2019-04-08,RS-os,2672
2019-04-08,desktop,25486
2019-04-09,RS-os,3021
2019-04-09,desktop,30279
2019-04-10,RS-os,3241
2019-04-10,desktop,63042
2019-04-11,RS-os,2791
2019-04-11,desktop,27167
2019-04-12,RS-os,2529
2019-04-12,desktop,23300
2019-04-13,RS-os,1026
2019-04-13,desktop,15134
2019-04-14,RS-os,1071
2019-04-14,desktop,14844
2019-04-15,RS-os,2808
2019-04-15,desktop,28136
2019-04-16,RS-os,2430
2019-04-16,desktop,29204
2019-04-17,RS-os,3093
2019-04-17,desktop,25549
2019-04-18,RS-os,2290
2019-04-18,desktop,22348
2019-04-19,RS-os,1724
2019-04-19,desktop,17532
2019-04-20,RS-os,1015
2019-04-20,desktop,12851
2019-04-21,RS-os,887
2019-04-21,desktop,12740
2019-04-22,RS-os,2046
2019-04-22,desktop,23448
2019-04-23,RS-os,2622
2019-04-23,desktop,27162
2019-04-24,RS-os,2481
2019-04-24,desktop,25980
2019-04-25,RS-os,2594
2019-04-25,desktop,24669
2019-04-26,RS-os,2474
2019-04-26,desktop,25321
2019-04-27,RS-os,1200
2019-04-27,desktop,13605
2019-04-28,RS-os,225
2019-04-28,desktop,4676
2019-04-29,RS-os,2847
2019-04-29,desktop,26205
2019-04-30,RS-os,3157
2019-04-30,desktop,23031
2019-05-01,RS-os,2588
2019-05-01,desktop,23583
2019-05-02,RS-os,2768
2019-05-02,desktop,47053
2019-05-03,RS-os,2688
2019-05-03,desktop,22358
2019-05-04,RS-os,1079
2019-05-04,desktop,15098
2019-05-05,RS-os,1209
2019-05-05,desktop,19156
2019-05-06,RS-os,2677
2019-05-06,desktop,30040
2019-05-07,RS-os,3082
2019-05-07,desktop,25784
2019-05-08,RS-os,3041
2019-05-08,desktop,33407
2019-05-09,RS-os,2653
2019-05-09,desktop,23631
2019-05-10,RS-os,2784
2019-05-10,desktop,21089
2019-05-11,RS-os,1054
2019-05-11,desktop,12910
2019-05-12,RS-os,1070
2019-05-12,desktop,12500
2019-05-13,RS-os,2708
2019-05-13,desktop,25612
2019-05-14,RS-os,3077
2019-05-14,desktop,25544
2019-05-15,RS-os,2940
2019-05-15,desktop,24489
2019-05-16,RS-os,2783
2019-05-16,desktop,23230
2019-05-17,RS-os,2659
2019-05-17,desktop,19592
2019-05-18,RS-os,1080
2019-05-18,desktop,12942
2019-05-19,RS-os,1114
2019-05-19,desktop,13196
2019-05-20,RS-os,2899
2019-05-20,desktop,23375
2019-05-21,RS-os,3835
2019-05-21,desktop,23856
2019-05-22,RS-os,2420
2019-05-22,desktop,23030
2019-05-23,RS-os,2961
2019-05-23,desktop,22035
2019-05-24,RS-os,2523
2019-05-24,desktop,18511
2019-05-25,RS-os,866
2019-05-25,desktop,14170
2019-05-26,RS-os,977
2019-05-26,desktop,13181
2019-05-27,RS-os,2038
2019-05-27,desktop,24088
2019-05-28,RS-os,2828
2019-05-28,desktop,26962
2019-05-29,RS-os,2891
2019-05-29,desktop,58286
2019-05-30,RS-os,2713
2019-05-30,desktop,19270
2019-05-31,RS-os,2293
2019-05-31,desktop,16771
2019-06-01,RS-os,974
2019-06-01,desktop,10435
2019-06-02,RS-os,981
2019-06-02,desktop,10787
2019-06-03,RS-os,2385
2019-06-03,desktop,22162
2019-06-04,RS-os,2297
2019-06-04,desktop,21534
2019-06-05,RS-os,2725
2019-06-05,desktop,20656
2019-06-06,RS-os,2988
2019-06-06,desktop,19472
2019-06-07,RS-os,2571
2019-06-07,desktop,17218
2019-06-08,RS-os,1028
2019-06-08,desktop,10936
2019-06-09,RS-os,1102
2019-06-09,desktop,11003
2019-06-10,RS-os,2617
2019-06-10,desktop,658
2019-06-11,RS-os,2916
2019-06-11,desktop,21779
2019-06-12,RS-os,2835
2019-06-12,desktop,21198
2019-06-13,RS-os,2794
2019-06-13,desktop,19555
2019-06-14,RS-os,2433
2019-06-14,desktop,17526
2019-06-15,RS-os,1018
2019-06-15,desktop,11095
2019-06-16,RS-os,1172
2019-06-16,desktop,10525
2019-06-17,RS-os,2437
2019-06-17,desktop,21744
2019-06-18,RS-os,2586
2019-06-18,desktop,21096
2019-06-19,RS-os,2508
2019-06-19,desktop,20368
2019-06-20,RS-os,2273
2019-06-20,desktop,18535
2019-06-21,RS-os,2260
2019-06-21,desktop,16704
2019-06-22,RS-os,1118
2019-06-22,desktop,11040
2019-06-23,RS-os,1400
2019-06-23,desktop,10116
2019-06-24,RS-os,2408
2019-06-24,desktop,21601
2019-06-25,RS-os,2383
2019-06-25,desktop,20938
2019-06-26,RS-os,2514
2019-06-26,desktop,19506
2019-06-27,RS-os,2607
2019-06-27,desktop,95672
2019-06-28,RS-os,2165
2019-06-28,desktop,15982
2019-06-29,RS-os,1071
2019-06-29,desktop,10283
2019-06-30,RS-os,1011
2019-06-30,desktop,10197
2019-07-01,RS-os,2366
2019-07-01,desktop,20952
2019-07-02,RS-os,2847
2019-07-02,desktop,20545
2019-07-03,RS-os,2223
2019-07-03,desktop,19694
2019-07-04,RS-os,1772
2019-07-04,desktop,16182
2019-07-05,RS-os,1711
2019-07-05,desktop,15861
2019-07-06,RS-os,935
2019-07-06,desktop,10774
2019-07-07,RS-os,1113
2019-07-07,desktop,11369
2019-07-08,RS-os,2246
2019-07-08,desktop,22841
2019-07-09,RS-os,2292
2019-07-09,desktop,21193
2019-07-10,RS-os,2589
2019-07-10,desktop,20268
2019-07-11,RS-os,2455
2019-07-11,desktop,19513
2019-07-12,RS-os,2209
2019-07-12,desktop,16733
2019-07-13,RS-os,991
2019-07-13,desktop,10636
2019-07-14,RS-os,1100
2019-07-14,desktop,10136
2019-07-15,RS-os,2274
2019-07-15,desktop,21001
2019-07-16,RS-os,2507
2019-07-16,desktop,21035
2019-07-17,RS-os,2417
2019-07-17,desktop,19859
2019-07-18,RS-os,2140
2019-07-18,desktop,19450
2019-07-19,RS-os,2073
2019-07-19,desktop,16818
2019-07-20,RS-os,878
2019-07-20,desktop,10382
2019-07-21,RS-os,1074
2019-07-21,desktop,10117
2019-07-22,RS-os,2248
2019-07-22,desktop,19910
2019-07-23,RS-os,2252
2019-07-23,desktop,20023
2019-07-24,RS-os,2390
2019-07-24,desktop,19361
2019-07-25,RS-os,2174
2019-07-25,desktop,18551
2019-07-26,RS-os,2095
2019-07-26,desktop,16136
2019-07-27,RS-os,1077
2019-07-27,desktop,10654
2019-07-28,RS-os,1102
2019-07-28,desktop,12116
2019-07-29,RS-os,2454
2019-07-29,desktop,38535
2019-07-30,RS-os,2873
2019-07-30,desktop,392
2019-07-31,RS-os,2550
2019-07-31,desktop,19744
2019-08-01,RS-os,3041
2019-08-01,desktop,18542
2019-08-02,RS-os,4009
2019-08-02,desktop,15880
2019-08-03,RS-os,2625
2019-08-03,desktop,10637
2019-08-04,RS-os,2835
2019-08-04,desktop,10573
2019-08-05,RS-os,4307
2019-08-05,desktop,20244
2019-08-06,RS-os,3885
2019-08-06,desktop,176
2019-08-07,RS-os,2917
2019-08-07,desktop,21928
2019-08-08,RS-os,2509
2019-08-08,desktop,22988
2019-08-09,RS-os,2373
2019-08-09,desktop,8636
2019-08-10,RS-os,912
2019-08-10,desktop,11631
2019-08-11,RS-os,1035
2019-08-11,desktop,1059
2019-08-12,RS-os,2641
2019-08-12,desktop,19935
2019-08-13,RS-os,2458
2019-08-13,desktop,21185
2019-08-14,RS-os,2426
2019-08-14,desktop,20342
2019-08-15,RS-os,1967
2019-08-15,desktop,17836
2019-08-16,RS-os,2181
2019-08-16,desktop,11771
2019-08-17,RS-os,938
2019-08-17,desktop,12037
2019-08-18,RS-os,971
2019-08-18,desktop,11335
2019-08-19,RS-os,2471
2019-08-19,desktop,23066
2019-08-20,RS-os,2485
2019-08-20,desktop,25175
2019-08-21,RS-os,2638
2019-08-21,desktop,25903
2019-08-22,RS-os,2607
2019-08-22,desktop,24630
2019-08-23,RS-os,2523
2019-08-23,desktop,20138
2019-08-24,RS-os,1227
2019-08-24,desktop,13785
2019-08-25,RS-os,1115
2019-08-25,desktop,2973
2019-08-26,RS-os,2361
2019-08-26,desktop,29504
2019-08-27,RS-os,2440
2019-08-27,desktop,32733
2019-08-28,RS-os,2779
2019-08-28,desktop,33605
2019-08-29,RS-os,2217
2019-08-29,desktop,31318
2019-08-30,RS-os,1834
2019-08-30,desktop,24112
2019-08-31,RS-os,723
2019-08-31,desktop,12851
2019-09-01,RS-os,794
2019-09-01,desktop,13742
2019-09-02,RS-os,1641
2019-09-02,desktop,24806
2019-09-03,RS-os,2297
2019-09-03,desktop,35001
2019-09-04,RS-os,2452
2019-09-04,desktop,37058
2019-09-05,RS-os,2479
2019-09-05,desktop,33921
2019-09-06,RS-os,2171
2019-09-06,desktop,27605
2019-09-07,RS-os,1016
2019-09-07,desktop,15141
2019-09-08,RS-os,1144
2019-09-08,desktop,17007
2019-09-09,RS-os,2380
2019-09-09,desktop,34951
2019-09-10,RS-os,2330
2019-09-10,desktop,33691
2019-09-11,RS-os,2239
2019-09-11,desktop,3158
2019-09-12,RS-os,2382
2019-09-12,desktop,29305
2019-09-13,RS-os,2106
2019-09-13,desktop,23047
2019-09-14,RS-os,1002
2019-09-14,desktop,14892
2019-09-15,RS-os,1111
2019-09-15,desktop,16425
2019-09-16,RS-os,2381
2019-09-16,desktop,31251
2019-09-17,RS-os,2563
2019-09-17,desktop,34489
2019-09-18,RS-os,2564
2019-09-18,desktop,34530
2019-09-19,RS-os,2414
2019-09-19,desktop,33099
2019-09-20,RS-os,2254
2019-09-20,desktop,27834
2019-09-21,RS-os,979
2019-09-21,desktop,16746
2019-09-22,RS-os,956
2019-09-22,desktop,17547
2019-09-23,RS-os,2529
2019-09-23,desktop,33035
2019-09-24,RS-os,2470
2019-09-24,desktop,34077
2019-09-25,RS-os,2529
2019-09-25,desktop,35596
2019-09-26,RS-os,2522
2019-09-26,desktop,33803
2019-09-27,RS-os,2137
2019-09-27,desktop,28152
2019-09-28,RS-os,818
2019-09-28,desktop,17206
2019-09-29,RS-os,994
2019-09-29,desktop,18614
2019-09-30,RS-os,2126
2019-09-30,desktop,31610
2019-10-01,RS-os,2187
2019-10-01,desktop,32612
2019-10-02,RS-os,104
2019-10-02,desktop,4159
2019-10-03,RS-os,2343
2019-10-03,desktop,30814
2019-10-04,RS-os,2021
2019-10-04,desktop,25907
2019-10-05,RS-os,780
2019-10-05,desktop,15814
2019-10-06,RS-os,899
2019-10-06,desktop,17288
2019-10-07,RS-os,200
2019-10-07,desktop,564
2019-10-08,RS-os,2481
2019-10-08,desktop,30812
2019-10-09,RS-os,1918
2019-10-09,desktop,29400
2019-10-10,RS-os,1960
2019-10-10,desktop,29959
2019-10-11,RS-os,1557
2019-10-11,desktop,25901
2019-10-12,RS-os,849
2019-10-12,desktop,16682
2019-10-13,RS-os,839
2019-10-13,desktop,17275
2019-10-14,RS-os,2242
2019-10-14,desktop,29518
2019-10-15,RS-os,2298
2019-10-15,desktop,30997
2019-10-16,RS-os,1929
2019-10-16,desktop,32329
2019-10-17,RS-os,2255
2019-10-17,desktop,29226
2019-10-18,RS-os,2134
2019-10-18,desktop,24858
2019-10-19,RS-os,721
2019-10-19,desktop,16644
2019-10-20,RS-os,286
2019-10-20,desktop,17203
2019-10-21,RS-os,1870
2019-10-21,desktop,30244
2019-10-22,RS-os,2416
2019-10-22,desktop,30536
2019-10-23,RS-os,2890
2019-10-23,desktop,28238
2019-10-24,RS-os,2452
2019-10-24,desktop,26717
2019-10-25,RS-os,1910
2019-10-25,desktop,22274
2019-10-26,RS-os,694
2019-10-26,desktop,13989
2019-10-27,RS-os,755
2019-10-27,desktop,14508
2019-10-28,RS-os,1888
2019-10-28,desktop,25723
2019-10-29,RS-os,1925
2019-10-29,desktop,27110
2019-10-30,RS-os,2074
2019-10-30,desktop,27230
2019-10-31,RS-os,2018
2019-10-31,desktop,24115
2019-11-01,RS-os,1789
2019-11-01,desktop,20642
2019-11-02,RS-os,804
2019-11-02,desktop,14310
2019-11-03,RS-os,744
2019-11-03,desktop,14902
2019-11-04,RS-os,2171
2019-11-04,desktop,30118
2019-11-05,RS-os,2132
2019-11-05,desktop,32536
2019-11-06,RS-os,2106
2019-11-06,desktop,30403
2019-11-07,RS-os,2158
2019-11-07,desktop,28792
2019-11-08,RS-os,2042
2019-11-08,desktop,26337
2019-11-09,RS-os,870
2019-11-09,desktop,18388
2019-11-10,RS-os,789
2019-11-10,desktop,17367
2019-11-11,RS-os,2018
2019-11-11,desktop,27299
2019-11-12,RS-os,2310
2019-11-12,desktop,31057
2019-11-13,RS-os,2068
2019-11-13,desktop,30488
2019-11-14,RS-os,1914
2019-11-14,desktop,31067
2019-11-15,RS-os,2024
2019-11-15,desktop,26989
2019-11-16,RS-os,972
2019-11-16,desktop,18524
2019-11-17,RS-os,847
2019-11-17,desktop,18976
2019-11-18,RS-os,2143
2019-11-18,desktop,32182
2019-11-19,RS-os,2348
2019-11-19,desktop,32253
2019-11-20,RS-os,2479
2019-11-20,desktop,30929
2019-11-21,RS-os,2603
2019-11-21,desktop,28840
2019-11-22,RS-os,2133
2019-11-22,desktop,26116
2019-11-23,RS-os,957
2019-11-23,desktop,17707
2019-11-24,RS-os,986
2019-11-24,desktop,17976
2019-11-25,RS-os,2217
2019-11-25,desktop,28728
2019-11-26,RS-os,2170
2019-11-26,desktop,29851
2019-11-27,RS-os,1950
2019-11-27,desktop,24176
2019-11-28,RS-os,1336
2019-11-28,desktop,22843
2019-11-29,RS-os,1232
2019-11-29,desktop,21082
2019-11-30,RS-os,836
2019-11-30,desktop,15897
2019-12-01,RS-os,839
2019-12-01,desktop,16227
2019-12-02,RS-os,2235
2019-12-02,desktop,28414
2019-12-03,RS-os,2520
2019-12-03,desktop,29622
2019-12-04,RS-os,2403
2019-12-04,desktop,28635
2019-12-05,RS-os,2234
2019-12-05,desktop,26358
2019-12-06,RS-os,2118
2019-12-06,desktop,23936
2019-12-07,RS-os,898
2019-12-07,desktop,17131
2019-12-08,RS-os,895
2019-12-08,desktop,16269
2019-12-09,RS-os,2222
2019-12-09,desktop,25280
2019-12-10,RS-os,2299
2019-12-10,desktop,26223
2019-12-11,RS-os,2142
2019-12-11,desktop,24763
2019-12-12,RS-os,2394
2019-12-12,desktop,23763
2019-12-13,RS-os,2216
2019-12-13,desktop,21390
2019-12-14,RS-os,794
2019-12-14,desktop,15012
2019-12-15,RS-os,840
2019-12-15,desktop,15359
2019-12-16,RS-os,1937
2019-12-16,desktop,24185
2019-12-17,RS-os,2507
2019-12-17,desktop,25006
2019-12-18,RS-os,2246
2019-12-18,desktop,24497
2019-12-19,RS-os,2012
2019-12-19,desktop,23195
2019-12-20,RS-os,1794
2019-12-20,desktop,19469
2019-12-21,RS-os,759
2019-12-21,desktop,13958
2019-12-22,RS-os,892
2019-12-22,desktop,13558
2019-12-23,RS-os,1881
2019-12-23,desktop,17572
2019-12-24,RS-os,1360
2019-12-24,desktop,14488
2019-12-25,RS-os,723
2019-12-25,desktop,12693
2019-12-26,RS-os,1263
2019-12-26,desktop,15135
2019-12-27,RS-os,1444
2019-12-27,desktop,15048
2019-12-28,RS-os,720
2019-12-28,desktop,12461
2019-12-29,RS-os,819
2019-12-29,desktop,11999
2019-12-30,RS-os,1468
2019-12-30,desktop,15226
2019-12-31,RS-os,1302
2019-12-31,desktop,12238
2020-01-01,RS-os,847
2020-01-01,desktop,10607
2020-01-02,RS-os,2059
2020-01-02,desktop,18313
2020-01-03,RS-os,1747
2020-01-03,desktop,19743
2020-01-04,RS-os,761
2020-01-04,desktop,15916
2020-01-05,RS-os,711
2020-01-05,desktop,26784
2020-01-06,RS-os,2302
2020-01-06,desktop,34049
2020-01-07,RS-os,2140
2020-01-07,desktop,36190
2020-01-08,RS-os,2367
2020-01-08,desktop,42347
2020-01-09,RS-os,2277
2020-01-09,desktop,40431
2020-01-10,RS-os,65
2020-01-10,desktop,31712
2020-01-11,RS-os,795
2020-01-11,desktop,19755
2020-01-12,RS-os,763
2020-01-12,desktop,20554
2020-01-13,RS-os,1245
2020-01-13,desktop,39153
2020-01-14,RS-os,2587
2020-01-14,desktop,40095
2020-01-15,RS-os,201
2020-01-15,desktop,38774
2020-01-16,RS-os,2257
2020-01-16,desktop,38857
2020-01-17,RS-os,2180
2020-01-17,desktop,31554
2020-01-18,RS-os,1091
2020-01-18,desktop,19570
2020-01-19,RS-os,990
2020-01-19,desktop,18851
2020-01-20,RS-os,1958
2020-01-20,desktop,32822
2020-01-21,RS-os,2135
2020-01-21,desktop,41257
2020-01-22,RS-os,2518
2020-01-22,desktop,41377
2020-01-23,RS-os,2249
2020-01-23,desktop,38317
2020-01-24,RS-os,1915
2020-01-24,desktop,31586
2020-01-25,RS-os,1015
2020-01-25,desktop,18977
2020-01-26,RS-os,1062
2020-01-26,desktop,19564
2020-01-27,RS-os,2138
2020-01-27,desktop,38659
2020-01-28,RS-os,2543
2020-01-28,desktop,38794
2020-01-29,RS-os,2597
2020-01-29,desktop,38661
2020-01-30,RS-os,2730
2020-01-30,desktop,34925
2020-01-31,RS-os,2291
2020-01-31,desktop,26968
2020-02-01,RS-os,1133
2020-02-01,desktop,17056
2020-02-02,RS-os,1244
2020-02-02,desktop,17514
2020-02-03,RS-os,2444
2020-02-03,desktop,32998
2020-02-04,RS-os,2224
2020-02-04,desktop,33722
2020-02-05,RS-os,2199
2020-02-05,desktop,33472
2020-02-06,RS-os,2469
2020-02-06,desktop,33380
2020-02-07,RS-os,180
2020-02-07,desktop,28554
2020-02-08,RS-os,1010
2020-02-08,desktop,18279
2020-02-09,RS-os,1036
2020-02-09,desktop,18821
2020-02-10,RS-os,165
2020-02-10,desktop,35348
2020-02-11,RS-os,2511
2020-02-11,desktop,38982
2020-02-12,RS-os,2271
2020-02-12,desktop,38295
2020-02-13,RS-os,2237
2020-02-13,desktop,20183
2020-02-14,RS-os,1886
2020-02-14,desktop,30773
2020-02-15,RS-os,962
2020-02-15,desktop,22443
2020-02-16,RS-os,1150
2020-02-16,desktop,22549
2020-02-17,RS-os,2292
2020-02-17,desktop,38263
2020-02-18,RS-os,2523
2020-02-18,desktop,40684
2020-02-19,RS-os,2948
2020-02-19,desktop,37982
2020-02-20,RS-os,2400
2020-02-20,desktop,36079
2020-02-21,RS-os,1808
2020-02-21,desktop,31146
2020-02-22,RS-os,1158
2020-02-22,desktop,22050
2020-02-23,RS-os,1129
2020-02-23,desktop,24204
2020-02-24,RS-os,2252
2020-02-24,desktop,39673
2020-02-25,RS-os,3094
2020-02-25,desktop,38002
2020-02-26,RS-os,2538
2020-02-26,desktop,38545
2020-02-27,RS-os,2603
2020-02-27,desktop,38913
2020-02-28,RS-os,2123
2020-02-28,desktop,12342
2020-02-29,RS-os,1280
2020-02-29,desktop,22405
2020-03-01,RS-os,1074
2020-03-01,desktop,23176
2020-03-02,RS-os,3023
2020-03-02,desktop,39891
2020-03-03,RS-os,2339
2020-03-03,desktop,41102
2020-03-04,RS-os,2315
2020-03-04,desktop,39989
2020-03-05,RS-os,2812
2020-03-05,desktop,37890
2020-03-06,RS-os,2325
2020-03-06,desktop,35226
2020-03-07,RS-os,1210
2020-03-07,desktop,24513
2020-03-08,RS-os,1124
2020-03-08,desktop,23340
2020-03-09,RS-os,2296
2020-03-09,desktop,37835
2020-03-10,RS-os,2614
2020-03-10,desktop,38965
2020-03-11,RS-os,2683
2020-03-11,desktop,38349
2020-03-12,RS-os,2568
2020-03-12,desktop,36153
2020-03-13,RS-os,2217
2020-03-13,desktop,31823
2020-03-14,RS-os,1038
2020-03-14,desktop,22617
2020-03-15,RS-os,1250
2020-03-15,desktop,24261
2020-03-16,RS-os,2394
2020-03-16,desktop,36240
2020-03-17,RS-os,2412
2020-03-17,desktop,42799
2020-03-18,RS-os,2549
2020-03-18,desktop,36992
2020-03-19,RS-os,2131
2020-03-19,desktop,43147
2020-03-20,RS-os,2190
2020-03-20,desktop,27438
2020-03-21,RS-os,1183
2020-03-21,desktop,19982
2020-03-22,RS-os,1039
2020-03-22,desktop,19964
2020-03-23,RS-os,2567
2020-03-23,desktop,34495
2020-03-24,RS-os,2493
2020-03-24,desktop,32904
2020-03-25,RS-os,2527
2020-03-25,desktop,32103
2020-03-26,RS-os,2538
2020-03-26,desktop,32690
2020-03-27,RS-os,2211
2020-03-27,desktop,28333
2020-03-28,RS-os,1388
2020-03-28,desktop,22015
2020-03-29,RS-os,1345
2020-03-29,desktop,20473
2020-03-30,RS-os,2667
2020-03-30,desktop,33125
2020-03-31,RS-os,2399
2020-03-31,desktop,32322
2020-04-01,RS-os,2410
2020-04-01,desktop,31504
2020-04-02,RS-os,2727
2020-04-02,desktop,31040
2020-04-03,RS-os,2649
2020-04-03,desktop,26289
2020-04-04,RS-os,1233
2020-04-04,desktop,19652
2020-04-05,RS-os,1146
2020-04-05,desktop,20330
2020-04-06,RS-os,3196
2020-04-06,desktop,29448
2020-04-07,RS-os,2606
2020-04-07,desktop,28858
2020-04-08,RS-os,2818
2020-04-08,desktop,28942
2020-04-09,RS-os,2445
2020-04-09,desktop,26090
2020-04-10,RS-os,2119
2020-04-10,desktop,23238
2020-04-11,RS-os,1217
2020-04-11,desktop,18264
2020-04-12,RS-os,1218
2020-04-12,desktop,18112
2020-04-13,RS-os,2525
2020-04-13,desktop,27271
2020-04-14,RS-os,2940
2020-04-14,desktop,32168
2020-04-15,RS-os,2935
2020-04-15,desktop,31647
2020-04-16,RS-os,2932
2020-04-16,desktop,30823
2020-04-17,RS-os,2726
2020-04-17,desktop,28468
2020-04-18,RS-os,1217
2020-04-18,desktop,21874
2020-04-19,RS-os,1287
2020-04-19,desktop,22427
2020-04-20,RS-os,2556
2020-04-20,desktop,32815
2020-04-21,RS-os,2385
2020-04-21,desktop,32375
2020-04-22,RS-os,2747
2020-04-22,desktop,30961
2020-04-23,RS-os,2572
2020-04-23,desktop,29855
2020-04-24,RS-os,2372
2020-04-24,desktop,26590
2020-04-25,RS-os,1295
2020-04-25,desktop,20712
2020-04-26,RS-os,1493
2020-04-26,desktop,20935
2020-04-27,RS-os,2523
2020-04-27,desktop,29937
2020-04-28,RS-os,2417
2020-04-28,desktop,29029
2020-04-29,RS-os,2596
2020-04-29,desktop,28464
2020-04-30,RS-os,2691
2020-04-30,desktop,26777
2020-05-01,RS-os,3162
2020-05-01,desktop,22720
2020-05-02,RS-os,1563
2020-05-02,desktop,18845
2020-05-03,RS-os,1504
2020-05-03,desktop,19509
2020-05-04,RS-os,2983
2020-05-04,desktop,27610
2020-05-05,RS-os,3027
2020-05-05,desktop,29763
2020-05-06,RS-os,2901
2020-05-06,desktop,31259
2020-05-07,RS-os,2834
2020-05-07,desktop,27190
2020-05-08,RS-os,2653
2020-05-08,desktop,24417
2020-05-09,RS-os,1500
2020-05-09,desktop,19702
2020-05-10,RS-os,1624
2020-05-10,desktop,19044
2020-05-11,RS-os,2554
2020-05-11,desktop,30466
2020-05-12,RS-os,3083
2020-05-12,desktop,30430
2020-05-13,RS-os,3105
2020-05-13,desktop,28102
2020-05-14,RS-os,3157
2020-05-14,desktop,26888
2020-05-15,RS-os,2570
2020-05-15,desktop,24363
2020-05-16,RS-os,1629
2020-05-16,desktop,18587
2020-05-17,RS-os,1719
2020-05-17,desktop,18222
2020-05-18,RS-os,2672
2020-05-18,desktop,27078
2020-05-19,RS-os,3113
2020-05-19,desktop,25800
2020-05-20,RS-os,2667
2020-05-20,desktop,24549
2020-05-21,RS-os,2413
2020-05-21,desktop,22425
2020-05-22,RS-os,2052
2020-05-22,desktop,21488
2020-05-23,RS-os,1304
2020-05-23,desktop,22526
2020-05-24,RS-os,1284
2020-05-24,desktop,17748
2020-05-25,RS-os,2141
2020-05-25,desktop,24963
2020-05-26,RS-os,2805
2020-05-26,desktop,28505
2020-05-27,RS-os,2355
2020-05-27,desktop,29053
2020-05-28,RS-os,2721
2020-05-28,desktop,30213
2020-05-29,RS-os,2208
2020-05-29,desktop,28060
2020-05-30,RS-os,35
2020-05-30,desktop,18413
2020-05-31,RS-os,1263
2020-05-31,desktop,19094
2020-06-01,RS-os,3099
2020-06-01,desktop,27595
2020-06-02,RS-os,3662
2020-06-02,desktop,29170
2020-06-03,RS-os,2899
2020-06-03,desktop,28201
2020-06-04,RS-os,2194
2020-06-04,desktop,26865
2020-06-05,RS-os,2637
2020-06-05,desktop,23993
2020-06-06,RS-os,1358
2020-06-06,desktop,18499
2020-06-07,RS-os,1401
2020-06-07,desktop,18120
2020-06-08,RS-os,2537
2020-06-08,desktop,27748
2020-06-09,RS-os,2735
2020-06-09,desktop,27488
2020-06-10,RS-os,2323
2020-06-10,desktop,26437
2020-06-11,RS-os,2547
2020-06-11,desktop,25223
2020-06-12,RS-os,2278
2020-06-12,desktop,23547
2020-06-13,RS-os,1382
2020-06-13,desktop,16977
2020-06-14,RS-os,1434
2020-06-14,desktop,17129
2020-06-15,RS-os,115
2020-06-15,desktop,25879
2020-06-16,RS-os,2762
2020-06-16,desktop,27477
2020-06-17,RS-os,2714
2020-06-17,desktop,24904
2020-06-18,RS-os,2354
2020-06-18,desktop,23646
2020-06-19,RS-os,2304
2020-06-19,desktop,22133
2020-06-20,RS-os,1224
2020-06-20,desktop,15914
2020-06-21,RS-os,1345
2020-06-21,desktop,16590
2020-06-22,RS-os,2149
2020-06-22,desktop,26637
2020-06-23,RS-os,2342
2020-06-23,desktop,25141
2020-06-24,RS-os,2479
2020-06-24,desktop,23231
2020-06-25,RS-os,2380
2020-06-25,desktop,23792
2020-06-26,RS-os,2252
2020-06-26,desktop,20491
2020-06-27,RS-os,1154
2020-06-27,desktop,16757
2020-06-28,RS-os,1216
2020-06-28,desktop,15867
2020-06-29,RS-os,2829
2020-06-29,desktop,24457
2020-06-30,RS-os,2667
2020-06-30,desktop,23919
2020-07-01,RS-os,2630
2020-07-01,desktop,23603
2020-07-02,RS-os,2722
2020-07-02,desktop,22776
2020-07-03,RS-os,2051
2020-07-03,desktop,19750
2020-07-04,RS-os,1371
2020-07-04,desktop,15115
2020-07-05,RS-os,1384
2020-07-05,desktop,14712
2020-07-06,RS-os,2485
2020-07-06,desktop,24331
2020-07-07,RS-os,2137
2020-07-07,desktop,22732
2020-07-08,RS-os,2440
2020-07-08,desktop,22146
2020-07-09,RS-os,2614
2020-07-09,desktop,20365
2020-07-10,RS-os,2104
2020-07-10,desktop,18079
2020-07-11,RS-os,1104
2020-07-11,desktop,13611
2020-07-12,RS-os,1159
2020-07-12,desktop,13940
2020-07-13,RS-os,2244
2020-07-13,desktop,22756
2020-07-14,RS-os,2583
2020-07-14,desktop,22476
2020-07-15,RS-os,2841
2020-07-15,desktop,22777
2020-07-16,RS-os,2816
2020-07-16,desktop,25633
2020-07-17,RS-os,2474
2020-07-17,desktop,22434
2020-07-18,RS-os,1139
2020-07-18,desktop,16030
2020-07-19,RS-os,1358
2020-07-19,desktop,15405
2020-07-20,RS-os,2912
2020-07-20,desktop,24139
2020-07-21,RS-os,2376
2020-07-21,desktop,24893
2020-07-22,RS-os,2911
2020-07-22,desktop,22736
2020-07-23,RS-os,2722
2020-07-23,desktop,25257
2020-07-24,RS-os,2416
2020-07-24,desktop,18842
2020-07-25,RS-os,1410
2020-07-25,desktop,12835
2020-07-26,RS-os,1329
2020-07-26,desktop,13077
2020-07-27,RS-os,2587
2020-07-27,desktop,25187
2020-07-28,RS-os,2494
2020-07-28,desktop,23154
2020-07-29,RS-os,2769
2020-07-29,desktop,20854
2020-07-30,RS-os,3022
2020-07-30,desktop,19626
2020-07-31,RS-os,2140
2020-07-31,desktop,17307
2020-08-01,RS-os,1298
2020-08-01,desktop,12648
2020-08-02,RS-os,1298
2020-08-02,desktop,14670
2020-08-03,RS-os,2537
2020-08-03,desktop,23584
2020-08-04,RS-os,2699
2020-08-04,desktop,23572
2020-08-05,RS-os,2657
2020-08-05,desktop,22784
2020-08-06,RS-os,3138
2020-08-06,desktop,21513
2020-08-07,RS-os,2449
2020-08-07,desktop,18611
2020-08-08,RS-os,1375
2020-08-08,desktop,14490
2020-08-09,RS-os,1331
2020-08-09,desktop,14343
2020-08-10,RS-os,2027
2020-08-10,desktop,23154
2020-08-11,RS-os,2444
2020-08-11,desktop,25666
2020-08-12,RS-os,2239
2020-08-12,desktop,27015
2020-08-13,RS-os,2401
2020-08-13,desktop,37842
2020-08-14,RS-os,2253
2020-08-14,desktop,22290
2020-08-15,RS-os,1420
2020-08-15,desktop,15757
2020-08-16,RS-os,1300
2020-08-16,desktop,16164
2020-08-17,RS-os,2434
2020-08-17,desktop,27474
2020-08-18,RS-os,2367
2020-08-18,desktop,29590
2020-08-19,RS-os,2547
2020-08-19,desktop,28758
2020-08-20,RS-os,2479
2020-08-20,desktop,28231
2020-08-21,RS-os,2369
2020-08-21,desktop,24827
2020-08-22,RS-os,1418
2020-08-22,desktop,16919
2020-08-23,RS-os,1353
2020-08-23,desktop,18143
2020-08-24,RS-os,2814
2020-08-24,desktop,35991
2020-08-25,RS-os,2708
2020-08-25,desktop,36078
2020-08-26,RS-os,2205
2020-08-26,desktop,38976
2020-08-27,RS-os,2241
2020-08-27,desktop,35249
2020-08-28,RS-os,2015
2020-08-28,desktop,29173
2020-08-29,RS-os,1104
2020-08-29,desktop,18214
2020-08-30,RS-os,1069
2020-08-30,desktop,20494
2020-08-31,RS-os,2064
2020-08-31,desktop,38184
2020-09-01,RS-os,2223
2020-09-01,desktop,41927
2020-09-02,RS-os,2330
2020-09-02,desktop,40945
2020-09-03,RS-os,1895
2020-09-03,desktop,39182
2020-09-04,RS-os,1884
2020-09-04,desktop,31441
2020-09-05,RS-os,1127
2020-09-05,desktop,18854
2020-09-06,RS-os,1145
2020-09-06,desktop,20517
2020-09-07,RS-os,1648
2020-09-07,desktop,36059
2020-09-08,RS-os,2339
2020-09-08,desktop,42971
2020-09-09,RS-os,2393
2020-09-09,desktop,42580
2020-09-10,RS-os,3060
2020-09-10,desktop,39857
2020-09-11,RS-os,2187
2020-09-11,desktop,33075
2020-09-12,RS-os,1142
2020-09-12,desktop,20930
2020-09-13,RS-os,1237
2020-09-13,desktop,23275
2020-09-14,RS-os,2412
2020-09-14,desktop,43154
2020-09-15,RS-os,2432
2020-09-15,desktop,43460
2020-09-16,RS-os,2149
2020-09-16,desktop,40789
2020-09-17,RS-os,2015
2020-09-17,desktop,38409
2020-09-18,RS-os,2598
2020-09-18,desktop,33004
2020-09-19,RS-os,1262
2020-09-19,desktop,21277
2020-09-20,RS-os,1306
2020-09-20,desktop,22929
2020-09-21,RS-os,2240
2020-09-21,desktop,41093
2020-09-22,RS-os,2415
2020-09-22,desktop,41544
2020-09-23,RS-os,2223
2020-09-23,desktop,39591
2020-09-24,RS-os,2233
2020-09-24,desktop,38057
2020-09-25,RS-os,2311
2020-09-25,desktop,33149
2020-09-26,RS-os,1266
2020-09-26,desktop,21422
2020-09-27,RS-os,1113
2020-09-27,desktop,22089
2020-09-28,RS-os,2411
2020-09-28,desktop,39106
2020-09-29,RS-os,2429
2020-09-29,desktop,38741
2020-09-30,RS-os,2462
2020-09-30,desktop,37426
2020-10-01,RS-os,2482
2020-10-01,desktop,37018
2020-10-02,RS-os,1981
2020-10-02,desktop,30438
2020-10-03,RS-os,1208
2020-10-03,desktop,20017
2020-10-04,RS-os,1278
2020-10-04,desktop,21632
2020-10-05,RS-os,2547
2020-10-05,desktop,40272
2020-10-06,RS-os,2463
2020-10-06,desktop,40377
2020-10-07,RS-os,2675
2020-10-07,desktop,39510
2020-10-08,RS-os,2109
2020-10-08,desktop,35919
2020-10-09,RS-os,3050
2020-10-09,desktop,31160
2020-10-10,RS-os,1405
2020-10-10,desktop,20583
2020-10-11,RS-os,1241
2020-10-11,desktop,21095
2020-10-12,RS-os,3088
2020-10-12,desktop,49146
2020-10-13,RS-os,3935
2020-10-13,desktop,77482
2020-10-14,RS-os,3519
2020-10-14,desktop,16429
2020-10-15,RS-os,3397
2020-10-15,desktop,34089
2020-10-16,RS-os,3502
2020-10-16,desktop,28941
2020-10-17,RS-os,2684
2020-10-17,desktop,19273
2020-10-18,RS-os,2794
2020-10-18,desktop,20075
2020-10-19,RS-os,3631
2020-10-19,desktop,34241
2020-10-20,RS-os,4072
2020-10-20,desktop,34206
2020-10-21,RS-os,3033
2020-10-21,desktop,33674
2020-10-22,RS-os,2698
2020-10-22,desktop,31525
2020-10-23,RS-os,2502
2020-10-23,desktop,26828
2020-10-24,RS-os,1359
2020-10-24,desktop,17762
2020-10-25,RS-os,1251
2020-10-25,desktop,18623
2020-10-26,RS-os,2278
2020-10-26,desktop,32776
2020-10-27,RS-os,2600
2020-10-27,desktop,32461
2020-10-28,RS-os,2266
2020-10-28,desktop,30431
2020-10-29,RS-os,2497
2020-10-29,desktop,28044
2020-10-30,RS-os,2383
2020-10-30,desktop,25373
2020-10-31,RS-os,1387
2020-10-31,desktop,17090
2020-11-01,RS-os,1437
2020-11-01,desktop,19615
2020-11-02,RS-os,2474
2020-11-02,desktop,36256
2020-11-03,RS-os,2436
2020-11-03,desktop,38667
2020-11-04,RS-os,2428
2020-11-04,desktop,34988
2020-11-05,RS-os,2250
2020-11-05,desktop,34852
2020-11-06,RS-os,2312
2020-11-06,desktop,28192
2020-11-07,RS-os,1604
2020-11-07,desktop,19089
2020-11-08,RS-os,1473
2020-11-08,desktop,20815
2020-11-09,RS-os,2565
2020-11-09,desktop,33088
2020-11-10,RS-os,2805
2020-11-10,desktop,31520
2020-11-11,RS-os,2247
2020-11-11,desktop,29086
2020-11-12,RS-os,2662
2020-11-12,desktop,29736
2020-11-13,RS-os,2451
2020-11-13,desktop,24962
2020-11-14,RS-os,1470
2020-11-14,desktop,16961
2020-11-15,RS-os,1205
2020-11-15,desktop,18544
2020-11-16,RS-os,2797
2020-11-16,desktop,29085
2020-11-17,RS-os,2414
2020-11-17,desktop,29446
2020-11-18,RS-os,2621
2020-11-18,desktop,28782
2020-11-19,RS-os,2949
2020-11-19,desktop,27859
2020-11-20,RS-os,2737
2020-11-20,desktop,24175
2020-11-21,RS-os,1309
2020-11-21,desktop,16944
2020-11-22,RS-os,1288
2020-11-22,desktop,17308
2020-11-23,RS-os,2746
2020-11-23,desktop,27362
2020-11-24,RS-os,2841
2020-11-24,desktop,26606
2020-11-25,RS-os,1953
2020-11-25,desktop,16834
2020-11-26,RS-os,2014
2020-11-26,desktop,23583
2020-11-27,RS-os,1816
2020-11-27,desktop,20284
2020-11-28,RS-os,1316
2020-11-28,desktop,15377
2020-11-29,RS-os,1418
2020-11-29,desktop,16244
2020-11-30,RS-os,3101
2020-11-30,desktop,26487
2020-12-01,RS-os,2532
2020-12-01,desktop,26950
2020-12-02,RS-os,2883
2020-12-02,desktop,25984
2020-12-03,RS-os,2774
2020-12-03,desktop,24275
2020-12-04,RS-os,2235
2020-12-04,desktop,22041
2020-12-05,RS-os,1555
2020-12-05,desktop,15854
2020-12-06,RS-os,1568
2020-12-06,desktop,15756
2020-12-07,RS-os,2423
2020-12-07,desktop,24552
2020-12-08,RS-os,2563
2020-12-08,desktop,23117
2020-12-09,RS-os,2584
2020-12-09,desktop,23557
2020-12-10,RS-os,2342
2020-12-10,desktop,22850
2020-12-11,RS-os,2201
2020-12-11,desktop,19716
2020-12-12,RS-os,1460
2020-12-12,desktop,14040
2020-12-13,RS-os,1424
2020-12-13,desktop,14179
2020-12-14,RS-os,2392
2020-12-14,desktop,21960
2020-12-15,RS-os,2429
2020-12-15,desktop,20931
2020-12-16,RS-os,2255
2020-12-16,desktop,20947
2020-12-17,RS-os,1993
2020-12-17,desktop,19892
2020-12-18,RS-os,2107
2020-12-18,desktop,16974
2020-12-19,RS-os,1203
2020-12-19,desktop,12598
2020-12-20,RS-os,1290
2020-12-20,desktop,12201
2020-12-21,RS-os,2032
2020-12-21,desktop,17399
2020-12-22,RS-os,2012
2020-12-22,desktop,16659
2020-12-23,RS-os,1876
2020-12-23,desktop,14841
2020-12-24,RS-os,1597
2020-12-24,desktop,10657
2020-12-25,RS-os,1148
2020-12-25,desktop,8450
2020-12-26,RS-os,1117
2020-12-26,desktop,10336
2020-12-27,RS-os,1153
2020-12-27,desktop,10372
2020-12-28,RS-os,1855
2020-12-28,desktop,14577
2020-12-29,RS-os,1741
2020-12-29,desktop,14867
2020-12-30,RS-os,1883
2020-12-30,desktop,13228
2020-12-31,RS-os,1406
2020-12-31,desktop,9585
2021-01-01,RS-os,1016
2021-01-01,desktop,7898
2021-01-02,RS-os,1075
2021-01-02,desktop,11329
2021-01-03,RS-os,1032
2021-01-03,desktop,12491
2021-01-04,RS-os,2222
2021-01-04,desktop,24119
2021-01-05,RS-os,2502
2021-01-05,desktop,25862
2021-01-06,RS-os,2243
2021-01-06,desktop,23439
2021-01-07,RS-os,2346
2021-01-07,desktop,24884
2021-01-08,RS-os,2280
2021-01-08,desktop,22001
2021-01-09,RS-os,1418
2021-01-09,desktop,15595
2021-01-10,RS-os,1256
2021-01-10,desktop,16904
2021-01-11,RS-os,2286
2021-01-11,desktop,32151
2021-01-12,RS-os,2539
2021-01-12,desktop,31785
2021-01-13,RS-os,2718
2021-01-13,desktop,29820
2021-01-14,RS-os,2723
2021-01-14,desktop,28816
2021-01-15,RS-os,2444
2021-01-15,desktop,27443
2021-01-16,RS-os,1442
2021-01-16,desktop,19789
2021-01-17,RS-os,2305
2021-01-17,desktop,19779
2021-01-18,RS-os,3375
2021-01-18,desktop,35496
2021-01-19,RS-os,4104
2021-01-19,desktop,41927
2021-01-20,RS-os,3611
2021-01-20,desktop,48382
2021-01-21,RS-os,3549
2021-01-21,desktop,42401
2021-01-22,RS-os,3338
2021-01-22,desktop,33511
2021-01-23,RS-os,2666
2021-01-23,desktop,20246
2021-01-24,RS-os,2555
2021-01-24,desktop,20610
2021-01-25,RS-os,3789
2021-01-25,desktop,40213
2021-01-26,RS-os,3781
2021-01-26,desktop,38480
2021-01-27,RS-os,3810
2021-01-27,desktop,38686
2021-01-28,RS-os,3913
2021-01-28,desktop,34961
2021-01-29,RS-os,3883
2021-01-29,desktop,29683
2021-01-30,RS-os,2649
2021-01-30,desktop,19166
2021-01-31,RS-os,2586
2021-01-31,desktop,19912
2021-02-01,RS-os,3867
2021-02-01,desktop,37822
2021-02-02,RS-os,3801
2021-02-02,desktop,38320
2021-02-03,RS-os,3979
2021-02-03,desktop,37273
2021-02-04,RS-os,4421
2021-02-04,desktop,33124
2021-02-05,RS-os,4055
2021-02-05,desktop,29103
2021-02-06,RS-os,2711
2021-02-06,desktop,18088
2021-02-07,RS-os,2866
2021-02-07,desktop,19269
2021-02-08,RS-os,3753
2021-02-08,desktop,32484
2021-02-09,RS-os,3950
2021-02-09,desktop,32811
2021-02-10,RS-os,3996
2021-02-10,desktop,31784
2021-02-11,RS-os,3469
2021-02-11,desktop,28477
2021-02-12,RS-os,3340
2021-02-12,desktop,23845
2021-02-13,RS-os,2499
2021-02-13,desktop,15499
2021-02-14,RS-os,2716
2021-02-14,desktop,14895
2021-02-15,RS-os,3505
2021-02-15,desktop,27937
2021-02-16,RS-os,3784
2021-02-16,desktop,28763
2021-02-17,RS-os,4028
2021-02-17,desktop,28801
2021-02-18,RS-os,3956
2021-02-18,desktop,29489
2021-02-19,RS-os,4034
2021-02-19,desktop,24544
2021-02-20,RS-os,2752
2021-02-20,desktop,17146
2021-02-21,RS-os,2613
2021-02-21,desktop,17390
2021-02-22,RS-os,3756
2021-02-22,desktop,33170
2021-02-23,RS-os,3939
2021-02-23,desktop,36223
2021-02-24,RS-os,3761
2021-02-24,desktop,35697
2021-02-25,RS-os,3797
2021-02-25,desktop,34465
2021-02-26,RS-os,3702
2021-02-26,desktop,31452
2021-02-27,RS-os,2659
2021-02-27,desktop,18815
2021-02-28,RS-os,2703
2021-02-28,desktop,20377
2021-03-01,RS-os,3618
2021-03-01,desktop,42119
2021-03-02,RS-os,4470
2021-03-02,desktop,43700
2021-03-03,RS-os,3709
2021-03-03,desktop,43928
2021-03-04,RS-os,4004
2021-03-04,desktop,41714
2021-03-05,RS-os,4043
2021-03-05,desktop,33066
2021-03-06,RS-os,2763
2021-03-06,desktop,21367
2021-03-07,RS-os,2746
2021-03-07,desktop,22276
2021-03-08,RS-os,3895
2021-03-08,desktop,40749
2021-03-09,RS-os,4186
2021-03-09,desktop,39439
2021-03-10,RS-os,4259
2021-03-10,desktop,38470
2021-03-11,RS-os,3798
2021-03-11,desktop,36380
2021-03-12,RS-os,4324
2021-03-12,desktop,32196
2021-03-13,RS-os,2995
2021-03-13,desktop,19987
2021-03-14,RS-os,2783
2021-03-14,desktop,20713
2021-03-15,RS-os,3793
2021-03-15,desktop,34546
2021-03-16,RS-os,3597
2021-03-16,desktop,38403
2021-03-17,RS-os,3727
2021-03-17,desktop,35732
2021-03-18,RS-os,3917
2021-03-18,desktop,32708
2021-03-19,RS-os,3865
2021-03-19,desktop,27618
2021-03-20,RS-os,3101
2021-03-20,desktop,19133
2021-03-21,RS-os,2877
2021-03-21,desktop,19596
2021-03-22,RS-os,4141
2021-03-22,desktop,33242
2021-03-23,RS-os,4083
2021-03-23,desktop,32213
2021-03-24,RS-os,4103
2021-03-24,desktop,31665
2021-03-25,RS-os,4082
2021-03-25,desktop,28161
2021-03-26,RS-os,3680
2021-03-26,desktop,24746
2021-03-27,RS-os,2807
2021-03-27,desktop,17570
2021-03-28,RS-os,2769
2021-03-28,desktop,16689
2021-03-29,RS-os,3629
2021-03-29,desktop,29313
2021-03-30,RS-os,3789
2021-03-30,desktop,29775
2021-03-31,RS-os,3939
2021-03-31,desktop,28177
2021-04-01,RS-os,3886
2021-04-01,desktop,25137
2021-04-02,RS-os,3090
2021-04-02,desktop,19246
2021-04-03,RS-os,2664
2021-04-03,desktop,14253
2021-04-04,RS-os,2864
2021-04-04,desktop,14440
2021-04-05,RS-os,3535
2021-04-05,desktop,23902
2021-04-06,RS-os,3983
2021-04-06,desktop,30071
2021-04-07,RS-os,3769
2021-04-07,desktop,29613
2021-04-08,RS-os,3828
2021-04-08,desktop,28711
2021-04-09,RS-os,3781
2021-04-09,desktop,25527
2021-04-10,RS-os,2554
2021-04-10,desktop,17621
2021-04-11,RS-os,2591
2021-04-11,desktop,17764
2021-04-12,RS-os,3805
2021-04-12,desktop,31083
2021-04-13,RS-os,3662
2021-04-13,desktop,29999
2021-04-14,RS-os,3544
2021-04-14,desktop,29218
2021-04-15,RS-os,3460
2021-04-15,desktop,28936
2021-04-16,RS-os,3540
2021-04-16,desktop,25435
2021-04-17,RS-os,2364
2021-04-17,desktop,17032
2021-04-18,RS-os,2387
2021-04-18,desktop,17324
2021-04-19,RS-os,3323
2021-04-19,desktop,29902
2021-04-20,RS-os,3362
2021-04-20,desktop,29588
2021-04-21,RS-os,3384
2021-04-21,desktop,27705
2021-04-22,RS-os,3466
2021-04-22,desktop,27194
2021-04-23,RS-os,3473
2021-04-23,desktop,22650
2021-04-24,RS-os,2543
2021-04-24,desktop,15730
2021-04-25,RS-os,2600
2021-04-25,desktop,16780
2021-04-26,RS-os,3608
2021-04-26,desktop,27377
2021-04-27,RS-os,3996
2021-04-27,desktop,25193
2021-04-28,RS-os,3897
2021-04-28,desktop,25825
2021-04-29,RS-os,3662
2021-04-29,desktop,24200
2021-04-30,RS-os,3365
2021-04-30,desktop,20333
2021-05-01,RS-os,2260
2021-05-01,desktop,13204
2021-05-02,RS-os,2308
2021-05-02,desktop,13735
2021-05-03,RS-os,3257
2021-05-03,desktop,22529
2021-05-04,RS-os,3535
2021-05-04,desktop,24120
2021-05-05,RS-os,3106
2021-05-05,desktop,22709
2021-05-06,RS-os,3515
2021-05-06,desktop,23774
2021-05-07,RS-os,3569
2021-05-07,desktop,21297
2021-05-08,RS-os,2453
2021-05-08,desktop,15624
2021-05-09,RS-os,2535
2021-05-09,desktop,14029
2021-05-10,RS-os,3708
2021-05-10,desktop,25354
2021-05-11,RS-os,3501
2021-05-11,desktop,24878
2021-05-12,RS-os,3655
2021-05-12,desktop,23575
2021-05-13,RS-os,3013
2021-05-13,desktop,20953
2021-05-14,RS-os,2702
2021-05-14,desktop,19916
2021-05-15,RS-os,1885
2021-05-15,desktop,14743
2021-05-16,RS-os,1566
2021-05-16,desktop,14609
2021-05-17,RS-os,2717
2021-05-17,desktop,25336
2021-05-18,RS-os,2579
2021-05-18,desktop,26616
2021-05-19,RS-os,2974
2021-05-19,desktop,25040
2021-05-20,RS-os,2957
2021-05-20,desktop,24416
2021-05-21,RS-os,2894
2021-05-21,desktop,21586
2021-05-22,RS-os,1698
2021-05-22,desktop,14482
2021-05-23,RS-os,1633
2021-05-23,desktop,14124
2021-05-24,RS-os,2910
2021-05-24,desktop,23892
2021-05-25,RS-os,2786
2021-05-25,desktop,25939
2021-05-26,RS-os,2381
2021-05-26,desktop,23294
2021-05-27,RS-os,2324
2021-05-27,desktop,23062
2021-05-28,RS-os,1926
2021-05-28,desktop,20413
2021-05-29,RS-os,1207
2021-05-29,desktop,13563
2021-05-30,RS-os,1425
2021-05-30,desktop,13286
2021-05-31,RS-os,1938
2021-05-31,desktop,20856
2021-06-01,RS-os,2323
2021-06-01,desktop,24844
2021-06-02,RS-os,3212
2021-06-02,desktop,28829
2021-06-03,RS-os,2570
2021-06-03,desktop,27733
2021-06-04,RS-os,2408
2021-06-04,desktop,22975
2021-06-05,RS-os,1302
2021-06-05,desktop,15897
2021-06-06,RS-os,1519
2021-06-06,desktop,16017
2021-06-07,RS-os,3151
2021-06-07,desktop,27669
2021-06-08,RS-os,2652
2021-06-08,desktop,28795
2021-06-09,RS-os,2551
2021-06-09,desktop,29406
2021-06-10,RS-os,2762
2021-06-10,desktop,27408
2021-06-11,RS-os,2555
2021-06-11,desktop,22187
2021-06-12,RS-os,1268
2021-06-12,desktop,13903
2021-06-13,RS-os,1104
2021-06-13,desktop,15337
2021-06-14,RS-os,2729
2021-06-14,desktop,24846
2021-06-15,RS-os,2545
2021-06-15,desktop,26760
2021-06-16,RS-os,2820
2021-06-16,desktop,24788
2021-06-17,RS-os,2879
2021-06-17,desktop,23250
2021-06-18,RS-os,2395
2021-06-18,desktop,19713
2021-06-19,RS-os,1353
2021-06-19,desktop,13974
2021-06-20,RS-os,1398
2021-06-20,desktop,13406
2021-06-21,RS-os,2746
2021-06-21,desktop,24572
2021-06-22,RS-os,2973
2021-06-22,desktop,24621
2021-06-23,RS-os,3050
2021-06-23,desktop,23186
2021-06-24,RS-os,2864
2021-06-24,desktop,22481
2021-06-25,RS-os,2844
2021-06-25,desktop,19457
2021-06-26,RS-os,1462
2021-06-26,desktop,12981
2021-06-27,RS-os,1469
2021-06-27,desktop,12199
2021-06-28,RS-os,2897
2021-06-28,desktop,22723
2021-06-29,RS-os,3264
2021-06-29,desktop,22293
2021-06-30,RS-os,3056
2021-06-30,desktop,21171
2021-07-01,RS-os,2644
2021-07-01,desktop,21142
2021-07-02,RS-os,2582
2021-07-02,desktop,17849
2021-07-03,RS-os,1325
2021-07-03,desktop,11811
2021-07-04,RS-os,1232
2021-07-04,desktop,13037
2021-07-05,RS-os,2578
2021-07-05,desktop,20969
2021-07-06,RS-os,2778
2021-07-06,desktop,22330
2021-07-07,RS-os,2832
2021-07-07,desktop,22088
2021-07-08,RS-os,2725
2021-07-08,desktop,21049
2021-07-09,RS-os,2242
2021-07-09,desktop,18662
2021-07-10,RS-os,1637
2021-07-10,desktop,11998
2021-07-11,RS-os,1465
2021-07-11,desktop,12269
2021-07-12,RS-os,3217
2021-07-12,desktop,22992
2021-07-13,RS-os,2739
2021-07-13,desktop,22005
2021-07-14,RS-os,2590
2021-07-14,desktop,21089
2021-07-15,RS-os,2506
2021-07-15,desktop,20186
2021-07-16,RS-os,2639
2021-07-16,desktop,18120
2021-07-17,RS-os,1147
2021-07-17,desktop,11663
2021-07-18,RS-os,1299
2021-07-18,desktop,11291
2021-07-19,RS-os,2819
2021-07-19,desktop,22285
2021-07-20,RS-os,2375
2021-07-20,desktop,21595
2021-07-21,RS-os,2381
2021-07-21,desktop,20237
2021-07-22,RS-os,2966
2021-07-22,desktop,20112
2021-07-23,RS-os,2316
2021-07-23,desktop,16819
2021-07-24,RS-os,1344
2021-07-24,desktop,11511
2021-07-25,RS-os,2013
2021-07-25,desktop,12180
2021-07-26,RS-os,2553
2021-07-26,desktop,23409
2021-07-27,RS-os,2268
2021-07-27,desktop,21555
2021-07-28,RS-os,2716
2021-07-28,desktop,20706
2021-07-29,RS-os,2383
2021-07-29,desktop,19292
2021-07-30,RS-os,2325
2021-07-30,desktop,17302
2021-07-31,RS-os,1137
2021-07-31,desktop,11438
2021-08-01,RS-os,1069
2021-08-01,desktop,11294
2021-08-02,RS-os,1983
2021-08-02,desktop,21699
2021-08-03,RS-os,2168
2021-08-03,desktop,21591
2021-08-04,RS-os,2436
2021-08-04,desktop,21434
2021-08-05,RS-os,2572
2021-08-05,desktop,20006
2021-08-06,RS-os,2105
2021-08-06,desktop,18718
2021-08-07,RS-os,1293
2021-08-07,desktop,11657
2021-08-08,RS-os,1326
2021-08-08,desktop,12089
2021-08-09,RS-os,2323
2021-08-09,desktop,22879
2021-08-10,RS-os,2925
2021-08-10,desktop,23376
2021-08-11,RS-os,4782
2021-08-11,desktop,23332
2021-08-12,RS-os,17996
2021-08-12,desktop,24305
2021-08-13,RS-os,6518
2021-08-13,desktop,18954
2021-08-14,RS-os,2689
2021-08-14,desktop,12853
2021-08-15,RS-os,19318
2021-08-15,desktop,16533
2021-08-16,RS-os,29113
2021-08-16,desktop,30169
2021-08-17,RS-os,18080
2021-08-17,desktop,28506
2021-08-18,RS-os,15247
2021-08-18,desktop,28532
2021-08-19,RS-os,13659
2021-08-19,desktop,26747
2021-08-20,RS-os,15764
2021-08-20,desktop,25318
2021-08-21,RS-os,11036
2021-08-21,desktop,16612
2021-08-22,RS-os,1288
2021-08-22,desktop,15226
2021-08-23,RS-os,3000
2021-08-23,desktop,35290
2021-08-24,RS-os,2931
2021-08-24,desktop,37927
2021-08-25,RS-os,3098
2021-08-25,desktop,37134
2021-08-26,RS-os,3143
2021-08-26,desktop,37731
2021-08-27,RS-os,3108
2021-08-27,desktop,28788
2021-08-28,RS-os,1689
2021-08-28,desktop,16531
2021-08-29,RS-os,1620
2021-08-29,desktop,17822
2021-08-30,RS-os,3189
2021-08-30,desktop,39088
2021-08-31,RS-os,11339
2021-08-31,desktop,43787
2021-09-01,RS-os,3035
2021-09-01,desktop,43369
2021-09-02,RS-os,3004
2021-09-02,desktop,41819
2021-09-03,RS-os,15177
2021-09-03,desktop,34748
2021-09-04,RS-os,30616
2021-09-04,desktop,24484
2021-09-05,RS-os,16775
2021-09-05,desktop,22702
2021-09-06,RS-os,31445
2021-09-06,desktop,43786
2021-09-07,RS-os,21166
2021-09-07,desktop,51300
2021-09-08,RS-os,5402
2021-09-08,desktop,48592
2021-09-09,RS-os,24404
2021-09-09,desktop,49775
2021-09-10,RS-os,3414
2021-09-10,desktop,35403
2021-09-11,RS-os,28851
2021-09-11,desktop,26195
2021-09-12,RS-os,1628
2021-09-12,desktop,22639
2021-09-13,RS-os,28168
2021-09-13,desktop,53576
2021-09-14,RS-os,23891
2021-09-14,desktop,51615
2021-09-15,RS-os,19308
2021-09-15,desktop,47944
2021-09-16,RS-os,3686
2021-09-16,desktop,40031
2021-09-17,RS-os,21672
2021-09-17,desktop,37130
2021-09-18,RS-os,1519
2021-09-18,desktop,19449
2021-09-19,RS-os,13081
2021-09-19,desktop,22165
2021-09-20,RS-os,32867
2021-09-20,desktop,45119
2021-09-21,RS-os,12191
2021-09-21,desktop,41075
2021-09-22,RS-os,10228
2021-09-22,desktop,43280
2021-09-23,RS-os,9248
2021-09-23,desktop,42407
2021-09-24,RS-os,4427
2021-09-24,desktop,34340
2021-09-25,RS-os,16484
2021-09-25,desktop,23240
2021-09-26,RS-os,22920
2021-09-26,desktop,25890
2021-09-27,RS-os,5914
2021-09-27,desktop,42323
2021-09-28,RS-os,3629
2021-09-28,desktop,46611
2021-09-29,RS-os,3838
2021-09-29,desktop,46820
2021-09-30,RS-os,26125
2021-09-30,desktop,48996
2021-10-01,RS-os,24927
2021-10-01,desktop,37664
2021-10-02,RS-os,30349
2021-10-02,desktop,26023
2021-10-03,RS-os,25569
2021-10-03,desktop,26925
2021-10-04,RS-os,7246
2021-10-04,desktop,42009
2021-10-05,RS-os,4454
2021-10-05,desktop,43227
2021-10-06,RS-os,17231
2021-10-06,desktop,44974
2021-10-07,RS-os,34156
2021-10-07,desktop,45503
2021-10-08,RS-os,14675
2021-10-08,desktop,34831
2021-10-09,RS-os,2320
2021-10-09,desktop,20136
2021-10-10,RS-os,2127
2021-10-10,desktop,21210
2021-10-11,RS-os,3572
2021-10-11,desktop,37020
2021-10-12,RS-os,25849
2021-10-12,desktop,46921
2021-10-13,RS-os,14311
2021-10-13,desktop,43503
2021-10-14,RS-os,12841
2021-10-14,desktop,41992
2021-10-15,RS-os,4850
2021-10-15,desktop,31772
2021-10-16,RS-os,2296
2021-10-16,desktop,20781
2021-10-17,RS-os,2336
2021-10-17,desktop,22337
2021-10-18,RS-os,4893
2021-10-18,desktop,42778
2021-10-19,RS-os,5003
2021-10-19,desktop,42772
2021-10-20,RS-os,6249
2021-10-20,desktop,39148
2021-10-21,RS-os,5366
2021-10-21,desktop,37316
2021-10-22,RS-os,5484
2021-10-22,desktop,30911
2021-10-23,RS-os,3773
2021-10-23,desktop,19976
2021-10-24,RS-os,2821
2021-10-24,desktop,20022
2021-10-25,RS-os,4977
2021-10-25,desktop,38353
2021-10-26,RS-os,5623
2021-10-26,desktop,39562
2021-10-27,RS-os,6894
2021-10-27,desktop,37602
2021-10-28,RS-os,5403
2021-10-28,desktop,34509
2021-10-29,RS-os,5658
2021-10-29,desktop,27910
2021-10-30,RS-os,2939
2021-10-30,desktop,17416
2021-10-31,RS-os,3477
2021-10-31,desktop,17006
2021-11-01,RS-os,5311
2021-11-01,desktop,29466
2021-11-02,RS-os,5716
2021-11-02,desktop,33558
2021-11-03,RS-os,5848
2021-11-03,desktop,34034
2021-11-04,RS-os,5109
2021-11-04,desktop,30158
2021-11-05,RS-os,5899
2021-11-05,desktop,25838
2021-11-06,RS-os,3550
2021-11-06,desktop,17661
2021-11-07,RS-os,2968
2021-11-07,desktop,18859
2021-11-08,RS-os,4635
2021-11-08,desktop,34249
2021-11-09,RS-os,4635
2021-11-09,desktop,32380
2021-11-10,RS-os,4801
2021-11-10,desktop,33313
2021-11-11,RS-os,4519
2021-11-11,desktop,33976
2021-11-12,RS-os,4368
2021-11-12,desktop,28549
2021-11-13,RS-os,2212
2021-11-13,desktop,18420
2021-11-14,RS-os,2019
2021-11-14,desktop,18943
2021-11-15,RS-os,4881
2021-11-15,desktop,36587
2021-11-16,RS-os,5185
2021-11-16,desktop,35605
2021-11-17,RS-os,4341
2021-11-17,desktop,33769
2021-11-18,RS-os,4576
2021-11-18,desktop,31501
2021-11-19,RS-os,4406
2021-11-19,desktop,26427
2021-11-20,RS-os,2169
2021-11-20,desktop,17713
2021-11-21,RS-os,1756
2021-11-21,desktop,17154
2021-11-22,RS-os,3772
2021-11-22,desktop,30949
2021-11-23,RS-os,4233
2021-11-23,desktop,31419
2021-11-24,RS-os,4395
2021-11-24,desktop,28700
2021-11-25,RS-os,3228
2021-11-25,desktop,26828
2021-11-26,RS-os,2867
2021-11-26,desktop,22425
2021-11-27,RS-os,2327
2021-11-27,desktop,16373
2021-11-28,RS-os,1825
2021-11-28,desktop,16722
2021-11-29,RS-os,4544
2021-11-29,desktop,29563
2021-11-30,RS-os,4274
2021-11-30,desktop,30803
2021-12-01,RS-os,4174
2021-12-01,desktop,29412
2021-12-02,RS-os,5112
2021-12-02,desktop,28553
2021-12-03,RS-os,4577
2021-12-03,desktop,23472
2021-12-04,RS-os,2471
2021-12-04,desktop,16349
2021-12-05,RS-os,1871
2021-12-05,desktop,16660
2021-12-06,RS-os,3514
2021-12-06,desktop,27920
2021-12-07,RS-os,6482
2021-12-07,desktop,28209
2021-12-08,RS-os,4009
2021-12-08,desktop,26262
2021-12-09,RS-os,4168
2021-12-09,desktop,25727
2021-12-10,RS-os,9614
2021-12-10,desktop,23722
2021-12-11,RS-os,7903
2021-12-11,desktop,16490
2021-12-12,RS-os,1357
2021-12-12,desktop,15075
2021-12-13,RS-os,4196
2021-12-13,desktop,25423
2021-12-14,RS-os,8352
2021-12-14,desktop,26007
2021-12-15,RS-os,4110
2021-12-15,desktop,7121
2021-12-16,RS-os,9002
2021-12-16,desktop,22915
2021-12-17,RS-os,5587
2021-12-17,desktop,19472
2021-12-18,RS-os,6875
2021-12-18,desktop,13987
2021-12-19,RS-os,3303
2021-12-19,desktop,13382
2021-12-20,RS-os,8481
2021-12-20,desktop,21012
2021-12-21,RS-os,5788
2021-12-21,desktop,20183
2021-12-22,RS-os,6151
2021-12-22,desktop,18559
2021-12-23,RS-os,4935
2021-12-23,desktop,15626
2021-12-24,RS-os,2506
2021-12-24,desktop,12343
2021-12-25,RS-os,1367
2021-12-25,desktop,8611
2021-12-26,RS-os,1758
2021-12-26,desktop,10302
2021-12-27,RS-os,2104
2021-12-27,desktop,15509
2021-12-28,RS-os,6971
2021-12-28,desktop,15910
2021-12-29,RS-os,4232
2021-12-29,desktop,14875
2021-12-30,RS-os,7204
2021-12-30,desktop,14013
2021-12-31,RS-os,3800
2021-12-31,desktop,9347
2022-01-01,RS-os,1416
2022-01-01,desktop,8421
2022-01-02,RS-os,6169
2022-01-02,desktop,11905
2022-01-03,RS-os,4757
2022-01-03,desktop,23147
2022-01-04,RS-os,3080
2022-01-04,desktop,26877
2022-01-05,RS-os,10102
2022-01-05,desktop,28170
2022-01-06,RS-os,14960
2022-01-06,desktop,27897
2022-01-07,RS-os,3581
2022-01-07,desktop,22521
2022-01-08,RS-os,7684
2022-01-08,desktop,16548
2022-01-09,RS-os,7949
2022-01-09,desktop,17479
2022-01-10,RS-os,10515
2022-01-10,desktop,37411
2022-01-11,RS-os,8668
2022-01-11,desktop,40673
2022-01-12,RS-os,10800
2022-01-12,desktop,41432
2022-01-13,RS-os,4160
2022-01-13,desktop,15624
2022-01-14,RS-os,10559
2022-01-14,desktop,30454
2022-01-15,RS-os,7862
2022-01-15,desktop,18695
2022-01-16,RS-os,8341
2022-01-16,desktop,19654
2022-01-17,RS-os,8859
2022-01-17,desktop,34007
2022-01-18,RS-os,3657
2022-01-18,desktop,40359
2022-01-19,RS-os,10020
2022-01-19,desktop,42764
2022-01-20,RS-os,3669
2022-01-20,desktop,38895
2022-01-21,RS-os,9949
2022-01-21,desktop,31799
2022-01-22,RS-os,9569
2022-01-22,desktop,19176
2022-01-23,RS-os,4432
2022-01-23,desktop,19551
2022-01-24,RS-os,3578
2022-01-24,desktop,39375
2022-01-25,RS-os,4725
2022-01-25,desktop,40541
2022-01-26,RS-os,6209
2022-01-26,desktop,39735
2022-01-27,RS-os,22978
2022-01-27,desktop,38857
2022-01-28,RS-os,17191
2022-01-28,desktop,35632
2022-01-29,RS-os,20839
2022-01-29,desktop,23294
2022-01-30,RS-os,3881
2022-01-30,desktop,19162
2022-01-31,RS-os,3504
2022-01-31,desktop,32382
2022-02-01,RS-os,11095
2022-02-01,desktop,37074
2022-02-02,RS-os,3805
2022-02-02,desktop,32843
2022-02-03,RS-os,20546
2022-02-03,desktop,37749
2022-02-04,RS-os,1828
2022-02-04,desktop,27204
2022-02-05,RS-os,1413
2022-02-05,desktop,16501
2022-02-06,RS-os,1252
2022-02-06,desktop,16906
2022-02-07,RS-os,12838
2022-02-07,desktop,37691
2022-02-08,RS-os,21216
2022-02-08,desktop,40082
2022-02-09,RS-os,22197
2022-02-09,desktop,41884
2022-02-10,RS-os,20989
2022-02-10,desktop,35900
2022-02-11,RS-os,21455
2022-02-11,desktop,30586
2022-02-12,RS-os,21847
2022-02-12,desktop,22188
2022-02-13,RS-os,21321
2022-02-13,desktop,22835
2022-02-14,RS-os,11895
2022-02-14,desktop,36990
2022-02-15,RS-os,20621
2022-02-15,desktop,39915
2022-02-16,RS-os,2377
2022-02-16,desktop,34171
2022-02-17,RS-os,12207
2022-02-17,desktop,34775
2022-02-18,RS-os,22253
2022-02-18,desktop,33800
2022-02-19,RS-os,22139
2022-02-19,desktop,27745
2022-02-20,RS-os,22341
2022-02-20,desktop,26234
2022-02-21,RS-os,8846
2022-02-21,desktop,45402
2022-02-22,RS-os,17330
2022-02-22,desktop,46201
2022-02-23,RS-os,19195
2022-02-23,desktop,45020
2022-02-24,RS-os,20043
2022-02-24,desktop,39584
2022-02-25,RS-os,22641
2022-02-25,desktop,34560
2022-02-26,RS-os,6773
2022-02-26,desktop,19300
2022-02-27,RS-os,897
2022-02-27,desktop,20087
2022-02-28,RS-os,22859
2022-02-28,desktop,42025
2022-03-01,RS-os,1647
2022-03-01,desktop,39116
2022-03-02,RS-os,22907
2022-03-02,desktop,46122
2022-03-03,RS-os,22791
2022-03-03,desktop,44140
2022-03-04,RS-os,22663
2022-03-04,desktop,37349
2022-03-05,RS-os,18126
2022-03-05,desktop,23986
2022-03-06,RS-os,22000
2022-03-06,desktop,25723
2022-03-07,RS-os,22876
2022-03-07,desktop,45584
2022-03-08,RS-os,23009
2022-03-08,desktop,47398
2022-03-09,RS-os,2456
2022-03-09,desktop,38833
2022-03-10,RS-os,4763
2022-03-10,desktop,38979
2022-03-11,RS-os,2320
2022-03-11,desktop,31685
2022-03-12,RS-os,2748
2022-03-12,desktop,19686
2022-03-13,RS-os,2907
2022-03-13,desktop,21678
2022-03-14,RS-os,3266
2022-03-14,desktop,38255
2022-03-15,RS-os,12854
2022-03-15,desktop,40822
2022-03-16,RS-os,5467
2022-03-16,desktop,37929
2022-03-17,RS-os,22985
2022-03-17,desktop,39508
2022-03-18,RS-os,22854
2022-03-18,desktop,33854
2022-03-19,RS-os,1001
2022-03-19,desktop,19443
2022-03-20,RS-os,16015
2022-03-20,desktop,22851
2022-03-21,RS-os,21329
2022-03-21,desktop,40322
2022-03-22,RS-os,2023
2022-03-22,desktop,37409
2022-03-23,RS-os,2111
2022-03-23,desktop,36152
2022-03-24,RS-os,8226
2022-03-24,desktop,38293
2022-03-25,RS-os,17160
2022-03-25,desktop,36928
2022-03-26,RS-os,15615
2022-03-26,desktop,25658
2022-03-27,RS-os,21998
2022-03-27,desktop,25955
2022-03-28,RS-os,21075
2022-03-28,desktop,43452
2022-03-29,RS-os,23035
2022-03-29,desktop,45995
2022-03-30,RS-os,2075
2022-03-30,desktop,38630
2022-03-31,RS-os,3281
2022-03-31,desktop,35780
2022-04-01,RS-os,4489
2022-04-01,desktop,30198
2022-04-02,RS-os,15797
2022-04-02,desktop,22513
2022-04-03,RS-os,11973
2022-04-03,desktop,21745
2022-04-04,RS-os,16601
2022-04-04,desktop,38101
2022-04-05,RS-os,24364
2022-04-05,desktop,40940
2022-04-06,RS-os,24233
2022-04-06,desktop,40827
2022-04-07,RS-os,23779
2022-04-07,desktop,40682
2022-04-08,RS-os,23731
2022-04-08,desktop,34305
2022-04-09,RS-os,23242
2022-04-09,desktop,23556
2022-04-10,RS-os,23315
2022-04-10,desktop,23637
2022-04-11,RS-os,24413
2022-04-11,desktop,37738
2022-04-12,RS-os,15221
2022-04-12,desktop,35888
2022-04-13,RS-os,21322
2022-04-13,desktop,35452
2022-04-14,RS-os,23651
2022-04-14,desktop,32014
2022-04-15,RS-os,23707
2022-04-15,desktop,25986
2022-04-16,RS-os,2426
2022-04-16,desktop,16960
2022-04-17,RS-os,23078
2022-04-17,desktop,21247
2022-04-18,RS-os,23427
2022-04-18,desktop,32069
2022-04-19,RS-os,23606
2022-04-19,desktop,38531
2022-04-20,RS-os,20952
2022-04-20,desktop,36734
2022-04-21,RS-os,22751
2022-04-21,desktop,34550
2022-04-22,RS-os,21079
2022-04-22,desktop,31659
2022-04-23,RS-os,22117
2022-04-23,desktop,23552
2022-04-24,RS-os,1166
2022-04-24,desktop,19703
2022-04-25,RS-os,2921
2022-04-25,desktop,34552
2022-04-26,RS-os,6138
2022-04-26,desktop,35366
2022-04-27,RS-os,5518
2022-04-27,desktop,34687
2022-04-28,RS-os,21406
2022-04-28,desktop,37380
2022-04-29,RS-os,22789
2022-04-29,desktop,34264
2022-04-30,RS-os,982
2022-04-30,desktop,20122
2022-05-01,RS-os,7200
2022-05-01,desktop,20157
2022-05-02,RS-os,22513
2022-05-02,desktop,37606
2022-05-03,RS-os,22973
2022-05-03,desktop,36547
2022-05-04,RS-os,4441
2022-05-04,desktop,32396
2022-05-05,RS-os,22632
2022-05-05,desktop,35381
2022-05-06,RS-os,22744
2022-05-06,desktop,32628
2022-05-07,RS-os,22149
2022-05-07,desktop,23749
2022-05-08,RS-os,21972
2022-05-08,desktop,22372
2022-05-09,RS-os,2748
2022-05-09,desktop,35653
2022-05-10,RS-os,22555
2022-05-10,desktop,40325
2022-05-11,RS-os,9273
2022-05-11,desktop,35241
2022-05-12,RS-os,20103
2022-05-12,desktop,35166
2022-05-13,RS-os,22868
2022-05-13,desktop,31758
2022-05-14,RS-os,15216
2022-05-14,desktop,20962
2022-05-15,RS-os,22070
2022-05-15,desktop,22598
2022-05-16,RS-os,12381
2022-05-16,desktop,34911
2022-05-17,RS-os,22511
2022-05-17,desktop,37995
2022-05-18,RS-os,5599
2022-05-18,desktop,31877
2022-05-19,RS-os,7061
2022-05-19,desktop,30965
2022-05-20,RS-os,16056
2022-05-20,desktop,28193
2022-05-21,RS-os,21151
2022-05-21,desktop,21335
2022-05-22,RS-os,22049
2022-05-22,desktop,20647
2022-05-23,RS-os,7482
2022-05-23,desktop,30571
2022-05-24,RS-os,13373
2022-05-24,desktop,32862
2022-05-25,RS-os,22539
2022-05-25,desktop,32829
2022-05-26,RS-os,6149
2022-05-26,desktop,26835
2022-05-27,RS-os,9138
2022-05-27,desktop,24039
2022-05-28,RS-os,7918
2022-05-28,desktop,17634
2022-05-29,RS-os,1042
2022-05-29,desktop,15724
2022-05-30,RS-os,10508
2022-05-30,desktop,8462
2022-05-31,RS-os,22920
2022-05-31,desktop,32634
2022-06-01,RS-os,17010
2022-06-01,desktop,30855
2022-06-02,RS-os,5339
2022-06-02,desktop,30857
2022-06-03,RS-os,2117
2022-06-03,desktop,32276
2022-06-04,RS-os,15461
2022-06-04,desktop,46789
2022-06-05,RS-os,2893
2022-06-05,desktop,38085
2022-06-06,RS-os,2134
2022-06-06,desktop,71031
2022-06-07,RS-os,6038
2022-06-07,desktop,71075
2022-06-08,RS-os,7382
2022-06-08,desktop,66259
2022-06-09,RS-os,4395
2022-06-09,desktop,54251
2022-06-10,RS-os,8151
2022-06-10,desktop,44402
2022-06-11,RS-os,18396
2022-06-11,desktop,29624
2022-06-12,RS-os,4543
2022-06-12,desktop,26647
2022-06-13,RS-os,3544
2022-06-13,desktop,49230
2022-06-14,RS-os,3809
2022-06-14,desktop,46982
2022-06-15,RS-os,5920
2022-06-15,desktop,44714
2022-06-16,RS-os,14659
2022-06-16,desktop,40854
2022-06-17,RS-os,9019
2022-06-17,desktop,33757
2022-06-18,RS-os,17493
2022-06-18,desktop,25080
2022-06-19,RS-os,21683
2022-06-19,desktop,25765
2022-06-20,RS-os,22526
2022-06-20,desktop,44284
2022-06-21,RS-os,19733
2022-06-21,desktop,45579
2022-06-22,RS-os,18965
2022-06-22,desktop,43324
2022-06-23,RS-os,22374
2022-06-23,desktop,40380
2022-06-24,RS-os,12446
2022-06-24,desktop,31998
2022-06-25,RS-os,3145
2022-06-25,desktop,19390
2022-06-26,RS-os,18661
2022-06-26,desktop,23514
2022-06-27,RS-os,16061
2022-06-27,desktop,42245
2022-06-28,RS-os,9453
2022-06-28,desktop,36414
2022-06-29,RS-os,5642
2022-06-29,desktop,33739
2022-06-30,RS-os,13645
2022-06-30,desktop,33838
2022-07-01,RS-os,15419
2022-07-01,desktop,32062
2022-07-02,RS-os,1137
2022-07-02,desktop,17328
2022-07-03,RS-os,6797
2022-07-03,desktop,18648
2022-07-04,RS-os,20394
2022-07-04,desktop,33608
2022-07-05,RS-os,7224
2022-07-05,desktop,35431
2022-07-06,RS-os,11167
2022-07-06,desktop,35192
2022-07-07,RS-os,15287
2022-07-07,desktop,33381
2022-07-08,RS-os,13893
2022-07-08,desktop,32464
2022-07-09,RS-os,15232
2022-07-09,desktop,23048
2022-07-10,RS-os,1679
2022-07-10,desktop,18570
2022-07-11,RS-os,14842
2022-07-11,desktop,41536
2022-07-12,RS-os,4100
2022-07-12,desktop,36392
2022-07-13,RS-os,14832
2022-07-13,desktop,29974
2022-07-14,RS-os,1890
2022-07-14,desktop,30734
2022-07-15,RS-os,14104
2022-07-15,desktop,28863
2022-07-16,RS-os,935
2022-07-16,desktop,17378
2022-07-17,RS-os,15897
2022-07-17,desktop,20793
2022-07-18,RS-os,6420
2022-07-18,desktop,34821
2022-07-19,RS-os,15813
2022-07-19,desktop,35595
2022-07-20,RS-os,14592
2022-07-20,desktop,34091
2022-07-21,RS-os,1913
2022-07-21,desktop,29795
2022-07-22,RS-os,15445
2022-07-22,desktop,28960
2022-07-23,RS-os,16771
2022-07-23,desktop,20314
2022-07-24,RS-os,16151
2022-07-24,desktop,20384
2022-07-25,RS-os,15548
2022-07-25,desktop,44280
2022-07-26,RS-os,110
2022-07-26,desktop,4479
2022-07-27,RS-os,9710
2022-07-27,desktop,55456
2022-07-28,RS-os,110
2022-07-28,desktop,2414
2022-07-29,RS-os,18328
2022-07-29,desktop,40605
2022-07-30,RS-os,15795
2022-07-30,desktop,25093
2022-07-31,RS-os,18360
2022-07-31,desktop,26178
2022-08-01,RS-os,18080
2022-08-01,desktop,47304
2022-08-02,RS-os,13899
2022-08-02,desktop,44353
2022-08-03,RS-os,12425
2022-08-03,desktop,41032
2022-08-04,RS-os,11561
2022-08-04,desktop,38452
2022-08-05,RS-os,12910
2022-08-05,desktop,33187
2022-08-06,RS-os,12166
2022-08-06,desktop,20881
2022-08-07,RS-os,18254
2022-08-07,desktop,22961
2022-08-08,RS-os,18761
2022-08-08,desktop,41799
2022-08-09,RS-os,14812
2022-08-09,desktop,38813
2022-08-10,RS-os,13286
2022-08-10,desktop,37336
2022-08-11,RS-os,14601
2022-08-11,desktop,35555
2022-08-12,RS-os,13908
2022-08-12,desktop,30751
2022-08-13,RS-os,16058
2022-08-13,desktop,20952
2022-08-14,RS-os,14646
2022-08-14,desktop,20767
2022-08-15,RS-os,13182
2022-08-15,desktop,35507
2022-08-16,RS-os,13636
2022-08-16,desktop,39877
2022-08-17,RS-os,13925
2022-08-17,desktop,40049
2022-08-18,RS-os,2957
2022-08-18,desktop,36139
2022-08-19,RS-os,7526
2022-08-19,desktop,31715
2022-08-20,RS-os,1060
2022-08-20,desktop,20328
2022-08-21,RS-os,1062
2022-08-21,desktop,20465
2022-08-22,RS-os,2091
2022-08-22,desktop,48636
2022-08-23,RS-os,2044
2022-08-23,desktop,52267
2022-08-24,RS-os,2139
2022-08-24,desktop,52316
2022-08-25,RS-os,2314
2022-08-25,desktop,50544
2022-08-26,RS-os,2098
2022-08-26,desktop,40710
2022-08-27,RS-os,1378
2022-08-27,desktop,22399
2022-08-28,RS-os,1125
2022-08-28,desktop,25030
2022-08-29,RS-os,2298
2022-08-29,desktop,54533
2022-08-30,RS-os,1960
2022-08-30,desktop,58397
2022-08-31,RS-os,1852
2022-08-31,desktop,53323
2022-09-01,RS-os,1845
2022-09-01,desktop,55874
2022-09-02,RS-os,2157
2022-09-02,desktop,43011
2022-09-03,RS-os,1181
2022-09-03,desktop,24001
2022-09-04,RS-os,1001
2022-09-04,desktop,26268
2022-09-05,RS-os,1641
2022-09-05,desktop,50352
2022-09-06,RS-os,980
2022-09-06,desktop,64751
2022-09-07,RS-os,8154
2022-09-07,desktop,64626
2022-09-08,RS-os,16302
2022-09-08,desktop,60439
2022-09-09,RS-os,93
2022-09-09,desktop,3071
2022-09-10,RS-os,1023
2022-09-10,desktop,24298
2022-09-11,RS-os,1225
2022-09-11,desktop,28343
2022-09-12,RS-os,1786
2022-09-12,desktop,59172
2022-09-13,RS-os,2037
2022-09-13,desktop,65039
2022-09-14,RS-os,2040
2022-09-14,desktop,59607
2022-09-15,RS-os,2174
2022-09-15,desktop,53696
2022-09-16,RS-os,1862
2022-09-16,desktop,43280
2022-09-17,RS-os,1131
2022-09-17,desktop,24879
2022-09-18,RS-os,1262
2022-09-18,desktop,28481
2022-09-19,RS-os,2006
2022-09-19,desktop,54838
2022-09-20,RS-os,2111
2022-09-20,desktop,57416
2022-09-21,RS-os,2030
2022-09-21,desktop,54669
2022-09-22,RS-os,1968
2022-09-22,desktop,55693
2022-09-23,RS-os,1899
2022-09-23,desktop,48016
2022-09-24,RS-os,1055
2022-09-24,desktop,25840
2022-09-25,RS-os,1035
2022-09-25,desktop,29166
2022-09-26,RS-os,2137
2022-09-26,desktop,55114
2022-09-27,RS-os,2055
2022-09-27,desktop,56492
2022-09-28,RS-os,2084
2022-09-28,desktop,52421
2022-09-29,RS-os,1916
2022-09-29,desktop,49696
2022-09-30,RS-os,1857
2022-09-30,desktop,39550
2022-10-01,RS-os,1007
2022-10-01,desktop,22301
2022-10-02,RS-os,933
2022-10-02,desktop,24041
2022-10-03,RS-os,1851
2022-10-03,desktop,46383
2022-10-04,RS-os,1931
2022-10-04,desktop,49209
2022-10-05,RS-os,1921
2022-10-05,desktop,47049
2022-10-06,RS-os,2249
2022-10-06,desktop,45972
2022-10-07,RS-os,1890
2022-10-07,desktop,37442
2022-10-08,RS-os,1198
2022-10-08,desktop,23885
2022-10-09,RS-os,1354
2022-10-09,desktop,25086
2022-10-10,RS-os,1900
2022-10-10,desktop,43879
2022-10-11,RS-os,2194
2022-10-11,desktop,47952
2022-10-12,RS-os,2040
2022-10-12,desktop,44855
2022-10-13,RS-os,2392
2022-10-13,desktop,41956
2022-10-14,RS-os,2174
2022-10-14,desktop,36876
2022-10-15,RS-os,1312
2022-10-15,desktop,22844
2022-10-16,RS-os,1150
2022-10-16,desktop,24354
2022-10-17,RS-os,1977
2022-10-17,desktop,45381
2022-10-18,RS-os,2178
2022-10-18,desktop,46314
2022-10-19,RS-os,1872
2022-10-19,desktop,44695
2022-10-20,RS-os,2185
2022-10-20,desktop,42485
2022-10-21,RS-os,1950
2022-10-21,desktop,35757
2022-10-22,RS-os,1113
2022-10-22,desktop,22621
2022-10-23,RS-os,1230
2022-10-23,desktop,24037
2022-10-24,RS-os,1912
2022-10-24,desktop,42301
2022-10-25,RS-os,2221
2022-10-25,desktop,42328
2022-10-26,RS-os,2411
2022-10-26,desktop,42384
2022-10-27,RS-os,1928
2022-10-27,desktop,38941
2022-10-28,RS-os,1829
2022-10-28,desktop,32347
2022-10-29,RS-os,1021
2022-10-29,desktop,19453
2022-10-30,RS-os,950
2022-10-30,desktop,21593
2022-10-31,RS-os,2185
2022-10-31,desktop,36972
2022-11-01,RS-os,1875
2022-11-01,desktop,36598
2022-11-02,RS-os,1762
2022-11-02,desktop,39630
2022-11-03,RS-os,1905
2022-11-03,desktop,37954
2022-11-04,RS-os,1634
2022-11-04,desktop,31257
2022-11-05,RS-os,1064
2022-11-05,desktop,20975
2022-11-06,RS-os,919
2022-11-06,desktop,21668
2022-11-07,RS-os,1824
2022-11-07,desktop,39303
2022-11-08,RS-os,1770
2022-11-08,desktop,37731
2022-11-09,RS-os,1798
2022-11-09,desktop,37961
2022-11-10,RS-os,1723
2022-11-10,desktop,35719
2022-11-11,RS-os,1550
2022-11-11,desktop,28691
2022-11-12,RS-os,926
2022-11-12,desktop,20943
2022-11-13,RS-os,908
2022-11-13,desktop,22388
2022-11-14,RS-os,1769
2022-11-14,desktop,47015
2022-11-15,RS-os,2186
2022-11-15,desktop,76533
2022-11-16,RS-os,1811
2022-11-16,desktop,65400
2022-11-17,RS-os,1866
2022-11-17,desktop,57944
2022-11-18,RS-os,1995
2022-11-18,desktop,46865
2022-11-19,RS-os,1072
2022-11-19,desktop,29953
2022-11-20,RS-os,919
2022-11-20,desktop,30831
2022-11-21,RS-os,1974
2022-11-21,desktop,51481
2022-11-22,RS-os,2310
2022-11-22,desktop,48697
2022-11-23,RS-os,1753
2022-11-23,desktop,44452
2022-11-24,RS-os,1581
2022-11-24,desktop,37235
2022-11-25,RS-os,1483
2022-11-25,desktop,31212
2022-11-26,RS-os,922
2022-11-26,desktop,22428
2022-11-27,RS-os,1044
2022-11-27,desktop,24078
2022-11-28,RS-os,2056
2022-11-28,desktop,45340
2022-11-29,RS-os,2068
2022-11-29,desktop,45043
2022-11-30,RS-os,2336
2022-11-30,desktop,42355
2022-12-01,RS-os,2215
2022-12-01,desktop,40652
2022-12-02,RS-os,2243
2022-12-02,desktop,35067
2022-12-03,RS-os,1101
2022-12-03,desktop,23610
2022-12-04,RS-os,1045
2022-12-04,desktop,24689
2022-12-05,RS-os,2163
2022-12-05,desktop,40209
2022-12-06,RS-os,2179
2022-12-06,desktop,38234
2022-12-07,RS-os,1884
2022-12-07,desktop,37734
2022-12-08,RS-os,1884
2022-12-08,desktop,35619
2022-12-09,RS-os,1860
2022-12-09,desktop,30017
2022-12-10,RS-os,1254
2022-12-10,desktop,20662
2022-12-11,RS-os,1206
2022-12-11,desktop,21888
2022-12-12,RS-os,2298
2022-12-12,desktop,33468
2022-12-13,RS-os,2131
2022-12-13,desktop,32546
2022-12-14,RS-os,2056
2022-12-14,desktop,31997
2022-12-15,RS-os,2703
2022-12-15,desktop,29760
2022-12-16,RS-os,6132
2022-12-16,desktop,31860
2022-12-17,RS-os,4934
2022-12-17,desktop,41577
2022-12-18,RS-os,4877
2022-12-18,desktop,32490
2022-12-19,RS-os,5715
2022-12-19,desktop,60114
2022-12-20,RS-os,5774
2022-12-20,desktop,47955
2022-12-21,RS-os,5724
2022-12-21,desktop,41318
2022-12-22,RS-os,5455
2022-12-22,desktop,35668
2022-12-23,RS-os,5347
2022-12-23,desktop,26134
2022-12-24,RS-os,4722
2022-12-24,desktop,15891
2022-12-25,RS-os,4806
2022-12-25,desktop,14875
2022-12-26,RS-os,5083
2022-12-26,desktop,22675
2022-12-27,RS-os,5219
2022-12-27,desktop,26004
2022-12-28,RS-os,5483
2022-12-28,desktop,25737
2022-12-29,RS-os,5173
2022-12-29,desktop,23738
2022-12-30,RS-os,5099
2022-12-30,desktop,20376
2022-12-31,RS-os,4788
2022-12-31,desktop,13037
2023-01-01,RS-os,4876
2023-01-01,desktop,13005
2023-01-02,RS-os,5319
2023-01-02,desktop,27295
2023-01-03,RS-os,5608
2023-01-03,desktop,39464
2023-01-04,RS-os,5822
2023-01-04,desktop,41262
2023-01-05,RS-os,5737
2023-01-05,desktop,40943
2023-01-06,RS-os,6516
2023-01-06,desktop,34705
2023-01-07,RS-os,5233
2023-01-07,desktop,23266
2023-01-08,RS-os,5056
2023-01-08,desktop,23949
2023-01-09,RS-os,6274
2023-01-09,desktop,57128
2023-01-10,RS-os,6215
2023-01-10,desktop,60522
2023-01-11,RS-os,6348
2023-01-11,desktop,59234
2023-01-12,RS-os,7092
2023-01-12,desktop,54395
2023-01-13,RS-os,6088
2023-01-13,desktop,41749
2023-01-14,RS-os,4945
2023-01-14,desktop,24387
2023-01-15,RS-os,5079
2023-01-15,desktop,25244
2023-01-16,RS-os,5629
2023-01-16,desktop,46184
2023-01-17,RS-os,6428
2023-01-17,desktop,59783
2023-01-18,RS-os,6019
2023-01-18,desktop,58712
2023-01-19,RS-os,5887
2023-01-19,desktop,55699
2023-01-20,RS-os,5769
2023-01-20,desktop,44435
2023-01-21,RS-os,4820
2023-01-21,desktop,23748
2023-01-22,RS-os,4807
2023-01-22,desktop,24976
2023-01-23,RS-os,5818
2023-01-23,desktop,53815
2023-01-24,RS-os,6070
2023-01-24,desktop,55196
2023-01-25,RS-os,6342
2023-01-25,desktop,51942
2023-01-26,RS-os,5679
2023-01-26,desktop,44856
2023-01-27,RS-os,5917
2023-01-27,desktop,37357
2023-01-28,RS-os,4970
2023-01-28,desktop,22640
2023-01-29,RS-os,5112
2023-01-29,desktop,23173
2023-01-30,RS-os,6427
2023-01-30,desktop,48010
2023-01-31,RS-os,6094
2023-01-31,desktop,49204
2023-02-01,RS-os,6471
2023-02-01,desktop,47476
2023-02-02,RS-os,5815
2023-02-02,desktop,48074
2023-02-03,RS-os,5961
2023-02-03,desktop,39179
2023-02-04,RS-os,4840
2023-02-04,desktop,24162
2023-02-05,RS-os,4866
2023-02-05,desktop,24771
2023-02-06,RS-os,5791
2023-02-06,desktop,47908
2023-02-07,RS-os,6018
2023-02-07,desktop,50246
2023-02-08,RS-os,5902
2023-02-08,desktop,50009
2023-02-09,RS-os,5903
2023-02-09,desktop,47275
2023-02-10,RS-os,5533
2023-02-10,desktop,39328
2023-02-11,RS-os,5105
2023-02-11,desktop,23773
2023-02-12,RS-os,5082
2023-02-12,desktop,24358
2023-02-13,RS-os,6004
2023-02-13,desktop,48540
2023-02-14,RS-os,5788
2023-02-14,desktop,46920
2023-02-15,RS-os,6029
2023-02-15,desktop,47218
2023-02-16,RS-os,5949
2023-02-16,desktop,44140
2023-02-17,RS-os,5552
2023-02-17,desktop,37842
2023-02-18,RS-os,4789
2023-02-18,desktop,24030
2023-02-19,RS-os,4815
2023-02-19,desktop,25375
2023-02-20,RS-os,5331
2023-02-20,desktop,45313
2023-02-21,RS-os,5986
2023-02-21,desktop,45231
2023-02-22,RS-os,6071
2023-02-22,desktop,45966
2023-02-23,RS-os,5959
2023-02-23,desktop,43655
2023-02-24,RS-os,8815
2023-02-24,desktop,37234
2023-02-25,RS-os,5084
2023-02-25,desktop,23734
2023-02-26,RS-os,5343
2023-02-26,desktop,25724
2023-02-27,RS-os,6160
2023-02-27,desktop,49448
2023-02-28,RS-os,6739
2023-02-28,desktop,49438
2023-03-01,RS-os,7637
2023-03-01,desktop,48268
2023-03-02,RS-os,429
2023-03-02,desktop,2598
2023-03-03,RS-os,5315
2023-03-03,desktop,43574
2023-03-04,RS-os,4615
2023-03-04,desktop,27202
2023-03-05,RS-os,5000
2023-03-05,desktop,25642
2023-03-06,RS-os,5937
2023-03-06,desktop,47803
2023-03-07,RS-os,6357
2023-03-07,desktop,48980
2023-03-08,RS-os,5579
2023-03-08,desktop,47499
2023-03-09,RS-os,5603
2023-03-09,desktop,46622
2023-03-10,RS-os,5548
2023-03-10,desktop,37035
2023-03-11,RS-os,4730
2023-03-11,desktop,23706
2023-03-12,RS-os,4754
2023-03-12,desktop,25895
2023-03-13,RS-os,6235
2023-03-13,desktop,49398
2023-03-14,RS-os,6695
2023-03-14,desktop,50047
2023-03-15,RS-os,5732
2023-03-15,desktop,48292
2023-03-16,RS-os,8917
2023-03-16,desktop,44316
2023-03-17,RS-os,5808
2023-03-17,desktop,41526
2023-03-18,RS-os,4640
2023-03-18,desktop,27847
2023-03-19,RS-os,4498
2023-03-19,desktop,28098
2023-03-20,RS-os,6151
2023-03-20,desktop,50809
2023-03-21,RS-os,6035
2023-03-21,desktop,88883
2023-03-22,RS-os,6182
2023-03-22,desktop,107566
2023-03-23,RS-os,5544
2023-03-23,desktop,82235
2023-03-24,RS-os,5754
2023-03-24,desktop,63743
2023-03-25,RS-os,4799
2023-03-25,desktop,40462
2023-03-26,RS-os,4953
2023-03-26,desktop,38979
2023-03-27,RS-os,5829
2023-03-27,desktop,68281
2023-03-28,RS-os,5752
2023-03-28,desktop,67716
2023-03-29,RS-os,5614
2023-03-29,desktop,63073
2023-03-30,RS-os,5357
2023-03-30,desktop,57835
2023-03-31,RS-os,5250
2023-03-31,desktop,47980
2023-04-01,RS-os,4500
2023-04-01,desktop,32457
2023-04-02,RS-os,4587
2023-04-02,desktop,33914
2023-04-03,RS-os,5421
2023-04-03,desktop,57037
2023-04-04,RS-os,5621
2023-04-04,desktop,54345
2023-04-05,RS-os,5278
2023-04-05,desktop,48298
2023-04-06,RS-os,5786
2023-04-06,desktop,44195
2023-04-07,RS-os,5182
2023-04-07,desktop,36312
2023-04-08,RS-os,4480
2023-04-08,desktop,26562
2023-04-09,RS-os,4608
2023-04-09,desktop,26580
2023-04-10,RS-os,5482
2023-04-10,desktop,42795
2023-04-11,RS-os,5430
2023-04-11,desktop,52702
2023-04-12,RS-os,5509
2023-04-12,desktop,51411
2023-04-13,RS-os,5466
2023-04-13,desktop,46939
2023-04-14,RS-os,5365
2023-04-14,desktop,36996
2023-04-15,RS-os,4490
2023-04-15,desktop,24350
2023-04-16,RS-os,4536
2023-04-16,desktop,24346
2023-04-17,RS-os,5412
2023-04-17,desktop,47886
2023-04-18,RS-os,5843
2023-04-18,desktop,47461
2023-04-19,RS-os,5364
2023-04-19,desktop,48354
2023-04-20,RS-os,5432
2023-04-20,desktop,43827
2023-04-21,RS-os,5199
2023-04-21,desktop,36077
2023-04-22,RS-os,4586
2023-04-22,desktop,25812
2023-04-23,RS-os,4650
2023-04-23,desktop,28498
2023-04-24,RS-os,5383
2023-04-24,desktop,44296
2023-04-25,RS-os,5500
2023-04-25,desktop,45445
2023-04-26,RS-os,5449
2023-04-26,desktop,43055
2023-04-27,RS-os,5538
2023-04-27,desktop,40190
2023-04-28,RS-os,5295
2023-04-28,desktop,33927
2023-04-29,RS-os,4545
2023-04-29,desktop,21944
2023-04-30,RS-os,4552
2023-04-30,desktop,21322
2023-05-01,RS-os,4988
2023-05-01,desktop,29653
2023-05-02,RS-os,6114
2023-05-02,desktop,40004
2023-05-03,RS-os,5683
2023-05-03,desktop,35953
2023-05-04,RS-os,5878
2023-05-04,desktop,37806
2023-05-05,RS-os,5884
2023-05-05,desktop,32958
2023-05-06,RS-os,4991
2023-05-06,desktop,24282
2023-05-07,RS-os,4942
2023-05-07,desktop,23625
2023-05-08,RS-os,5747
2023-05-08,desktop,38540
2023-05-09,RS-os,5780
2023-05-09,desktop,40231
2023-05-10,RS-os,6365
2023-05-10,desktop,35854
2023-05-11,RS-os,5563
2023-05-11,desktop,34870
2023-05-12,RS-os,5512
2023-05-12,desktop,39657
2023-05-13,RS-os,4881
2023-05-13,desktop,42747
2023-05-14,RS-os,4833
2023-05-14,desktop,37504
2023-05-15,RS-os,6274
2023-05-15,desktop,79922
2023-05-16,RS-os,6110
2023-05-16,desktop,74157
2023-05-17,RS-os,5951
2023-05-17,desktop,61403
2023-05-18,RS-os,5485
2023-05-18,desktop,50115
2023-05-19,RS-os,5630
2023-05-19,desktop,47745
2023-05-20,RS-os,4836
2023-05-20,desktop,33098
2023-05-21,RS-os,4923
2023-05-21,desktop,33898
2023-05-22,RS-os,5767
2023-05-22,desktop,54281
2023-05-23,RS-os,5826
2023-05-23,desktop,51047
2023-05-24,RS-os,5591
2023-05-24,desktop,48521
2023-05-25,RS-os,5732
2023-05-25,desktop,44940
2023-05-26,RS-os,5654
2023-05-26,desktop,38299
2023-05-27,RS-os,4830
2023-05-27,desktop,25211
2023-05-28,RS-os,4793
2023-05-28,desktop,25203
2023-05-29,RS-os,5397
2023-05-29,desktop,38169
2023-05-30,RS-os,5847
2023-05-30,desktop,45893
2023-05-31,RS-os,5862
2023-05-31,desktop,44259
2023-06-01,RS-os,5831
2023-06-01,desktop,41424
2023-06-02,RS-os,5616
2023-06-02,desktop,34818
2023-06-03,RS-os,4888
2023-06-03,desktop,23154
2023-06-04,RS-os,4897
2023-06-04,desktop,25140
2023-06-05,RS-os,5837
2023-06-05,desktop,41982
2023-06-06,RS-os,5724
2023-06-06,desktop,41963
2023-06-07,RS-os,5798
2023-06-07,desktop,39571
2023-06-08,RS-os,5816
2023-06-08,desktop,39071
2023-06-09,RS-os,5732
2023-06-09,desktop,67556
2023-06-10,RS-os,4888
2023-06-10,desktop,36178
2023-06-11,RS-os,4996
2023-06-11,desktop,34159
2023-06-12,RS-os,5895
2023-06-12,desktop,60535
2023-06-13,RS-os,5819
2023-06-13,desktop,54600
2023-06-14,RS-os,5848
2023-06-14,desktop,51907
2023-06-15,RS-os,5933
2023-06-15,desktop,47349
2023-06-16,RS-os,5675
2023-06-16,desktop,40434
2023-06-17,RS-os,4786
2023-06-17,desktop,25176
2023-06-18,RS-os,4643
2023-06-18,desktop,21790
2023-06-19,RS-os,5363
2023-06-19,desktop,39442
2023-06-20,RS-os,5636
2023-06-20,desktop,41307
2023-06-21,RS-os,6200
2023-06-21,desktop,37596
2023-06-22,RS-os,6445
2023-06-22,desktop,36197
2023-06-23,RS-os,5978
2023-06-23,desktop,30414
2023-06-24,RS-os,5350
2023-06-24,desktop,21919
2023-06-25,RS-os,4865
2023-06-25,desktop,21369
2023-06-26,RS-os,5396
2023-06-26,desktop,39037
2023-06-27,RS-os,5465
2023-06-27,desktop,38949
2023-06-28,RS-os,5555
2023-06-28,desktop,36682
2023-06-29,RS-os,5536
2023-06-29,desktop,30542
2023-06-30,RS-os,5398
2023-06-30,desktop,26745
2023-07-01,RS-os,4703
2023-07-01,desktop,16123
2023-07-02,RS-os,4719
2023-07-02,desktop,16890
2023-07-03,RS-os,5380
2023-07-03,desktop,31311
2023-07-04,RS-os,5221
2023-07-04,desktop,30812
2023-07-05,RS-os,5188
2023-07-05,desktop,32946
2023-07-06,RS-os,5496
2023-07-06,desktop,31796
2023-07-07,RS-os,5396
2023-07-07,desktop,30099
2023-07-08,RS-os,5030
2023-07-08,desktop,26213
2023-07-09,RS-os,4649
2023-07-09,desktop,23291
2023-07-10,RS-os,5556
2023-07-10,desktop,47508
2023-07-11,RS-os,5532
2023-07-11,desktop,45502
2023-07-12,RS-os,5593
2023-07-12,desktop,40925
2023-07-13,RS-os,5557
2023-07-13,desktop,37026
2023-07-14,RS-os,5289
2023-07-14,desktop,31295
2023-07-15,RS-os,4665
2023-07-15,desktop,20134
2023-07-16,RS-os,4756
2023-07-16,desktop,19570
2023-07-17,RS-os,5629
2023-07-17,desktop,37662
2023-07-18,RS-os,5556
2023-07-18,desktop,35624
2023-07-19,RS-os,5428
2023-07-19,desktop,35957
2023-07-20,RS-os,5508
2023-07-20,desktop,33081
2023-07-21,RS-os,5361
2023-07-21,desktop,27671
2023-07-22,RS-os,4724
2023-07-22,desktop,18222
2023-07-23,RS-os,4716
2023-07-23,desktop,17881
2023-07-24,RS-os,5655
2023-07-24,desktop,35000
2023-07-25,RS-os,5907
2023-07-25,desktop,36105
2023-07-26,RS-os,6455
2023-07-26,desktop,33171
2023-07-27,RS-os,6360
2023-07-27,desktop,31404
2023-07-28,RS-os,5999
2023-07-28,desktop,27417
2023-07-29,RS-os,5527
2023-07-29,desktop,18145
2023-07-30,RS-os,5356
2023-07-30,desktop,17897
2023-07-31,RS-os,5945
2023-07-31,desktop,34836
2023-08-01,RS-os,5727
2023-08-01,desktop,36192
2023-08-02,RS-os,5684
2023-08-02,desktop,35899
2023-08-03,RS-os,5895
2023-08-03,desktop,35129
2023-08-04,RS-os,5377
2023-08-04,desktop,29667
2023-08-05,RS-os,5059
2023-08-05,desktop,19633
2023-08-06,RS-os,5019
2023-08-06,desktop,19274
2023-08-07,RS-os,5944
2023-08-07,desktop,35194
2023-08-08,RS-os,5846
2023-08-08,desktop,37063
2023-08-09,RS-os,5843
2023-08-09,desktop,34964
2023-08-10,RS-os,5732
2023-08-10,desktop,33133
2023-08-11,RS-os,5790
2023-08-11,desktop,28245
2023-08-12,RS-os,4834
2023-08-12,desktop,19963
2023-08-13,RS-os,4785
2023-08-13,desktop,19658
2023-08-14,RS-os,5764
2023-08-14,desktop,33567
2023-08-15,RS-os,5653
2023-08-15,desktop,32372
2023-08-16,RS-os,5781
2023-08-16,desktop,34672
2023-08-17,RS-os,5682
2023-08-17,desktop,33477
2023-08-18,RS-os,5355
2023-08-18,desktop,28603
2023-08-19,RS-os,4761
2023-08-19,desktop,18463
2023-08-20,RS-os,4841
2023-08-20,desktop,19290
2023-08-21,RS-os,5338
2023-08-21,desktop,42575
2023-08-22,RS-os,5570
2023-08-22,desktop,48110
2023-08-23,RS-os,5457
2023-08-23,desktop,48683
2023-08-24,RS-os,5636
2023-08-24,desktop,51552
2023-08-25,RS-os,5524
2023-08-25,desktop,43299
2023-08-26,RS-os,4798
2023-08-26,desktop,25691
2023-08-27,RS-os,4757
2023-08-27,desktop,27490
2023-08-28,RS-os,5624
2023-08-28,desktop,57980
2023-08-29,RS-os,5876
2023-08-29,desktop,58391
2023-08-30,RS-os,5675
2023-08-30,desktop,55129
2023-08-31,RS-os,5471
2023-08-31,desktop,55203
2023-09-01,RS-os,5544
2023-09-01,desktop,42960
2023-09-02,RS-os,4787
2023-09-02,desktop,25322
2023-09-03,RS-os,4821
2023-09-03,desktop,26920
2023-09-04,RS-os,5472
2023-09-04,desktop,52021
2023-09-05,RS-os,5575
2023-09-05,desktop,65183
2023-09-06,RS-os,5715
2023-09-06,desktop,66738
2023-09-07,RS-os,5539
2023-09-07,desktop,72473
2023-09-08,RS-os,5691
2023-09-08,desktop,55892
2023-09-09,RS-os,4693
2023-09-09,desktop,31104
2023-09-10,RS-os,4806
2023-09-10,desktop,34871
2023-09-11,RS-os,5499
2023-09-11,desktop,73240
2023-09-12,RS-os,5784
2023-09-12,desktop,69616
2023-09-13,RS-os,5657
2023-09-13,desktop,65533
2023-09-14,RS-os,5694
2023-09-14,desktop,59346
2023-09-15,RS-os,5617
2023-09-15,desktop,49623
2023-09-16,RS-os,4663
2023-09-16,desktop,30176
2023-09-17,RS-os,4571
2023-09-17,desktop,32580
2023-09-18,RS-os,5462
2023-09-18,desktop,61777
2023-09-19,RS-os,5369
2023-09-19,desktop,62473
2023-09-20,RS-os,5307
2023-09-20,desktop,59531
2023-09-21,RS-os,5416
2023-09-21,desktop,56111
2023-09-22,RS-os,6104
2023-09-22,desktop,46160
2023-09-23,RS-os,4823
2023-09-23,desktop,28950
2023-09-24,RS-os,4980
2023-09-24,desktop,30030
2023-09-25,RS-os,5924
2023-09-25,desktop,55808
2023-09-26,RS-os,5726
2023-09-26,desktop,60725
2023-09-27,RS-os,5798
2023-09-27,desktop,60257
2023-09-28,RS-os,5813
2023-09-28,desktop,68444
2023-09-29,RS-os,5543
2023-09-29,desktop,63939
2023-09-30,RS-os,5015
2023-09-30,desktop,33488
2023-10-01,RS-os,5192
2023-10-01,desktop,33679
2023-10-02,RS-os,5567
2023-10-02,desktop,65834
2023-10-03,RS-os,5780
2023-10-03,desktop,66529
2023-10-04,RS-os,6035
2023-10-04,desktop,63600
2023-10-05,RS-os,5719
2023-10-05,desktop,60734
2023-10-06,RS-os,5755
2023-10-06,desktop,49433
2023-10-07,RS-os,4848
2023-10-07,desktop,32470
2023-10-08,RS-os,4984
2023-10-08,desktop,33245
2023-10-09,RS-os,5633
2023-10-09,desktop,56900
2023-10-10,RS-os,5683
2023-10-10,desktop,58137
2023-10-11,RS-os,5826
2023-10-11,desktop,55505
2023-10-12,RS-os,5923
2023-10-12,desktop,51126
2023-10-13,RS-os,6172
2023-10-13,desktop,41077
2023-10-14,RS-os,4802
2023-10-14,desktop,26393
2023-10-15,RS-os,4932
2023-10-15,desktop,27733
2023-10-16,RS-os,5669
2023-10-16,desktop,51697
2023-10-17,RS-os,5874
2023-10-17,desktop,52582
2023-10-18,RS-os,5800
2023-10-18,desktop,51392
2023-10-19,RS-os,5726
2023-10-19,desktop,51965
2023-10-20,RS-os,5828
2023-10-20,desktop,45280
2023-10-21,RS-os,4829
2023-10-21,desktop,25917
2023-10-22,RS-os,4931
2023-10-22,desktop,26884
2023-10-23,RS-os,5547
2023-10-23,desktop,47957
2023-10-24,RS-os,5618
2023-10-24,desktop,47816
2023-10-25,RS-os,5880
2023-10-25,desktop,56913
2023-10-26,RS-os,5686
2023-10-26,desktop,67077
2023-10-27,RS-os,5387
2023-10-27,desktop,50185
2023-10-28,RS-os,4700
2023-10-28,desktop,30113
2023-10-29,RS-os,4813
2023-10-29,desktop,31402
2023-10-30,RS-os,5603
2023-10-30,desktop,57845
2023-10-31,RS-os,6063
2023-10-31,desktop,56028
2023-11-01,RS-os,5868
2023-11-01,desktop,49065
2023-11-02,RS-os,6249
2023-11-02,desktop,52868
2023-11-03,RS-os,5821
2023-11-03,desktop,44414
2023-11-04,RS-os,4911
2023-11-04,desktop,26025
2023-11-05,RS-os,4958
2023-11-05,desktop,26901
2023-11-06,RS-os,5644
2023-11-06,desktop,50735
2023-11-07,RS-os,5820
2023-11-07,desktop,51258
2023-11-08,RS-os,5618
2023-11-08,desktop,48153
2023-11-09,RS-os,5888
2023-11-09,desktop,45100
2023-11-10,RS-os,5732
2023-11-10,desktop,36491
2023-11-11,RS-os,4663
2023-11-11,desktop,23098
2023-11-12,RS-os,4771
2023-11-12,desktop,23621
2023-11-13,RS-os,5302
2023-11-13,desktop,43897
2023-11-14,RS-os,5513
2023-11-14,desktop,45567
2023-11-15,RS-os,5516
2023-11-15,desktop,41584
2023-11-16,RS-os,5540
2023-11-16,desktop,41653
2023-11-17,RS-os,5437
2023-11-17,desktop,35581
2023-11-18,RS-os,4647
2023-11-18,desktop,22797
2023-11-19,RS-os,4679
2023-11-19,desktop,22818
2023-11-20,RS-os,5558
2023-11-20,desktop,42321
2023-11-21,RS-os,5697
2023-11-21,desktop,41738
2023-11-22,RS-os,5784
2023-11-22,desktop,37972
2023-11-23,RS-os,5424
2023-11-23,desktop,33416
2023-11-24,RS-os,5261
2023-11-24,desktop,30326
2023-11-25,RS-os,4729
2023-11-25,desktop,21613
2023-11-26,RS-os,4819
2023-11-26,desktop,22573
2023-11-27,RS-os,5463
2023-11-27,desktop,39281
2023-11-28,RS-os,5557
2023-11-28,desktop,39533
2023-11-29,RS-os,5351
2023-11-29,desktop,38933
2023-11-30,RS-os,6168
2023-11-30,desktop,35874
2023-12-01,RS-os,3048
2023-12-01,desktop,30931
2023-12-02,RS-os,1303
2023-12-02,desktop,20618
2023-12-03,RS-os,1030
2023-12-03,desktop,21199
2023-12-04,RS-os,1617
2023-12-04,desktop,37187
2023-12-05,RS-os,1866
2023-12-05,desktop,36429
2023-12-06,RS-os,1505
2023-12-06,desktop,34842
2023-12-07,RS-os,1443
2023-12-07,desktop,31720
2023-12-08,RS-os,1386
2023-12-08,desktop,30540
2023-12-09,RS-os,948
2023-12-09,desktop,21583
2023-12-10,RS-os,983
2023-12-10,desktop,24506
2023-12-11,RS-os,1617
2023-12-11,desktop,37164
2023-12-12,RS-os,1654
2023-12-12,desktop,36734
2023-12-13,RS-os,1622
2023-12-13,desktop,33889
2023-12-14,RS-os,1612
2023-12-14,desktop,30098
2023-12-15,RS-os,1680
2023-12-15,desktop,24661
2023-12-16,RS-os,795
2023-12-16,desktop,15684
2023-12-17,RS-os,1056
2023-12-17,desktop,15681
2023-12-18,RS-os,1734
2023-12-18,desktop,27759
2023-12-19,RS-os,1848
2023-12-19,desktop,35218
2023-12-20,RS-os,1714
2023-12-20,desktop,56859
2023-12-21,RS-os,1542
2023-12-21,desktop,43265
2023-12-22,RS-os,1395
2023-12-22,desktop,31054
2023-12-23,RS-os,843
2023-12-23,desktop,18902
2023-12-24,RS-os,823
2023-12-24,desktop,16720
2023-12-25,RS-os,937
2023-12-25,desktop,18383
2023-12-26,RS-os,1024
2023-12-26,desktop,23815
2023-12-27,RS-os,1342
2023-12-27,desktop,26532
2023-12-28,RS-os,1442
2023-12-28,desktop,26135
2023-12-29,RS-os,1311
2023-12-29,desktop,21121
2023-12-30,RS-os,758
2023-12-30,desktop,15390
2023-12-31,RS-os,931
2023-12-31,desktop,12088
2024-01-01,RS-os,1069
2024-01-01,desktop,13966
2024-01-02,RS-os,1130
2024-01-02,desktop,32134
2024-01-03,RS-os,1538
2024-01-03,desktop,34755
2024-01-04,RS-os,1474
2024-01-04,desktop,34729
2024-01-05,RS-os,1331
2024-01-05,desktop,31022
2024-01-06,RS-os,815
2024-01-06,desktop,21453
2024-01-07,RS-os,766
2024-01-07,desktop,22003
2024-01-08,RS-os,1436
2024-01-08,desktop,50345
2024-01-09,RS-os,1524
2024-01-09,desktop,57142
2024-01-10,RS-os,1713
2024-01-10,desktop,53144
2024-01-11,RS-os,1757
2024-01-11,desktop,50023
2024-01-12,RS-os,1644
2024-01-12,desktop,38069
2024-01-13,RS-os,796
2024-01-13,desktop,23022
2024-01-14,RS-os,965
2024-01-14,desktop,23686
2024-01-15,RS-os,1462
2024-01-15,desktop,47818
2024-01-16,RS-os,1482
2024-01-16,desktop,54872
2024-01-17,RS-os,1691
2024-01-17,desktop,55801
2024-01-18,RS-os,1720
2024-01-18,desktop,54037
2024-01-19,RS-os,1981
2024-01-19,desktop,42913
2024-01-20,RS-os,4687
2024-01-20,desktop,23889
2024-01-21,RS-os,4559
2024-01-21,desktop,24209
2024-01-22,RS-os,5182
2024-01-22,desktop,53346
2024-01-23,RS-os,5391
2024-01-23,desktop,56789
2024-01-24,RS-os,5432
2024-01-24,desktop,52221
2024-01-25,RS-os,5393
2024-01-25,desktop,47388
2024-01-26,RS-os,5074
2024-01-26,desktop,37158
2024-01-27,RS-os,4510
2024-01-27,desktop,21645
2024-01-28,RS-os,4618
2024-01-28,desktop,21940
2024-01-29,RS-os,5123
2024-01-29,desktop,46805
2024-01-30,RS-os,5437
2024-01-30,desktop,49526
2024-01-31,RS-os,5784
2024-01-31,desktop,66585
2024-02-01,RS-os,6437
2024-02-01,desktop,79072
2024-02-02,RS-os,5946
2024-02-02,desktop,59042
2024-02-03,RS-os,5439
2024-02-03,desktop,32204
2024-02-04,RS-os,5411
2024-02-04,desktop,32441
2024-02-05,RS-os,6209
2024-02-05,desktop,63840
2024-02-06,RS-os,6117
2024-02-06,desktop,59725
2024-02-07,RS-os,6143
2024-02-07,desktop,53900
2024-02-08,RS-os,6586
2024-02-08,desktop,47522
2024-02-09,RS-os,6179
2024-02-09,desktop,37244
2024-02-10,RS-os,5476
2024-02-10,desktop,21719
2024-02-11,RS-os,5553
2024-02-11,desktop,22672
2024-02-12,RS-os,6065
2024-02-12,desktop,43537
2024-02-13,RS-os,6255
2024-02-13,desktop,45865
2024-02-14,RS-os,6231
2024-02-14,desktop,42718
2024-02-15,RS-os,2609
2024-02-15,desktop,42418
2024-02-16,RS-os,2198
2024-02-16,desktop,36704
2024-02-17,RS-os,2688
2024-02-17,desktop,22990
2024-02-18,RS-os,1957
2024-02-18,desktop,24917
2024-02-19,RS-os,2272
2024-02-19,desktop,45199
2024-02-20,RS-os,2377
2024-02-20,desktop,51947
2024-02-21,RS-os,2784
2024-02-21,desktop,49290
2024-02-22,RS-os,2522
2024-02-22,desktop,46340
2024-02-23,RS-os,2109
2024-02-23,desktop,36302
2024-02-24,RS-os,1678
2024-02-24,desktop,22456
2024-02-25,RS-os,1736
2024-02-25,desktop,25083
2024-02-26,RS-os,2972
2024-02-26,desktop,52187
2024-02-27,RS-os,3030
2024-02-27,desktop,53170
2024-02-28,RS-os,2929
2024-02-28,desktop,49125
2024-02-29,RS-os,2689
2024-02-29,desktop,46922
2024-03-01,RS-os,2773
2024-03-01,desktop,38193
2024-03-02,RS-os,1894
2024-03-02,desktop,23954
2024-03-03,RS-os,1653
2024-03-03,desktop,25543
2024-03-04,RS-os,2430
2024-03-04,desktop,49231
2024-03-05,RS-os,2172
2024-03-05,desktop,51907
2024-03-06,RS-os,2257
2024-03-06,desktop,48979
2024-03-07,RS-os,2225
2024-03-07,desktop,46150
2024-03-08,RS-os,2045
2024-03-08,desktop,35972
2024-03-09,RS-os,1397
2024-03-09,desktop,23534
2024-03-10,RS-os,2851
2024-03-10,desktop,25472
2024-03-11,RS-os,3759
2024-03-11,desktop,46239
2024-03-12,RS-os,4134
2024-03-12,desktop,46362
2024-03-13,RS-os,3822
2024-03-13,desktop,45476
2024-03-14,RS-os,1864
2024-03-14,desktop,41202
2024-03-15,RS-os,1619
2024-03-15,desktop,34645
2024-03-16,RS-os,1096
2024-03-16,desktop,22993
2024-03-17,RS-os,1144
2024-03-17,desktop,23061
2024-03-18,RS-os,1788
2024-03-18,desktop,43191
2024-03-19,RS-os,2182
2024-03-19,desktop,42789
2024-03-20,RS-os,1535
2024-03-20,desktop,41259
2024-03-21,RS-os,1437
2024-03-21,desktop,39341
2024-03-22,RS-os,1353
2024-03-22,desktop,31465
2024-03-23,RS-os,733
2024-03-23,desktop,21877
2024-03-24,RS-os,852
2024-03-24,desktop,20955
2024-03-25,RS-os,1610
2024-03-25,desktop,35803
2024-03-26,RS-os,1673
2024-03-26,desktop,37626
2024-03-27,RS-os,1313
2024-03-27,desktop,33940
2024-03-28,RS-os,1236
2024-03-28,desktop,31435
2024-03-29,RS-os,1007
2024-03-29,desktop,22615
2024-03-30,RS-os,575
2024-03-30,desktop,17302
2024-03-31,RS-os,613
2024-03-31,desktop,17307
2024-04-01,RS-os,1011
2024-04-01,desktop,31194
2024-04-02,RS-os,1021
2024-04-02,desktop,40549
2024-04-03,RS-os,1143
2024-04-03,desktop,38135
2024-04-04,RS-os,1134
2024-04-04,desktop,35603
2024-04-05,RS-os,1072
2024-04-05,desktop,29631
2024-04-06,RS-os,477
2024-04-06,desktop,19474
2024-04-07,RS-os,568
2024-04-07,desktop,21609
2024-04-08,RS-os,1089
2024-04-08,desktop,37803
2024-04-09,RS-os,1167
2024-04-09,desktop,37793
2024-04-10,RS-os,1316
2024-04-10,desktop,35891
2024-04-11,RS-os,1346
2024-04-11,desktop,35378
2024-04-12,RS-os,1309
2024-04-12,desktop,31161
2024-04-13,RS-os,480
2024-04-13,desktop,19266
2024-04-14,RS-os,1490
2024-04-14,desktop,20597
2024-04-15,RS-os,1756
2024-04-15,desktop,39077
2024-04-16,RS-os,1222
2024-04-16,desktop,39642
2024-04-17,RS-os,1227
2024-04-17,desktop,37569
2024-04-18,RS-os,1138
2024-04-18,desktop,35488
2024-04-19,RS-os,1014
2024-04-19,desktop,30737
2024-04-20,RS-os,545
2024-04-20,desktop,21138
2024-04-21,RS-os,843
2024-04-21,desktop,21582
2024-04-22,RS-os,1167
2024-04-22,desktop,36516
2024-04-23,RS-os,78
2024-04-23,desktop,1952
2024-04-24,RS-os,1085
2024-04-24,desktop,35082
2024-04-25,RS-os,1176
2024-04-25,desktop,33298
2024-04-26,RS-os,1035
2024-04-26,desktop,28033
2024-04-27,RS-os,667
2024-04-27,desktop,19563
2024-04-28,RS-os,743
2024-04-28,desktop,20823
2024-04-29,RS-os,1265
2024-04-29,desktop,32913
2024-04-30,RS-os,1505
2024-04-30,desktop,37857
2024-05-01,RS-os,1133
2024-05-01,desktop,49402
2024-05-02,RS-os,1492
2024-05-02,desktop,70988
2024-05-03,RS-os,1827
2024-05-03,desktop,52569
2024-05-04,RS-os,1068
2024-05-04,desktop,31653
2024-05-05,RS-os,856
2024-05-05,desktop,32590
2024-05-06,RS-os,1763
2024-05-06,desktop,58897
2024-05-07,RS-os,1862
2024-05-07,desktop,58335
2024-05-08,RS-os,1819
2024-05-08,desktop,51628
2024-05-09,RS-os,1897
2024-05-09,desktop,42187
2024-05-10,RS-os,1783
2024-05-10,desktop,36977
2024-05-11,RS-os,983
2024-05-11,desktop,24759
2024-05-12,RS-os,974
2024-05-12,desktop,23641
2024-05-13,RS-os,1607
2024-05-13,desktop,47142
2024-05-14,RS-os,1972
2024-05-14,desktop,51864
2024-05-15,RS-os,2856
2024-05-15,desktop,71536
2024-05-16,RS-os,2296
2024-05-16,desktop,61419
2024-05-17,RS-os,2009
2024-05-17,desktop,47219
2024-05-18,RS-os,902
2024-05-18,desktop,28955
2024-05-19,RS-os,793
2024-05-19,desktop,28079
2024-05-20,RS-os,1795
2024-05-20,desktop,46469
2024-05-21,RS-os,1719
2024-05-21,desktop,48508
2024-05-22,RS-os,1947
2024-05-22,desktop,44921
2024-05-23,RS-os,1899
2024-05-23,desktop,44250
2024-05-24,RS-os,1749
2024-05-24,desktop,38568
2024-05-25,RS-os,56
2024-05-25,desktop,916
2024-05-26,RS-os,1119
2024-05-26,desktop,24154
2024-05-27,RS-os,1591
2024-05-27,desktop,39698
2024-05-28,RS-os,2133
2024-05-28,desktop,41632
2024-05-29,RS-os,1928
2024-05-29,desktop,39929
2024-05-30,RS-os,1632
2024-05-30,desktop,36235
2024-05-31,RS-os,2048
2024-05-31,desktop,38174
2024-06-01,RS-os,789
2024-06-01,desktop,21802
2024-06-02,RS-os,1014
2024-06-02,desktop,23049
2024-06-03,RS-os,1482
2024-06-03,desktop,41600
2024-06-04,RS-os,1707
2024-06-04,desktop,40340
2024-06-05,RS-os,2159
2024-06-05,desktop,38785
2024-06-06,RS-os,1487
2024-06-06,desktop,35723
2024-06-07,RS-os,1866
2024-06-07,desktop,30589
2024-06-08,RS-os,813
2024-06-08,desktop,19473
2024-06-09,RS-os,795
2024-06-09,desktop,19237
2024-06-10,RS-os,1558
2024-06-10,desktop,36609
2024-06-11,RS-os,1660
2024-06-11,desktop,74122
2024-06-12,RS-os,1621
2024-06-12,desktop,60018
2024-06-13,RS-os,1689
2024-06-13,desktop,49827
2024-06-14,RS-os,1647
2024-06-14,desktop,39777
2024-06-15,RS-os,774
2024-06-15,desktop,25023
2024-06-16,RS-os,563
2024-06-16,desktop,26532
2024-06-17,RS-os,1871
2024-06-17,desktop,43819
2024-06-18,RS-os,1919
2024-06-18,desktop,43205
2024-06-19,RS-os,1721
2024-06-19,desktop,39658
2024-06-20,RS-os,1799
2024-06-20,desktop,36334
2024-06-21,RS-os,1646
2024-06-21,desktop,31788
2024-06-22,RS-os,685
2024-06-22,desktop,21554
2024-06-23,RS-os,623
2024-06-23,desktop,21082
2024-06-24,RS-os,2297
2024-06-24,desktop,36371
2024-06-25,RS-os,2322
2024-06-25,desktop,34401
2024-06-26,RS-os,88
2024-06-26,desktop,1139
2024-06-27,desktop,30961
2024-06-28,RS-os,1967
2024-06-28,desktop,27106
2024-06-29,RS-os,884
2024-06-29,desktop,16801
2024-06-30,RS-os,678
2024-06-30,desktop,18024
2024-07-01,RS-os,1386
2024-07-01,desktop,33803
2024-07-02,RS-os,1468
2024-07-02,desktop,35085
2024-07-03,RS-os,1530
2024-07-03,desktop,31881
2024-07-04,RS-os,1376
2024-07-04,desktop,27688
2024-07-05,RS-os,1519
2024-07-05,desktop,25677
2024-07-06,RS-os,944
2024-07-06,desktop,17457
2024-07-07,RS-os,759
2024-07-07,desktop,17267
2024-07-08,RS-os,1675
2024-07-08,desktop,32439
2024-07-09,RS-os,1946
2024-07-09,desktop,32805
2024-07-10,RS-os,1956
2024-07-10,desktop,30801
2024-07-11,RS-os,1932
2024-07-11,desktop,28719
2024-07-12,RS-os,2146
2024-07-12,desktop,24217
2024-07-13,RS-os,852
2024-07-13,desktop,15480
2024-07-14,RS-os,863
2024-07-14,desktop,15114
2024-07-15,RS-os,1957
2024-07-15,desktop,28837
2024-07-16,RS-os,2199
2024-07-16,desktop,29439
2024-07-17,RS-os,2042
2024-07-17,desktop,27593
2024-07-18,RS-os,2196
2024-07-18,desktop,27720
2024-07-19,RS-os,1867
2024-07-19,desktop,23949
2024-07-20,RS-os,757
2024-07-20,desktop,15066
2024-07-21,RS-os,1329
2024-07-21,desktop,15644
2024-07-22,RS-os,2391
2024-07-22,desktop,31105
2024-07-23,RS-os,2043
2024-07-23,desktop,30874
2024-07-24,RS-os,2238
2024-07-24,desktop,30051
2024-07-25,RS-os,81
2024-07-25,desktop,1050
2024-07-26,desktop,32
2024-07-27,RS-os,1201
2024-07-27,desktop,15258
2024-07-28,RS-os,974
2024-07-28,desktop,14906
2024-07-29,RS-os,1850
2024-07-29,desktop,31217
2024-07-30,RS-os,1830
2024-07-30,desktop,28726
2024-07-31,RS-os,1664
2024-07-31,desktop,27058
2024-08-01,RS-os,1589
2024-08-01,desktop,26671
2024-08-02,RS-os,1812
2024-08-02,desktop,23293
2024-08-03,RS-os,711
2024-08-03,desktop,14855
2024-08-04,RS-os,736
2024-08-04,desktop,14774
2024-08-05,RS-os,1938
2024-08-05,desktop,28608
2024-08-06,RS-os,1741
2024-08-06,desktop,30092
2024-08-07,RS-os,1291
2024-08-07,desktop,27964
2024-08-08,RS-os,1560
2024-08-08,desktop,27196
2024-08-09,RS-os,1476
2024-08-09,desktop,23262
2024-08-10,RS-os,975
2024-08-10,desktop,14472
2024-08-11,RS-os,638
2024-08-11,desktop,14767
2024-08-12,RS-os,1556
2024-08-12,desktop,28671
2024-08-13,RS-os,1751
2024-08-13,desktop,30071
2024-08-14,RS-os,1552
2024-08-14,desktop,27945
2024-08-15,RS-os,1567
2024-08-15,desktop,25296
2024-08-16,RS-os,1279
2024-08-16,desktop,22935
2024-08-17,RS-os,1013
2024-08-17,desktop,15393
2024-08-18,RS-os,792
2024-08-18,desktop,15774
2024-08-19,RS-os,1421
2024-08-19,desktop,34115
2024-08-20,RS-os,1627
2024-08-20,desktop,39083
2024-08-21,RS-os,1756
2024-08-21,desktop,39320
2024-08-22,RS-os,1904
2024-08-22,desktop,39541
2024-08-23,RS-os,1669
2024-08-23,desktop,31104
2024-08-24,RS-os,1245
2024-08-24,desktop,18488
2024-08-25,RS-os,912
2024-08-25,desktop,20748
2024-08-26,RS-os,1732
2024-08-26,desktop,47181
2024-08-27,RS-os,1623
2024-08-27,desktop,51930
2024-08-28,RS-os,1872
2024-08-28,desktop,50036
2024-08-29,RS-os,1747
2024-08-29,desktop,42550
2024-08-30,RS-os,1536
2024-08-30,desktop,35821
2024-08-31,RS-os,741
2024-08-31,desktop,20185
2024-09-01,RS-os,635
2024-09-01,desktop,21618
2024-09-02,RS-os,1426
2024-09-02,desktop,43341
2024-09-03,RS-os,1475
2024-09-03,desktop,60080
2024-09-04,RS-os,1566
2024-09-04,desktop,60770
2024-09-05,RS-os,1267
2024-09-05,desktop,55735
2024-09-06,RS-os,1331
2024-09-06,desktop,43559
2024-09-07,RS-os,752
2024-09-07,desktop,22389
2024-09-08,RS-os,798
2024-09-08,desktop,26958
2024-09-09,RS-os,1834
2024-09-09,desktop,60220
2024-09-10,RS-os,1899
2024-09-10,desktop,61405
2024-09-11,RS-os,1656
2024-09-11,desktop,56779
2024-09-12,RS-os,1491
2024-09-12,desktop,53419
2024-09-13,RS-os,1682
2024-09-13,desktop,41602
2024-09-14,RS-os,704
2024-09-14,desktop,22984
2024-09-15,RS-os,667
2024-09-15,desktop,22196
2024-09-16,RS-os,1569
2024-09-16,desktop,44991
2024-09-17,RS-os,1678
2024-09-17,desktop,45720
2024-09-18,RS-os,1644
2024-09-18,desktop,48632
2024-09-19,RS-os,1493
2024-09-19,desktop,47573
2024-09-20,RS-os,1124
2024-09-20,desktop,38874
2024-09-21,RS-os,559
2024-09-21,desktop,22615
2024-09-22,RS-os,711
2024-09-22,desktop,24158
2024-09-23,RS-os,1894
2024-09-23,desktop,50671
2024-09-24,RS-os,1752
2024-09-24,desktop,73870
2024-09-25,RS-os,1947
2024-09-25,desktop,105397
2024-09-26,RS-os,1715
2024-09-26,desktop,83442
2024-09-27,RS-os,1396
2024-09-27,desktop,61662
2024-09-28,RS-os,670
2024-09-28,desktop,34956
2024-09-29,RS-os,743
2024-09-29,desktop,36553
2024-09-30,RS-os,1515
2024-09-30,desktop,67929
2024-10-01,RS-os,2166
2024-10-01,desktop,64505
2024-10-02,RS-os,1620
2024-10-02,desktop,59910
2024-10-03,RS-os,1187
2024-10-03,desktop,56168
2024-10-04,RS-os,1346
2024-10-04,desktop,45666
2024-10-05,RS-os,702
2024-10-05,desktop,27271
2024-10-06,RS-os,717
2024-10-06,desktop,30711
2024-10-07,RS-os,1255
2024-10-07,desktop,58692
2024-10-08,RS-os,1385
2024-10-08,desktop,59900
2024-10-09,RS-os,1327
2024-10-09,desktop,56819
2024-10-10,RS-os,1361
2024-10-10,desktop,57125
2024-10-11,RS-os,913
2024-10-11,desktop,44130
2024-10-12,RS-os,531
2024-10-12,desktop,28062
2024-10-13,RS-os,481
2024-10-13,desktop,29239
2024-10-14,RS-os,900
2024-10-14,desktop,52694
2024-10-15,RS-os,1195
2024-10-15,desktop,53434
2024-10-16,RS-os,1262
2024-10-16,desktop,51474
2024-10-17,RS-os,1113
2024-10-17,desktop,48706
2024-10-18,RS-os,1159
2024-10-18,desktop,40661
2024-10-19,RS-os,431
2024-10-19,desktop,26184
2024-10-20,RS-os,514
2024-10-20,desktop,28836
2024-10-21,RS-os,1493
2024-10-21,desktop,51203
2024-10-22,RS-os,1359
2024-10-22,desktop,50663
2024-10-23,RS-os,1039
2024-10-23,desktop,48283
2024-10-24,RS-os,1159
2024-10-24,desktop,44132
2024-10-25,RS-os,1133
2024-10-25,desktop,36430
2024-10-26,RS-os,488
2024-10-26,desktop,22975
2024-10-27,RS-os,604
2024-10-27,desktop,24414
2024-10-28,RS-os,1206
2024-10-28,desktop,44112
2024-10-29,RS-os,1414
2024-10-29,desktop,44594
2024-10-30,RS-os,1393
2024-10-30,desktop,42201
2024-10-31,RS-os,1117
2024-10-31,desktop,34199
2024-11-01,RS-os,766
2024-11-01,desktop,28267
2024-11-02,RS-os,478
2024-11-02,desktop,21444
2024-11-03,RS-os,475
2024-11-03,desktop,22150
2024-11-04,RS-os,1114
2024-11-04,desktop,42727
2024-11-05,RS-os,1211
2024-11-05,desktop,52171
2024-11-06,RS-os,1352
2024-11-06,desktop,47637
2024-11-07,RS-os,1215
2024-11-07,desktop,44797
2024-11-08,RS-os,1165
2024-11-08,desktop,37385
2024-11-09,RS-os,501
2024-11-09,desktop,24856
2024-11-10,RS-os,510
2024-11-10,desktop,24776
2024-11-11,RS-os,963
2024-11-11,desktop,42490
2024-11-12,RS-os,1471
2024-11-12,desktop,43591
2024-11-13,RS-os,1227
2024-11-13,desktop,42465
2024-11-14,RS-os,1440
2024-11-14,desktop,43499
2024-11-15,RS-os,1329
2024-11-15,desktop,65700
2024-11-16,RS-os,632
2024-11-16,desktop,37080
2024-11-17,RS-os,626
2024-11-17,desktop,37607
2024-11-18,RS-os,1391
2024-11-18,desktop,65564
2024-11-19,RS-os,1488
2024-11-19,desktop,63426
2024-11-20,RS-os,1361
2024-11-20,desktop,57848
2024-11-21,RS-os,1149
2024-11-21,desktop,53295
2024-11-22,RS-os,1156
2024-11-22,desktop,43524
2024-11-23,RS-os,613
2024-11-23,desktop,28112
2024-11-24,RS-os,639
2024-11-24,desktop,29237
2024-11-25,RS-os,1244
2024-11-25,desktop,50247
2024-11-26,RS-os,34
2024-11-26,desktop,1648
2024-11-27,RS-os,1186
2024-11-27,desktop,42968
2024-11-28,RS-os,1230
2024-11-28,desktop,39647
2024-11-29,RS-os,986
2024-11-29,desktop,32620
2024-11-30,RS-os,523
2024-11-30,desktop,22811
2024-12-01,RS-os,564
2024-12-01,desktop,26170
2024-12-02,RS-os,1085
2024-12-02,desktop,43880
2024-12-03,RS-os,1364
2024-12-03,desktop,42986
2024-12-04,RS-os,1270
2024-12-04,desktop,42069
2024-12-05,RS-os,1178
2024-12-05,desktop,39257
2024-12-06,RS-os,1107
2024-12-06,desktop,33148
2024-12-07,RS-os,568
2024-12-07,desktop,22736
2024-12-08,RS-os,592
2024-12-08,desktop,23103
2024-12-09,RS-os,1559
2024-12-09,desktop,37493
2024-12-10,RS-os,1428
2024-12-10,desktop,36542
2024-12-11,RS-os,1569
2024-12-11,desktop,34421
2024-12-12,RS-os,1342
2024-12-12,desktop,33466
2024-12-13,RS-os,1152
2024-12-13,desktop,27283
2024-12-14,RS-os,533
2024-12-14,desktop,18332
2024-12-15,RS-os,592
2024-12-15,desktop,18702
2024-12-16,RS-os,955
2024-12-16,desktop,34356
2024-12-17,RS-os,1239
2024-12-17,desktop,73834
2024-12-18,RS-os,1050
2024-12-18,desktop,59023
2024-12-19,RS-os,1132
2024-12-19,desktop,46738
2024-12-20,RS-os,933
2024-12-20,desktop,36908
2024-12-21,RS-os,627
2024-12-21,desktop,24091
2024-12-22,RS-os,475
2024-12-22,desktop,21566
2024-12-23,RS-os,801
2024-12-23,desktop,29805
2024-12-24,RS-os,780
2024-12-24,desktop,22719
2024-12-25,RS-os,659
2024-12-25,desktop,20673
2024-12-26,RS-os,736
2024-12-26,desktop,25512
2024-12-27,RS-os,783
2024-12-27,desktop,22878
2024-12-28,RS-os,504
2024-12-28,desktop,17045
2024-12-29,RS-os,461
2024-12-29,desktop,16911
2024-12-30,RS-os,747
2024-12-30,desktop,23097
2024-12-31,RS-os,576
2024-12-31,desktop,16921
2025-01-01,RS-os,563
2025-01-01,desktop,15214
2025-01-02,RS-os,797
2025-01-02,desktop,29098
2025-01-03,RS-os,910
2025-01-03,desktop,27819
2025-01-04,RS-os,571
2025-01-04,desktop,19417
2025-01-05,RS-os,685
2025-01-05,desktop,20200
2025-01-06,RS-os,989
2025-01-06,desktop,45771
2025-01-07,RS-os,1018
2025-01-07,desktop,51567
2025-01-08,RS-os,1244
2025-01-08,desktop,51425
2025-01-09,RS-os,1228
2025-01-09,desktop,47051
2025-01-10,RS-os,781
2025-01-10,desktop,38007
2025-01-11,RS-os,426
2025-01-11,desktop,22543
2025-01-12,RS-os,475
2025-01-12,desktop,23592
2025-01-13,RS-os,782
2025-01-13,desktop,54363
2025-01-14,RS-os,863
2025-01-14,desktop,56516
2025-01-15,RS-os,1078
2025-01-15,desktop,52709
2025-01-16,RS-os,1154
2025-01-16,desktop,52137
2025-01-17,RS-os,1231
2025-01-17,desktop,41720
2025-01-18,RS-os,464
2025-01-18,desktop,21778
2025-01-19,RS-os,605
2025-01-19,desktop,22022
2025-01-20,RS-os,858
2025-01-20,desktop,42486
2025-01-21,RS-os,1130
2025-01-21,desktop,54650
2025-01-22,RS-os,1216
2025-01-22,desktop,54342
2025-01-23,RS-os,1029
2025-01-23,desktop,51238
2025-01-24,RS-os,1033
2025-01-24,desktop,41012
2025-01-25,RS-os,508
2025-01-25,desktop,21745
2025-01-26,RS-os,536
2025-01-26,desktop,22448
2025-01-27,RS-os,1278
2025-01-27,desktop,48050
2025-01-28,RS-os,1495
2025-01-28,desktop,47250
2025-01-29,RS-os,1174
2025-01-29,desktop,44920
2025-01-30,RS-os,1183
2025-01-30,desktop,42753
2025-01-31,RS-os,967
2025-01-31,desktop,34938
2025-02-01,RS-os,600
2025-02-01,desktop,19607
2025-02-02,RS-os,414
2025-02-02,desktop,20899
2025-02-03,RS-os,942
2025-02-03,desktop,44100
2025-02-04,RS-os,1027
2025-02-04,desktop,45676
2025-02-05,RS-os,990
2025-02-05,desktop,44216
2025-02-06,RS-os,974
2025-02-06,desktop,42726
2025-02-07,RS-os,1239
2025-02-07,desktop,36369
2025-02-08,RS-os,559
2025-02-08,desktop,21577
2025-02-09,RS-os,514
2025-02-09,desktop,21372
2025-02-10,RS-os,1072
2025-02-10,desktop,43889
2025-02-11,RS-os,1258
2025-02-11,desktop,45700
2025-02-12,RS-os,1292
2025-02-12,desktop,43576
2025-02-13,RS-os,1151
2025-02-13,desktop,43108
2025-02-14,RS-os,911
2025-02-14,desktop,42526
2025-02-15,RS-os,516
2025-02-15,desktop,24368
2025-02-16,RS-os,546
2025-02-16,desktop,24211
2025-02-17,RS-os,873
2025-02-17,desktop,47922
2025-02-18,RS-os,1110
2025-02-18,desktop,50147
2025-02-19,RS-os,1175
2025-02-19,desktop,47611
2025-02-20,RS-os,1154
2025-02-20,desktop,44534
2025-02-21,RS-os,1073
2025-02-21,desktop,38892
2025-02-22,RS-os,559
2025-02-22,desktop,24100
2025-02-23,RS-os,627
2025-02-23,desktop,25150
2025-02-24,RS-os,1228
2025-02-24,desktop,51117
2025-02-25,RS-os,1229
2025-02-25,desktop,50617
2025-02-26,RS-os,1123
2025-02-26,desktop,46415
2025-02-27,RS-os,1116
2025-02-27,desktop,44837
2025-02-28,RS-os,1488
2025-02-28,desktop,36482
2025-03-01,RS-os,537
2025-03-01,desktop,22972
2025-03-02,RS-os,477
2025-03-02,desktop,24937
2025-03-03,RS-os,962
2025-03-03,desktop,46513
2025-03-04,RS-os,1050
2025-03-04,desktop,60783
2025-03-05,RS-os,1154
2025-03-05,desktop,80722
2025-03-06,RS-os,1056
2025-03-06,desktop,69495
2025-03-07,RS-os,1014
2025-03-07,desktop,52441
2025-03-08,RS-os,481
2025-03-08,desktop,31120
2025-03-09,RS-os,604
2025-03-09,desktop,32529
2025-03-10,RS-os,1225
2025-03-10,desktop,62167
2025-03-11,RS-os,1188
2025-03-11,desktop,60533
2025-03-12,RS-os,1330
2025-03-12,desktop,57664
2025-03-13,RS-os,1164
2025-03-13,desktop,53206
2025-03-14,RS-os,899
2025-03-14,desktop,42080
2025-03-15,RS-os,461
2025-03-15,desktop,27010
2025-03-16,RS-os,488
2025-03-16,desktop,27757
2025-03-17,RS-os,1143
2025-03-17,desktop,58387
2025-03-18,RS-os,1243
2025-03-18,desktop,54811
2025-03-19,RS-os,1215
2025-03-19,desktop,51155
2025-03-20,RS-os,1145
2025-03-20,desktop,46433
2025-03-21,RS-os,1170
2025-03-21,desktop,39832
2025-03-22,RS-os,634
2025-03-22,desktop,25021
2025-03-23,RS-os,633
2025-03-23,desktop,25364
2025-03-24,RS-os,1142
2025-03-24,desktop,49346
2025-03-25,RS-os,1135
2025-03-25,desktop,47819
2025-03-26,RS-os,922
2025-03-26,desktop,44117
2025-03-27,RS-os,906
2025-03-27,desktop,42162
2025-03-28,RS-os,951
2025-03-28,desktop,35092
2025-03-29,RS-os,490
2025-03-29,desktop,21792
2025-03-30,RS-os,536
2025-03-30,desktop,23044
2025-03-31,RS-os,935
2025-03-31,desktop,40787
2025-04-01,RS-os,1228
2025-04-01,desktop,46560
2025-04-02,RS-os,1286
2025-04-02,desktop,44225
2025-04-03,RS-os,855
2025-04-03,desktop,41349
2025-04-04,RS-os,868
2025-04-04,desktop,33424
2025-04-05,RS-os,475
2025-04-05,desktop,21838
2025-04-06,RS-os,480
2025-04-06,desktop,23013
2025-04-07,RS-os,940
2025-04-07,desktop,43601
2025-04-08,RS-os,923
2025-04-08,desktop,44997
2025-04-09,RS-os,1293
2025-04-09,desktop,43692
2025-04-10,RS-os,1091
2025-04-10,desktop,41615
2025-04-11,RS-os,1066
2025-04-11,desktop,35929
2025-04-12,RS-os,531
2025-04-12,desktop,22578
2025-04-13,RS-os,512
2025-04-13,desktop,23475
2025-04-14,RS-os,1011
2025-04-14,desktop,41099
2025-04-15,RS-os,1044
2025-04-15,desktop,43575
2025-04-16,RS-os,1267
2025-04-16,desktop,39259
2025-04-17,RS-os,1034
2025-04-17,desktop,37999
2025-04-18,RS-os,759
2025-04-18,desktop,27357
2025-04-19,RS-os,558
2025-04-19,desktop,20316
2025-04-20,RS-os,516
2025-04-20,desktop,20024
2025-04-21,RS-os,777
2025-04-21,desktop,33993
2025-04-22,RS-os,1034
2025-04-22,desktop,40688
2025-04-23,RS-os,1166
2025-04-23,desktop,40098
2025-04-24,RS-os,972
2025-04-24,desktop,37677
2025-04-25,RS-os,870
2025-04-25,desktop,31216
2025-04-26,RS-os,483
2025-04-26,desktop,20707
2025-04-27,RS-os,434
2025-04-27,desktop,22351
2025-04-28,RS-os,961
2025-04-28,desktop,37058
2025-04-29,RS-os,970
2025-04-29,desktop,37519
2025-04-30,RS-os,940
2025-04-30,desktop,33080
2025-05-01,RS-os,608
2025-05-01,desktop,25684
2025-05-02,RS-os,744
2025-05-02,desktop,26070
2025-05-03,RS-os,390
2025-05-03,desktop,18904
2025-05-04,RS-os,555
2025-05-04,desktop,18981
2025-05-05,RS-os,816
2025-05-05,desktop,37066
2025-05-06,RS-os,1124
2025-05-06,desktop,44470
2025-05-07,RS-os,1095
2025-05-07,desktop,41503
2025-05-08,RS-os,1061
2025-05-08,desktop,38114
2025-05-09,RS-os,910
2025-05-09,desktop,34322
2025-05-10,RS-os,423
2025-05-10,desktop,21525
2025-05-11,RS-os,459
2025-05-11,desktop,21045
2025-05-12,RS-os,889
2025-05-12,desktop,47902
2025-05-13,RS-os,1045
2025-05-13,desktop,78942
2025-05-14,RS-os,1092
2025-05-14,desktop,64206
2025-05-15,RS-os,1142
2025-05-15,desktop,56726
2025-05-16,RS-os,997
2025-05-16,desktop,46685
2025-05-17,RS-os,479
2025-05-17,desktop,29398
2025-05-18,RS-os,469
2025-05-18,desktop,29382
2025-05-19,RS-os,832
2025-05-19,desktop,52072
2025-05-20,RS-os,1022
2025-05-20,desktop,55448
2025-05-21,RS-os,1181
2025-05-21,desktop,50068
2025-05-22,RS-os,1290
2025-05-22,desktop,46536
2025-05-23,RS-os,1004
2025-05-23,desktop,40443
2025-05-24,RS-os,473
2025-05-24,desktop,28512
2025-05-25,RS-os,444
2025-05-25,desktop,24638
2025-05-26,RS-os,762
2025-05-26,desktop,39016
2025-05-27,RS-os,899
2025-05-27,desktop,44377
2025-05-28,RS-os,1002
2025-05-28,desktop,42812
2025-05-29,RS-os,901
2025-05-29,desktop,34891
2025-05-30,RS-os,929
2025-05-30,desktop,31263
2025-05-31,RS-os,802
2025-05-31,desktop,20648
2025-06-01,RS-os,448
2025-06-01,desktop,21076
2025-06-02,RS-os,1124
2025-06-02,desktop,39649
2025-06-03,RS-os,1065
2025-06-03,desktop,47392
2025-06-04,RS-os,1074
2025-06-04,desktop,46214
2025-06-05,RS-os,1013
2025-06-05,desktop,45304
2025-06-06,RS-os,787
2025-06-06,desktop,48728
2025-06-07,RS-os,566
2025-06-07,desktop,35295
2025-06-08,RS-os,479
2025-06-08,desktop,31161
2025-06-09,RS-os,935
2025-06-09,desktop,43023
2025-06-10,RS-os,1026
2025-06-10,desktop,46353
2025-06-11,RS-os,941
2025-06-11,desktop,40831
2025-06-12,RS-os,1072
2025-06-12,desktop,38839
2025-06-13,RS-os,870
2025-06-13,desktop,34299
2025-06-14,RS-os,504
2025-06-14,desktop,21391
2025-06-15,RS-os,427
2025-06-15,desktop,21852
2025-06-16,RS-os,933
2025-06-16,desktop,42186
2025-06-17,RS-os,898
2025-06-17,desktop,41684
2025-06-18,RS-os,1185
2025-06-18,desktop,34520
2025-06-19,RS-os,812
2025-06-19,desktop,30323
2025-06-20,RS-os,853
2025-06-20,desktop,28674
2025-06-21,RS-os,473
2025-06-21,desktop,19513
2025-06-22,RS-os,514
2025-06-22,desktop,18728
2025-06-23,RS-os,789
2025-06-23,desktop,35418
2025-06-24,RS-os,1021
2025-06-24,desktop,35829
2025-06-25,RS-os,2044
2025-06-25,desktop,35346
2025-06-26,RS-os,2017
2025-06-26,desktop,34275
2025-06-27,RS-os,2083
2025-06-27,desktop,28469
2025-06-28,RS-os,1500
2025-06-28,desktop,19288
2025-06-29,RS-os,1557
2025-06-29,desktop,20867
2025-06-30,RS-os,1771
2025-06-30,desktop,34113
2025-07-01,RS-os,1898
2025-07-01,desktop,34551
2025-07-02,RS-os,1974
2025-07-02,desktop,35191
2025-07-03,RS-os,1943
2025-07-03,desktop,32137
2025-07-04,RS-os,1869
2025-07-04,desktop,27388
2025-07-05,RS-os,1553
2025-07-05,desktop,19476
2025-07-06,RS-os,1619
2025-07-06,desktop,19673
2025-07-07,RS-os,2768
2025-07-07,desktop,34972
2025-07-08,RS-os,2166
2025-07-08,desktop,36353
2025-07-09,RS-os,2321
2025-07-09,desktop,34130
2025-07-10,RS-os,2290
2025-07-10,desktop,32327
2025-07-11,RS-os,2292
2025-07-11,desktop,28808
2025-07-12,RS-os,1515
2025-07-12,desktop,18745
2025-07-13,RS-os,1483
2025-07-13,desktop,19574
2025-07-14,RS-os,2039
2025-07-14,desktop,33871
2025-07-15,RS-os,2110
2025-07-15,desktop,33229
2025-07-16,RS-os,1876
2025-07-16,desktop,33868
2025-07-17,RS-os,1878
2025-07-17,desktop,32210
2025-07-18,RS-os,1980
2025-07-18,desktop,27563
2025-07-19,RS-os,1377
2025-07-19,desktop,18808
2025-07-20,RS-os,1345
2025-07-20,desktop,18899
2025-07-21,RS-os,2236
2025-07-21,desktop,35154
2025-07-22,RS-os,1961
2025-07-22,desktop,35042
2025-07-23,RS-os,2078
2025-07-23,desktop,32591
2025-07-24,RS-os,1730
2025-07-24,desktop,31533
2025-07-25,RS-os,1981
2025-07-25,desktop,27816
2025-07-26,RS-os,1289
2025-07-26,desktop,18893
2025-07-27,RS-os,1232
2025-07-27,desktop,19424
2025-07-28,RS-os,1670
2025-07-28,desktop,34055
2025-07-29,RS-os,1226
2025-07-29,desktop,33920
2025-07-30,RS-os,871
2025-07-30,desktop,30613
2025-07-31,RS-os,733
2025-07-31,desktop,30805
2025-08-01,RS-os,833
2025-08-01,desktop,26966
2025-08-02,RS-os,415
2025-08-02,desktop,17779
2025-08-03,RS-os,386
2025-08-03,desktop,18090
2025-08-04,RS-os,811
2025-08-04,desktop,31802
2025-08-05,RS-os,839
2025-08-05,desktop,33320
2025-08-06,RS-os,1003
2025-08-06,desktop,32318
2025-08-07,RS-os,804
2025-08-07,desktop,30931
2025-08-08,RS-os,992
2025-08-08,desktop,26285
2025-08-09,RS-os,513
2025-08-09,desktop,17656
2025-08-10,RS-os,401
2025-08-10,desktop,17494
2025-08-11,RS-os,992
2025-08-11,desktop,33125
2025-08-12,RS-os,886
2025-08-12,desktop,34052
2025-08-13,RS-os,805
2025-08-13,desktop,33309
2025-08-14,RS-os,779
2025-08-14,desktop,30490
2025-08-15,RS-os,725
2025-08-15,desktop,24579
2025-08-16,RS-os,585
2025-08-16,desktop,17423
2025-08-17,RS-os,538
2025-08-17,desktop,18644
2025-08-18,RS-os,882
2025-08-18,desktop,37958
2025-08-19,RS-os,974
2025-08-19,desktop,40430
2025-08-20,RS-os,1329
2025-08-20,desktop,41393
2025-08-21,RS-os,1439
2025-08-21,desktop,39791
2025-08-22,RS-os,1262
2025-08-22,desktop,34175
2025-08-23,RS-os,764
2025-08-23,desktop,20668
2025-08-24,RS-os,708
2025-08-24,desktop,22129
2025-08-25,RS-os,1176
2025-08-25,desktop,50144
2025-08-26,RS-os,1430
2025-08-26,desktop,55706
2025-08-27,RS-os,1148
2025-08-27,desktop,50513
2025-08-28,RS-os,918
2025-08-28,desktop,49573
2025-08-29,RS-os,813
2025-08-29,desktop,38245
2025-08-30,RS-os,528
2025-08-30,desktop,21943
2025-08-31,RS-os,645
2025-08-31,desktop,24124
2025-09-01,RS-os,801
2025-09-01,desktop,46713
2025-09-02,RS-os,926
2025-09-02,desktop,61307
2025-09-03,RS-os,972
2025-09-03,desktop,63440
2025-09-04,RS-os,939
2025-09-04,desktop,59931
2025-09-05,RS-os,871
2025-09-05,desktop,43770
2025-09-06,RS-os,524
2025-09-06,desktop,25483
2025-09-07,RS-os,716
2025-09-07,desktop,28101
2025-09-08,RS-os,1080
2025-09-08,desktop,61806
2025-09-09,RS-os,999
2025-09-09,desktop,61841
2025-09-10,RS-os,1001
2025-09-10,desktop,56573
2025-09-11,RS-os,840
2025-09-11,desktop,51072
2025-09-12,RS-os,805
2025-09-12,desktop,40489
2025-09-13,RS-os,525
2025-09-13,desktop,48904
2025-09-14,RS-os,877
2025-09-14,desktop,45421
2025-09-15,RS-os,1029
2025-09-15,desktop,100984
2025-09-16,RS-os,1086
2025-09-16,desktop,96012
2025-09-17,RS-os,906
2025-09-17,desktop,85986
2025-09-18,RS-os,1023
2025-09-18,desktop,74137
2025-09-19,RS-os,895
2025-09-19,desktop,58449
2025-09-20,RS-os,455
2025-09-20,desktop,31964
2025-09-21,RS-os,510
2025-09-21,desktop,34620
2025-09-22,RS-os,894
2025-09-22,desktop,68137
2025-09-23,RS-os,968
2025-09-23,desktop,67293
2025-09-24,RS-os,1112
2025-09-24,desktop,65266
2025-09-25,RS-os,951
2025-09-25,desktop,62654
2025-09-26,RS-os,1007
2025-09-26,desktop,53248
2025-09-27,RS-os,441
2025-09-27,desktop,29511
2025-09-28,RS-os,510
2025-09-28,desktop,32257
2025-09-29,RS-os,903
2025-09-29,desktop,60049
2025-09-30,RS-os,812
2025-09-30,desktop,59499
2025-10-01,RS-os,1139
2025-10-01,desktop,59775
2025-10-02,RS-os,905
2025-10-02,desktop,93003
2025-10-03,RS-os,812
2025-10-03,desktop,70172
2025-10-04,RS-os,528
2025-10-04,desktop,37880
2025-10-05,RS-os,646
2025-10-05,desktop,38506
2025-10-06,RS-os,1163
2025-10-06,desktop,74065
2025-10-07,RS-os,964
2025-10-07,desktop,73719
2025-10-08,RS-os,956
2025-10-08,desktop,67614
2025-10-09,RS-os,905
2025-10-09,desktop,63264
2025-10-10,RS-os,865
2025-10-10,desktop,53798
2025-10-11,RS-os,577
2025-10-11,desktop,33291
2025-10-12,RS-os,569
2025-10-12,desktop,33676
2025-10-13,RS-os,821
2025-10-13,desktop,60545
2025-10-14,RS-os,811
2025-10-14,desktop,62358
2025-10-15,RS-os,1205
2025-10-15,desktop,59980
2025-10-16,RS-os,952
2025-10-16,desktop,55797
2025-10-17,RS-os,986
2025-10-17,desktop,48366
2025-10-18,RS-os,463
2025-10-18,desktop,28593
2025-10-19,RS-os,457
2025-10-19,desktop,29787
2025-10-20,RS-os,1011
2025-10-20,desktop,47868
2025-10-21,RS-os,1200
2025-10-21,desktop,55551
2025-10-22,RS-os,944
2025-10-22,desktop,53621
2025-10-23,RS-os,974
2025-10-23,desktop,48932
2025-10-24,RS-os,755
2025-10-24,desktop,40667
2025-10-25,RS-os,414
2025-10-25,desktop,26384
2025-10-26,RS-os,572
2025-10-26,desktop,28747
2025-10-27,RS-os,739
2025-10-27,desktop,49597
2025-10-28,RS-os,849
2025-10-28,desktop,49283
2025-10-29,RS-os,975
2025-10-29,desktop,46142
2025-10-30,RS-os,853
2025-10-30,desktop,46555
2025-10-31,RS-os,770
2025-10-31,desktop,71834
2025-11-01,RS-os,368
2025-11-01,desktop,42349
2025-11-02,RS-os,433
2025-11-02,desktop,42194
2025-11-03,RS-os,857
2025-11-03,desktop,81105
2025-11-04,RS-os,1023
2025-11-04,desktop,73263
2025-11-05,RS-os,976
2025-11-05,desktop,67864
2025-11-06,RS-os,814
2025-11-06,desktop,62920
2025-11-07,RS-os,668
2025-11-07,desktop,49690
2025-11-08,RS-os,394
2025-11-08,desktop,31941
2025-11-09,RS-os,478
2025-11-09,desktop,32090
2025-11-10,RS-os,862
2025-11-10,desktop,58768
2025-11-11,RS-os,850
2025-11-11,desktop,55935
2025-11-12,RS-os,28
2025-11-12,desktop,2288
2025-11-13,desktop,1
2026-01-13,RS-os,1
2026-01-13,desktop,3
2026-01-14,RS-os,805
2026-01-14,desktop,63951
2026-01-15,RS-os,768
2026-01-15,desktop,58452
2026-01-16,RS-os,702
2026-01-16,desktop,46624
2026-01-17,RS-os,389
2026-01-17,desktop,26223
2026-01-18,RS-os,479
2026-01-18,desktop,28840
2026-01-19,RS-os,677
2026-01-19,desktop,51838
2026-01-20,RS-os,825
2026-01-20,desktop,62684
2026-01-21,RS-os,927
2026-01-21,desktop,63812
2026-01-22,RS-os,1086
2026-01-22,desktop,59341
2026-01-23,RS-os,755
2026-01-23,desktop,45852
2026-01-24,RS-os,489
2026-01-24,desktop,25644
2026-01-25,RS-os,481
2026-01-25,desktop,25958
2026-01-26,RS-os,820
2026-01-26,desktop,47981
2026-01-27,RS-os,707
2026-01-27,desktop,53343
2026-01-28,RS-os,878
2026-01-28,desktop,52045
2026-01-29,RS-os,782
2026-01-29,desktop,49259
2026-01-30,RS-os,698
2026-01-30,desktop,40189
2026-01-31,RS-os,432
2026-01-31,desktop,23476
2026-02-01,RS-os,397
2026-02-01,desktop,24800
2026-02-02,RS-os,730
2026-02-02,desktop,52122
2026-02-03,RS-os,6703
2026-02-03,desktop,56747
2026-02-04,RS-os,1181
2026-02-04,desktop,49361
2026-02-05,RS-os,919
2026-02-05,desktop,46757
2026-02-06,RS-os,3041
2026-02-06,desktop,36826
2026-02-07,RS-os,490
2026-02-07,desktop,22238
2026-02-08,RS-os,442
2026-02-08,desktop,22312
2026-02-09,RS-os,866
2026-02-09,desktop,45424
2026-02-10,RS-os,772
2026-02-10,desktop,46310
2026-02-11,RS-os,1148
2026-02-11,desktop,43728
2026-02-12,RS-os,1792
2026-02-12,desktop,41999
2026-02-13,RS-os,1948
2026-02-13,desktop,33530
2026-02-14,RS-os,355
2026-02-14,desktop,19553
2026-02-15,RS-os,425
2026-02-15,desktop,19672
2026-02-16,RS-os,655
2026-02-16,desktop,36153
2026-02-17,RS-os,738
2026-02-17,desktop,52340
2026-02-18,RS-os,749
2026-02-18,desktop,40756
2026-02-19,RS-os,6471
2026-02-19,desktop,51366
2026-02-20,RS-os,58
2026-02-20,desktop,3753
